ISO-10303-21;
HEADER;
FILE_DESCRIPTION(('Open CASCADE Model'),'2;1');
FILE_NAME('arc4_32','2026-05-26T14:40:20',('Author'),('Open CASCADE'),
  'Open CASCADE STEP processor 7.8','build123d','Unknown');
FILE_SCHEMA(('AUTOMOTIVE_DESIGN { 1 0 10303 214 1 1 1 1 }'));
ENDSEC;
DATA;
#1 = APPLICATION_PROTOCOL_DEFINITION('international standard',
  'automotive_design',2000,#2);
#2 = APPLICATION_CONTEXT(
  'core data for automotive mechanical design processes');
#3 = SHAPE_DEFINITION_REPRESENTATION(#4,#10);
#4 = PRODUCT_DEFINITION_SHAPE('','',#5);
#5 = PRODUCT_DEFINITION('design','',#6,#9);
#6 = PRODUCT_DEFINITION_FORMATION('','',#7);
#7 = PRODUCT('arc4_32','arc4_32','',(#8));
#8 = PRODUCT_CONTEXT('',#2,'mechanical');
#9 = PRODUCT_DEFINITION_CONTEXT('part definition',#2,'design');
#10 = SHAPE_REPRESENTATION('',(#11,#15,#19),#23);
#11 = AXIS2_PLACEMENT_3D('',#12,#13,#14);
#12 = CARTESIAN_POINT('',(0.,0.,0.));
#13 = DIRECTION('',(0.,0.,1.));
#14 = DIRECTION('',(1.,0.,-0.));
#15 = AXIS2_PLACEMENT_3D('',#16,#17,#18);
#16 = CARTESIAN_POINT('',(0.,0.,0.));
#17 = DIRECTION('',(0.,0.,1.));
#18 = DIRECTION('',(1.,0.,-0.));
#19 = AXIS2_PLACEMENT_3D('',#20,#21,#22);
#20 = CARTESIAN_POINT('',(0.,0.,0.));
#21 = DIRECTION('',(0.,0.,1.));
#22 = DIRECTION('',(1.,0.,-0.));
#23 = ( GEOMETRIC_REPRESENTATION_CONTEXT(3) 
GLOBAL_UNCERTAINTY_ASSIGNED_CONTEXT((#27)) GLOBAL_UNIT_ASSIGNED_CONTEXT(
(#24,#25,#26)) REPRESENTATION_CONTEXT('Context #1',
  '3D Context with UNIT and UNCERTAINTY') );
#24 = ( LENGTH_UNIT() NAMED_UNIT(*) SI_UNIT(.MILLI.,.METRE.) );
#25 = ( NAMED_UNIT(*) PLANE_ANGLE_UNIT() SI_UNIT($,.RADIAN.) );
#26 = ( NAMED_UNIT(*) SI_UNIT($,.STERADIAN.) SOLID_ANGLE_UNIT() );
#27 = UNCERTAINTY_MEASURE_WITH_UNIT(LENGTH_MEASURE(2.E-05),#24,
  'distance_accuracy_value','confusion accuracy');
#28 = PRODUCT_RELATED_PRODUCT_CATEGORY('part',$,(#7));
#29 = SHAPE_DEFINITION_REPRESENTATION(#30,#36);
#30 = PRODUCT_DEFINITION_SHAPE('','',#31);
#31 = PRODUCT_DEFINITION('design','',#32,#35);
#32 = PRODUCT_DEFINITION_FORMATION('','',#33);
#33 = PRODUCT('North','North','',(#34));
#34 = PRODUCT_CONTEXT('',#2,'mechanical');
#35 = PRODUCT_DEFINITION_CONTEXT('part definition',#2,'design');
#36 = SHAPE_REPRESENTATION('',(#11,#37,#41),#45);
#37 = AXIS2_PLACEMENT_3D('',#38,#39,#40);
#38 = CARTESIAN_POINT('',(0.,0.,0.));
#39 = DIRECTION('',(0.,0.,1.));
#40 = DIRECTION('',(1.,0.,0.));
#41 = AXIS2_PLACEMENT_3D('',#42,#43,#44);
#42 = CARTESIAN_POINT('',(0.,0.,0.));
#43 = DIRECTION('',(0.,-0.,1.));
#44 = DIRECTION('',(0.923879532511,0.382683432365,0.));
#45 = ( GEOMETRIC_REPRESENTATION_CONTEXT(3) 
GLOBAL_UNCERTAINTY_ASSIGNED_CONTEXT((#49)) GLOBAL_UNIT_ASSIGNED_CONTEXT(
(#46,#47,#48)) REPRESENTATION_CONTEXT('Context #1',
  '3D Context with UNIT and UNCERTAINTY') );
#46 = ( LENGTH_UNIT() NAMED_UNIT(*) SI_UNIT(.MILLI.,.METRE.) );
#47 = ( NAMED_UNIT(*) PLANE_ANGLE_UNIT() SI_UNIT($,.RADIAN.) );
#48 = ( NAMED_UNIT(*) SI_UNIT($,.STERADIAN.) SOLID_ANGLE_UNIT() );
#49 = UNCERTAINTY_MEASURE_WITH_UNIT(LENGTH_MEASURE(2.E-05),#46,
  'distance_accuracy_value','confusion accuracy');
#50 = CONTEXT_DEPENDENT_SHAPE_REPRESENTATION(#51,#53);
#51 = ( REPRESENTATION_RELATIONSHIP('','',#36,#10) 
REPRESENTATION_RELATIONSHIP_WITH_TRANSFORMATION(#52) 
SHAPE_REPRESENTATION_RELATIONSHIP() );
#52 = ITEM_DEFINED_TRANSFORMATION('','',#11,#15);
#53 = PRODUCT_DEFINITION_SHAPE('Placement','Placement of an item',#54);
#54 = NEXT_ASSEMBLY_USAGE_OCCURRENCE('5','=>[0:1:1:2]','',#5,#31,$);
#55 = PRODUCT_RELATED_PRODUCT_CATEGORY('part',$,(#33));
#56 = SHAPE_DEFINITION_REPRESENTATION(#57,#63);
#57 = PRODUCT_DEFINITION_SHAPE('','',#58);
#58 = PRODUCT_DEFINITION('design','',#59,#62);
#59 = PRODUCT_DEFINITION_FORMATION('','',#60);
#60 = PRODUCT('b_3','b_3','',(#61));
#61 = PRODUCT_CONTEXT('',#2,'mechanical');
#62 = PRODUCT_DEFINITION_CONTEXT('part definition',#2,'design');
#63 = SHAPE_REPRESENTATION('',(#11,#64,#68),#72);
#64 = AXIS2_PLACEMENT_3D('',#65,#66,#67);
#65 = CARTESIAN_POINT('',(0.,0.,0.));
#66 = DIRECTION('',(0.,0.,1.));
#67 = DIRECTION('',(1.,0.,-0.));
#68 = AXIS2_PLACEMENT_3D('',#69,#70,#71);
#69 = CARTESIAN_POINT('',(-3.765,-74.2,-4.));
#70 = DIRECTION('',(0.,0.,1.));
#71 = DIRECTION('',(1.,0.,0.));
#72 = ( GEOMETRIC_REPRESENTATION_CONTEXT(3) 
GLOBAL_UNCERTAINTY_ASSIGNED_CONTEXT((#76)) GLOBAL_UNIT_ASSIGNED_CONTEXT(
(#73,#74,#75)) REPRESENTATION_CONTEXT('Context #1',
  '3D Context with UNIT and UNCERTAINTY') );
#73 = ( LENGTH_UNIT() NAMED_UNIT(*) SI_UNIT(.MILLI.,.METRE.) );
#74 = ( NAMED_UNIT(*) PLANE_ANGLE_UNIT() SI_UNIT($,.RADIAN.) );
#75 = ( NAMED_UNIT(*) SI_UNIT($,.STERADIAN.) SOLID_ANGLE_UNIT() );
#76 = UNCERTAINTY_MEASURE_WITH_UNIT(LENGTH_MEASURE(2.E-05),#73,
  'distance_accuracy_value','confusion accuracy');
#77 = CONTEXT_DEPENDENT_SHAPE_REPRESENTATION(#78,#80);
#78 = ( REPRESENTATION_RELATIONSHIP('','',#63,#36) 
REPRESENTATION_RELATIONSHIP_WITH_TRANSFORMATION(#79) 
SHAPE_REPRESENTATION_RELATIONSHIP() );
#79 = ITEM_DEFINED_TRANSFORMATION('','',#11,#37);
#80 = PRODUCT_DEFINITION_SHAPE('Placement','Placement of an item',#81);
#81 = NEXT_ASSEMBLY_USAGE_OCCURRENCE('3','=>[0:1:1:3]','',#31,#58,$);
#82 = PRODUCT_RELATED_PRODUCT_CATEGORY('part',$,(#60));
#83 = SHAPE_DEFINITION_REPRESENTATION(#84,#90);
#84 = PRODUCT_DEFINITION_SHAPE('','',#85);
#85 = PRODUCT_DEFINITION('design','',#86,#89);
#86 = PRODUCT_DEFINITION_FORMATION('','',#87);
#87 = PRODUCT('SOLID','SOLID','',(#88));
#88 = PRODUCT_CONTEXT('',#2,'mechanical');
#89 = PRODUCT_DEFINITION_CONTEXT('part definition',#2,'design');
#90 = ADVANCED_BREP_SHAPE_REPRESENTATION('',(#11,#91),#8145);
#91 = MANIFOLD_SOLID_BREP('',#92);
#92 = CLOSED_SHELL('',(#93,#471,#550,#630,#996,#1154,#1203,#1488,#1536,
    #1700,#2058,#2108,#2158,#2417,#2702,#2756,#3041,#3073,#3124,#3356,
    #3388,#3535,#3591,#3646,#3702,#3928,#3976,#4003,#4031,#4058,#4086,
    #4113,#4496,#4524,#4552,#4580,#4587,#4661,#4668,#4716,#4768,#4798,
    #4805,#4887,#4943,#5017,#5117,#5278,#5333,#5392,#5443,#5573,#5742,
    #5888,#5939,#5996,#6064,#6131,#6163,#6195,#6295,#6368,#6396,#6537,
    #6762,#6803,#6881,#6932,#6987,#7037,#7100,#7107,#7159,#7205,#7229,
    #7274,#7281,#7386,#7393,#7512,#7652,#7726,#7754,#7782,#7918,#8108,
    #8136));
#93 = ADVANCED_FACE('',(#94),#108,.F.);
#94 = FACE_BOUND('',#95,.T.);
#95 = EDGE_LOOP('',(#96,#131,#186,#214,#444));
#96 = ORIENTED_EDGE('',*,*,#97,.F.);
#97 = EDGE_CURVE('',#98,#100,#102,.T.);
#98 = VERTEX_POINT('',#99);
#99 = CARTESIAN_POINT('',(66.169781622732,-2.,9.));
#100 = VERTEX_POINT('',#101);
#101 = CARTESIAN_POINT('',(66.45,-2.,9.));
#102 = SURFACE_CURVE('',#103,(#107,#119),.PCURVE_S1.);
#103 = LINE('',#104,#105);
#104 = CARTESIAN_POINT('',(62.2,-2.,9.));
#105 = VECTOR('',#106,1.);
#106 = DIRECTION('',(1.,0.,0.));
#107 = PCURVE('',#108,#113);
#108 = CYLINDRICAL_SURFACE('',#109,0.5);
#109 = AXIS2_PLACEMENT_3D('',#110,#111,#112);
#110 = CARTESIAN_POINT('',(62.2,-1.5,9.));
#111 = DIRECTION('',(1.,0.,0.));
#112 = DIRECTION('',(0.,-1.,0.));
#113 = DEFINITIONAL_REPRESENTATION('',(#114),#118);
#114 = LINE('',#115,#116);
#115 = CARTESIAN_POINT('',(-0.,0.));
#116 = VECTOR('',#117,1.);
#117 = DIRECTION('',(-0.,1.));
#118 = ( GEOMETRIC_REPRESENTATION_CONTEXT(2) 
PARAMETRIC_REPRESENTATION_CONTEXT() REPRESENTATION_CONTEXT('2D SPACE',''
  ) );
#119 = PCURVE('',#120,#125);
#120 = PLANE('',#121);
#121 = AXIS2_PLACEMENT_3D('',#122,#123,#124);
#122 = CARTESIAN_POINT('',(62.2,-2.,-9.5));
#123 = DIRECTION('',(0.,1.,0.));
#124 = DIRECTION('',(0.,0.,1.));
#125 = DEFINITIONAL_REPRESENTATION('',(#126),#130);
#126 = LINE('',#127,#128);
#127 = CARTESIAN_POINT('',(18.5,0.));
#128 = VECTOR('',#129,1.);
#129 = DIRECTION('',(0.,1.));
#130 = ( GEOMETRIC_REPRESENTATION_CONTEXT(2) 
PARAMETRIC_REPRESENTATION_CONTEXT() REPRESENTATION_CONTEXT('2D SPACE',''
  ) );
#131 = ORIENTED_EDGE('',*,*,#132,.T.);
#132 = EDGE_CURVE('',#98,#133,#135,.T.);
#133 = VERTEX_POINT('',#134);
#134 = CARTESIAN_POINT('',(66.183003860508,-1.5,9.5));
#135 = SURFACE_CURVE('',#136,(#149,#165),.PCURVE_S1.);
#136 = B_SPLINE_CURVE_WITH_KNOTS('',6,(#137,#138,#139,#140,#141,#142,
    #143,#144,#145,#146,#147,#148),.UNSPECIFIED.,.F.,.F.,(7,5,7),(0.,
    0.545305349235,1.),.UNSPECIFIED.);
#137 = CARTESIAN_POINT('',(66.169781622732,-2.,9.));
#138 = CARTESIAN_POINT('',(66.169781622732,-2.,9.068119376161));
#139 = CARTESIAN_POINT('',(66.170118221149,-1.988863649483,
    9.136395722617));
#140 = CARTESIAN_POINT('',(66.170794384115,-1.966493012654,
    9.202789094054));
#141 = CARTESIAN_POINT('',(66.171787784134,-1.93316059428,9.265218930947
    ));
#142 = CARTESIAN_POINT('',(66.173050841738,-1.889484357611,
    9.321609184803));
#143 = CARTESIAN_POINT('',(66.175747079786,-1.792331265439,
    9.410011696815));
#144 = CARTESIAN_POINT('',(66.177120165988,-1.741578330017,9.44461854994
    ));
#145 = CARTESIAN_POINT('',(66.178592079757,-1.685279911944,
    9.471893552846));
#146 = CARTESIAN_POINT('',(66.180099269164,-1.625018233971,
    9.490588158686));
#147 = CARTESIAN_POINT('',(66.181584576375,-1.562621658181,9.5));
#148 = CARTESIAN_POINT('',(66.183003860508,-1.5,9.5));
#149 = PCURVE('',#108,#150);
#150 = DEFINITIONAL_REPRESENTATION('',(#151),#164);
#151 = B_SPLINE_CURVE_WITH_KNOTS('',6,(#152,#153,#154,#155,#156,#157,
    #158,#159,#160,#161,#162,#163),.UNSPECIFIED.,.F.,.F.,(7,5,7),(0.,
    0.545305349235,1.),.UNSPECIFIED.);
#152 = CARTESIAN_POINT('',(0.,3.969781622732));
#153 = CARTESIAN_POINT('',(-0.136238752321,3.969781622732));
#154 = CARTESIAN_POINT('',(-0.272792062734,3.970118221149));
#155 = CARTESIAN_POINT('',(-0.410127687531,3.970794384115));
#156 = CARTESIAN_POINT('',(-0.548754429764,3.971787784134));
#157 = CARTESIAN_POINT('',(-0.689266581072,3.973050841738));
#158 = CARTESIAN_POINT('',(-0.951973470579,3.975747079786));
#159 = CARTESIAN_POINT('',(-1.073630985839,3.977120165988));
#160 = CARTESIAN_POINT('',(-1.196696964044,3.978592079757));
#161 = CARTESIAN_POINT('',(-1.320760671066,3.980099269164));
#162 = CARTESIAN_POINT('',(-1.445553010434,3.981584576375));
#163 = CARTESIAN_POINT('',(-1.570796326795,3.983003860508));
#164 = ( GEOMETRIC_REPRESENTATION_CONTEXT(2) 
PARAMETRIC_REPRESENTATION_CONTEXT() REPRESENTATION_CONTEXT('2D SPACE',''
  ) );
#165 = PCURVE('',#166,#171);
#166 = CYLINDRICAL_SURFACE('',#167,66.2);
#167 = AXIS2_PLACEMENT_3D('',#168,#169,#170);
#168 = CARTESIAN_POINT('',(0.,0.,11.5));
#169 = DIRECTION('',(-0.,0.,-1.));
#170 = DIRECTION('',(0.995184726672,-9.801714032956E-02,0.));
#171 = DEFINITIONAL_REPRESENTATION('',(#172),#185);
#172 = B_SPLINE_CURVE_WITH_KNOTS('',6,(#173,#174,#175,#176,#177,#178,
    #179,#180,#181,#182,#183,#184),.UNSPECIFIED.,.F.,.F.,(7,5,7),(0.,
    0.545305349235,1.),.UNSPECIFIED.);
#173 = CARTESIAN_POINT('',(-6.795869233487E-02,2.5));
#174 = CARTESIAN_POINT('',(-6.795869233487E-02,2.431880623839));
#175 = CARTESIAN_POINT('',(-6.812699197009E-02,2.363604277383));
#176 = CARTESIAN_POINT('',(-6.846507134868E-02,2.297210905946));
#177 = CARTESIAN_POINT('',(-6.896880565861E-02,2.234781069053));
#178 = CARTESIAN_POINT('',(-6.962884290587E-02,2.178390815197));
#179 = CARTESIAN_POINT('',(-7.109697732582E-02,2.089988303185));
#180 = CARTESIAN_POINT('',(-7.186391831989E-02,2.05538145006));
#181 = CARTESIAN_POINT('',(-7.271463762966E-02,2.028106447154));
#182 = CARTESIAN_POINT('',(-7.362521855319E-02,2.009411841314));
#183 = CARTESIAN_POINT('',(-7.456803141311E-02,2.));
#184 = CARTESIAN_POINT('',(-7.551422083528E-02,2.));
#185 = ( GEOMETRIC_REPRESENTATION_CONTEXT(2) 
PARAMETRIC_REPRESENTATION_CONTEXT() REPRESENTATION_CONTEXT('2D SPACE',''
  ) );
#186 = ORIENTED_EDGE('',*,*,#187,.T.);
#187 = EDGE_CURVE('',#133,#188,#190,.T.);
#188 = VERTEX_POINT('',#189);
#189 = CARTESIAN_POINT('',(66.619722436227,-1.5,9.5));
#190 = SURFACE_CURVE('',#191,(#195,#202),.PCURVE_S1.);
#191 = LINE('',#192,#193);
#192 = CARTESIAN_POINT('',(62.2,-1.5,9.5));
#193 = VECTOR('',#194,1.);
#194 = DIRECTION('',(1.,0.,0.));
#195 = PCURVE('',#108,#196);
#196 = DEFINITIONAL_REPRESENTATION('',(#197),#201);
#197 = LINE('',#198,#199);
#198 = CARTESIAN_POINT('',(-1.570796326795,0.));
#199 = VECTOR('',#200,1.);
#200 = DIRECTION('',(-0.,1.));
#201 = ( GEOMETRIC_REPRESENTATION_CONTEXT(2) 
PARAMETRIC_REPRESENTATION_CONTEXT() REPRESENTATION_CONTEXT('2D SPACE',''
  ) );
#202 = PCURVE('',#203,#208);
#203 = PLANE('',#204);
#204 = AXIS2_PLACEMENT_3D('',#205,#206,#207);
#205 = CARTESIAN_POINT('',(62.2,-2.,9.5));
#206 = DIRECTION('',(0.,0.,1.));
#207 = DIRECTION('',(1.,0.,0.));
#208 = DEFINITIONAL_REPRESENTATION('',(#209),#213);
#209 = LINE('',#210,#211);
#210 = CARTESIAN_POINT('',(0.,0.5));
#211 = VECTOR('',#212,1.);
#212 = DIRECTION('',(1.,0.));
#213 = ( GEOMETRIC_REPRESENTATION_CONTEXT(2) 
PARAMETRIC_REPRESENTATION_CONTEXT() REPRESENTATION_CONTEXT('2D SPACE',''
  ) );
#214 = ORIENTED_EDGE('',*,*,#215,.T.);
#215 = EDGE_CURVE('',#188,#216,#218,.T.);
#216 = VERTEX_POINT('',#217);
#217 = CARTESIAN_POINT('',(66.45,-1.933012701889,9.250000000005));
#218 = SURFACE_CURVE('',#219,(#250,#346),.PCURVE_S1.);
#219 = ( BOUNDED_CURVE() B_SPLINE_CURVE(8,(#220,#221,#222,#223,#224,#225
    ,#226,#227,#228,#229,#230,#231,#232,#233,#234,#235,#236,#237,#238,
    #239,#240,#241,#242,#243,#244,#245,#246,#247,#248,#249),
.UNSPECIFIED.,.F.,.F.) B_SPLINE_CURVE_WITH_KNOTS((9,7,7,7,9),(
    21.798187131229,21.902186188886,22.144608387389,22.262491387059,
22.33457487466),.UNSPECIFIED.) CURVE() GEOMETRIC_REPRESENTATION_ITEM() 
RATIONAL_B_SPLINE_CURVE((1.,1.,1.,1.,1.,1.,1.,1.,1.,1.,1.,1.,1.,1.,1.,1.
,1.,1.,1.,1.,1.,1.,1.,1.,1.,1.,1.,1.,1.,1.)) REPRESENTATION_ITEM('') );
#220 = CARTESIAN_POINT('',(66.619722436227,-1.5,9.5));
#221 = CARTESIAN_POINT('',(66.619722436227,-1.515487821197,9.5));
#222 = CARTESIAN_POINT('',(66.618612245694,-1.530917627013,
    9.499442222365));
#223 = CARTESIAN_POINT('',(66.616544155385,-1.545857878203,
    9.498409279855));
#224 = CARTESIAN_POINT('',(66.613192924236,-1.561428695078,
    9.496694303391));
#225 = CARTESIAN_POINT('',(66.609578000971,-1.574868033585,
    9.494788873891));
#226 = CARTESIAN_POINT('',(66.605115565339,-1.589032514119,
    9.492335033007));
#227 = CARTESIAN_POINT('',(66.600381942236,-1.602235155086,9.48961717329
    ));
#228 = CARTESIAN_POINT('',(66.583428280312,-1.645359787844,
    9.479408274362));
#229 = CARTESIAN_POINT('',(66.569586125783,-1.674074638398,
    9.470371346232));
#230 = CARTESIAN_POINT('',(66.554958918413,-1.701469871086,
    9.459566167185));
#231 = CARTESIAN_POINT('',(66.540529101599,-1.727290384665,
    9.447359018182));
#232 = CARTESIAN_POINT('',(66.5267927721,-1.751535335962,9.433983783278)
  );
#233 = CARTESIAN_POINT('',(66.513781800079,-1.774655176018,
    9.419353595322));
#234 = CARTESIAN_POINT('',(66.50138376393,-1.797292636308,9.40305821539)
  );
#235 = CARTESIAN_POINT('',(66.484404503437,-1.830399376084,
    9.375545740942));
#236 = CARTESIAN_POINT('',(66.479111356587,-1.841123715082,
    9.366019976133));
#237 = CARTESIAN_POINT('',(66.474154913937,-1.851451440111,
    9.356318747283));
#238 = CARTESIAN_POINT('',(66.469630294563,-1.861810616284,
    9.345762428187));
#239 = CARTESIAN_POINT('',(66.465503921078,-1.8717555709,9.335035459643)
  );
#240 = CARTESIAN_POINT('',(66.461825215878,-1.881266836259,
    9.324152765374));
#241 = CARTESIAN_POINT('',(66.458816148779,-1.891273918847,
    9.311613548843));
#242 = CARTESIAN_POINT('',(66.454851064156,-1.904905157687,
    9.293472236825));
#243 = CARTESIAN_POINT('',(66.453527775424,-1.908702149254,
    9.288150711865));
#244 = CARTESIAN_POINT('',(66.452387357904,-1.91320581918,9.281763659275
    ));
#245 = CARTESIAN_POINT('',(66.45145841869,-1.917438129943,9.275476194427
    ));
#246 = CARTESIAN_POINT('',(66.450745438094,-1.921363315831,
    9.269361589977));
#247 = CARTESIAN_POINT('',(66.450250801383,-1.925434433693,
    9.262885768531));
#248 = CARTESIAN_POINT('',(66.45,-1.929265753984,9.25648990415));
#249 = CARTESIAN_POINT('',(66.45,-1.933012701889,9.250000000005));
#250 = PCURVE('',#108,#251);
#251 = DEFINITIONAL_REPRESENTATION('',(#252),#345);
#252 = B_SPLINE_CURVE_WITH_KNOTS('',11,(#253,#254,#255,#256,#257,#258,
    #259,#260,#261,#262,#263,#264,#265,#266,#267,#268,#269,#270,#271,
    #272,#273,#274,#275,#276,#277,#278,#279,#280,#281,#282,#283,#284,
    #285,#286,#287,#288,#289,#290,#291,#292,#293,#294,#295,#296,#297,
    #298,#299,#300,#301,#302,#303,#304,#305,#306,#307,#308,#309,#310,
    #311,#312,#313,#314,#315,#316,#317,#318,#319,#320,#321,#322,#323,
    #324,#325,#326,#327,#328,#329,#330,#331,#332,#333,#334,#335,#336,
    #337,#338,#339,#340,#341,#342,#343,#344),.UNSPECIFIED.,.F.,.F.,(12,
    10,10,10,10,10,10,10,10,12),(21.798187131229,21.865235599158,
    21.932284067087,22.066381002945,22.133429470873,22.200477938802,
    22.234002172767,22.250764289749,22.267526406731,22.33457487466),
  .UNSPECIFIED.);
#253 = CARTESIAN_POINT('',(-1.570796326795,4.419722436227));
#254 = CARTESIAN_POINT('',(-1.556272633198,4.419722436226));
#255 = CARTESIAN_POINT('',(-1.541791390969,4.419490406006));
#256 = CARTESIAN_POINT('',(-1.527368905425,4.419030885968));
#257 = CARTESIAN_POINT('',(-1.513013882473,4.418347786561));
#258 = CARTESIAN_POINT('',(-1.498739414226,4.417447772625));
#259 = CARTESIAN_POINT('',(-1.484568905078,4.416342096765));
#260 = CARTESIAN_POINT('',(-1.470535938122,4.415046881064));
#261 = CARTESIAN_POINT('',(-1.456678082059,4.413581848026));
#262 = CARTESIAN_POINT('',(-1.443024638436,4.411967499786));
#263 = CARTESIAN_POINT('',(-1.429578329364,4.410220746457));
#264 = CARTESIAN_POINT('',(-1.40300352183,4.406477219471));
#265 = CARTESIAN_POINT('',(-1.389869063842,4.40447896978));
#266 = CARTESIAN_POINT('',(-1.376994768472,4.402389691095));
#267 = CARTESIAN_POINT('',(-1.364028791607,4.400162988341));
#268 = CARTESIAN_POINT('',(-1.351388298105,4.397878738942));
#269 = CARTESIAN_POINT('',(-1.339071397108,4.39555147624));
#270 = CARTESIAN_POINT('',(-1.326658385768,4.393124202884));
#271 = CARTESIAN_POINT('',(-1.314146710609,4.390600576854));
#272 = CARTESIAN_POINT('',(-1.301947797452,4.388052086127));
#273 = CARTESIAN_POINT('',(-1.289702418415,4.38543640548));
#274 = CARTESIAN_POINT('',(-1.253228835912,4.377463014341));
#275 = CARTESIAN_POINT('',(-1.22917683247,4.371967695054));
#276 = CARTESIAN_POINT('',(-1.205384017363,4.36635364545));
#277 = CARTESIAN_POINT('',(-1.181845866996,4.360673182543));
#278 = CARTESIAN_POINT('',(-1.158555526445,4.354970457762));
#279 = CARTESIAN_POINT('',(-1.135501471886,4.349281969488));
#280 = CARTESIAN_POINT('',(-1.112665172947,4.343637075225));
#281 = CARTESIAN_POINT('',(-1.090018755142,4.338058504199));
#282 = CARTESIAN_POINT('',(-1.067522662235,4.332562869542));
#283 = CARTESIAN_POINT('',(-1.045123318652,4.327161180806));
#284 = CARTESIAN_POINT('',(-1.011564528473,4.319208443991));
#285 = CARTESIAN_POINT('',(-1.000386279489,4.316583100453));
#286 = CARTESIAN_POINT('',(-0.989207428834,4.313983877245));
#287 = CARTESIAN_POINT('',(-0.978019185236,4.311411427799));
#288 = CARTESIAN_POINT('',(-0.966812582235,4.308866507392));
#289 = CARTESIAN_POINT('',(-0.95557847817,4.30634997312));
#290 = CARTESIAN_POINT('',(-0.944307556203,4.303862783945));
#291 = CARTESIAN_POINT('',(-0.93299032429,4.301406000633));
#292 = CARTESIAN_POINT('',(-0.921617115207,4.298980785817));
#293 = CARTESIAN_POINT('',(-0.910178086532,4.296588403948));
#294 = CARTESIAN_POINT('',(-0.887148354776,4.291872038697));
#295 = CARTESIAN_POINT('',(-0.875564195631,4.289547360299));
#296 = CARTESIAN_POINT('',(-0.863860144335,4.287258510963));
#297 = CARTESIAN_POINT('',(-0.852094626454,4.285014548064));
#298 = CARTESIAN_POINT('',(-0.84031438191,4.282823309124));
#299 = CARTESIAN_POINT('',(-0.828518428836,4.280689042027));
#300 = CARTESIAN_POINT('',(-0.816675044024,4.278613536271));
#301 = CARTESIAN_POINT('',(-0.804760102713,4.276598673647));
#302 = CARTESIAN_POINT('',(-0.792785120332,4.274648316789));
#303 = CARTESIAN_POINT('',(-0.780783338941,4.272767453964));
#304 = CARTESIAN_POINT('',(-0.762691632064,4.270051050853));
#305 = CARTESIAN_POINT('',(-0.756649363588,4.269163242588));
#306 = CARTESIAN_POINT('',(-0.750593844037,4.268293505955));
#307 = CARTESIAN_POINT('',(-0.744523825551,4.267442279195));
#308 = CARTESIAN_POINT('',(-0.738438363972,4.266610026634));
#309 = CARTESIAN_POINT('',(-0.732336818837,4.265797238617));
#310 = CARTESIAN_POINT('',(-0.726218853388,4.265004431605));
#311 = CARTESIAN_POINT('',(-0.720084434562,4.26423214806));
#312 = CARTESIAN_POINT('',(-0.713933832999,4.263480956556));
#313 = CARTESIAN_POINT('',(-0.707767623036,4.26275145169));
#314 = CARTESIAN_POINT('',(-0.698496212546,4.261690655367));
#315 = CARTESIAN_POINT('',(-0.695402726081,4.261342614146));
#316 = CARTESIAN_POINT('',(-0.692306427546,4.261000207084));
#317 = CARTESIAN_POINT('',(-0.68920783062,4.260663503036));
#318 = CARTESIAN_POINT('',(-0.686107758435,4.26033256319));
#319 = CARTESIAN_POINT('',(-0.683007343571,4.260007440926));
#320 = CARTESIAN_POINT('',(-0.67990802806,4.259688182008));
#321 = CARTESIAN_POINT('',(-0.676811563382,4.259374824373));
#322 = CARTESIAN_POINT('',(-0.673720010468,4.259067398318));
#323 = CARTESIAN_POINT('',(-0.6706357397,4.258765926367));
#324 = CARTESIAN_POINT('',(-0.664487122117,4.258174920322));
#325 = CARTESIAN_POINT('',(-0.661449977336,4.257885147394));
#326 = CARTESIAN_POINT('',(-0.658220623856,4.257603084368));
#327 = CARTESIAN_POINT('',(-0.655746186798,4.257320788125));
#328 = CARTESIAN_POINT('',(-0.651675515657,4.257057707083));
#329 = CARTESIAN_POINT('',(-0.649938714091,4.256782155436));
#330 = CARTESIAN_POINT('',(-0.646140810803,4.256527955592));
#331 = CARTESIAN_POINT('',(-0.643376895949,4.25627351706));
#332 = CARTESIAN_POINT('',(-0.64062657964,4.256023361636));
#333 = CARTESIAN_POINT('',(-0.637889935386,4.255779100755));
#334 = CARTESIAN_POINT('',(-0.624552492821,4.254582180761));
#335 = CARTESIAN_POINT('',(-0.614750268094,4.253705502111));
#336 = CARTESIAN_POINT('',(-0.604757749924,4.252912100531));
#337 = CARTESIAN_POINT('',(-0.594565348172,4.252206706476));
#338 = CARTESIAN_POINT('',(-0.58438056956,4.251593288793));
#339 = CARTESIAN_POINT('',(-0.574282079869,4.251074445214));
#340 = CARTESIAN_POINT('',(-0.56419684576,4.250652242756));
#341 = CARTESIAN_POINT('',(-0.554038038082,4.250329496091));
#342 = CARTESIAN_POINT('',(-0.543841378269,4.250110470874));
#343 = CARTESIAN_POINT('',(-0.533737609689,4.25));
#344 = CARTESIAN_POINT('',(-0.52359877561,4.25));
#345 = ( GEOMETRIC_REPRESENTATION_CONTEXT(2) 
PARAMETRIC_REPRESENTATION_CONTEXT() REPRESENTATION_CONTEXT('2D SPACE',''
  ) );
#346 = PCURVE('',#347,#438);
#347 = ( BOUNDED_SURFACE() B_SPLINE_SURFACE(2,8,(
    (#348,#349,#350,#351,#352,#353,#354,#355,#356,#357,#358,#359,#360
      ,#361,#362,#363,#364,#365,#366,#367,#368,#369,#370,#371,#372,#373
      ,#374,#375,#376,#377)
    ,(#378,#379,#380,#381,#382,#383,#384,#385,#386,#387,#388,#389,#390
      ,#391,#392,#393,#394,#395,#396,#397,#398,#399,#400,#401,#402,#403
      ,#404,#405,#406,#407)
    ,(#408,#409,#410,#411,#412,#413,#414,#415,#416,#417,#418,#419,#420
      ,#421,#422,#423,#424,#425,#426,#427,#428,#429,#430,#431,#432,#433
      ,#434,#435,#436,#437
)),.UNSPECIFIED.,.F.,.F.,.F.) B_SPLINE_SURFACE_WITH_KNOTS((3,3),(9,7,7,7
    ,9),(0.,0.53638774343),(21.798187131229,21.902186188886,
    22.144608387389,22.262491387059,22.33457487466),.UNSPECIFIED.) 
GEOMETRIC_REPRESENTATION_ITEM() RATIONAL_B_SPLINE_SURFACE((
    (1.,1.,1.,1.,1.,1.,1.,1.,1.,1.,1.,1.,1.,1.,1.,1.,1.,1.,1.,1.,1.,1.
      ,1.,1.,1.,1.,1.,1.,1.,1.)
    ,(0.963624111659,0.963624111659,0.962897165657,0.961547050987
      ,0.959320946965,0.956833197527,0.953669148688,0.950160498302
      ,0.937085071863,0.925602339453,0.912086547341,0.897143912279
      ,0.881203021238,0.864326709958,0.846320049083,0.817805022473
      ,0.80826657347,0.798615391319,0.788937312651,0.779206528229
      ,0.769518786224,0.760130173325,0.745050706748,0.739182968112
      ,0.733578616424,0.728028612374,0.722555612607,0.717279330188
      ,0.712113023284,0.707106781187)
    ,(1.,1.,1.,1.,1.,1.,1.,1.,1.,1.,1.,1.,1.,1.,1.,1.,1.,1.,1.,1.,1.,1.
,1.,1.,1.,1.,1.,1.,1.,1.))) REPRESENTATION_ITEM('') SURFACE() );
#348 = CARTESIAN_POINT('',(66.619722436227,-1.5,9.5));
#349 = CARTESIAN_POINT('',(66.619722436227,-1.515487821197,9.5));
#350 = CARTESIAN_POINT('',(66.618612245694,-1.530917627013,
    9.499442222365));
#351 = CARTESIAN_POINT('',(66.616544155385,-1.545857878203,
    9.498409279855));
#352 = CARTESIAN_POINT('',(66.613192924236,-1.561428695078,
    9.496694303391));
#353 = CARTESIAN_POINT('',(66.609578000971,-1.574868033585,
    9.494788873891));
#354 = CARTESIAN_POINT('',(66.605115565339,-1.589032514119,
    9.492335033007));
#355 = CARTESIAN_POINT('',(66.600381942236,-1.602235155086,9.48961717329
    ));
#356 = CARTESIAN_POINT('',(66.583428280312,-1.645359787844,
    9.479408274362));
#357 = CARTESIAN_POINT('',(66.569586125783,-1.674074638398,
    9.470371346232));
#358 = CARTESIAN_POINT('',(66.554958918413,-1.701469871086,
    9.459566167185));
#359 = CARTESIAN_POINT('',(66.540529101599,-1.727290384665,
    9.447359018182));
#360 = CARTESIAN_POINT('',(66.5267927721,-1.751535335962,9.433983783278)
  );
#361 = CARTESIAN_POINT('',(66.513781800079,-1.774655176018,
    9.419353595322));
#362 = CARTESIAN_POINT('',(66.50138376393,-1.797292636308,9.40305821539)
  );
#363 = CARTESIAN_POINT('',(66.484404503437,-1.830399376084,
    9.375545740942));
#364 = CARTESIAN_POINT('',(66.479111356587,-1.841123715082,
    9.366019976133));
#365 = CARTESIAN_POINT('',(66.474154913937,-1.851451440111,
    9.356318747283));
#366 = CARTESIAN_POINT('',(66.469630294563,-1.861810616284,
    9.345762428187));
#367 = CARTESIAN_POINT('',(66.465503921078,-1.8717555709,9.335035459643)
  );
#368 = CARTESIAN_POINT('',(66.461825215878,-1.881266836259,
    9.324152765374));
#369 = CARTESIAN_POINT('',(66.458816148779,-1.891273918847,
    9.311613548843));
#370 = CARTESIAN_POINT('',(66.454851064156,-1.904905157687,
    9.293472236825));
#371 = CARTESIAN_POINT('',(66.453527775424,-1.908702149254,
    9.288150711865));
#372 = CARTESIAN_POINT('',(66.452387357904,-1.91320581918,9.281763659275
    ));
#373 = CARTESIAN_POINT('',(66.45145841869,-1.917438129943,9.275476194427
    ));
#374 = CARTESIAN_POINT('',(66.450745438094,-1.921363315831,
    9.269361589977));
#375 = CARTESIAN_POINT('',(66.450250801383,-1.925434433693,
    9.262885768531));
#376 = CARTESIAN_POINT('',(66.45,-1.929265753984,9.25648990415));
#377 = CARTESIAN_POINT('',(66.45,-1.933012701889,9.250000000005));
#378 = CARTESIAN_POINT('',(66.647457446038,-1.5,9.5));
#379 = CARTESIAN_POINT('',(66.647457446038,-1.51673359131,9.5));
#380 = CARTESIAN_POINT('',(66.646574550495,-1.533430004987,
    9.499352276071));
#381 = CARTESIAN_POINT('',(66.644924212931,-1.54959926085,9.49814798121)
  );
#382 = CARTESIAN_POINT('',(66.642257809402,-1.566411921947,
    9.496154897102));
#383 = CARTESIAN_POINT('',(66.639394689631,-1.580890180209,
    9.493939134786));
#384 = CARTESIAN_POINT('',(66.635889766931,-1.596066750768,
    9.491108530779));
#385 = CARTESIAN_POINT('',(66.632203260134,-1.610166690433,
    9.487983625178));
#386 = CARTESIAN_POINT('',(66.619014743673,-1.656372615442,
    9.476224304297));
#387 = CARTESIAN_POINT('',(66.608315844725,-1.687058779173,
    9.465791564961));
#388 = CARTESIAN_POINT('',(66.597360721114,-1.715822417748,
    9.453450437287));
#389 = CARTESIAN_POINT('',(66.587021650884,-1.742319189572,
    9.439797611782));
#390 = CARTESIAN_POINT('',(66.577732736151,-1.766532486168,
    9.425259673781));
#391 = CARTESIAN_POINT('',(66.569530147624,-1.788939618233,
    9.409865286183));
#392 = CARTESIAN_POINT('',(66.562326837883,-1.810194769947,
    9.393353929763));
#393 = CARTESIAN_POINT('',(66.553543931726,-1.840268469181,
    9.366832165722));
#394 = CARTESIAN_POINT('',(66.550936479266,-1.850040349771,
    9.357658858362));
#395 = CARTESIAN_POINT('',(66.548750039802,-1.85931771432,9.348375925335
    ));
#396 = CARTESIAN_POINT('',(66.54696859477,-1.868239636815,9.338904557849
    ));
#397 = CARTESIAN_POINT('',(66.545613774701,-1.876777776844,
    9.329292591059));
#398 = CARTESIAN_POINT('',(66.544718508465,-1.884876652512,
    9.319609282718));
#399 = CARTESIAN_POINT('',(66.54427870866,-1.892644413867,9.309808975481
    ));
#400 = CARTESIAN_POINT('',(66.544376206327,-1.904562856203,
    9.293915710429));
#401 = CARTESIAN_POINT('',(66.544631793798,-1.908932040361,
    9.287872869796));
#402 = CARTESIAN_POINT('',(66.545030327347,-1.913251712063,
    9.281681019587));
#403 = CARTESIAN_POINT('',(66.545625769281,-1.917440526572,
    9.275449568288));
#404 = CARTESIAN_POINT('',(66.546421720992,-1.921497003154,
    9.269182428039));
#405 = CARTESIAN_POINT('',(66.547400980198,-1.925457750289,
    9.262833335142));
#406 = CARTESIAN_POINT('',(66.548593975413,-1.929292095482,
    9.256444279337));
#407 = CARTESIAN_POINT('',(66.55,-1.93301270189,9.250000000003));
#408 = CARTESIAN_POINT('',(66.671230311591,-1.5,9.514285714286));
#409 = CARTESIAN_POINT('',(66.671230311591,-1.518282966142,
    9.514285714286));
#410 = CARTESIAN_POINT('',(66.670461318921,-1.536500035441,
    9.513822969246));
#411 = CARTESIAN_POINT('',(66.669027776817,-1.554135966765,
    9.512964496503));
#412 = CARTESIAN_POINT('',(66.666708393111,-1.57251209563,9.511544830792
    ));
#413 = CARTESIAN_POINT('',(66.664192276416,-1.588416611611,
    9.509956396873));
#414 = CARTESIAN_POINT('',(66.661100453258,-1.605099014048,
    9.507927058528));
#415 = CARTESIAN_POINT('',(66.657804964117,-1.620714026608,
    9.505668542691));
#416 = CARTESIAN_POINT('',(66.646014557625,-1.671595316673,
    9.497209533919));
#417 = CARTESIAN_POINT('',(66.636368425607,-1.705496192155,
    9.489724037049));
#418 = CARTESIAN_POINT('',(66.626171665887,-1.737750037372,
    9.480799295134));
#419 = CARTESIAN_POINT('',(66.616111452722,-1.768072195169,
    9.470758454444));
#420 = CARTESIAN_POINT('',(66.606530010779,-1.796488855818,
    9.459812903362));
#421 = CARTESIAN_POINT('',(66.597438650631,-1.823522920467,
    9.447909641637));
#422 = CARTESIAN_POINT('',(66.588733270158,-1.849911901311,
    9.434734202572));
#423 = CARTESIAN_POINT('',(66.576661850059,-1.888474637273,
    9.412640666572));
#424 = CARTESIAN_POINT('',(66.572863282612,-1.900932039712,
    9.405040127274));
#425 = CARTESIAN_POINT('',(66.569299749338,-1.913064871281,
    9.397160025214));
#426 = CARTESIAN_POINT('',(66.565956062343,-1.924964374001,
    9.388926209433));
#427 = CARTESIAN_POINT('',(66.562866771135,-1.936626939954,
    9.380328829466));
#428 = CARTESIAN_POINT('',(66.560085556398,-1.947975381916,
    9.371394895744));
#429 = CARTESIAN_POINT('',(66.557627943842,-1.959007971645,9.36209039173
    ));
#430 = CARTESIAN_POINT('',(66.554263772213,-1.976448225162,
    9.346377629729));
#431 = CARTESIAN_POINT('',(66.55311452243,-1.983084033423,9.340195942356
    ));
#432 = CARTESIAN_POINT('',(66.552131246272,-1.989486808126,
    9.333901941711));
#433 = CARTESIAN_POINT('',(66.551310710899,-1.995797301914,
    9.327430533026));
#434 = CARTESIAN_POINT('',(66.550669128152,-2.00199738415,9.320789960122
    ));
#435 = CARTESIAN_POINT('',(66.550229801247,-2.008008280266,9.31401582539
    ));
#436 = CARTESIAN_POINT('',(66.55,-2.013892630893,9.307079895471));
#437 = CARTESIAN_POINT('',(66.55,-2.019615242271,9.3));
#438 = DEFINITIONAL_REPRESENTATION('',(#439),#443);
#439 = LINE('',#440,#441);
#440 = CARTESIAN_POINT('',(0.,0.));
#441 = VECTOR('',#442,1.);
#442 = DIRECTION('',(0.,1.));
#443 = ( GEOMETRIC_REPRESENTATION_CONTEXT(2) 
PARAMETRIC_REPRESENTATION_CONTEXT() REPRESENTATION_CONTEXT('2D SPACE',''
  ) );
#444 = ORIENTED_EDGE('',*,*,#445,.T.);
#445 = EDGE_CURVE('',#216,#100,#446,.T.);
#446 = SURFACE_CURVE('',#447,(#452,#459),.PCURVE_S1.);
#447 = CIRCLE('',#448,0.5);
#448 = AXIS2_PLACEMENT_3D('',#449,#450,#451);
#449 = CARTESIAN_POINT('',(66.45,-1.5,9.));
#450 = DIRECTION('',(1.,0.,0.));
#451 = DIRECTION('',(0.,-0.8,0.6));
#452 = PCURVE('',#108,#453);
#453 = DEFINITIONAL_REPRESENTATION('',(#454),#458);
#454 = LINE('',#455,#456);
#455 = CARTESIAN_POINT('',(-0.643501108793,4.25));
#456 = VECTOR('',#457,1.);
#457 = DIRECTION('',(1.,-0.));
#458 = ( GEOMETRIC_REPRESENTATION_CONTEXT(2) 
PARAMETRIC_REPRESENTATION_CONTEXT() REPRESENTATION_CONTEXT('2D SPACE',''
  ) );
#459 = PCURVE('',#460,#465);
#460 = TOROIDAL_SURFACE('',#461,0.6,0.1);
#461 = AXIS2_PLACEMENT_3D('',#462,#463,#464);
#462 = CARTESIAN_POINT('',(66.45,-1.5,9.));
#463 = DIRECTION('',(-1.,-0.,0.));
#464 = DIRECTION('',(0.,-0.8,0.6));
#465 = DEFINITIONAL_REPRESENTATION('',(#466),#470);
#466 = LINE('',#467,#468);
#467 = CARTESIAN_POINT('',(-0.,3.14159265359));
#468 = VECTOR('',#469,1.);
#469 = DIRECTION('',(-1.,0.));
#470 = ( GEOMETRIC_REPRESENTATION_CONTEXT(2) 
PARAMETRIC_REPRESENTATION_CONTEXT() REPRESENTATION_CONTEXT('2D SPACE',''
  ) );
#471 = ADVANCED_FACE('',(#472),#120,.T.);
#472 = FACE_BOUND('',#473,.T.);
#473 = EDGE_LOOP('',(#474,#504,#523,#524));
#474 = ORIENTED_EDGE('',*,*,#475,.F.);
#475 = EDGE_CURVE('',#476,#478,#480,.T.);
#476 = VERTEX_POINT('',#477);
#477 = CARTESIAN_POINT('',(66.169781622732,-2.,-9.));
#478 = VERTEX_POINT('',#479);
#479 = CARTESIAN_POINT('',(66.45,-2.,-9.));
#480 = SURFACE_CURVE('',#481,(#485,#492),.PCURVE_S1.);
#481 = LINE('',#482,#483);
#482 = CARTESIAN_POINT('',(62.2,-2.,-9.));
#483 = VECTOR('',#484,1.);
#484 = DIRECTION('',(1.,0.,0.));
#485 = PCURVE('',#120,#486);
#486 = DEFINITIONAL_REPRESENTATION('',(#487),#491);
#487 = LINE('',#488,#489);
#488 = CARTESIAN_POINT('',(0.5,0.));
#489 = VECTOR('',#490,1.);
#490 = DIRECTION('',(0.,1.));
#491 = ( GEOMETRIC_REPRESENTATION_CONTEXT(2) 
PARAMETRIC_REPRESENTATION_CONTEXT() REPRESENTATION_CONTEXT('2D SPACE',''
  ) );
#492 = PCURVE('',#493,#498);
#493 = CYLINDRICAL_SURFACE('',#494,0.5);
#494 = AXIS2_PLACEMENT_3D('',#495,#496,#497);
#495 = CARTESIAN_POINT('',(62.2,-1.5,-9.));
#496 = DIRECTION('',(1.,0.,0.));
#497 = DIRECTION('',(0.,-1.,0.));
#498 = DEFINITIONAL_REPRESENTATION('',(#499),#503);
#499 = LINE('',#500,#501);
#500 = CARTESIAN_POINT('',(0.,0.));
#501 = VECTOR('',#502,1.);
#502 = DIRECTION('',(0.,1.));
#503 = ( GEOMETRIC_REPRESENTATION_CONTEXT(2) 
PARAMETRIC_REPRESENTATION_CONTEXT() REPRESENTATION_CONTEXT('2D SPACE',''
  ) );
#504 = ORIENTED_EDGE('',*,*,#505,.F.);
#505 = EDGE_CURVE('',#98,#476,#506,.T.);
#506 = SURFACE_CURVE('',#507,(#511,#517),.PCURVE_S1.);
#507 = LINE('',#508,#509);
#508 = CARTESIAN_POINT('',(66.169781622732,-2.,11.5));
#509 = VECTOR('',#510,1.);
#510 = DIRECTION('',(-0.,0.,-1.));
#511 = PCURVE('',#120,#512);
#512 = DEFINITIONAL_REPRESENTATION('',(#513),#516);
#513 = B_SPLINE_CURVE_WITH_KNOTS('',1,(#514,#515),.UNSPECIFIED.,.F.,.F.,
  (2,2),(0.7,22.3),.PIECEWISE_BEZIER_KNOTS.);
#514 = CARTESIAN_POINT('',(20.3,3.969781622732));
#515 = CARTESIAN_POINT('',(-1.3,3.969781622732));
#516 = ( GEOMETRIC_REPRESENTATION_CONTEXT(2) 
PARAMETRIC_REPRESENTATION_CONTEXT() REPRESENTATION_CONTEXT('2D SPACE',''
  ) );
#517 = PCURVE('',#166,#518);
#518 = DEFINITIONAL_REPRESENTATION('',(#519),#522);
#519 = B_SPLINE_CURVE_WITH_KNOTS('',1,(#520,#521),.UNSPECIFIED.,.F.,.F.,
  (2,2),(0.7,22.3),.PIECEWISE_BEZIER_KNOTS.);
#520 = CARTESIAN_POINT('',(-6.795869233487E-02,0.7));
#521 = CARTESIAN_POINT('',(-6.795869233487E-02,22.3));
#522 = ( GEOMETRIC_REPRESENTATION_CONTEXT(2) 
PARAMETRIC_REPRESENTATION_CONTEXT() REPRESENTATION_CONTEXT('2D SPACE',''
  ) );
#523 = ORIENTED_EDGE('',*,*,#97,.T.);
#524 = ORIENTED_EDGE('',*,*,#525,.T.);
#525 = EDGE_CURVE('',#100,#478,#526,.T.);
#526 = SURFACE_CURVE('',#527,(#531,#538),.PCURVE_S1.);
#527 = LINE('',#528,#529);
#528 = CARTESIAN_POINT('',(66.45,-2.,9.));
#529 = VECTOR('',#530,1.);
#530 = DIRECTION('',(-0.,-0.,-1.));
#531 = PCURVE('',#120,#532);
#532 = DEFINITIONAL_REPRESENTATION('',(#533),#537);
#533 = LINE('',#534,#535);
#534 = CARTESIAN_POINT('',(18.5,4.25));
#535 = VECTOR('',#536,1.);
#536 = DIRECTION('',(-1.,-0.));
#537 = ( GEOMETRIC_REPRESENTATION_CONTEXT(2) 
PARAMETRIC_REPRESENTATION_CONTEXT() REPRESENTATION_CONTEXT('2D SPACE',''
  ) );
#538 = PCURVE('',#539,#544);
#539 = CYLINDRICAL_SURFACE('',#540,0.1);
#540 = AXIS2_PLACEMENT_3D('',#541,#542,#543);
#541 = CARTESIAN_POINT('',(66.45,-2.1,9.));
#542 = DIRECTION('',(-0.,-0.,-1.));
#543 = DIRECTION('',(0.,1.,-0.));
#544 = DEFINITIONAL_REPRESENTATION('',(#545),#549);
#545 = LINE('',#546,#547);
#546 = CARTESIAN_POINT('',(0.,0.));
#547 = VECTOR('',#548,1.);
#548 = DIRECTION('',(0.,1.));
#549 = ( GEOMETRIC_REPRESENTATION_CONTEXT(2) 
PARAMETRIC_REPRESENTATION_CONTEXT() REPRESENTATION_CONTEXT('2D SPACE',''
  ) );
#550 = ADVANCED_FACE('',(#551),#460,.T.);
#551 = FACE_BOUND('',#552,.F.);
#552 = EDGE_LOOP('',(#553,#580,#581,#603));
#553 = ORIENTED_EDGE('',*,*,#554,.F.);
#554 = EDGE_CURVE('',#216,#555,#557,.T.);
#555 = VERTEX_POINT('',#556);
#556 = CARTESIAN_POINT('',(66.55,-2.019615242271,9.3));
#557 = SURFACE_CURVE('',#558,(#562,#574),.PCURVE_S1.);
#558 = ( BOUNDED_CURVE() B_SPLINE_CURVE(2,(#559,#560,#561),
.UNSPECIFIED.,.F.,.F.) B_SPLINE_CURVE_WITH_KNOTS((3,3),(0.,0.53638774343
),.PIECEWISE_BEZIER_KNOTS.) CURVE() GEOMETRIC_REPRESENTATION_ITEM() 
RATIONAL_B_SPLINE_CURVE((1.,0.707106781187,1.)) REPRESENTATION_ITEM('') 
  );
#559 = CARTESIAN_POINT('',(66.45,-1.933012701889,9.250000000005));
#560 = CARTESIAN_POINT('',(66.55,-1.93301270189,9.250000000003));
#561 = CARTESIAN_POINT('',(66.55,-2.019615242271,9.3));
#562 = PCURVE('',#460,#563);
#563 = DEFINITIONAL_REPRESENTATION('',(#564),#573);
#564 = B_SPLINE_CURVE_WITH_KNOTS('',7,(#565,#566,#567,#568,#569,#570,
    #571,#572),.UNSPECIFIED.,.F.,.F.,(8,8),(0.,0.53638774343),
  .PIECEWISE_BEZIER_KNOTS.);
#565 = CARTESIAN_POINT('',(-0.119902333195,3.14159265359));
#566 = CARTESIAN_POINT('',(-0.119902333195,3.3436231625));
#567 = CARTESIAN_POINT('',(-0.119902333195,3.56539608683));
#568 = CARTESIAN_POINT('',(-0.119902333195,3.803476480193));
#569 = CARTESIAN_POINT('',(-0.119902333195,4.050505154527));
#570 = CARTESIAN_POINT('',(-0.119902333195,4.28858554658));
#571 = CARTESIAN_POINT('',(-0.119902333195,4.510358471474));
#572 = CARTESIAN_POINT('',(-0.119902333195,4.712388980385));
#573 = ( GEOMETRIC_REPRESENTATION_CONTEXT(2) 
PARAMETRIC_REPRESENTATION_CONTEXT() REPRESENTATION_CONTEXT('2D SPACE',''
  ) );
#574 = PCURVE('',#347,#575);
#575 = DEFINITIONAL_REPRESENTATION('',(#576),#579);
#576 = B_SPLINE_CURVE_WITH_KNOTS('',1,(#577,#578),.UNSPECIFIED.,.F.,.F.,
  (2,2),(0.,0.53638774343),.PIECEWISE_BEZIER_KNOTS.);
#577 = CARTESIAN_POINT('',(0.,22.33457487466));
#578 = CARTESIAN_POINT('',(0.53638774343,22.33457487466));
#579 = ( GEOMETRIC_REPRESENTATION_CONTEXT(2) 
PARAMETRIC_REPRESENTATION_CONTEXT() REPRESENTATION_CONTEXT('2D SPACE',''
  ) );
#580 = ORIENTED_EDGE('',*,*,#445,.T.);
#581 = ORIENTED_EDGE('',*,*,#582,.T.);
#582 = EDGE_CURVE('',#100,#583,#585,.T.);
#583 = VERTEX_POINT('',#584);
#584 = CARTESIAN_POINT('',(66.55,-2.1,9.));
#585 = SURFACE_CURVE('',#586,(#591,#597),.PCURVE_S1.);
#586 = CIRCLE('',#587,0.1);
#587 = AXIS2_PLACEMENT_3D('',#588,#589,#590);
#588 = CARTESIAN_POINT('',(66.45,-2.1,9.));
#589 = DIRECTION('',(-0.,3.330669073875E-16,-1.));
#590 = DIRECTION('',(0.,-1.,-3.330669073875E-16));
#591 = PCURVE('',#460,#592);
#592 = DEFINITIONAL_REPRESENTATION('',(#593),#596);
#593 = B_SPLINE_CURVE_WITH_KNOTS('',1,(#594,#595),.UNSPECIFIED.,.F.,.F.,
  (2,2),(3.14159265359,4.712388980385),.PIECEWISE_BEZIER_KNOTS.);
#594 = CARTESIAN_POINT('',(-0.643501108793,3.14159265359));
#595 = CARTESIAN_POINT('',(-0.643501108793,4.712388980385));
#596 = ( GEOMETRIC_REPRESENTATION_CONTEXT(2) 
PARAMETRIC_REPRESENTATION_CONTEXT() REPRESENTATION_CONTEXT('2D SPACE',''
  ) );
#597 = PCURVE('',#539,#598);
#598 = DEFINITIONAL_REPRESENTATION('',(#599),#602);
#599 = B_SPLINE_CURVE_WITH_KNOTS('',1,(#600,#601),.UNSPECIFIED.,.F.,.F.,
  (2,2),(3.14159265359,4.712388980385),.PIECEWISE_BEZIER_KNOTS.);
#600 = CARTESIAN_POINT('',(0.,0.));
#601 = CARTESIAN_POINT('',(1.570796326795,0.));
#602 = ( GEOMETRIC_REPRESENTATION_CONTEXT(2) 
PARAMETRIC_REPRESENTATION_CONTEXT() REPRESENTATION_CONTEXT('2D SPACE',''
  ) );
#603 = ORIENTED_EDGE('',*,*,#604,.F.);
#604 = EDGE_CURVE('',#555,#583,#605,.T.);
#605 = SURFACE_CURVE('',#606,(#611,#618),.PCURVE_S1.);
#606 = CIRCLE('',#607,0.6);
#607 = AXIS2_PLACEMENT_3D('',#608,#609,#610);
#608 = CARTESIAN_POINT('',(66.55,-1.5,9.));
#609 = DIRECTION('',(1.,0.,0.));
#610 = DIRECTION('',(0.,-0.8,0.6));
#611 = PCURVE('',#460,#612);
#612 = DEFINITIONAL_REPRESENTATION('',(#613),#617);
#613 = LINE('',#614,#615);
#614 = CARTESIAN_POINT('',(-0.,4.712388980385));
#615 = VECTOR('',#616,1.);
#616 = DIRECTION('',(-1.,0.));
#617 = ( GEOMETRIC_REPRESENTATION_CONTEXT(2) 
PARAMETRIC_REPRESENTATION_CONTEXT() REPRESENTATION_CONTEXT('2D SPACE',''
  ) );
#618 = PCURVE('',#619,#624);
#619 = PLANE('',#620);
#620 = AXIS2_PLACEMENT_3D('',#621,#622,#623);
#621 = CARTESIAN_POINT('',(66.55,-4.73,-9.5));
#622 = DIRECTION('',(1.,0.,0.));
#623 = DIRECTION('',(0.,0.,1.));
#624 = DEFINITIONAL_REPRESENTATION('',(#625),#629);
#625 = CIRCLE('',#626,0.6);
#626 = AXIS2_PLACEMENT_2D('',#627,#628);
#627 = CARTESIAN_POINT('',(18.5,-3.23));
#628 = DIRECTION('',(0.6,0.8));
#629 = ( GEOMETRIC_REPRESENTATION_CONTEXT(2) 
PARAMETRIC_REPRESENTATION_CONTEXT() REPRESENTATION_CONTEXT('2D SPACE',''
  ) );
#630 = ADVANCED_FACE('',(#631,#747),#166,.F.);
#631 = FACE_BOUND('',#632,.T.);
#632 = EDGE_LOOP('',(#633,#663,#692,#720));
#633 = ORIENTED_EDGE('',*,*,#634,.F.);
#634 = EDGE_CURVE('',#635,#637,#639,.T.);
#635 = VERTEX_POINT('',#636);
#636 = CARTESIAN_POINT('',(65.881228905699,-6.488734689817,11.));
#637 = VERTEX_POINT('',#638);
#638 = CARTESIAN_POINT('',(65.881228905699,-6.488734689817,-11.));
#639 = SURFACE_CURVE('',#640,(#644,#651),.PCURVE_S1.);
#640 = LINE('',#641,#642);
#641 = CARTESIAN_POINT('',(65.881228905699,-6.488734689817,11.5));
#642 = VECTOR('',#643,1.);
#643 = DIRECTION('',(0.,0.,-1.));
#644 = PCURVE('',#166,#645);
#645 = DEFINITIONAL_REPRESENTATION('',(#646),#650);
#646 = LINE('',#647,#648);
#647 = CARTESIAN_POINT('',(-0.,0.));
#648 = VECTOR('',#649,1.);
#649 = DIRECTION('',(-0.,1.));
#650 = ( GEOMETRIC_REPRESENTATION_CONTEXT(2) 
PARAMETRIC_REPRESENTATION_CONTEXT() REPRESENTATION_CONTEXT('2D SPACE',''
  ) );
#651 = PCURVE('',#652,#657);
#652 = PLANE('',#653);
#653 = AXIS2_PLACEMENT_3D('',#654,#655,#656);
#654 = CARTESIAN_POINT('',(69.861967812388,-6.880803251135,0.));
#655 = DIRECTION('',(-9.801714032956E-02,-0.995184726672,-0.));
#656 = DIRECTION('',(0.,0.,-1.));
#657 = DEFINITIONAL_REPRESENTATION('',(#658),#662);
#658 = LINE('',#659,#660);
#659 = CARTESIAN_POINT('',(-11.5,-4.));
#660 = VECTOR('',#661,1.);
#661 = DIRECTION('',(1.,0.));
#662 = ( GEOMETRIC_REPRESENTATION_CONTEXT(2) 
PARAMETRIC_REPRESENTATION_CONTEXT() REPRESENTATION_CONTEXT('2D SPACE',''
  ) );
#663 = ORIENTED_EDGE('',*,*,#664,.T.);
#664 = EDGE_CURVE('',#635,#665,#667,.T.);
#665 = VERTEX_POINT('',#666);
#666 = CARTESIAN_POINT('',(65.881228905699,6.488734689817,11.));
#667 = SURFACE_CURVE('',#668,(#673,#680),.PCURVE_S1.);
#668 = CIRCLE('',#669,66.2);
#669 = AXIS2_PLACEMENT_3D('',#670,#671,#672);
#670 = CARTESIAN_POINT('',(0.,0.,11.));
#671 = DIRECTION('',(-0.,0.,1.));
#672 = DIRECTION('',(0.995184726672,-9.801714032956E-02,0.));
#673 = PCURVE('',#166,#674);
#674 = DEFINITIONAL_REPRESENTATION('',(#675),#679);
#675 = LINE('',#676,#677);
#676 = CARTESIAN_POINT('',(-3.984205478453E-17,0.5));
#677 = VECTOR('',#678,1.);
#678 = DIRECTION('',(-1.,0.));
#679 = ( GEOMETRIC_REPRESENTATION_CONTEXT(2) 
PARAMETRIC_REPRESENTATION_CONTEXT() REPRESENTATION_CONTEXT('2D SPACE',''
  ) );
#680 = PCURVE('',#681,#686);
#681 = TOROIDAL_SURFACE('',#682,66.7,0.5);
#682 = AXIS2_PLACEMENT_3D('',#683,#684,#685);
#683 = CARTESIAN_POINT('',(0.,0.,11.));
#684 = DIRECTION('',(-0.,0.,1.));
#685 = DIRECTION('',(0.995184726672,-9.801714032956E-02,0.));
#686 = DEFINITIONAL_REPRESENTATION('',(#687),#691);
#687 = LINE('',#688,#689);
#688 = CARTESIAN_POINT('',(0.,3.14159265359));
#689 = VECTOR('',#690,1.);
#690 = DIRECTION('',(1.,0.));
#691 = ( GEOMETRIC_REPRESENTATION_CONTEXT(2) 
PARAMETRIC_REPRESENTATION_CONTEXT() REPRESENTATION_CONTEXT('2D SPACE',''
  ) );
#692 = ORIENTED_EDGE('',*,*,#693,.T.);
#693 = EDGE_CURVE('',#665,#694,#696,.T.);
#694 = VERTEX_POINT('',#695);
#695 = CARTESIAN_POINT('',(65.881228905699,6.488734689817,-11.));
#696 = SURFACE_CURVE('',#697,(#701,#708),.PCURVE_S1.);
#697 = LINE('',#698,#699);
#698 = CARTESIAN_POINT('',(65.881228905699,6.488734689817,11.5));
#699 = VECTOR('',#700,1.);
#700 = DIRECTION('',(0.,0.,-1.));
#701 = PCURVE('',#166,#702);
#702 = DEFINITIONAL_REPRESENTATION('',(#703),#707);
#703 = LINE('',#704,#705);
#704 = CARTESIAN_POINT('',(-0.196349540849,0.));
#705 = VECTOR('',#706,1.);
#706 = DIRECTION('',(-0.,1.));
#707 = ( GEOMETRIC_REPRESENTATION_CONTEXT(2) 
PARAMETRIC_REPRESENTATION_CONTEXT() REPRESENTATION_CONTEXT('2D SPACE',''
  ) );
#708 = PCURVE('',#709,#714);
#709 = PLANE('',#710);
#710 = AXIS2_PLACEMENT_3D('',#711,#712,#713);
#711 = CARTESIAN_POINT('',(69.861967812388,6.880803251135,0.));
#712 = DIRECTION('',(9.801714032956E-02,-0.995184726672,0.));
#713 = DIRECTION('',(0.,0.,-1.));
#714 = DEFINITIONAL_REPRESENTATION('',(#715),#719);
#715 = LINE('',#716,#717);
#716 = CARTESIAN_POINT('',(-11.5,-4.));
#717 = VECTOR('',#718,1.);
#718 = DIRECTION('',(1.,0.));
#719 = ( GEOMETRIC_REPRESENTATION_CONTEXT(2) 
PARAMETRIC_REPRESENTATION_CONTEXT() REPRESENTATION_CONTEXT('2D SPACE',''
  ) );
#720 = ORIENTED_EDGE('',*,*,#721,.F.);
#721 = EDGE_CURVE('',#637,#694,#722,.T.);
#722 = SURFACE_CURVE('',#723,(#728,#735),.PCURVE_S1.);
#723 = CIRCLE('',#724,66.2);
#724 = AXIS2_PLACEMENT_3D('',#725,#726,#727);
#725 = CARTESIAN_POINT('',(0.,0.,-11.));
#726 = DIRECTION('',(-0.,0.,1.));
#727 = DIRECTION('',(0.995184726672,-9.801714032956E-02,0.));
#728 = PCURVE('',#166,#729);
#729 = DEFINITIONAL_REPRESENTATION('',(#730),#734);
#730 = LINE('',#731,#732);
#731 = CARTESIAN_POINT('',(-3.984205478453E-17,22.5));
#732 = VECTOR('',#733,1.);
#733 = DIRECTION('',(-1.,0.));
#734 = ( GEOMETRIC_REPRESENTATION_CONTEXT(2) 
PARAMETRIC_REPRESENTATION_CONTEXT() REPRESENTATION_CONTEXT('2D SPACE',''
  ) );
#735 = PCURVE('',#736,#741);
#736 = TOROIDAL_SURFACE('',#737,66.7,0.5);
#737 = AXIS2_PLACEMENT_3D('',#738,#739,#740);
#738 = CARTESIAN_POINT('',(0.,0.,-11.));
#739 = DIRECTION('',(0.,0.,-1.));
#740 = DIRECTION('',(0.995184726672,-9.801714032956E-02,0.));
#741 = DEFINITIONAL_REPRESENTATION('',(#742),#746);
#742 = LINE('',#743,#744);
#743 = CARTESIAN_POINT('',(-0.,3.14159265359));
#744 = VECTOR('',#745,1.);
#745 = DIRECTION('',(-1.,0.));
#746 = ( GEOMETRIC_REPRESENTATION_CONTEXT(2) 
PARAMETRIC_REPRESENTATION_CONTEXT() REPRESENTATION_CONTEXT('2D SPACE',''
  ) );
#747 = FACE_BOUND('',#748,.T.);
#748 = EDGE_LOOP('',(#749,#750,#751,#801,#834,#889,#915,#970));
#749 = ORIENTED_EDGE('',*,*,#132,.F.);
#750 = ORIENTED_EDGE('',*,*,#505,.T.);
#751 = ORIENTED_EDGE('',*,*,#752,.T.);
#752 = EDGE_CURVE('',#476,#753,#755,.T.);
#753 = VERTEX_POINT('',#754);
#754 = CARTESIAN_POINT('',(66.183003860508,-1.5,-9.5));
#755 = SURFACE_CURVE('',#756,(#769,#785),.PCURVE_S1.);
#756 = B_SPLINE_CURVE_WITH_KNOTS('',6,(#757,#758,#759,#760,#761,#762,
    #763,#764,#765,#766,#767,#768),.UNSPECIFIED.,.F.,.F.,(7,5,7),(0.,
    0.545305349235,1.),.UNSPECIFIED.);
#757 = CARTESIAN_POINT('',(66.169781622732,-2.,-9.));
#758 = CARTESIAN_POINT('',(66.169781622732,-2.,-9.068119376161));
#759 = CARTESIAN_POINT('',(66.170118221149,-1.988863649484,
    -9.136395722617));
#760 = CARTESIAN_POINT('',(66.170794384115,-1.966493012654,
    -9.202789094055));
#761 = CARTESIAN_POINT('',(66.171787784134,-1.93316059428,
    -9.265218930947));
#762 = CARTESIAN_POINT('',(66.173050841738,-1.889484357611,
    -9.321609184803));
#763 = CARTESIAN_POINT('',(66.175747079786,-1.792331265439,
    -9.410011696815));
#764 = CARTESIAN_POINT('',(66.177120165988,-1.741578330017,
    -9.44461854994));
#765 = CARTESIAN_POINT('',(66.178592079757,-1.685279911944,
    -9.471893552846));
#766 = CARTESIAN_POINT('',(66.180099269164,-1.625018233971,
    -9.490588158686));
#767 = CARTESIAN_POINT('',(66.181584576375,-1.562621658181,-9.5));
#768 = CARTESIAN_POINT('',(66.183003860508,-1.5,-9.5));
#769 = PCURVE('',#166,#770);
#770 = DEFINITIONAL_REPRESENTATION('',(#771),#784);
#771 = B_SPLINE_CURVE_WITH_KNOTS('',6,(#772,#773,#774,#775,#776,#777,
    #778,#779,#780,#781,#782,#783),.UNSPECIFIED.,.F.,.F.,(7,5,7),(0.,
    0.545305349235,1.),.UNSPECIFIED.);
#772 = CARTESIAN_POINT('',(-6.795869233487E-02,20.5));
#773 = CARTESIAN_POINT('',(-6.795869233487E-02,20.568119376161));
#774 = CARTESIAN_POINT('',(-6.812699197009E-02,20.636395722617));
#775 = CARTESIAN_POINT('',(-6.846507134868E-02,20.702789094055));
#776 = CARTESIAN_POINT('',(-6.896880565861E-02,20.765218930947));
#777 = CARTESIAN_POINT('',(-6.962884290587E-02,20.821609184803));
#778 = CARTESIAN_POINT('',(-7.109697732582E-02,20.910011696815));
#779 = CARTESIAN_POINT('',(-7.186391831989E-02,20.94461854994));
#780 = CARTESIAN_POINT('',(-7.271463762967E-02,20.971893552846));
#781 = CARTESIAN_POINT('',(-7.362521855319E-02,20.990588158686));
#782 = CARTESIAN_POINT('',(-7.456803141311E-02,21.));
#783 = CARTESIAN_POINT('',(-7.551422083528E-02,21.));
#784 = ( GEOMETRIC_REPRESENTATION_CONTEXT(2) 
PARAMETRIC_REPRESENTATION_CONTEXT() REPRESENTATION_CONTEXT('2D SPACE',''
  ) );
#785 = PCURVE('',#493,#786);
#786 = DEFINITIONAL_REPRESENTATION('',(#787),#800);
#787 = B_SPLINE_CURVE_WITH_KNOTS('',6,(#788,#789,#790,#791,#792,#793,
    #794,#795,#796,#797,#798,#799),.UNSPECIFIED.,.F.,.F.,(7,5,7),(0.,
    0.545305349235,1.),.UNSPECIFIED.);
#788 = CARTESIAN_POINT('',(0.,3.969781622732));
#789 = CARTESIAN_POINT('',(0.136238752321,3.969781622732));
#790 = CARTESIAN_POINT('',(0.272792062734,3.970118221149));
#791 = CARTESIAN_POINT('',(0.410127687531,3.970794384115));
#792 = CARTESIAN_POINT('',(0.548754429764,3.971787784134));
#793 = CARTESIAN_POINT('',(0.689266581072,3.973050841738));
#794 = CARTESIAN_POINT('',(0.951973470579,3.975747079786));
#795 = CARTESIAN_POINT('',(1.073630985839,3.977120165988));
#796 = CARTESIAN_POINT('',(1.196696964044,3.978592079757));
#797 = CARTESIAN_POINT('',(1.320760671066,3.980099269164));
#798 = CARTESIAN_POINT('',(1.445553010434,3.981584576375));
#799 = CARTESIAN_POINT('',(1.570796326795,3.983003860508));
#800 = ( GEOMETRIC_REPRESENTATION_CONTEXT(2) 
PARAMETRIC_REPRESENTATION_CONTEXT() REPRESENTATION_CONTEXT('2D SPACE',''
  ) );
#801 = ORIENTED_EDGE('',*,*,#802,.F.);
#802 = EDGE_CURVE('',#803,#753,#805,.T.);
#803 = VERTEX_POINT('',#804);
#804 = CARTESIAN_POINT('',(66.183003860508,1.5,-9.5));
#805 = SURFACE_CURVE('',#806,(#811,#818),.PCURVE_S1.);
#806 = CIRCLE('',#807,66.2);
#807 = AXIS2_PLACEMENT_3D('',#808,#809,#810);
#808 = CARTESIAN_POINT('',(0.,0.,-9.5));
#809 = DIRECTION('',(-0.,0.,-1.));
#810 = DIRECTION('',(0.995184726672,-9.801714032956E-02,-0.));
#811 = PCURVE('',#166,#812);
#812 = DEFINITIONAL_REPRESENTATION('',(#813),#817);
#813 = LINE('',#814,#815);
#814 = CARTESIAN_POINT('',(-6.28318530718,21.));
#815 = VECTOR('',#816,1.);
#816 = DIRECTION('',(1.,-0.));
#817 = ( GEOMETRIC_REPRESENTATION_CONTEXT(2) 
PARAMETRIC_REPRESENTATION_CONTEXT() REPRESENTATION_CONTEXT('2D SPACE',''
  ) );
#818 = PCURVE('',#819,#824);
#819 = PLANE('',#820);
#820 = AXIS2_PLACEMENT_3D('',#821,#822,#823);
#821 = CARTESIAN_POINT('',(62.2,-2.,-9.5));
#822 = DIRECTION('',(0.,0.,1.));
#823 = DIRECTION('',(1.,0.,0.));
#824 = DEFINITIONAL_REPRESENTATION('',(#825),#833);
#825 = ( BOUNDED_CURVE() B_SPLINE_CURVE(2,(#826,#827,#828,#829,#830,#831
,#832),.UNSPECIFIED.,.T.,.F.) B_SPLINE_CURVE_WITH_KNOTS((1,2,2,2,2,1),(
    -2.094395102393,0.,2.094395102393,4.188790204786,6.28318530718,
8.377580409573),.UNSPECIFIED.) CURVE() GEOMETRIC_REPRESENTATION_ITEM() 
RATIONAL_B_SPLINE_CURVE((1.,0.5,1.,0.5,1.,0.5,1.)) REPRESENTATION_ITEM(
  '') );
#826 = CARTESIAN_POINT('',(3.681228905699,-4.488734689817));
#827 = CARTESIAN_POINT('',(-7.557589253898,-118.5983704195));
#828 = CARTESIAN_POINT('',(-100.7600235326,-51.81045051996));
#829 = CARTESIAN_POINT('',(-193.9624578113,14.977469379634));
#830 = CARTESIAN_POINT('',(-89.52120537305,62.299185209782));
#831 = CARTESIAN_POINT('',(14.920047065297,109.62090103993));
#832 = CARTESIAN_POINT('',(3.681228905699,-4.488734689817));
#833 = ( GEOMETRIC_REPRESENTATION_CONTEXT(2) 
PARAMETRIC_REPRESENTATION_CONTEXT() REPRESENTATION_CONTEXT('2D SPACE',''
  ) );
#834 = ORIENTED_EDGE('',*,*,#835,.F.);
#835 = EDGE_CURVE('',#836,#803,#838,.T.);
#836 = VERTEX_POINT('',#837);
#837 = CARTESIAN_POINT('',(66.169781622732,2.,-9.));
#838 = SURFACE_CURVE('',#839,(#852,#868),.PCURVE_S1.);
#839 = B_SPLINE_CURVE_WITH_KNOTS('',6,(#840,#841,#842,#843,#844,#845,
    #846,#847,#848,#849,#850,#851),.UNSPECIFIED.,.F.,.F.,(7,5,7),(0.,
    0.55526983896,1.),.UNSPECIFIED.);
#840 = CARTESIAN_POINT('',(66.169781622732,2.,-9.));
#841 = CARTESIAN_POINT('',(66.169781622732,2.,-9.069367138131));
#842 = CARTESIAN_POINT('',(66.170130665257,1.988451939029,
    -9.138895032378));
#843 = CARTESIAN_POINT('',(66.170831844498,1.965253640764,
    -9.206429877193));
#844 = CARTESIAN_POINT('',(66.171861064767,1.930701036695,-9.2697749809)
  );
#845 = CARTESIAN_POINT('',(66.173167120569,1.885459892398,
    -9.326739344977));
#846 = CARTESIAN_POINT('',(66.175897498159,1.786762005549,-9.41375323705
    ));
#847 = CARTESIAN_POINT('',(66.177248722294,1.736653381214,
    -9.446974300333));
#848 = CARTESIAN_POINT('',(66.178690781535,1.681329836888,-9.47310623949
    ));
#849 = CARTESIAN_POINT('',(66.180164240729,1.622287749008,
    -9.490996826159));
#850 = CARTESIAN_POINT('',(66.181615729353,1.561247126387,-9.5));
#851 = CARTESIAN_POINT('',(66.183003860508,1.5,-9.5));
#852 = PCURVE('',#166,#853);
#853 = DEFINITIONAL_REPRESENTATION('',(#854),#867);
#854 = B_SPLINE_CURVE_WITH_KNOTS('',6,(#855,#856,#857,#858,#859,#860,
    #861,#862,#863,#864,#865,#866),.UNSPECIFIED.,.F.,.F.,(7,5,7),(0.,
    0.55526983896,1.),.UNSPECIFIED.);
#855 = CARTESIAN_POINT('',(-0.128390848514,20.5));
#856 = CARTESIAN_POINT('',(-0.128390848514,20.569367138131));
#857 = CARTESIAN_POINT('',(-0.128216326848,20.638895032378));
#858 = CARTESIAN_POINT('',(-0.127865739319,20.706429877193));
#859 = CARTESIAN_POINT('',(-0.127343565275,20.7697749809));
#860 = CARTESIAN_POINT('',(-0.126659880091,20.826739344977));
#861 = CARTESIAN_POINT('',(-0.125168405072,20.91375323705));
#862 = CARTESIAN_POINT('',(-0.12441120224,20.946974300333));
#863 = CARTESIAN_POINT('',(-0.123575215851,20.97310623949));
#864 = CARTESIAN_POINT('',(-0.122683064651,20.990996826159));
#865 = CARTESIAN_POINT('',(-0.121760740784,21.));
#866 = CARTESIAN_POINT('',(-0.120835320014,21.));
#867 = ( GEOMETRIC_REPRESENTATION_CONTEXT(2) 
PARAMETRIC_REPRESENTATION_CONTEXT() REPRESENTATION_CONTEXT('2D SPACE',''
  ) );
#868 = PCURVE('',#869,#874);
#869 = CYLINDRICAL_SURFACE('',#870,0.5);
#870 = AXIS2_PLACEMENT_3D('',#871,#872,#873);
#871 = CARTESIAN_POINT('',(62.2,1.5,-9.));
#872 = DIRECTION('',(1.,0.,0.));
#873 = DIRECTION('',(0.,1.,0.));
#874 = DEFINITIONAL_REPRESENTATION('',(#875),#888);
#875 = B_SPLINE_CURVE_WITH_KNOTS('',6,(#876,#877,#878,#879,#880,#881,
    #882,#883,#884,#885,#886,#887),.UNSPECIFIED.,.F.,.F.,(7,5,7),(0.,
    0.55526983896,1.),.UNSPECIFIED.);
#876 = CARTESIAN_POINT('',(0.,3.969781622732));
#877 = CARTESIAN_POINT('',(-0.138734276262,3.969781622732));
#878 = CARTESIAN_POINT('',(-0.277790695293,3.970130665257));
#879 = CARTESIAN_POINT('',(-0.41766383656,3.970831844498));
#880 = CARTESIAN_POINT('',(-0.558892499462,3.971861064767));
#881 = CARTESIAN_POINT('',(-0.702107763499,3.973167120569));
#882 = CARTESIAN_POINT('',(-0.965263156999,3.975897498159));
#883 = CARTESIAN_POINT('',(-1.084375284142,3.977248722294));
#884 = CARTESIAN_POINT('',(-1.204825315585,3.978690781535));
#885 = CARTESIAN_POINT('',(-1.326221542466,3.980164240729));
#886 = CARTESIAN_POINT('',(-1.448302074021,3.981615729353));
#887 = CARTESIAN_POINT('',(-1.570796326795,3.983003860508));
#888 = ( GEOMETRIC_REPRESENTATION_CONTEXT(2) 
PARAMETRIC_REPRESENTATION_CONTEXT() REPRESENTATION_CONTEXT('2D SPACE',''
  ) );
#889 = ORIENTED_EDGE('',*,*,#890,.F.);
#890 = EDGE_CURVE('',#891,#836,#893,.T.);
#891 = VERTEX_POINT('',#892);
#892 = CARTESIAN_POINT('',(66.169781622732,2.,9.));
#893 = SURFACE_CURVE('',#894,(#898,#904),.PCURVE_S1.);
#894 = LINE('',#895,#896);
#895 = CARTESIAN_POINT('',(66.169781622732,2.,11.5));
#896 = VECTOR('',#897,1.);
#897 = DIRECTION('',(-0.,0.,-1.));
#898 = PCURVE('',#166,#899);
#899 = DEFINITIONAL_REPRESENTATION('',(#900),#903);
#900 = B_SPLINE_CURVE_WITH_KNOTS('',1,(#901,#902),.UNSPECIFIED.,.F.,.F.,
  (2,2),(0.7,22.3),.PIECEWISE_BEZIER_KNOTS.);
#901 = CARTESIAN_POINT('',(-0.128390848514,0.7));
#902 = CARTESIAN_POINT('',(-0.128390848514,22.3));
#903 = ( GEOMETRIC_REPRESENTATION_CONTEXT(2) 
PARAMETRIC_REPRESENTATION_CONTEXT() REPRESENTATION_CONTEXT('2D SPACE',''
  ) );
#904 = PCURVE('',#905,#910);
#905 = PLANE('',#906);
#906 = AXIS2_PLACEMENT_3D('',#907,#908,#909);
#907 = CARTESIAN_POINT('',(62.2,2.,-9.5));
#908 = DIRECTION('',(0.,1.,0.));
#909 = DIRECTION('',(0.,0.,1.));
#910 = DEFINITIONAL_REPRESENTATION('',(#911),#914);
#911 = B_SPLINE_CURVE_WITH_KNOTS('',1,(#912,#913),.UNSPECIFIED.,.F.,.F.,
  (2,2),(0.7,22.3),.PIECEWISE_BEZIER_KNOTS.);
#912 = CARTESIAN_POINT('',(20.3,3.969781622732));
#913 = CARTESIAN_POINT('',(-1.3,3.969781622732));
#914 = ( GEOMETRIC_REPRESENTATION_CONTEXT(2) 
PARAMETRIC_REPRESENTATION_CONTEXT() REPRESENTATION_CONTEXT('2D SPACE',''
  ) );
#915 = ORIENTED_EDGE('',*,*,#916,.T.);
#916 = EDGE_CURVE('',#891,#917,#919,.T.);
#917 = VERTEX_POINT('',#918);
#918 = CARTESIAN_POINT('',(66.183003860508,1.5,9.5));
#919 = SURFACE_CURVE('',#920,(#933,#949),.PCURVE_S1.);
#920 = B_SPLINE_CURVE_WITH_KNOTS('',6,(#921,#922,#923,#924,#925,#926,
    #927,#928,#929,#930,#931,#932),.UNSPECIFIED.,.F.,.F.,(7,5,7),(0.,
    0.55526983896,1.),.UNSPECIFIED.);
#921 = CARTESIAN_POINT('',(66.169781622732,2.,9.));
#922 = CARTESIAN_POINT('',(66.169781622732,2.,9.069367138131));
#923 = CARTESIAN_POINT('',(66.170130665257,1.988451939029,9.138895032378
    ));
#924 = CARTESIAN_POINT('',(66.170831844498,1.965253640764,9.206429877193
    ));
#925 = CARTESIAN_POINT('',(66.171861064767,1.930701036695,9.2697749809)
  );
#926 = CARTESIAN_POINT('',(66.173167120569,1.885459892398,9.326739344977
    ));
#927 = CARTESIAN_POINT('',(66.175897498159,1.786762005549,9.41375323705)
  );
#928 = CARTESIAN_POINT('',(66.177248722294,1.736653381214,9.446974300333
    ));
#929 = CARTESIAN_POINT('',(66.178690781535,1.681329836888,9.47310623949)
  );
#930 = CARTESIAN_POINT('',(66.180164240729,1.622287749008,9.490996826159
    ));
#931 = CARTESIAN_POINT('',(66.181615729353,1.561247126387,9.5));
#932 = CARTESIAN_POINT('',(66.183003860508,1.5,9.5));
#933 = PCURVE('',#166,#934);
#934 = DEFINITIONAL_REPRESENTATION('',(#935),#948);
#935 = B_SPLINE_CURVE_WITH_KNOTS('',6,(#936,#937,#938,#939,#940,#941,
    #942,#943,#944,#945,#946,#947),.UNSPECIFIED.,.F.,.F.,(7,5,7),(0.,
    0.55526983896,1.),.UNSPECIFIED.);
#936 = CARTESIAN_POINT('',(-0.128390848514,2.5));
#937 = CARTESIAN_POINT('',(-0.128390848514,2.430632861869));
#938 = CARTESIAN_POINT('',(-0.128216326848,2.361104967622));
#939 = CARTESIAN_POINT('',(-0.127865739319,2.293570122807));
#940 = CARTESIAN_POINT('',(-0.127343565275,2.2302250191));
#941 = CARTESIAN_POINT('',(-0.126659880091,2.173260655023));
#942 = CARTESIAN_POINT('',(-0.125168405072,2.08624676295));
#943 = CARTESIAN_POINT('',(-0.12441120224,2.053025699667));
#944 = CARTESIAN_POINT('',(-0.123575215851,2.02689376051));
#945 = CARTESIAN_POINT('',(-0.122683064651,2.009003173841));
#946 = CARTESIAN_POINT('',(-0.121760740784,2.));
#947 = CARTESIAN_POINT('',(-0.120835320014,2.));
#948 = ( GEOMETRIC_REPRESENTATION_CONTEXT(2) 
PARAMETRIC_REPRESENTATION_CONTEXT() REPRESENTATION_CONTEXT('2D SPACE',''
  ) );
#949 = PCURVE('',#950,#955);
#950 = CYLINDRICAL_SURFACE('',#951,0.5);
#951 = AXIS2_PLACEMENT_3D('',#952,#953,#954);
#952 = CARTESIAN_POINT('',(62.2,1.5,9.));
#953 = DIRECTION('',(1.,0.,0.));
#954 = DIRECTION('',(0.,1.,0.));
#955 = DEFINITIONAL_REPRESENTATION('',(#956),#969);
#956 = B_SPLINE_CURVE_WITH_KNOTS('',6,(#957,#958,#959,#960,#961,#962,
    #963,#964,#965,#966,#967,#968),.UNSPECIFIED.,.F.,.F.,(7,5,7),(0.,
    0.55526983896,1.),.UNSPECIFIED.);
#957 = CARTESIAN_POINT('',(0.,3.969781622732));
#958 = CARTESIAN_POINT('',(0.138734276262,3.969781622732));
#959 = CARTESIAN_POINT('',(0.277790695293,3.970130665257));
#960 = CARTESIAN_POINT('',(0.41766383656,3.970831844498));
#961 = CARTESIAN_POINT('',(0.558892499462,3.971861064767));
#962 = CARTESIAN_POINT('',(0.702107763499,3.973167120569));
#963 = CARTESIAN_POINT('',(0.965263156999,3.975897498159));
#964 = CARTESIAN_POINT('',(1.084375284142,3.977248722294));
#965 = CARTESIAN_POINT('',(1.204825315585,3.978690781535));
#966 = CARTESIAN_POINT('',(1.326221542466,3.980164240729));
#967 = CARTESIAN_POINT('',(1.448302074021,3.981615729353));
#968 = CARTESIAN_POINT('',(1.570796326795,3.983003860508));
#969 = ( GEOMETRIC_REPRESENTATION_CONTEXT(2) 
PARAMETRIC_REPRESENTATION_CONTEXT() REPRESENTATION_CONTEXT('2D SPACE',''
  ) );
#970 = ORIENTED_EDGE('',*,*,#971,.T.);
#971 = EDGE_CURVE('',#917,#133,#972,.T.);
#972 = SURFACE_CURVE('',#973,(#978,#985),.PCURVE_S1.);
#973 = CIRCLE('',#974,66.2);
#974 = AXIS2_PLACEMENT_3D('',#975,#976,#977);
#975 = CARTESIAN_POINT('',(0.,0.,9.5));
#976 = DIRECTION('',(-0.,0.,-1.));
#977 = DIRECTION('',(0.995184726672,-9.801714032956E-02,-0.));
#978 = PCURVE('',#166,#979);
#979 = DEFINITIONAL_REPRESENTATION('',(#980),#984);
#980 = LINE('',#981,#982);
#981 = CARTESIAN_POINT('',(-6.28318530718,2.));
#982 = VECTOR('',#983,1.);
#983 = DIRECTION('',(1.,-0.));
#984 = ( GEOMETRIC_REPRESENTATION_CONTEXT(2) 
PARAMETRIC_REPRESENTATION_CONTEXT() REPRESENTATION_CONTEXT('2D SPACE',''
  ) );
#985 = PCURVE('',#203,#986);
#986 = DEFINITIONAL_REPRESENTATION('',(#987),#995);
#987 = ( BOUNDED_CURVE() B_SPLINE_CURVE(2,(#988,#989,#990,#991,#992,#993
,#994),.UNSPECIFIED.,.T.,.F.) B_SPLINE_CURVE_WITH_KNOTS((1,2,2,2,2,1),(
    -2.094395102393,0.,2.094395102393,4.188790204786,6.28318530718,
8.377580409573),.UNSPECIFIED.) CURVE() GEOMETRIC_REPRESENTATION_ITEM() 
RATIONAL_B_SPLINE_CURVE((1.,0.5,1.,0.5,1.,0.5,1.)) REPRESENTATION_ITEM(
  '') );
#988 = CARTESIAN_POINT('',(3.681228905699,-4.488734689817));
#989 = CARTESIAN_POINT('',(-7.557589253898,-118.5983704195));
#990 = CARTESIAN_POINT('',(-100.7600235326,-51.81045051996));
#991 = CARTESIAN_POINT('',(-193.9624578113,14.977469379634));
#992 = CARTESIAN_POINT('',(-89.52120537305,62.299185209782));
#993 = CARTESIAN_POINT('',(14.920047065297,109.62090103993));
#994 = CARTESIAN_POINT('',(3.681228905699,-4.488734689817));
#995 = ( GEOMETRIC_REPRESENTATION_CONTEXT(2) 
PARAMETRIC_REPRESENTATION_CONTEXT() REPRESENTATION_CONTEXT('2D SPACE',''
  ) );
#996 = ADVANCED_FACE('',(#997),#347,.T.);
#997 = FACE_BOUND('',#998,.T.);
#998 = EDGE_LOOP('',(#999,#1030,#1152,#1153));
#999 = ORIENTED_EDGE('',*,*,#1000,.T.);
#1000 = EDGE_CURVE('',#188,#1001,#1003,.T.);
#1001 = VERTEX_POINT('',#1002);
#1002 = CARTESIAN_POINT('',(66.671230311591,-1.5,9.514285714286));
#1003 = SURFACE_CURVE('',#1004,(#1009,#1019),.PCURVE_S1.);
#1004 = CIRCLE('',#1005,0.1);
#1005 = AXIS2_PLACEMENT_3D('',#1006,#1007,#1008);
#1006 = CARTESIAN_POINT('',(66.619722436227,-1.5,9.6));
#1007 = DIRECTION('',(0.,-1.,-0.));
#1008 = DIRECTION('',(0.,0.,-1.));
#1009 = PCURVE('',#347,#1010);
#1010 = DEFINITIONAL_REPRESENTATION('',(#1011),#1018);
#1011 = B_SPLINE_CURVE_WITH_KNOTS('',5,(#1012,#1013,#1014,#1015,#1016,
    #1017),.UNSPECIFIED.,.F.,.F.,(6,6),(0.,0.541099525957),
  .PIECEWISE_BEZIER_KNOTS.);
#1012 = CARTESIAN_POINT('',(5.551115123126E-17,21.798187131229));
#1013 = CARTESIAN_POINT('',(0.108597547337,21.798187131229));
#1014 = CARTESIAN_POINT('',(0.215195736505,21.798187131229));
#1015 = CARTESIAN_POINT('',(0.321192006926,21.798187131229));
#1016 = CARTESIAN_POINT('',(0.427790196093,21.798187131229));
#1017 = CARTESIAN_POINT('',(0.53638774343,21.798187131229));
#1018 = ( GEOMETRIC_REPRESENTATION_CONTEXT(2) 
PARAMETRIC_REPRESENTATION_CONTEXT() REPRESENTATION_CONTEXT('2D SPACE',''
  ) );
#1019 = PCURVE('',#1020,#1025);
#1020 = CYLINDRICAL_SURFACE('',#1021,0.1);
#1021 = AXIS2_PLACEMENT_3D('',#1022,#1023,#1024);
#1022 = CARTESIAN_POINT('',(66.619722436227,1.5,9.6));
#1023 = DIRECTION('',(-0.,-1.,-0.));
#1024 = DIRECTION('',(0.,0.,-1.));
#1025 = DEFINITIONAL_REPRESENTATION('',(#1026),#1029);
#1026 = B_SPLINE_CURVE_WITH_KNOTS('',1,(#1027,#1028),.UNSPECIFIED.,.F.,
  .F.,(2,2),(0.,0.541099525957),.PIECEWISE_BEZIER_KNOTS.);
#1027 = CARTESIAN_POINT('',(0.,3.));
#1028 = CARTESIAN_POINT('',(0.541099525957,3.));
#1029 = ( GEOMETRIC_REPRESENTATION_CONTEXT(2) 
PARAMETRIC_REPRESENTATION_CONTEXT() REPRESENTATION_CONTEXT('2D SPACE',''
  ) );
#1030 = ORIENTED_EDGE('',*,*,#1031,.T.);
#1031 = EDGE_CURVE('',#1001,#555,#1032,.T.);
#1032 = SURFACE_CURVE('',#1033,(#1064,#1071),.PCURVE_S1.);
#1033 = ( BOUNDED_CURVE() B_SPLINE_CURVE(8,(#1034,#1035,#1036,#1037,
    #1038,#1039,#1040,#1041,#1042,#1043,#1044,#1045,#1046,#1047,#1048,
    #1049,#1050,#1051,#1052,#1053,#1054,#1055,#1056,#1057,#1058,#1059,
    #1060,#1061,#1062,#1063),.UNSPECIFIED.,.F.,.F.) 
B_SPLINE_CURVE_WITH_KNOTS((9,7,7,7,9),(21.798187131229,21.902186188886,
22.144608387389,22.262491387059,22.33457487466),.UNSPECIFIED.) CURVE() 
GEOMETRIC_REPRESENTATION_ITEM() RATIONAL_B_SPLINE_CURVE((1.,1.,1.,1.,1.,
    1.,1.,1.,1.,1.,1.,1.,1.,1.,1.,1.,1.,1.,1.,1.,1.,1.,1.,1.,1.,1.,1.,1.
,1.,1.)) REPRESENTATION_ITEM('') );
#1034 = CARTESIAN_POINT('',(66.671230311591,-1.5,9.514285714286));
#1035 = CARTESIAN_POINT('',(66.671230311591,-1.518282966142,
    9.514285714286));
#1036 = CARTESIAN_POINT('',(66.670461318921,-1.536500035441,
    9.513822969246));
#1037 = CARTESIAN_POINT('',(66.669027776817,-1.554135966765,
    9.512964496503));
#1038 = CARTESIAN_POINT('',(66.666708393111,-1.57251209563,
    9.511544830792));
#1039 = CARTESIAN_POINT('',(66.664192276416,-1.588416611611,
    9.509956396873));
#1040 = CARTESIAN_POINT('',(66.661100453258,-1.605099014048,
    9.507927058528));
#1041 = CARTESIAN_POINT('',(66.657804964117,-1.620714026608,
    9.505668542691));
#1042 = CARTESIAN_POINT('',(66.646014557625,-1.671595316673,
    9.497209533919));
#1043 = CARTESIAN_POINT('',(66.636368425607,-1.705496192155,
    9.489724037049));
#1044 = CARTESIAN_POINT('',(66.626171665887,-1.737750037372,
    9.480799295134));
#1045 = CARTESIAN_POINT('',(66.616111452722,-1.768072195169,
    9.470758454444));
#1046 = CARTESIAN_POINT('',(66.606530010779,-1.796488855818,
    9.459812903362));
#1047 = CARTESIAN_POINT('',(66.597438650631,-1.823522920467,
    9.447909641637));
#1048 = CARTESIAN_POINT('',(66.588733270158,-1.849911901311,
    9.434734202572));
#1049 = CARTESIAN_POINT('',(66.576661850059,-1.888474637273,
    9.412640666572));
#1050 = CARTESIAN_POINT('',(66.572863282612,-1.900932039712,
    9.405040127274));
#1051 = CARTESIAN_POINT('',(66.569299749338,-1.913064871281,
    9.397160025214));
#1052 = CARTESIAN_POINT('',(66.565956062343,-1.924964374001,
    9.388926209433));
#1053 = CARTESIAN_POINT('',(66.562866771135,-1.936626939954,
    9.380328829466));
#1054 = CARTESIAN_POINT('',(66.560085556398,-1.947975381916,
    9.371394895744));
#1055 = CARTESIAN_POINT('',(66.557627943842,-1.959007971645,
    9.36209039173));
#1056 = CARTESIAN_POINT('',(66.554263772213,-1.976448225162,
    9.346377629729));
#1057 = CARTESIAN_POINT('',(66.55311452243,-1.983084033423,
    9.340195942356));
#1058 = CARTESIAN_POINT('',(66.552131246272,-1.989486808126,
    9.333901941711));
#1059 = CARTESIAN_POINT('',(66.551310710899,-1.995797301914,
    9.327430533026));
#1060 = CARTESIAN_POINT('',(66.550669128152,-2.00199738415,
    9.320789960122));
#1061 = CARTESIAN_POINT('',(66.550229801247,-2.008008280266,
    9.31401582539));
#1062 = CARTESIAN_POINT('',(66.55,-2.013892630893,9.307079895471));
#1063 = CARTESIAN_POINT('',(66.55,-2.019615242271,9.3));
#1064 = PCURVE('',#347,#1065);
#1065 = DEFINITIONAL_REPRESENTATION('',(#1066),#1070);
#1066 = LINE('',#1067,#1068);
#1067 = CARTESIAN_POINT('',(0.53638774343,0.));
#1068 = VECTOR('',#1069,1.);
#1069 = DIRECTION('',(0.,1.));
#1070 = ( GEOMETRIC_REPRESENTATION_CONTEXT(2) 
PARAMETRIC_REPRESENTATION_CONTEXT() REPRESENTATION_CONTEXT('2D SPACE',''
  ) );
#1071 = PCURVE('',#1072,#1077);
#1072 = CYLINDRICAL_SURFACE('',#1073,0.25);
#1073 = AXIS2_PLACEMENT_3D('',#1074,#1075,#1076);
#1074 = CARTESIAN_POINT('',(66.8,4.23,9.3));
#1075 = DIRECTION('',(-0.,-1.,-0.));
#1076 = DIRECTION('',(-1.,0.,0.));
#1077 = DEFINITIONAL_REPRESENTATION('',(#1078),#1151);
#1078 = B_SPLINE_CURVE_WITH_KNOTS('',11,(#1079,#1080,#1081,#1082,#1083,
    #1084,#1085,#1086,#1087,#1088,#1089,#1090,#1091,#1092,#1093,#1094,
    #1095,#1096,#1097,#1098,#1099,#1100,#1101,#1102,#1103,#1104,#1105,
    #1106,#1107,#1108,#1109,#1110,#1111,#1112,#1113,#1114,#1115,#1116,
    #1117,#1118,#1119,#1120,#1121,#1122,#1123,#1124,#1125,#1126,#1127,
    #1128,#1129,#1130,#1131,#1132,#1133,#1134,#1135,#1136,#1137,#1138,
    #1139,#1140,#1141,#1142,#1143,#1144,#1145,#1146,#1147,#1148,#1149,
    #1150),.UNSPECIFIED.,.F.,.F.,(12,10,10,10,10,10,10,12),(
    21.798187131229,21.865235599158,21.932284067087,22.066381002945,
    22.133429470873,22.200477938802,22.267526406731,22.33457487466),
  .UNSPECIFIED.);
#1079 = CARTESIAN_POINT('',(-1.029696800838,5.73));
#1080 = CARTESIAN_POINT('',(-1.029696800838,5.738572419416));
#1081 = CARTESIAN_POINT('',(-1.028938523287,5.747129190155));
#1082 = CARTESIAN_POINT('',(-1.027461491244,5.755630500278));
#1083 = CARTESIAN_POINT('',(-1.025259910047,5.764087302564));
#1084 = CARTESIAN_POINT('',(-1.022340013379,5.772502762367));
#1085 = CARTESIAN_POINT('',(-1.018738280064,5.780855498234));
#1086 = CARTESIAN_POINT('',(-1.014514099772,5.789109371949));
#1087 = CARTESIAN_POINT('',(-1.009730466116,5.797234586126));
#1088 = CARTESIAN_POINT('',(-1.004436275225,5.80522484575));
#1089 = CARTESIAN_POINT('',(-0.998663808285,5.81309534176));
#1090 = CARTESIAN_POINT('',(-0.98624614414,5.828597285002));
#1091 = CARTESIAN_POINT('',(-0.979614125306,5.836216338297));
#1092 = CARTESIAN_POINT('',(-0.972463714772,5.843841975805));
#1093 = CARTESIAN_POINT('',(-0.965391603772,5.850900714563));
#1094 = CARTESIAN_POINT('',(-0.956941491702,5.858995385897));
#1095 = CARTESIAN_POINT('',(-0.949768953692,5.865163290854));
#1096 = CARTESIAN_POINT('',(-0.940887443873,5.872992607339));
#1097 = CARTESIAN_POINT('',(-0.932441243605,5.879762011937));
#1098 = CARTESIAN_POINT('',(-0.923476068532,5.886833783061));
#1099 = CARTESIAN_POINT('',(-0.914302662638,5.893755890741));
#1100 = CARTESIAN_POINT('',(-0.886057365205,5.914348432433));
#1101 = CARTESIAN_POINT('',(-0.866275168972,5.92781079006));
#1102 = CARTESIAN_POINT('',(-0.845696763773,5.941000200633));
#1103 = CARTESIAN_POINT('',(-0.82445649273,5.953912177713));
#1104 = CARTESIAN_POINT('',(-0.802666433228,5.966545264391));
#1105 = CARTESIAN_POINT('',(-0.780415577057,5.978901605952));
#1106 = CARTESIAN_POINT('',(-0.757769010508,5.99098752217));
#1107 = CARTESIAN_POINT('',(-0.734767094528,6.002814080043));
#1108 = CARTESIAN_POINT('',(-0.711424644819,6.014397666099));
#1109 = CARTESIAN_POINT('',(-0.687730111983,6.025760559047));
#1110 = CARTESIAN_POINT('',(-0.651602086455,6.04251697378));
#1111 = CARTESIAN_POINT('',(-0.639462986759,6.048053693159));
#1112 = CARTESIAN_POINT('',(-0.627222509998,6.053545312175));
#1113 = CARTESIAN_POINT('',(-0.614874860394,6.058995378844));
#1114 = CARTESIAN_POINT('',(-0.602413398945,6.064407337443));
#1115 = CARTESIAN_POINT('',(-0.589830643413,6.069784528362));
#1116 = CARTESIAN_POINT('',(-0.577118268337,6.07513018831));
#1117 = CARTESIAN_POINT('',(-0.564267105021,6.080447450087));
#1118 = CARTESIAN_POINT('',(-0.551267141542,6.08573934279));
#1119 = CARTESIAN_POINT('',(-0.538107522749,6.09100879166));
#1120 = CARTESIAN_POINT('',(-0.511445577769,6.101508444687));
#1121 = CARTESIAN_POINT('',(-0.497944669833,6.106738969463));
#1122 = CARTESIAN_POINT('',(-0.484239895682,6.111958013574));
#1123 = CARTESIAN_POINT('',(-0.470375563741,6.117147295153));
#1124 = CARTESIAN_POINT('',(-0.456390120654,6.122291792925));
#1125 = CARTESIAN_POINT('',(-0.442289087882,6.127388689329));
#1126 = CARTESIAN_POINT('',(-0.428054234098,6.132443460215));
#1127 = CARTESIAN_POINT('',(-0.413668181631,6.137460678574));
#1128 = CARTESIAN_POINT('',(-0.399133645178,6.142437099148));
#1129 = CARTESIAN_POINT('',(-0.384466501047,6.147364591395));
#1130 = CARTESIAN_POINT('',(-0.354817269221,6.157136384129));
#1131 = CARTESIAN_POINT('',(-0.339836207952,6.161980867204));
#1132 = CARTESIAN_POINT('',(-0.324720929301,6.166769229014));
#1133 = CARTESIAN_POINT('',(-0.309407573074,6.171532616892));
#1134 = CARTESIAN_POINT('',(-0.293949059381,6.176237838651));
#1135 = CARTESIAN_POINT('',(-0.278345206653,6.180882956425));
#1136 = CARTESIAN_POINT('',(-0.262534699365,6.185497089096));
#1137 = CARTESIAN_POINT('',(-0.246511796335,6.190074243032));
#1138 = CARTESIAN_POINT('',(-0.230329322238,6.1945802053));
#1139 = CARTESIAN_POINT('',(-0.213918497674,6.199058560349));
#1140 = CARTESIAN_POINT('',(-0.18047257616,6.207994905117));
#1141 = CARTESIAN_POINT('',(-0.163486182913,6.21243116085));
#1142 = CARTESIAN_POINT('',(-0.146271679483,6.216811631779));
#1143 = CARTESIAN_POINT('',(-0.12883495233,6.221129404083));
#1144 = CARTESIAN_POINT('',(-0.111168078897,6.225385524746));
#1145 = CARTESIAN_POINT('',(-9.326043468325E-02,6.229582589025));
#1146 = CARTESIAN_POINT('',(-7.510528055077E-02,6.233720908429));
#1147 = CARTESIAN_POINT('',(-5.670183028925E-02,6.237797259805));
#1148 = CARTESIAN_POINT('',(-3.8052798412E-02,6.241806214918));
#1149 = CARTESIAN_POINT('',(-1.915742820234E-02,6.245744051056));
#1150 = CARTESIAN_POINT('',(1.765254609154E-14,6.249615242271));
#1151 = ( GEOMETRIC_REPRESENTATION_CONTEXT(2) 
PARAMETRIC_REPRESENTATION_CONTEXT() REPRESENTATION_CONTEXT('2D SPACE',''
  ) );
#1152 = ORIENTED_EDGE('',*,*,#554,.F.);
#1153 = ORIENTED_EDGE('',*,*,#215,.F.);
#1154 = ADVANCED_FACE('',(#1155),#203,.F.);
#1155 = FACE_BOUND('',#1156,.F.);
#1156 = EDGE_LOOP('',(#1157,#1180,#1181,#1182));
#1157 = ORIENTED_EDGE('',*,*,#1158,.F.);
#1158 = EDGE_CURVE('',#917,#1159,#1161,.T.);
#1159 = VERTEX_POINT('',#1160);
#1160 = CARTESIAN_POINT('',(66.619722436227,1.5,9.5));
#1161 = SURFACE_CURVE('',#1162,(#1166,#1173),.PCURVE_S1.);
#1162 = LINE('',#1163,#1164);
#1163 = CARTESIAN_POINT('',(62.2,1.5,9.5));
#1164 = VECTOR('',#1165,1.);
#1165 = DIRECTION('',(1.,0.,0.));
#1166 = PCURVE('',#203,#1167);
#1167 = DEFINITIONAL_REPRESENTATION('',(#1168),#1172);
#1168 = LINE('',#1169,#1170);
#1169 = CARTESIAN_POINT('',(0.,3.5));
#1170 = VECTOR('',#1171,1.);
#1171 = DIRECTION('',(1.,0.));
#1172 = ( GEOMETRIC_REPRESENTATION_CONTEXT(2) 
PARAMETRIC_REPRESENTATION_CONTEXT() REPRESENTATION_CONTEXT('2D SPACE',''
  ) );
#1173 = PCURVE('',#950,#1174);
#1174 = DEFINITIONAL_REPRESENTATION('',(#1175),#1179);
#1175 = LINE('',#1176,#1177);
#1176 = CARTESIAN_POINT('',(1.570796326795,0.));
#1177 = VECTOR('',#1178,1.);
#1178 = DIRECTION('',(0.,1.));
#1179 = ( GEOMETRIC_REPRESENTATION_CONTEXT(2) 
PARAMETRIC_REPRESENTATION_CONTEXT() REPRESENTATION_CONTEXT('2D SPACE',''
  ) );
#1180 = ORIENTED_EDGE('',*,*,#971,.T.);
#1181 = ORIENTED_EDGE('',*,*,#187,.T.);
#1182 = ORIENTED_EDGE('',*,*,#1183,.F.);
#1183 = EDGE_CURVE('',#1159,#188,#1184,.T.);
#1184 = SURFACE_CURVE('',#1185,(#1189,#1196),.PCURVE_S1.);
#1185 = LINE('',#1186,#1187);
#1186 = CARTESIAN_POINT('',(66.619722436227,1.5,9.5));
#1187 = VECTOR('',#1188,1.);
#1188 = DIRECTION('',(-0.,-1.,-0.));
#1189 = PCURVE('',#203,#1190);
#1190 = DEFINITIONAL_REPRESENTATION('',(#1191),#1195);
#1191 = LINE('',#1192,#1193);
#1192 = CARTESIAN_POINT('',(4.419722436227,3.5));
#1193 = VECTOR('',#1194,1.);
#1194 = DIRECTION('',(-0.,-1.));
#1195 = ( GEOMETRIC_REPRESENTATION_CONTEXT(2) 
PARAMETRIC_REPRESENTATION_CONTEXT() REPRESENTATION_CONTEXT('2D SPACE',''
  ) );
#1196 = PCURVE('',#1020,#1197);
#1197 = DEFINITIONAL_REPRESENTATION('',(#1198),#1202);
#1198 = LINE('',#1199,#1200);
#1199 = CARTESIAN_POINT('',(0.,0.));
#1200 = VECTOR('',#1201,1.);
#1201 = DIRECTION('',(0.,1.));
#1202 = ( GEOMETRIC_REPRESENTATION_CONTEXT(2) 
PARAMETRIC_REPRESENTATION_CONTEXT() REPRESENTATION_CONTEXT('2D SPACE',''
  ) );
#1203 = ADVANCED_FACE('',(#1204),#493,.F.);
#1204 = FACE_BOUND('',#1205,.F.);
#1205 = EDGE_LOOP('',(#1206,#1207,#1208,#1231,#1461));
#1206 = ORIENTED_EDGE('',*,*,#475,.F.);
#1207 = ORIENTED_EDGE('',*,*,#752,.T.);
#1208 = ORIENTED_EDGE('',*,*,#1209,.T.);
#1209 = EDGE_CURVE('',#753,#1210,#1212,.T.);
#1210 = VERTEX_POINT('',#1211);
#1211 = CARTESIAN_POINT('',(66.619722436227,-1.5,-9.5));
#1212 = SURFACE_CURVE('',#1213,(#1217,#1224),.PCURVE_S1.);
#1213 = LINE('',#1214,#1215);
#1214 = CARTESIAN_POINT('',(62.2,-1.5,-9.5));
#1215 = VECTOR('',#1216,1.);
#1216 = DIRECTION('',(1.,0.,0.));
#1217 = PCURVE('',#493,#1218);
#1218 = DEFINITIONAL_REPRESENTATION('',(#1219),#1223);
#1219 = LINE('',#1220,#1221);
#1220 = CARTESIAN_POINT('',(1.570796326795,0.));
#1221 = VECTOR('',#1222,1.);
#1222 = DIRECTION('',(0.,1.));
#1223 = ( GEOMETRIC_REPRESENTATION_CONTEXT(2) 
PARAMETRIC_REPRESENTATION_CONTEXT() REPRESENTATION_CONTEXT('2D SPACE',''
  ) );
#1224 = PCURVE('',#819,#1225);
#1225 = DEFINITIONAL_REPRESENTATION('',(#1226),#1230);
#1226 = LINE('',#1227,#1228);
#1227 = CARTESIAN_POINT('',(0.,0.5));
#1228 = VECTOR('',#1229,1.);
#1229 = DIRECTION('',(1.,0.));
#1230 = ( GEOMETRIC_REPRESENTATION_CONTEXT(2) 
PARAMETRIC_REPRESENTATION_CONTEXT() REPRESENTATION_CONTEXT('2D SPACE',''
  ) );
#1231 = ORIENTED_EDGE('',*,*,#1232,.F.);
#1232 = EDGE_CURVE('',#1233,#1210,#1235,.T.);
#1233 = VERTEX_POINT('',#1234);
#1234 = CARTESIAN_POINT('',(66.45,-1.933012701892,-9.25));
#1235 = SURFACE_CURVE('',#1236,(#1267,#1363),.PCURVE_S1.);
#1236 = ( BOUNDED_CURVE() B_SPLINE_CURVE(8,(#1237,#1238,#1239,#1240,
    #1241,#1242,#1243,#1244,#1245,#1246,#1247,#1248,#1249,#1250,#1251,
    #1252,#1253,#1254,#1255,#1256,#1257,#1258,#1259,#1260,#1261,#1262,
    #1263,#1264,#1265,#1266),.UNSPECIFIED.,.F.,.F.) 
B_SPLINE_CURVE_WITH_KNOTS((9,7,7,7,9),(40.858173650258,40.93025712337,
41.04814009935,41.290562249136,41.3945613937),.UNSPECIFIED.) CURVE() 
GEOMETRIC_REPRESENTATION_ITEM() RATIONAL_B_SPLINE_CURVE((1.,1.,1.,1.,1.,
    1.,1.,1.,1.,1.,1.,1.,1.,1.,1.,1.,1.,1.,1.,1.,1.,1.,1.,1.,1.,1.,1.,1.
,1.,1.)) REPRESENTATION_ITEM('') );
#1237 = CARTESIAN_POINT('',(66.45,-1.933012701916,-9.249999999959));
#1238 = CARTESIAN_POINT('',(66.45,-1.929265753828,-9.256489904422));
#1239 = CARTESIAN_POINT('',(66.450250801379,-1.92543443392,
    -9.262885768119));
#1240 = CARTESIAN_POINT('',(66.450745438101,-1.92136331577,
    -9.269361590119));
#1241 = CARTESIAN_POINT('',(66.451458418686,-1.917438129814,
    -9.275476194634));
#1242 = CARTESIAN_POINT('',(66.452387357896,-1.913205819257,
    -9.281763659106));
#1243 = CARTESIAN_POINT('',(66.453527775435,-1.90870214932,
    -9.288150711804));
#1244 = CARTESIAN_POINT('',(66.454851064152,-1.904905157638,
    -9.293472236893));
#1245 = CARTESIAN_POINT('',(66.458816148783,-1.891273918879,
    -9.311613548798));
#1246 = CARTESIAN_POINT('',(66.461825215874,-1.881266836245,
    -9.324152765398));
#1247 = CARTESIAN_POINT('',(66.465503921079,-1.871755570902,
    -9.335035459639));
#1248 = CARTESIAN_POINT('',(66.469630294565,-1.861810616289,
    -9.345762428178));
#1249 = CARTESIAN_POINT('',(66.474154913936,-1.851451440105,
    -9.356318747293));
#1250 = CARTESIAN_POINT('',(66.479111356587,-1.841123715084,
    -9.366019976129));
#1251 = CARTESIAN_POINT('',(66.484404503437,-1.830399376084,
    -9.375545740942));
#1252 = CARTESIAN_POINT('',(66.501383763931,-1.797292636308,
    -9.40305821539));
#1253 = CARTESIAN_POINT('',(66.513781799309,-1.774655178558,
    -9.419353594902));
#1254 = CARTESIAN_POINT('',(66.526792772937,-1.751535333412,
    -9.433983783755));
#1255 = CARTESIAN_POINT('',(66.540529102465,-1.727290381654,
    -9.447359018639));
#1256 = CARTESIAN_POINT('',(66.554958917089,-1.701469874846,
    -9.459566166401));
#1257 = CARTESIAN_POINT('',(66.569586124542,-1.674074642909,
    -9.470371345589));
#1258 = CARTESIAN_POINT('',(66.583428284269,-1.645359777656,
    -9.479408276799));
#1259 = CARTESIAN_POINT('',(66.600381945953,-1.602235145495,
    -9.48961717555));
#1260 = CARTESIAN_POINT('',(66.605112682135,-1.589045887881,
    -9.492333426901));
#1261 = CARTESIAN_POINT('',(66.609587957006,-1.574823203602,
    -9.494794591601));
#1262 = CARTESIAN_POINT('',(66.613180633281,-1.56147980171,
    -9.496687027407));
#1263 = CARTESIAN_POINT('',(66.616547120234,-1.545852274775,
    -9.498411410813));
#1264 = CARTESIAN_POINT('',(66.618612446757,-1.530913942047,
    -9.499442178537));
#1265 = CARTESIAN_POINT('',(66.619722436227,-1.515487816288,-9.5));
#1266 = CARTESIAN_POINT('',(66.619722436227,-1.5,-9.5));
#1267 = PCURVE('',#493,#1268);
#1268 = DEFINITIONAL_REPRESENTATION('',(#1269),#1362);
#1269 = B_SPLINE_CURVE_WITH_KNOTS('',11,(#1270,#1271,#1272,#1273,#1274,
    #1275,#1276,#1277,#1278,#1279,#1280,#1281,#1282,#1283,#1284,#1285,
    #1286,#1287,#1288,#1289,#1290,#1291,#1292,#1293,#1294,#1295,#1296,
    #1297,#1298,#1299,#1300,#1301,#1302,#1303,#1304,#1305,#1306,#1307,
    #1308,#1309,#1310,#1311,#1312,#1313,#1314,#1315,#1316,#1317,#1318,
    #1319,#1320,#1321,#1322,#1323,#1324,#1325,#1326,#1327,#1328,#1329,
    #1330,#1331,#1332,#1333,#1334,#1335,#1336,#1337,#1338,#1339,#1340,
    #1341,#1342,#1343,#1344,#1345,#1346,#1347,#1348,#1349,#1350,#1351,
    #1352,#1353,#1354,#1355,#1356,#1357,#1358,#1359,#1360,#1361),
  .UNSPECIFIED.,.F.,.F.,(12,10,10,10,10,10,10,10,10,12),(40.858173650258
    ,40.925222118188,40.941984235171,40.958746352153,40.992270586118,
    41.059319054049,41.126367521979,41.260464457839,41.32751292577,
    41.3945613937),.UNSPECIFIED.);
#1270 = CARTESIAN_POINT('',(0.523598775504,4.25));
#1271 = CARTESIAN_POINT('',(0.533737612116,4.25));
#1272 = CARTESIAN_POINT('',(0.543841382203,4.250110470916));
#1273 = CARTESIAN_POINT('',(0.55403804397,4.250329496224));
#1274 = CARTESIAN_POINT('',(0.564196853886,4.250652243016));
#1275 = CARTESIAN_POINT('',(0.574282090163,4.251074445639));
#1276 = CARTESIAN_POINT('',(0.584380581882,4.251593289417));
#1277 = CARTESIAN_POINT('',(0.594565362481,4.252206707335));
#1278 = CARTESIAN_POINT('',(0.60475776618,4.252912101667));
#1279 = CARTESIAN_POINT('',(0.614750286088,4.253705503548));
#1280 = CARTESIAN_POINT('',(0.624552512561,4.254582182523));
#1281 = CARTESIAN_POINT('',(0.637889960031,4.255779102959));
#1282 = CARTESIAN_POINT('',(0.640626606273,4.256023363924));
#1283 = CARTESIAN_POINT('',(0.643376917804,4.25627351949));
#1284 = CARTESIAN_POINT('',(0.646140853004,4.256527957951));
#1285 = CARTESIAN_POINT('',(0.649938726866,4.256782158184));
#1286 = CARTESIAN_POINT('',(0.65167555819,4.257057709653));
#1287 = CARTESIAN_POINT('',(0.655746211729,4.257320790992));
#1288 = CARTESIAN_POINT('',(0.658220657443,4.257603087264));
#1289 = CARTESIAN_POINT('',(0.661450009588,4.257885150428));
#1290 = CARTESIAN_POINT('',(0.66448715538,4.25817492347));
#1291 = CARTESIAN_POINT('',(0.670635774398,4.258765929753));
#1292 = CARTESIAN_POINT('',(0.673720045862,4.259067401825));
#1293 = CARTESIAN_POINT('',(0.676811599451,4.259374828009));
#1294 = CARTESIAN_POINT('',(0.679908064787,4.259688185758));
#1295 = CARTESIAN_POINT('',(0.683007380941,4.260007444823));
#1296 = CARTESIAN_POINT('',(0.686107796432,4.260332567194));
#1297 = CARTESIAN_POINT('',(0.689207869235,4.260663507192));
#1298 = CARTESIAN_POINT('',(0.692306466766,4.261000211361));
#1299 = CARTESIAN_POINT('',(0.695402765899,4.261342618564));
#1300 = CARTESIAN_POINT('',(0.698496252953,4.26169065992));
#1301 = CARTESIAN_POINT('',(0.707767665192,4.262751456658));
#1302 = CARTESIAN_POINT('',(0.713933876299,4.263480961805));
#1303 = CARTESIAN_POINT('',(0.720084478989,4.264232153598));
#1304 = CARTESIAN_POINT('',(0.726218898932,4.265004437435));
#1305 = CARTESIAN_POINT('',(0.732336865494,4.265797244745));
#1306 = CARTESIAN_POINT('',(0.73843841174,4.266610033064));
#1307 = CARTESIAN_POINT('',(0.744523874432,4.267442285932));
#1308 = CARTESIAN_POINT('',(0.750593894033,4.268293513004));
#1309 = CARTESIAN_POINT('',(0.756649414699,4.269163249952));
#1310 = CARTESIAN_POINT('',(0.762691684289,4.270051058537));
#1311 = CARTESIAN_POINT('',(0.780783394493,4.27276746262));
#1312 = CARTESIAN_POINT('',(0.792785178072,4.274648326101));
#1313 = CARTESIAN_POINT('',(0.80476016268,4.276598683656));
#1314 = CARTESIAN_POINT('',(0.816675106146,4.278613546989));
#1315 = CARTESIAN_POINT('',(0.828518493031,4.280689053436));
#1316 = CARTESIAN_POINT('',(0.840314448232,4.282823321238));
#1317 = CARTESIAN_POINT('',(0.852094695031,4.285014560905));
#1318 = CARTESIAN_POINT('',(0.863860215212,4.287258524557));
#1319 = CARTESIAN_POINT('',(0.875564268549,4.289547374613));
#1320 = CARTESIAN_POINT('',(0.887148429267,4.291872053652));
#1321 = CARTESIAN_POINT('',(0.910178164425,4.296588420223));
#1322 = CARTESIAN_POINT('',(0.92161719482,4.298980802757));
#1323 = CARTESIAN_POINT('',(0.932990405683,4.301406018244));
#1324 = CARTESIAN_POINT('',(0.94430763947,4.303862802249));
#1325 = CARTESIAN_POINT('',(0.955578563423,4.306349992121));
#1326 = CARTESIAN_POINT('',(0.966812669597,4.308866527125));
#1327 = CARTESIAN_POINT('',(0.978019274827,4.31141144826));
#1328 = CARTESIAN_POINT('',(0.98920752076,4.313983898465));
#1329 = CARTESIAN_POINT('',(1.000386373831,4.316583122429));
#1330 = CARTESIAN_POINT('',(1.011564625277,4.31920846673));
#1331 = CARTESIAN_POINT('',(1.045123422837,4.327161205811));
#1332 = CARTESIAN_POINT('',(1.067522771535,4.332562896065));
#1333 = CARTESIAN_POINT('',(1.090018869353,4.338058532156));
#1334 = CARTESIAN_POINT('',(1.112665291895,4.343637104576));
#1335 = CARTESIAN_POINT('',(1.13550159566,4.349282000111));
#1336 = CARTESIAN_POINT('',(1.158555655568,4.354970489707));
#1337 = CARTESIAN_POINT('',(1.181846002337,4.360673215718));
#1338 = CARTESIAN_POINT('',(1.205384160029,4.366353679874));
#1339 = CARTESIAN_POINT('',(1.229176983438,4.371967730564));
#1340 = CARTESIAN_POINT('',(1.253228995601,4.377463050656));
#1341 = CARTESIAN_POINT('',(1.289702590043,4.385436442128));
#1342 = CARTESIAN_POINT('',(1.301950648756,4.38805240787));
#1343 = CARTESIAN_POINT('',(1.314139347538,4.390599806018));
#1344 = CARTESIAN_POINT('',(1.326663373899,4.393124761295));
#1345 = CARTESIAN_POINT('',(1.339078917576,4.39555228821));
#1346 = CARTESIAN_POINT('',(1.351381462278,4.397878005025));
#1347 = CARTESIAN_POINT('',(1.364019667811,4.400162042867));
#1348 = CARTESIAN_POINT('',(1.376999465173,4.402390242821));
#1349 = CARTESIAN_POINT('',(1.389872655171,4.404479340958));
#1350 = CARTESIAN_POINT('',(1.403006073135,4.406477467963));
#1351 = CARTESIAN_POINT('',(1.429575445157,4.410220414236));
#1352 = CARTESIAN_POINT('',(1.443016764304,4.411966624166));
#1353 = CARTESIAN_POINT('',(1.456666349435,4.413580635388));
#1354 = CARTESIAN_POINT('',(1.470523442433,4.415045696931));
#1355 = CARTESIAN_POINT('',(1.484559084097,4.416341257866));
#1356 = CARTESIAN_POINT('',(1.498734574691,4.417447426484));
#1357 = CARTESIAN_POINT('',(1.51301420534,4.418347873813));
#1358 = CARTESIAN_POINT('',(1.527372260048,4.419031180611));
#1359 = CARTESIAN_POINT('',(1.541794288569,4.419490628759));
#1360 = CARTESIAN_POINT('',(1.556272649939,4.419722436226));
#1361 = CARTESIAN_POINT('',(1.570796326795,4.419722436227));
#1362 = ( GEOMETRIC_REPRESENTATION_CONTEXT(2) 
PARAMETRIC_REPRESENTATION_CONTEXT() REPRESENTATION_CONTEXT('2D SPACE',''
  ) );
#1363 = PCURVE('',#1364,#1455);
#1364 = ( BOUNDED_SURFACE() B_SPLINE_SURFACE(2,8,(
    (#1365,#1366,#1367,#1368,#1369,#1370,#1371,#1372,#1373,#1374,#1375
      ,#1376,#1377,#1378,#1379,#1380,#1381,#1382,#1383,#1384,#1385,#1386
      ,#1387,#1388,#1389,#1390,#1391,#1392,#1393,#1394)
    ,(#1395,#1396,#1397,#1398,#1399,#1400,#1401,#1402,#1403,#1404,#1405
      ,#1406,#1407,#1408,#1409,#1410,#1411,#1412,#1413,#1414,#1415,#1416
      ,#1417,#1418,#1419,#1420,#1421,#1422,#1423,#1424)
    ,(#1425,#1426,#1427,#1428,#1429,#1430,#1431,#1432,#1433,#1434,#1435
      ,#1436,#1437,#1438,#1439,#1440,#1441,#1442,#1443,#1444,#1445,#1446
      ,#1447,#1448,#1449,#1450,#1451,#1452,#1453,#1454
)),.UNSPECIFIED.,.F.,.F.,.F.) B_SPLINE_SURFACE_WITH_KNOTS((3,3),(9,7,7,7
    ,9),(0.,0.536387743442),(40.858173650258,40.93025712337,
    41.04814009935,41.290562249136,41.3945613937),.UNSPECIFIED.) 
GEOMETRIC_REPRESENTATION_ITEM() RATIONAL_B_SPLINE_SURFACE((
    (1.,1.,1.,1.,1.,1.,1.,1.,1.,1.,1.,1.,1.,1.,1.,1.,1.,1.,1.,1.,1.,1.
      ,1.,1.,1.,1.,1.,1.,1.,1.)
    ,(0.707106781187,0.712113023265,0.71727933019,0.722555612646
      ,0.728028612335,0.733578616385,0.739182968192,0.745050706714
      ,0.760130173349,0.769518786213,0.779206528231,0.788937312655
      ,0.798615391315,0.808266573471,0.817805022473,0.846320049083
      ,0.864326709684,0.881203021599,0.89714391251,0.912086546687
      ,0.925602339353,0.937085074614,0.950160501003,0.953667818546
      ,0.956836791459,0.959317649324,0.961545768192,0.96289811705
      ,0.963624111659,0.963624111659)
    ,(1.,1.,1.,1.,1.,1.,1.,1.,1.,1.,1.,1.,1.,1.,1.,1.,1.,1.,1.,1.,1.,1.
,1.,1.,1.,1.,1.,1.,1.,1.))) REPRESENTATION_ITEM('') SURFACE() );
#1365 = CARTESIAN_POINT('',(66.45,-1.933012701916,-9.249999999959));
#1366 = CARTESIAN_POINT('',(66.45,-1.929265753828,-9.256489904422));
#1367 = CARTESIAN_POINT('',(66.450250801379,-1.92543443392,
    -9.262885768119));
#1368 = CARTESIAN_POINT('',(66.450745438101,-1.92136331577,
    -9.269361590119));
#1369 = CARTESIAN_POINT('',(66.451458418686,-1.917438129814,
    -9.275476194634));
#1370 = CARTESIAN_POINT('',(66.452387357896,-1.913205819257,
    -9.281763659106));
#1371 = CARTESIAN_POINT('',(66.453527775435,-1.90870214932,
    -9.288150711804));
#1372 = CARTESIAN_POINT('',(66.454851064152,-1.904905157638,
    -9.293472236893));
#1373 = CARTESIAN_POINT('',(66.458816148783,-1.891273918879,
    -9.311613548798));
#1374 = CARTESIAN_POINT('',(66.461825215874,-1.881266836245,
    -9.324152765398));
#1375 = CARTESIAN_POINT('',(66.465503921079,-1.871755570902,
    -9.335035459639));
#1376 = CARTESIAN_POINT('',(66.469630294565,-1.861810616289,
    -9.345762428178));
#1377 = CARTESIAN_POINT('',(66.474154913936,-1.851451440105,
    -9.356318747293));
#1378 = CARTESIAN_POINT('',(66.479111356587,-1.841123715084,
    -9.366019976129));
#1379 = CARTESIAN_POINT('',(66.484404503437,-1.830399376084,
    -9.375545740942));
#1380 = CARTESIAN_POINT('',(66.501383763931,-1.797292636308,
    -9.40305821539));
#1381 = CARTESIAN_POINT('',(66.513781799309,-1.774655178558,
    -9.419353594902));
#1382 = CARTESIAN_POINT('',(66.526792772937,-1.751535333412,
    -9.433983783755));
#1383 = CARTESIAN_POINT('',(66.540529102465,-1.727290381654,
    -9.447359018639));
#1384 = CARTESIAN_POINT('',(66.554958917089,-1.701469874846,
    -9.459566166401));
#1385 = CARTESIAN_POINT('',(66.569586124542,-1.674074642909,
    -9.470371345589));
#1386 = CARTESIAN_POINT('',(66.583428284269,-1.645359777656,
    -9.479408276799));
#1387 = CARTESIAN_POINT('',(66.600381945953,-1.602235145495,
    -9.48961717555));
#1388 = CARTESIAN_POINT('',(66.605112682135,-1.589045887881,
    -9.492333426901));
#1389 = CARTESIAN_POINT('',(66.609587957006,-1.574823203602,
    -9.494794591601));
#1390 = CARTESIAN_POINT('',(66.613180633281,-1.56147980171,
    -9.496687027407));
#1391 = CARTESIAN_POINT('',(66.616547120234,-1.545852274775,
    -9.498411410813));
#1392 = CARTESIAN_POINT('',(66.618612446757,-1.530913942047,
    -9.499442178537));
#1393 = CARTESIAN_POINT('',(66.619722436227,-1.515487816288,-9.5));
#1394 = CARTESIAN_POINT('',(66.619722436227,-1.5,-9.5));
#1395 = CARTESIAN_POINT('',(66.55,-1.933012701892,-9.25));
#1396 = CARTESIAN_POINT('',(66.548593975418,-1.929292095485,
    -9.256444279333));
#1397 = CARTESIAN_POINT('',(66.547400980194,-1.925457750288,
    -9.262833335144));
#1398 = CARTESIAN_POINT('',(66.546421720989,-1.92149700316,
    -9.269182428031));
#1399 = CARTESIAN_POINT('',(66.545625769287,-1.917440526572,
    -9.275449568288));
#1400 = CARTESIAN_POINT('',(66.54503032735,-1.913251712059,
    -9.281681019593));
#1401 = CARTESIAN_POINT('',(66.544631793787,-1.908932040369,
    -9.287872869785));
#1402 = CARTESIAN_POINT('',(66.544376206332,-1.9045628562,
    -9.293915710432));
#1403 = CARTESIAN_POINT('',(66.544278708657,-1.892644413868,
    -9.309808975479));
#1404 = CARTESIAN_POINT('',(66.544718508465,-1.884876652511,
    -9.319609282719));
#1405 = CARTESIAN_POINT('',(66.545613774702,-1.876777776844,
    -9.329292591059));
#1406 = CARTESIAN_POINT('',(66.54696859477,-1.868239636815,
    -9.338904557848));
#1407 = CARTESIAN_POINT('',(66.548750039802,-1.85931771432,
    -9.348375925335));
#1408 = CARTESIAN_POINT('',(66.550936479266,-1.850040349771,
    -9.357658858362));
#1409 = CARTESIAN_POINT('',(66.553543931726,-1.840268469181,
    -9.366832165723));
#1410 = CARTESIAN_POINT('',(66.562326837883,-1.810194769947,
    -9.393353929763));
#1411 = CARTESIAN_POINT('',(66.569530146944,-1.788939620944,
    -9.409865285714));
#1412 = CARTESIAN_POINT('',(66.577732736881,-1.766532483432,
    -9.425259674323));
#1413 = CARTESIAN_POINT('',(66.587021651614,-1.74231918655,
    -9.43979761224));
#1414 = CARTESIAN_POINT('',(66.59736072,-1.71582242171,-9.453450436414)
  );
#1415 = CARTESIAN_POINT('',(66.608315843683,-1.687058783468,
    -9.465791564382));
#1416 = CARTESIAN_POINT('',(66.61901474677,-1.656372604783,
    -9.47622430702));
#1417 = CARTESIAN_POINT('',(66.63220326295,-1.610166680677,
    -9.487983627667));
#1418 = CARTESIAN_POINT('',(66.635887663122,-1.596078177608,
    -9.491106986601));
#1419 = CARTESIAN_POINT('',(66.639401639812,-1.580855742621,
    -9.493944117228));
#1420 = CARTESIAN_POINT('',(66.642249630749,-1.566444534129,
    -9.496149143572));
#1421 = CARTESIAN_POINT('',(66.644925529839,-1.549608064085,
    -9.498148683229));
#1422 = CARTESIAN_POINT('',(66.64657495787,-1.533422666049,
    -9.499352659925));
#1423 = CARTESIAN_POINT('',(66.647457446038,-1.516733586006,-9.5));
#1424 = CARTESIAN_POINT('',(66.647457446038,-1.5,-9.5));
#1425 = CARTESIAN_POINT('',(66.55,-2.019615242271,-9.3));
#1426 = CARTESIAN_POINT('',(66.55,-2.013892630914,-9.307079895444));
#1427 = CARTESIAN_POINT('',(66.550229801244,-2.008008280254,
    -9.314015825417));
#1428 = CARTESIAN_POINT('',(66.550669128158,-2.001997384129,
    -9.320789960124));
#1429 = CARTESIAN_POINT('',(66.551310710896,-1.995797301947,
    -9.327430532998));
#1430 = CARTESIAN_POINT('',(66.552131246267,-1.989486808148,
    -9.333901941708));
#1431 = CARTESIAN_POINT('',(66.553114522439,-1.983084033368,
    -9.340195942387));
#1432 = CARTESIAN_POINT('',(66.554263772209,-1.976448225188,
    -9.346377629712));
#1433 = CARTESIAN_POINT('',(66.557627943844,-1.959007971627,
    -9.362090391743));
#1434 = CARTESIAN_POINT('',(66.560085556398,-1.947975381923,
    -9.371394895738));
#1435 = CARTESIAN_POINT('',(66.562866771135,-1.936626939954,
    -9.380328829467));
#1436 = CARTESIAN_POINT('',(66.565956062343,-1.924964373999,
    -9.388926209435));
#1437 = CARTESIAN_POINT('',(66.569299749338,-1.913064871283,
    -9.397160025212));
#1438 = CARTESIAN_POINT('',(66.572863282612,-1.900932039711,
    -9.405040127274));
#1439 = CARTESIAN_POINT('',(66.576661850059,-1.888474637273,
    -9.412640666572));
#1440 = CARTESIAN_POINT('',(66.588733270158,-1.849911901311,
    -9.434734202572));
#1441 = CARTESIAN_POINT('',(66.597438650284,-1.823522922464,
    -9.447909641456));
#1442 = CARTESIAN_POINT('',(66.606530011199,-1.79648885365,
    -9.459812903606));
#1443 = CARTESIAN_POINT('',(66.616111453068,-1.768072192968,
    -9.470758454597));
#1444 = CARTESIAN_POINT('',(66.626171665163,-1.737750040797,
    -9.480799294688));
#1445 = CARTESIAN_POINT('',(66.636368425208,-1.705496195057,
    -9.489724036958));
#1446 = CARTESIAN_POINT('',(66.646014560154,-1.671595305827,
    -9.497209535727));
#1447 = CARTESIAN_POINT('',(66.657804966554,-1.620714016225,
    -9.505668544442));
#1448 = CARTESIAN_POINT('',(66.66109911197,-1.605107684026,
    -9.507926213496));
#1449 = CARTESIAN_POINT('',(66.664195921713,-1.588396095287,
    -9.509958685328));
#1450 = CARTESIAN_POINT('',(66.66670509328,-1.572520711021,
    -9.511542732502));
#1451 = CARTESIAN_POINT('',(66.66902639942,-1.554163367272,
    -9.512963674469));
#1452 = CARTESIAN_POINT('',(66.670462306365,-1.536487867975,
    -9.513823575992));
#1453 = CARTESIAN_POINT('',(66.671230311591,-1.518282960347,
    -9.514285714286));
#1454 = CARTESIAN_POINT('',(66.671230311591,-1.5,-9.514285714286));
#1455 = DEFINITIONAL_REPRESENTATION('',(#1456),#1460);
#1456 = LINE('',#1457,#1458);
#1457 = CARTESIAN_POINT('',(0.,0.));
#1458 = VECTOR('',#1459,1.);
#1459 = DIRECTION('',(0.,1.));
#1460 = ( GEOMETRIC_REPRESENTATION_CONTEXT(2) 
PARAMETRIC_REPRESENTATION_CONTEXT() REPRESENTATION_CONTEXT('2D SPACE',''
  ) );
#1461 = ORIENTED_EDGE('',*,*,#1462,.F.);
#1462 = EDGE_CURVE('',#478,#1233,#1463,.T.);
#1463 = SURFACE_CURVE('',#1464,(#1469,#1476),.PCURVE_S1.);
#1464 = CIRCLE('',#1465,0.5);
#1465 = AXIS2_PLACEMENT_3D('',#1466,#1467,#1468);
#1466 = CARTESIAN_POINT('',(66.45,-1.5,-9.));
#1467 = DIRECTION('',(1.,0.,0.));
#1468 = DIRECTION('',(0.,-1.,0.));
#1469 = PCURVE('',#493,#1470);
#1470 = DEFINITIONAL_REPRESENTATION('',(#1471),#1475);
#1471 = LINE('',#1472,#1473);
#1472 = CARTESIAN_POINT('',(0.,4.25));
#1473 = VECTOR('',#1474,1.);
#1474 = DIRECTION('',(1.,0.));
#1475 = ( GEOMETRIC_REPRESENTATION_CONTEXT(2) 
PARAMETRIC_REPRESENTATION_CONTEXT() REPRESENTATION_CONTEXT('2D SPACE',''
  ) );
#1476 = PCURVE('',#1477,#1482);
#1477 = TOROIDAL_SURFACE('',#1478,0.6,0.1);
#1478 = AXIS2_PLACEMENT_3D('',#1479,#1480,#1481);
#1479 = CARTESIAN_POINT('',(66.45,-1.5,-9.));
#1480 = DIRECTION('',(-1.,-0.,0.));
#1481 = DIRECTION('',(0.,-1.,0.));
#1482 = DEFINITIONAL_REPRESENTATION('',(#1483),#1487);
#1483 = LINE('',#1484,#1485);
#1484 = CARTESIAN_POINT('',(-0.,3.14159265359));
#1485 = VECTOR('',#1486,1.);
#1486 = DIRECTION('',(-1.,0.));
#1487 = ( GEOMETRIC_REPRESENTATION_CONTEXT(2) 
PARAMETRIC_REPRESENTATION_CONTEXT() REPRESENTATION_CONTEXT('2D SPACE',''
  ) );
#1488 = ADVANCED_FACE('',(#1489),#539,.T.);
#1489 = FACE_BOUND('',#1490,.T.);
#1490 = EDGE_LOOP('',(#1491,#1492,#1515,#1535));
#1491 = ORIENTED_EDGE('',*,*,#582,.T.);
#1492 = ORIENTED_EDGE('',*,*,#1493,.T.);
#1493 = EDGE_CURVE('',#583,#1494,#1496,.T.);
#1494 = VERTEX_POINT('',#1495);
#1495 = CARTESIAN_POINT('',(66.55,-2.1,-9.));
#1496 = SURFACE_CURVE('',#1497,(#1501,#1508),.PCURVE_S1.);
#1497 = LINE('',#1498,#1499);
#1498 = CARTESIAN_POINT('',(66.55,-2.1,9.));
#1499 = VECTOR('',#1500,1.);
#1500 = DIRECTION('',(-0.,-0.,-1.));
#1501 = PCURVE('',#539,#1502);
#1502 = DEFINITIONAL_REPRESENTATION('',(#1503),#1507);
#1503 = LINE('',#1504,#1505);
#1504 = CARTESIAN_POINT('',(1.570796326795,0.));
#1505 = VECTOR('',#1506,1.);
#1506 = DIRECTION('',(0.,1.));
#1507 = ( GEOMETRIC_REPRESENTATION_CONTEXT(2) 
PARAMETRIC_REPRESENTATION_CONTEXT() REPRESENTATION_CONTEXT('2D SPACE',''
  ) );
#1508 = PCURVE('',#619,#1509);
#1509 = DEFINITIONAL_REPRESENTATION('',(#1510),#1514);
#1510 = LINE('',#1511,#1512);
#1511 = CARTESIAN_POINT('',(18.5,-2.63));
#1512 = VECTOR('',#1513,1.);
#1513 = DIRECTION('',(-1.,0.));
#1514 = ( GEOMETRIC_REPRESENTATION_CONTEXT(2) 
PARAMETRIC_REPRESENTATION_CONTEXT() REPRESENTATION_CONTEXT('2D SPACE',''
  ) );
#1515 = ORIENTED_EDGE('',*,*,#1516,.F.);
#1516 = EDGE_CURVE('',#478,#1494,#1517,.T.);
#1517 = SURFACE_CURVE('',#1518,(#1523,#1529),.PCURVE_S1.);
#1518 = CIRCLE('',#1519,0.1);
#1519 = AXIS2_PLACEMENT_3D('',#1520,#1521,#1522);
#1520 = CARTESIAN_POINT('',(66.45,-2.1,-9.));
#1521 = DIRECTION('',(0.,-0.,-1.));
#1522 = DIRECTION('',(0.,1.,-0.));
#1523 = PCURVE('',#539,#1524);
#1524 = DEFINITIONAL_REPRESENTATION('',(#1525),#1528);
#1525 = B_SPLINE_CURVE_WITH_KNOTS('',1,(#1526,#1527),.UNSPECIFIED.,.F.,
  .F.,(2,2),(0.,1.570796326795),.PIECEWISE_BEZIER_KNOTS.);
#1526 = CARTESIAN_POINT('',(0.,18.));
#1527 = CARTESIAN_POINT('',(1.570796326795,18.));
#1528 = ( GEOMETRIC_REPRESENTATION_CONTEXT(2) 
PARAMETRIC_REPRESENTATION_CONTEXT() REPRESENTATION_CONTEXT('2D SPACE',''
  ) );
#1529 = PCURVE('',#1477,#1530);
#1530 = DEFINITIONAL_REPRESENTATION('',(#1531),#1534);
#1531 = B_SPLINE_CURVE_WITH_KNOTS('',1,(#1532,#1533),.UNSPECIFIED.,.F.,
  .F.,(2,2),(0.,1.570796326795),.PIECEWISE_BEZIER_KNOTS.);
#1532 = CARTESIAN_POINT('',(0.,3.14159265359));
#1533 = CARTESIAN_POINT('',(0.,4.712388980385));
#1534 = ( GEOMETRIC_REPRESENTATION_CONTEXT(2) 
PARAMETRIC_REPRESENTATION_CONTEXT() REPRESENTATION_CONTEXT('2D SPACE',''
  ) );
#1535 = ORIENTED_EDGE('',*,*,#525,.F.);
#1536 = ADVANCED_FACE('',(#1537),#619,.T.);
#1537 = FACE_BOUND('',#1538,.T.);
#1538 = EDGE_LOOP('',(#1539,#1562,#1591,#1619,#1648,#1676,#1698,#1699));
#1539 = ORIENTED_EDGE('',*,*,#1540,.T.);
#1540 = EDGE_CURVE('',#555,#1541,#1543,.T.);
#1541 = VERTEX_POINT('',#1542);
#1542 = CARTESIAN_POINT('',(66.55,-4.23,9.3));
#1543 = SURFACE_CURVE('',#1544,(#1548,#1555),.PCURVE_S1.);
#1544 = LINE('',#1545,#1546);
#1545 = CARTESIAN_POINT('',(66.55,4.23,9.3));
#1546 = VECTOR('',#1547,1.);
#1547 = DIRECTION('',(-0.,-1.,-0.));
#1548 = PCURVE('',#619,#1549);
#1549 = DEFINITIONAL_REPRESENTATION('',(#1550),#1554);
#1550 = LINE('',#1551,#1552);
#1551 = CARTESIAN_POINT('',(18.8,-8.96));
#1552 = VECTOR('',#1553,1.);
#1553 = DIRECTION('',(-0.,1.));
#1554 = ( GEOMETRIC_REPRESENTATION_CONTEXT(2) 
PARAMETRIC_REPRESENTATION_CONTEXT() REPRESENTATION_CONTEXT('2D SPACE',''
  ) );
#1555 = PCURVE('',#1072,#1556);
#1556 = DEFINITIONAL_REPRESENTATION('',(#1557),#1561);
#1557 = LINE('',#1558,#1559);
#1558 = CARTESIAN_POINT('',(-0.,0.));
#1559 = VECTOR('',#1560,1.);
#1560 = DIRECTION('',(-0.,1.));
#1561 = ( GEOMETRIC_REPRESENTATION_CONTEXT(2) 
PARAMETRIC_REPRESENTATION_CONTEXT() REPRESENTATION_CONTEXT('2D SPACE',''
  ) );
#1562 = ORIENTED_EDGE('',*,*,#1563,.T.);
#1563 = EDGE_CURVE('',#1541,#1564,#1566,.T.);
#1564 = VERTEX_POINT('',#1565);
#1565 = CARTESIAN_POINT('',(66.55,-4.53,9.));
#1566 = SURFACE_CURVE('',#1567,(#1572,#1579),.PCURVE_S1.);
#1567 = CIRCLE('',#1568,0.3);
#1568 = AXIS2_PLACEMENT_3D('',#1569,#1570,#1571);
#1569 = CARTESIAN_POINT('',(66.55,-4.23,9.));
#1570 = DIRECTION('',(1.,0.,-0.));
#1571 = DIRECTION('',(0.,0.,1.));
#1572 = PCURVE('',#619,#1573);
#1573 = DEFINITIONAL_REPRESENTATION('',(#1574),#1578);
#1574 = CIRCLE('',#1575,0.3);
#1575 = AXIS2_PLACEMENT_2D('',#1576,#1577);
#1576 = CARTESIAN_POINT('',(18.5,-0.5));
#1577 = DIRECTION('',(1.,0.));
#1578 = ( GEOMETRIC_REPRESENTATION_CONTEXT(2) 
PARAMETRIC_REPRESENTATION_CONTEXT() REPRESENTATION_CONTEXT('2D SPACE',''
  ) );
#1579 = PCURVE('',#1580,#1585);
#1580 = TOROIDAL_SURFACE('',#1581,0.3,0.25);
#1581 = AXIS2_PLACEMENT_3D('',#1582,#1583,#1584);
#1582 = CARTESIAN_POINT('',(66.8,-4.23,9.));
#1583 = DIRECTION('',(1.,0.,0.));
#1584 = DIRECTION('',(0.,0.,1.));
#1585 = DEFINITIONAL_REPRESENTATION('',(#1586),#1590);
#1586 = LINE('',#1587,#1588);
#1587 = CARTESIAN_POINT('',(0.,4.712388980385));
#1588 = VECTOR('',#1589,1.);
#1589 = DIRECTION('',(1.,0.));
#1590 = ( GEOMETRIC_REPRESENTATION_CONTEXT(2) 
PARAMETRIC_REPRESENTATION_CONTEXT() REPRESENTATION_CONTEXT('2D SPACE',''
  ) );
#1591 = ORIENTED_EDGE('',*,*,#1592,.T.);
#1592 = EDGE_CURVE('',#1564,#1593,#1595,.T.);
#1593 = VERTEX_POINT('',#1594);
#1594 = CARTESIAN_POINT('',(66.55,-4.53,-9.));
#1595 = SURFACE_CURVE('',#1596,(#1600,#1607),.PCURVE_S1.);
#1596 = LINE('',#1597,#1598);
#1597 = CARTESIAN_POINT('',(66.55,-4.53,9.));
#1598 = VECTOR('',#1599,1.);
#1599 = DIRECTION('',(-0.,-0.,-1.));
#1600 = PCURVE('',#619,#1601);
#1601 = DEFINITIONAL_REPRESENTATION('',(#1602),#1606);
#1602 = LINE('',#1603,#1604);
#1603 = CARTESIAN_POINT('',(18.5,-0.2));
#1604 = VECTOR('',#1605,1.);
#1605 = DIRECTION('',(-1.,0.));
#1606 = ( GEOMETRIC_REPRESENTATION_CONTEXT(2) 
PARAMETRIC_REPRESENTATION_CONTEXT() REPRESENTATION_CONTEXT('2D SPACE',''
  ) );
#1607 = PCURVE('',#1608,#1613);
#1608 = CYLINDRICAL_SURFACE('',#1609,0.25);
#1609 = AXIS2_PLACEMENT_3D('',#1610,#1611,#1612);
#1610 = CARTESIAN_POINT('',(66.8,-4.53,9.));
#1611 = DIRECTION('',(-0.,-0.,-1.));
#1612 = DIRECTION('',(-1.,0.,0.));
#1613 = DEFINITIONAL_REPRESENTATION('',(#1614),#1618);
#1614 = LINE('',#1615,#1616);
#1615 = CARTESIAN_POINT('',(-0.,0.));
#1616 = VECTOR('',#1617,1.);
#1617 = DIRECTION('',(-0.,1.));
#1618 = ( GEOMETRIC_REPRESENTATION_CONTEXT(2) 
PARAMETRIC_REPRESENTATION_CONTEXT() REPRESENTATION_CONTEXT('2D SPACE',''
  ) );
#1619 = ORIENTED_EDGE('',*,*,#1620,.T.);
#1620 = EDGE_CURVE('',#1593,#1621,#1623,.T.);
#1621 = VERTEX_POINT('',#1622);
#1622 = CARTESIAN_POINT('',(66.55,-4.23,-9.3));
#1623 = SURFACE_CURVE('',#1624,(#1629,#1636),.PCURVE_S1.);
#1624 = CIRCLE('',#1625,0.3);
#1625 = AXIS2_PLACEMENT_3D('',#1626,#1627,#1628);
#1626 = CARTESIAN_POINT('',(66.55,-4.23,-9.));
#1627 = DIRECTION('',(1.,0.,0.));
#1628 = DIRECTION('',(0.,-1.,0.));
#1629 = PCURVE('',#619,#1630);
#1630 = DEFINITIONAL_REPRESENTATION('',(#1631),#1635);
#1631 = CIRCLE('',#1632,0.3);
#1632 = AXIS2_PLACEMENT_2D('',#1633,#1634);
#1633 = CARTESIAN_POINT('',(0.5,-0.5));
#1634 = DIRECTION('',(0.,1.));
#1635 = ( GEOMETRIC_REPRESENTATION_CONTEXT(2) 
PARAMETRIC_REPRESENTATION_CONTEXT() REPRESENTATION_CONTEXT('2D SPACE',''
  ) );
#1636 = PCURVE('',#1637,#1642);
#1637 = TOROIDAL_SURFACE('',#1638,0.3,0.25);
#1638 = AXIS2_PLACEMENT_3D('',#1639,#1640,#1641);
#1639 = CARTESIAN_POINT('',(66.8,-4.23,-9.));
#1640 = DIRECTION('',(1.,0.,0.));
#1641 = DIRECTION('',(0.,-1.,0.));
#1642 = DEFINITIONAL_REPRESENTATION('',(#1643),#1647);
#1643 = LINE('',#1644,#1645);
#1644 = CARTESIAN_POINT('',(0.,4.712388980385));
#1645 = VECTOR('',#1646,1.);
#1646 = DIRECTION('',(1.,0.));
#1647 = ( GEOMETRIC_REPRESENTATION_CONTEXT(2) 
PARAMETRIC_REPRESENTATION_CONTEXT() REPRESENTATION_CONTEXT('2D SPACE',''
  ) );
#1648 = ORIENTED_EDGE('',*,*,#1649,.T.);
#1649 = EDGE_CURVE('',#1621,#1650,#1652,.T.);
#1650 = VERTEX_POINT('',#1651);
#1651 = CARTESIAN_POINT('',(66.55,-2.019615242271,-9.3));
#1652 = SURFACE_CURVE('',#1653,(#1657,#1664),.PCURVE_S1.);
#1653 = LINE('',#1654,#1655);
#1654 = CARTESIAN_POINT('',(66.55,-4.23,-9.3));
#1655 = VECTOR('',#1656,1.);
#1656 = DIRECTION('',(0.,1.,0.));
#1657 = PCURVE('',#619,#1658);
#1658 = DEFINITIONAL_REPRESENTATION('',(#1659),#1663);
#1659 = LINE('',#1660,#1661);
#1660 = CARTESIAN_POINT('',(0.2,-0.5));
#1661 = VECTOR('',#1662,1.);
#1662 = DIRECTION('',(0.,-1.));
#1663 = ( GEOMETRIC_REPRESENTATION_CONTEXT(2) 
PARAMETRIC_REPRESENTATION_CONTEXT() REPRESENTATION_CONTEXT('2D SPACE',''
  ) );
#1664 = PCURVE('',#1665,#1670);
#1665 = CYLINDRICAL_SURFACE('',#1666,0.25);
#1666 = AXIS2_PLACEMENT_3D('',#1667,#1668,#1669);
#1667 = CARTESIAN_POINT('',(66.8,-4.23,-9.3));
#1668 = DIRECTION('',(0.,1.,0.));
#1669 = DIRECTION('',(-1.,0.,0.));
#1670 = DEFINITIONAL_REPRESENTATION('',(#1671),#1675);
#1671 = LINE('',#1672,#1673);
#1672 = CARTESIAN_POINT('',(-0.,0.));
#1673 = VECTOR('',#1674,1.);
#1674 = DIRECTION('',(-0.,1.));
#1675 = ( GEOMETRIC_REPRESENTATION_CONTEXT(2) 
PARAMETRIC_REPRESENTATION_CONTEXT() REPRESENTATION_CONTEXT('2D SPACE',''
  ) );
#1676 = ORIENTED_EDGE('',*,*,#1677,.F.);
#1677 = EDGE_CURVE('',#1494,#1650,#1678,.T.);
#1678 = SURFACE_CURVE('',#1679,(#1684,#1691),.PCURVE_S1.);
#1679 = CIRCLE('',#1680,0.6);
#1680 = AXIS2_PLACEMENT_3D('',#1681,#1682,#1683);
#1681 = CARTESIAN_POINT('',(66.55,-1.5,-9.));
#1682 = DIRECTION('',(1.,0.,0.));
#1683 = DIRECTION('',(0.,-1.,0.));
#1684 = PCURVE('',#619,#1685);
#1685 = DEFINITIONAL_REPRESENTATION('',(#1686),#1690);
#1686 = CIRCLE('',#1687,0.6);
#1687 = AXIS2_PLACEMENT_2D('',#1688,#1689);
#1688 = CARTESIAN_POINT('',(0.5,-3.23));
#1689 = DIRECTION('',(0.,1.));
#1690 = ( GEOMETRIC_REPRESENTATION_CONTEXT(2) 
PARAMETRIC_REPRESENTATION_CONTEXT() REPRESENTATION_CONTEXT('2D SPACE',''
  ) );
#1691 = PCURVE('',#1477,#1692);
#1692 = DEFINITIONAL_REPRESENTATION('',(#1693),#1697);
#1693 = LINE('',#1694,#1695);
#1694 = CARTESIAN_POINT('',(-0.,4.712388980385));
#1695 = VECTOR('',#1696,1.);
#1696 = DIRECTION('',(-1.,0.));
#1697 = ( GEOMETRIC_REPRESENTATION_CONTEXT(2) 
PARAMETRIC_REPRESENTATION_CONTEXT() REPRESENTATION_CONTEXT('2D SPACE',''
  ) );
#1698 = ORIENTED_EDGE('',*,*,#1493,.F.);
#1699 = ORIENTED_EDGE('',*,*,#604,.F.);
#1700 = ADVANCED_FACE('',(#1701),#652,.T.);
#1701 = FACE_BOUND('',#1702,.T.);
#1702 = EDGE_LOOP('',(#1703,#1731,#1759,#1787,#1815,#1836,#1837,#1860,
    #1888,#1916,#1944,#1970,#2002,#2028));
#1703 = ORIENTED_EDGE('',*,*,#1704,.F.);
#1704 = EDGE_CURVE('',#1705,#1707,#1709,.T.);
#1705 = VERTEX_POINT('',#1706);
#1706 = CARTESIAN_POINT('',(73.842706719077,-7.272871812453,4.));
#1707 = VERTEX_POINT('',#1708);
#1708 = CARTESIAN_POINT('',(72.17,-7.108124580287,4.));
#1709 = SURFACE_CURVE('',#1710,(#1714,#1720),.PCURVE_S1.);
#1710 = LINE('',#1711,#1712);
#1711 = CARTESIAN_POINT('',(74.040629641218,-7.292365518812,4.));
#1712 = VECTOR('',#1713,1.);
#1713 = DIRECTION('',(-0.995184726672,9.801714032956E-02,0.));
#1714 = PCURVE('',#652,#1715);
#1715 = DEFINITIONAL_REPRESENTATION('',(#1716),#1719);
#1716 = B_SPLINE_CURVE_WITH_KNOTS('',1,(#1717,#1718),.UNSPECIFIED.,.F.,
  .F.,(2,2),(0.198880586525,2.382100104315),.PIECEWISE_BEZIER_KNOTS.);
#1717 = CARTESIAN_POINT('',(-4.,4.));
#1718 = CARTESIAN_POINT('',(-4.,1.81678048221));
#1719 = ( GEOMETRIC_REPRESENTATION_CONTEXT(2) 
PARAMETRIC_REPRESENTATION_CONTEXT() REPRESENTATION_CONTEXT('2D SPACE',''
  ) );
#1720 = PCURVE('',#1721,#1726);
#1721 = PLANE('',#1722);
#1722 = AXIS2_PLACEMENT_3D('',#1723,#1724,#1725);
#1723 = CARTESIAN_POINT('',(71.67,-74.2,4.));
#1724 = DIRECTION('',(0.,0.,1.));
#1725 = DIRECTION('',(1.,0.,0.));
#1726 = DEFINITIONAL_REPRESENTATION('',(#1727),#1730);
#1727 = B_SPLINE_CURVE_WITH_KNOTS('',1,(#1728,#1729),.UNSPECIFIED.,.F.,
  .F.,(2,2),(0.198880586525,2.382100104315),.PIECEWISE_BEZIER_KNOTS.);
#1728 = CARTESIAN_POINT('',(2.172706719077,66.927128187547));
#1729 = CARTESIAN_POINT('',(1.340633361622E-16,67.141121121392));
#1730 = ( GEOMETRIC_REPRESENTATION_CONTEXT(2) 
PARAMETRIC_REPRESENTATION_CONTEXT() REPRESENTATION_CONTEXT('2D SPACE',''
  ) );
#1731 = ORIENTED_EDGE('',*,*,#1732,.T.);
#1732 = EDGE_CURVE('',#1705,#1733,#1735,.T.);
#1733 = VERTEX_POINT('',#1734);
#1734 = CARTESIAN_POINT('',(73.842706719077,-7.272871812453,11.));
#1735 = SURFACE_CURVE('',#1736,(#1740,#1747),.PCURVE_S1.);
#1736 = LINE('',#1737,#1738);
#1737 = CARTESIAN_POINT('',(73.842706719077,-7.272871812453,-11.5));
#1738 = VECTOR('',#1739,1.);
#1739 = DIRECTION('',(0.,0.,1.));
#1740 = PCURVE('',#652,#1741);
#1741 = DEFINITIONAL_REPRESENTATION('',(#1742),#1746);
#1742 = LINE('',#1743,#1744);
#1743 = CARTESIAN_POINT('',(11.5,4.));
#1744 = VECTOR('',#1745,1.);
#1745 = DIRECTION('',(-1.,0.));
#1746 = ( GEOMETRIC_REPRESENTATION_CONTEXT(2) 
PARAMETRIC_REPRESENTATION_CONTEXT() REPRESENTATION_CONTEXT('2D SPACE',''
  ) );
#1747 = PCURVE('',#1748,#1753);
#1748 = CYLINDRICAL_SURFACE('',#1749,74.2);
#1749 = AXIS2_PLACEMENT_3D('',#1750,#1751,#1752);
#1750 = CARTESIAN_POINT('',(0.,0.,-11.5));
#1751 = DIRECTION('',(0.,0.,1.));
#1752 = DIRECTION('',(0.995184726672,-9.801714032956E-02,0.));
#1753 = DEFINITIONAL_REPRESENTATION('',(#1754),#1758);
#1754 = LINE('',#1755,#1756);
#1755 = CARTESIAN_POINT('',(0.,0.));
#1756 = VECTOR('',#1757,1.);
#1757 = DIRECTION('',(0.,1.));
#1758 = ( GEOMETRIC_REPRESENTATION_CONTEXT(2) 
PARAMETRIC_REPRESENTATION_CONTEXT() REPRESENTATION_CONTEXT('2D SPACE',''
  ) );
#1759 = ORIENTED_EDGE('',*,*,#1760,.T.);
#1760 = EDGE_CURVE('',#1733,#1761,#1763,.T.);
#1761 = VERTEX_POINT('',#1762);
#1762 = CARTESIAN_POINT('',(73.345114355741,-7.223863242289,11.5));
#1763 = SURFACE_CURVE('',#1764,(#1769,#1776),.PCURVE_S1.);
#1764 = CIRCLE('',#1765,0.5);
#1765 = AXIS2_PLACEMENT_3D('',#1766,#1767,#1768);
#1766 = CARTESIAN_POINT('',(73.345114355741,-7.223863242289,11.));
#1767 = DIRECTION('',(-9.801714032956E-02,-0.995184726672,0.));
#1768 = DIRECTION('',(0.995184726672,-9.801714032956E-02,0.));
#1769 = PCURVE('',#652,#1770);
#1770 = DEFINITIONAL_REPRESENTATION('',(#1771),#1775);
#1771 = ( BOUNDED_CURVE() B_SPLINE_CURVE(2,(#1772,#1773,#1774),
.UNSPECIFIED.,.F.,.F.) B_SPLINE_CURVE_WITH_KNOTS((3,3),(
1.795617647339E-18,1.570796326795),.PIECEWISE_BEZIER_KNOTS.) CURVE() 
GEOMETRIC_REPRESENTATION_ITEM() RATIONAL_B_SPLINE_CURVE((1.,
0.707106781187,1.)) REPRESENTATION_ITEM('') );
#1772 = CARTESIAN_POINT('',(-11.,4.));
#1773 = CARTESIAN_POINT('',(-11.5,4.));
#1774 = CARTESIAN_POINT('',(-11.5,3.5));
#1775 = ( GEOMETRIC_REPRESENTATION_CONTEXT(2) 
PARAMETRIC_REPRESENTATION_CONTEXT() REPRESENTATION_CONTEXT('2D SPACE',''
  ) );
#1776 = PCURVE('',#1777,#1782);
#1777 = TOROIDAL_SURFACE('',#1778,73.7,0.5);
#1778 = AXIS2_PLACEMENT_3D('',#1779,#1780,#1781);
#1779 = CARTESIAN_POINT('',(0.,0.,11.));
#1780 = DIRECTION('',(-0.,0.,1.));
#1781 = DIRECTION('',(0.995184726672,-9.801714032956E-02,0.));
#1782 = DEFINITIONAL_REPRESENTATION('',(#1783),#1786);
#1783 = B_SPLINE_CURVE_WITH_KNOTS('',1,(#1784,#1785),.UNSPECIFIED.,.F.,
  .F.,(2,2),(1.795617647339E-18,1.570796326795),
  .PIECEWISE_BEZIER_KNOTS.);
#1784 = CARTESIAN_POINT('',(1.208217016048E-17,3.591235294677E-18));
#1785 = CARTESIAN_POINT('',(1.208217016048E-17,1.570796326795));
#1786 = ( GEOMETRIC_REPRESENTATION_CONTEXT(2) 
PARAMETRIC_REPRESENTATION_CONTEXT() REPRESENTATION_CONTEXT('2D SPACE',''
  ) );
#1787 = ORIENTED_EDGE('',*,*,#1788,.T.);
#1788 = EDGE_CURVE('',#1761,#1789,#1791,.T.);
#1789 = VERTEX_POINT('',#1790);
#1790 = CARTESIAN_POINT('',(66.378821269036,-6.537743259982,11.5));
#1791 = SURFACE_CURVE('',#1792,(#1796,#1803),.PCURVE_S1.);
#1792 = LINE('',#1793,#1794);
#1793 = CARTESIAN_POINT('',(73.842706719077,-7.272871812453,11.5));
#1794 = VECTOR('',#1795,1.);
#1795 = DIRECTION('',(-0.995184726672,9.801714032956E-02,0.));
#1796 = PCURVE('',#652,#1797);
#1797 = DEFINITIONAL_REPRESENTATION('',(#1798),#1802);
#1798 = LINE('',#1799,#1800);
#1799 = CARTESIAN_POINT('',(-11.5,4.));
#1800 = VECTOR('',#1801,1.);
#1801 = DIRECTION('',(0.,-1.));
#1802 = ( GEOMETRIC_REPRESENTATION_CONTEXT(2) 
PARAMETRIC_REPRESENTATION_CONTEXT() REPRESENTATION_CONTEXT('2D SPACE',''
  ) );
#1803 = PCURVE('',#1804,#1809);
#1804 = PLANE('',#1805);
#1805 = AXIS2_PLACEMENT_3D('',#1806,#1807,#1808);
#1806 = CARTESIAN_POINT('',(0.,0.,11.5));
#1807 = DIRECTION('',(0.,0.,1.));
#1808 = DIRECTION('',(0.995184726672,-9.801714032956E-02,0.));
#1809 = DEFINITIONAL_REPRESENTATION('',(#1810),#1814);
#1810 = LINE('',#1811,#1812);
#1811 = CARTESIAN_POINT('',(74.2,0.));
#1812 = VECTOR('',#1813,1.);
#1813 = DIRECTION('',(-1.,0.));
#1814 = ( GEOMETRIC_REPRESENTATION_CONTEXT(2) 
PARAMETRIC_REPRESENTATION_CONTEXT() REPRESENTATION_CONTEXT('2D SPACE',''
  ) );
#1815 = ORIENTED_EDGE('',*,*,#1816,.T.);
#1816 = EDGE_CURVE('',#1789,#635,#1817,.T.);
#1817 = SURFACE_CURVE('',#1818,(#1823,#1830),.PCURVE_S1.);
#1818 = CIRCLE('',#1819,0.5);
#1819 = AXIS2_PLACEMENT_3D('',#1820,#1821,#1822);
#1820 = CARTESIAN_POINT('',(66.378821269036,-6.537743259982,11.));
#1821 = DIRECTION('',(-9.801714032956E-02,-0.995184726672,0.));
#1822 = DIRECTION('',(0.995184726672,-9.801714032956E-02,0.));
#1823 = PCURVE('',#652,#1824);
#1824 = DEFINITIONAL_REPRESENTATION('',(#1825),#1829);
#1825 = ( BOUNDED_CURVE() B_SPLINE_CURVE(2,(#1826,#1827,#1828),
.UNSPECIFIED.,.F.,.F.) B_SPLINE_CURVE_WITH_KNOTS((3,3),(1.570796326795,
3.14159265359),.PIECEWISE_BEZIER_KNOTS.) CURVE() 
GEOMETRIC_REPRESENTATION_ITEM() RATIONAL_B_SPLINE_CURVE((1.,
0.707106781187,1.)) REPRESENTATION_ITEM('') );
#1826 = CARTESIAN_POINT('',(-11.5,-3.5));
#1827 = CARTESIAN_POINT('',(-11.5,-4.));
#1828 = CARTESIAN_POINT('',(-11.,-4.));
#1829 = ( GEOMETRIC_REPRESENTATION_CONTEXT(2) 
PARAMETRIC_REPRESENTATION_CONTEXT() REPRESENTATION_CONTEXT('2D SPACE',''
  ) );
#1830 = PCURVE('',#681,#1831);
#1831 = DEFINITIONAL_REPRESENTATION('',(#1832),#1835);
#1832 = B_SPLINE_CURVE_WITH_KNOTS('',1,(#1833,#1834),.UNSPECIFIED.,.F.,
  .F.,(2,2),(1.570796326795,3.14159265359),.PIECEWISE_BEZIER_KNOTS.);
#1833 = CARTESIAN_POINT('',(0.,1.570796326795));
#1834 = CARTESIAN_POINT('',(0.,3.14159265359));
#1835 = ( GEOMETRIC_REPRESENTATION_CONTEXT(2) 
PARAMETRIC_REPRESENTATION_CONTEXT() REPRESENTATION_CONTEXT('2D SPACE',''
  ) );
#1836 = ORIENTED_EDGE('',*,*,#634,.T.);
#1837 = ORIENTED_EDGE('',*,*,#1838,.F.);
#1838 = EDGE_CURVE('',#1839,#637,#1841,.T.);
#1839 = VERTEX_POINT('',#1840);
#1840 = CARTESIAN_POINT('',(66.378821269036,-6.537743259982,-11.5));
#1841 = SURFACE_CURVE('',#1842,(#1847,#1854),.PCURVE_S1.);
#1842 = CIRCLE('',#1843,0.5);
#1843 = AXIS2_PLACEMENT_3D('',#1844,#1845,#1846);
#1844 = CARTESIAN_POINT('',(66.378821269036,-6.537743259982,-11.));
#1845 = DIRECTION('',(9.801714032956E-02,0.995184726672,0.));
#1846 = DIRECTION('',(0.995184726672,-9.801714032956E-02,0.));
#1847 = PCURVE('',#652,#1848);
#1848 = DEFINITIONAL_REPRESENTATION('',(#1849),#1853);
#1849 = ( BOUNDED_CURVE() B_SPLINE_CURVE(2,(#1850,#1851,#1852),
.UNSPECIFIED.,.F.,.F.) B_SPLINE_CURVE_WITH_KNOTS((3,3),(1.570796326795,
3.14159265359),.PIECEWISE_BEZIER_KNOTS.) CURVE() 
GEOMETRIC_REPRESENTATION_ITEM() RATIONAL_B_SPLINE_CURVE((1.,
0.707106781187,1.)) REPRESENTATION_ITEM('') );
#1850 = CARTESIAN_POINT('',(11.5,-3.5));
#1851 = CARTESIAN_POINT('',(11.5,-4.));
#1852 = CARTESIAN_POINT('',(11.,-4.));
#1853 = ( GEOMETRIC_REPRESENTATION_CONTEXT(2) 
PARAMETRIC_REPRESENTATION_CONTEXT() REPRESENTATION_CONTEXT('2D SPACE',''
  ) );
#1854 = PCURVE('',#736,#1855);
#1855 = DEFINITIONAL_REPRESENTATION('',(#1856),#1859);
#1856 = B_SPLINE_CURVE_WITH_KNOTS('',1,(#1857,#1858),.UNSPECIFIED.,.F.,
  .F.,(2,2),(-4.712388980385,-3.14159265359),.PIECEWISE_BEZIER_KNOTS.);
#1857 = CARTESIAN_POINT('',(2.650379603734E-17,-4.712388980385));
#1858 = CARTESIAN_POINT('',(2.650379603734E-17,-3.14159265359));
#1859 = ( GEOMETRIC_REPRESENTATION_CONTEXT(2) 
PARAMETRIC_REPRESENTATION_CONTEXT() REPRESENTATION_CONTEXT('2D SPACE',''
  ) );
#1860 = ORIENTED_EDGE('',*,*,#1861,.T.);
#1861 = EDGE_CURVE('',#1839,#1862,#1864,.T.);
#1862 = VERTEX_POINT('',#1863);
#1863 = CARTESIAN_POINT('',(73.345114355741,-7.223863242289,-11.5));
#1864 = SURFACE_CURVE('',#1865,(#1869,#1876),.PCURVE_S1.);
#1865 = LINE('',#1866,#1867);
#1866 = CARTESIAN_POINT('',(65.881228905699,-6.488734689817,-11.5));
#1867 = VECTOR('',#1868,1.);
#1868 = DIRECTION('',(0.995184726672,-9.801714032956E-02,0.));
#1869 = PCURVE('',#652,#1870);
#1870 = DEFINITIONAL_REPRESENTATION('',(#1871),#1875);
#1871 = LINE('',#1872,#1873);
#1872 = CARTESIAN_POINT('',(11.5,-4.));
#1873 = VECTOR('',#1874,1.);
#1874 = DIRECTION('',(0.,1.));
#1875 = ( GEOMETRIC_REPRESENTATION_CONTEXT(2) 
PARAMETRIC_REPRESENTATION_CONTEXT() REPRESENTATION_CONTEXT('2D SPACE',''
  ) );
#1876 = PCURVE('',#1877,#1882);
#1877 = PLANE('',#1878);
#1878 = AXIS2_PLACEMENT_3D('',#1879,#1880,#1881);
#1879 = CARTESIAN_POINT('',(0.,0.,-11.5));
#1880 = DIRECTION('',(0.,0.,1.));
#1881 = DIRECTION('',(0.995184726672,-9.801714032956E-02,0.));
#1882 = DEFINITIONAL_REPRESENTATION('',(#1883),#1887);
#1883 = LINE('',#1884,#1885);
#1884 = CARTESIAN_POINT('',(66.2,-0.));
#1885 = VECTOR('',#1886,1.);
#1886 = DIRECTION('',(1.,-0.));
#1887 = ( GEOMETRIC_REPRESENTATION_CONTEXT(2) 
PARAMETRIC_REPRESENTATION_CONTEXT() REPRESENTATION_CONTEXT('2D SPACE',''
  ) );
#1888 = ORIENTED_EDGE('',*,*,#1889,.T.);
#1889 = EDGE_CURVE('',#1862,#1890,#1892,.T.);
#1890 = VERTEX_POINT('',#1891);
#1891 = CARTESIAN_POINT('',(73.842706719077,-7.272871812453,-11.));
#1892 = SURFACE_CURVE('',#1893,(#1898,#1905),.PCURVE_S1.);
#1893 = CIRCLE('',#1894,0.5);
#1894 = AXIS2_PLACEMENT_3D('',#1895,#1896,#1897);
#1895 = CARTESIAN_POINT('',(73.345114355741,-7.223863242289,-11.));
#1896 = DIRECTION('',(-9.801714032956E-02,-0.995184726672,0.));
#1897 = DIRECTION('',(0.995184726672,-9.801714032956E-02,0.));
#1898 = PCURVE('',#652,#1899);
#1899 = DEFINITIONAL_REPRESENTATION('',(#1900),#1904);
#1900 = ( BOUNDED_CURVE() B_SPLINE_CURVE(2,(#1901,#1902,#1903),
.UNSPECIFIED.,.F.,.F.) B_SPLINE_CURVE_WITH_KNOTS((3,3),(4.712388980385,
6.28318530718),.PIECEWISE_BEZIER_KNOTS.) CURVE() 
GEOMETRIC_REPRESENTATION_ITEM() RATIONAL_B_SPLINE_CURVE((1.,
0.707106781187,1.)) REPRESENTATION_ITEM('') );
#1901 = CARTESIAN_POINT('',(11.5,3.5));
#1902 = CARTESIAN_POINT('',(11.5,4.));
#1903 = CARTESIAN_POINT('',(11.,4.));
#1904 = ( GEOMETRIC_REPRESENTATION_CONTEXT(2) 
PARAMETRIC_REPRESENTATION_CONTEXT() REPRESENTATION_CONTEXT('2D SPACE',''
  ) );
#1905 = PCURVE('',#1906,#1911);
#1906 = TOROIDAL_SURFACE('',#1907,73.7,0.5);
#1907 = AXIS2_PLACEMENT_3D('',#1908,#1909,#1910);
#1908 = CARTESIAN_POINT('',(0.,0.,-11.));
#1909 = DIRECTION('',(-0.,-0.,1.));
#1910 = DIRECTION('',(0.995184726672,-9.801714032956E-02,0.));
#1911 = DEFINITIONAL_REPRESENTATION('',(#1912),#1915);
#1912 = B_SPLINE_CURVE_WITH_KNOTS('',1,(#1913,#1914),.UNSPECIFIED.,.F.,
  .F.,(2,2),(4.712388980385,6.28318530718),.PIECEWISE_BEZIER_KNOTS.);
#1913 = CARTESIAN_POINT('',(1.208217016048E-17,4.712388980385));
#1914 = CARTESIAN_POINT('',(1.208217016048E-17,6.28318530718));
#1915 = ( GEOMETRIC_REPRESENTATION_CONTEXT(2) 
PARAMETRIC_REPRESENTATION_CONTEXT() REPRESENTATION_CONTEXT('2D SPACE',''
  ) );
#1916 = ORIENTED_EDGE('',*,*,#1917,.T.);
#1917 = EDGE_CURVE('',#1890,#1918,#1920,.T.);
#1918 = VERTEX_POINT('',#1919);
#1919 = CARTESIAN_POINT('',(73.842706719077,-7.272871812453,-4.));
#1920 = SURFACE_CURVE('',#1921,(#1925,#1932),.PCURVE_S1.);
#1921 = LINE('',#1922,#1923);
#1922 = CARTESIAN_POINT('',(73.842706719077,-7.272871812453,-11.5));
#1923 = VECTOR('',#1924,1.);
#1924 = DIRECTION('',(0.,0.,1.));
#1925 = PCURVE('',#652,#1926);
#1926 = DEFINITIONAL_REPRESENTATION('',(#1927),#1931);
#1927 = LINE('',#1928,#1929);
#1928 = CARTESIAN_POINT('',(11.5,4.));
#1929 = VECTOR('',#1930,1.);
#1930 = DIRECTION('',(-1.,0.));
#1931 = ( GEOMETRIC_REPRESENTATION_CONTEXT(2) 
PARAMETRIC_REPRESENTATION_CONTEXT() REPRESENTATION_CONTEXT('2D SPACE',''
  ) );
#1932 = PCURVE('',#1933,#1938);
#1933 = CYLINDRICAL_SURFACE('',#1934,74.2);
#1934 = AXIS2_PLACEMENT_3D('',#1935,#1936,#1937);
#1935 = CARTESIAN_POINT('',(0.,0.,-11.5));
#1936 = DIRECTION('',(0.,0.,1.));
#1937 = DIRECTION('',(0.995184726672,-9.801714032956E-02,0.));
#1938 = DEFINITIONAL_REPRESENTATION('',(#1939),#1943);
#1939 = LINE('',#1940,#1941);
#1940 = CARTESIAN_POINT('',(0.,0.));
#1941 = VECTOR('',#1942,1.);
#1942 = DIRECTION('',(0.,1.));
#1943 = ( GEOMETRIC_REPRESENTATION_CONTEXT(2) 
PARAMETRIC_REPRESENTATION_CONTEXT() REPRESENTATION_CONTEXT('2D SPACE',''
  ) );
#1944 = ORIENTED_EDGE('',*,*,#1945,.T.);
#1945 = EDGE_CURVE('',#1918,#1946,#1948,.T.);
#1946 = VERTEX_POINT('',#1947);
#1947 = CARTESIAN_POINT('',(72.17,-7.108124580287,-4.));
#1948 = SURFACE_CURVE('',#1949,(#1953,#1959),.PCURVE_S1.);
#1949 = LINE('',#1950,#1951);
#1950 = CARTESIAN_POINT('',(74.040629641218,-7.292365518812,-4.));
#1951 = VECTOR('',#1952,1.);
#1952 = DIRECTION('',(-0.995184726672,9.801714032956E-02,0.));
#1953 = PCURVE('',#652,#1954);
#1954 = DEFINITIONAL_REPRESENTATION('',(#1955),#1958);
#1955 = B_SPLINE_CURVE_WITH_KNOTS('',1,(#1956,#1957),.UNSPECIFIED.,.F.,
  .F.,(2,2),(0.198880586525,2.382100104315),.PIECEWISE_BEZIER_KNOTS.);
#1956 = CARTESIAN_POINT('',(4.,4.));
#1957 = CARTESIAN_POINT('',(4.,1.81678048221));
#1958 = ( GEOMETRIC_REPRESENTATION_CONTEXT(2) 
PARAMETRIC_REPRESENTATION_CONTEXT() REPRESENTATION_CONTEXT('2D SPACE',''
  ) );
#1959 = PCURVE('',#1960,#1965);
#1960 = PLANE('',#1961);
#1961 = AXIS2_PLACEMENT_3D('',#1962,#1963,#1964);
#1962 = CARTESIAN_POINT('',(71.67,-74.2,-4.));
#1963 = DIRECTION('',(0.,0.,1.));
#1964 = DIRECTION('',(1.,0.,0.));
#1965 = DEFINITIONAL_REPRESENTATION('',(#1966),#1969);
#1966 = B_SPLINE_CURVE_WITH_KNOTS('',1,(#1967,#1968),.UNSPECIFIED.,.F.,
  .F.,(2,2),(0.198880586525,2.382100104315),.PIECEWISE_BEZIER_KNOTS.);
#1967 = CARTESIAN_POINT('',(2.172706719077,66.927128187547));
#1968 = CARTESIAN_POINT('',(1.340633361622E-16,67.141121121392));
#1969 = ( GEOMETRIC_REPRESENTATION_CONTEXT(2) 
PARAMETRIC_REPRESENTATION_CONTEXT() REPRESENTATION_CONTEXT('2D SPACE',''
  ) );
#1970 = ORIENTED_EDGE('',*,*,#1971,.F.);
#1971 = EDGE_CURVE('',#1972,#1946,#1974,.T.);
#1972 = VERTEX_POINT('',#1973);
#1973 = CARTESIAN_POINT('',(71.67,-7.058878878608,-3.5));
#1974 = SURFACE_CURVE('',#1975,(#1980,#1987),.PCURVE_S1.);
#1975 = ELLIPSE('',#1976,0.502419286188,0.5);
#1976 = AXIS2_PLACEMENT_3D('',#1977,#1978,#1979);
#1977 = CARTESIAN_POINT('',(72.17,-7.108124580287,-3.5));
#1978 = DIRECTION('',(-9.801714032956E-02,-0.995184726672,-0.));
#1979 = DIRECTION('',(-0.995184726672,9.801714032956E-02,0.));
#1980 = PCURVE('',#652,#1981);
#1981 = DEFINITIONAL_REPRESENTATION('',(#1982),#1986);
#1982 = ELLIPSE('',#1983,0.502419286188,0.5);
#1983 = AXIS2_PLACEMENT_2D('',#1984,#1985);
#1984 = CARTESIAN_POINT('',(3.5,2.319199768398));
#1985 = DIRECTION('',(0.,-1.));
#1986 = ( GEOMETRIC_REPRESENTATION_CONTEXT(2) 
PARAMETRIC_REPRESENTATION_CONTEXT() REPRESENTATION_CONTEXT('2D SPACE',''
  ) );
#1987 = PCURVE('',#1988,#1993);
#1988 = CYLINDRICAL_SURFACE('',#1989,0.5);
#1989 = AXIS2_PLACEMENT_3D('',#1990,#1991,#1992);
#1990 = CARTESIAN_POINT('',(72.17,-7.058878878608,-3.5));
#1991 = DIRECTION('',(0.,1.,0.));
#1992 = DIRECTION('',(-1.,0.,0.));
#1993 = DEFINITIONAL_REPRESENTATION('',(#1994),#2001);
#1994 = B_SPLINE_CURVE_WITH_KNOTS('',5,(#1995,#1996,#1997,#1998,#1999,
    #2000),.UNSPECIFIED.,.F.,.F.,(6,6),(1.795617647339E-18,
    1.570796326795),.PIECEWISE_BEZIER_KNOTS.);
#1995 = CARTESIAN_POINT('',(1.110223024625E-16,-6.217248937901E-15));
#1996 = CARTESIAN_POINT('',(-0.314159265359,-6.222430682894E-15));
#1997 = CARTESIAN_POINT('',(-0.628318226024,-6.058695431627E-03));
#1998 = CARTESIAN_POINT('',(-0.942477925377,-1.828972154681E-02));
#1999 = CARTESIAN_POINT('',(-1.256637061436,-3.377470821716E-02));
#2000 = CARTESIAN_POINT('',(-1.570796326795,-4.924570167859E-02));
#2001 = ( GEOMETRIC_REPRESENTATION_CONTEXT(2) 
PARAMETRIC_REPRESENTATION_CONTEXT() REPRESENTATION_CONTEXT('2D SPACE',''
  ) );
#2002 = ORIENTED_EDGE('',*,*,#2003,.T.);
#2003 = EDGE_CURVE('',#1972,#2004,#2006,.T.);
#2004 = VERTEX_POINT('',#2005);
#2005 = CARTESIAN_POINT('',(71.67,-7.058878878608,3.5));
#2006 = SURFACE_CURVE('',#2007,(#2011,#2017),.PCURVE_S1.);
#2007 = LINE('',#2008,#2009);
#2008 = CARTESIAN_POINT('',(71.67,-7.058878878608,-2.));
#2009 = VECTOR('',#2010,1.);
#2010 = DIRECTION('',(0.,0.,1.));
#2011 = PCURVE('',#652,#2012);
#2012 = DEFINITIONAL_REPRESENTATION('',(#2013),#2016);
#2013 = B_SPLINE_CURVE_WITH_KNOTS('',1,(#2014,#2015),.UNSPECIFIED.,.F.,
  .F.,(2,2),(-2.,6.),.PIECEWISE_BEZIER_KNOTS.);
#2014 = CARTESIAN_POINT('',(4.,1.81678048221));
#2015 = CARTESIAN_POINT('',(-4.,1.81678048221));
#2016 = ( GEOMETRIC_REPRESENTATION_CONTEXT(2) 
PARAMETRIC_REPRESENTATION_CONTEXT() REPRESENTATION_CONTEXT('2D SPACE',''
  ) );
#2017 = PCURVE('',#2018,#2023);
#2018 = PLANE('',#2019);
#2019 = AXIS2_PLACEMENT_3D('',#2020,#2021,#2022);
#2020 = CARTESIAN_POINT('',(71.67,-74.2,-4.));
#2021 = DIRECTION('',(1.,0.,0.));
#2022 = DIRECTION('',(0.,0.,1.));
#2023 = DEFINITIONAL_REPRESENTATION('',(#2024),#2027);
#2024 = B_SPLINE_CURVE_WITH_KNOTS('',1,(#2025,#2026),.UNSPECIFIED.,.F.,
  .F.,(2,2),(-2.,6.),.PIECEWISE_BEZIER_KNOTS.);
#2025 = CARTESIAN_POINT('',(0.,-67.14112112139));
#2026 = CARTESIAN_POINT('',(8.,-67.14112112139));
#2027 = ( GEOMETRIC_REPRESENTATION_CONTEXT(2) 
PARAMETRIC_REPRESENTATION_CONTEXT() REPRESENTATION_CONTEXT('2D SPACE',''
  ) );
#2028 = ORIENTED_EDGE('',*,*,#2029,.F.);
#2029 = EDGE_CURVE('',#1707,#2004,#2030,.T.);
#2030 = SURFACE_CURVE('',#2031,(#2036,#2043),.PCURVE_S1.);
#2031 = ELLIPSE('',#2032,0.502419286188,0.5);
#2032 = AXIS2_PLACEMENT_3D('',#2033,#2034,#2035);
#2033 = CARTESIAN_POINT('',(72.17,-7.108124580287,3.5));
#2034 = DIRECTION('',(-9.801714032956E-02,-0.995184726672,-0.));
#2035 = DIRECTION('',(-0.995184726672,9.801714032956E-02,0.));
#2036 = PCURVE('',#652,#2037);
#2037 = DEFINITIONAL_REPRESENTATION('',(#2038),#2042);
#2038 = ELLIPSE('',#2039,0.502419286188,0.5);
#2039 = AXIS2_PLACEMENT_2D('',#2040,#2041);
#2040 = CARTESIAN_POINT('',(-3.5,2.319199768398));
#2041 = DIRECTION('',(0.,-1.));
#2042 = ( GEOMETRIC_REPRESENTATION_CONTEXT(2) 
PARAMETRIC_REPRESENTATION_CONTEXT() REPRESENTATION_CONTEXT('2D SPACE',''
  ) );
#2043 = PCURVE('',#2044,#2049);
#2044 = CYLINDRICAL_SURFACE('',#2045,0.5);
#2045 = AXIS2_PLACEMENT_3D('',#2046,#2047,#2048);
#2046 = CARTESIAN_POINT('',(72.17,-7.058878878608,3.5));
#2047 = DIRECTION('',(0.,1.,0.));
#2048 = DIRECTION('',(0.,-0.,1.));
#2049 = DEFINITIONAL_REPRESENTATION('',(#2050),#2057);
#2050 = B_SPLINE_CURVE_WITH_KNOTS('',5,(#2051,#2052,#2053,#2054,#2055,
    #2056),.UNSPECIFIED.,.F.,.F.,(6,6),(4.712388980385,6.28318530718),
  .PIECEWISE_BEZIER_KNOTS.);
#2051 = CARTESIAN_POINT('',(0.,-4.924570167859E-02));
#2052 = CARTESIAN_POINT('',(-0.314159265359,-3.377470821716E-02));
#2053 = CARTESIAN_POINT('',(-0.628318401418,-1.82897215468E-02));
#2054 = CARTESIAN_POINT('',(-0.94247810077,-6.058695431628E-03));
#2055 = CARTESIAN_POINT('',(-1.256637061436,-6.229764299227E-15));
#2056 = CARTESIAN_POINT('',(-1.570796326795,-6.215514214425E-15));
#2057 = ( GEOMETRIC_REPRESENTATION_CONTEXT(2) 
PARAMETRIC_REPRESENTATION_CONTEXT() REPRESENTATION_CONTEXT('2D SPACE',''
  ) );
#2058 = ADVANCED_FACE('',(#2059),#681,.T.);
#2059 = FACE_BOUND('',#2060,.T.);
#2060 = EDGE_LOOP('',(#2061,#2062,#2086,#2107));
#2061 = ORIENTED_EDGE('',*,*,#1816,.F.);
#2062 = ORIENTED_EDGE('',*,*,#2063,.T.);
#2063 = EDGE_CURVE('',#1789,#2064,#2066,.T.);
#2064 = VERTEX_POINT('',#2065);
#2065 = CARTESIAN_POINT('',(66.378821269036,6.537743259982,11.5));
#2066 = SURFACE_CURVE('',#2067,(#2072,#2079),.PCURVE_S1.);
#2067 = CIRCLE('',#2068,66.7);
#2068 = AXIS2_PLACEMENT_3D('',#2069,#2070,#2071);
#2069 = CARTESIAN_POINT('',(0.,0.,11.5));
#2070 = DIRECTION('',(-0.,0.,1.));
#2071 = DIRECTION('',(0.995184726672,-9.801714032956E-02,0.));
#2072 = PCURVE('',#681,#2073);
#2073 = DEFINITIONAL_REPRESENTATION('',(#2074),#2078);
#2074 = LINE('',#2075,#2076);
#2075 = CARTESIAN_POINT('',(0.,1.570796326795));
#2076 = VECTOR('',#2077,1.);
#2077 = DIRECTION('',(1.,0.));
#2078 = ( GEOMETRIC_REPRESENTATION_CONTEXT(2) 
PARAMETRIC_REPRESENTATION_CONTEXT() REPRESENTATION_CONTEXT('2D SPACE',''
  ) );
#2079 = PCURVE('',#1804,#2080);
#2080 = DEFINITIONAL_REPRESENTATION('',(#2081),#2085);
#2081 = CIRCLE('',#2082,66.7);
#2082 = AXIS2_PLACEMENT_2D('',#2083,#2084);
#2083 = CARTESIAN_POINT('',(0.,0.));
#2084 = DIRECTION('',(1.,3.760134910193E-17));
#2085 = ( GEOMETRIC_REPRESENTATION_CONTEXT(2) 
PARAMETRIC_REPRESENTATION_CONTEXT() REPRESENTATION_CONTEXT('2D SPACE',''
  ) );
#2086 = ORIENTED_EDGE('',*,*,#2087,.T.);
#2087 = EDGE_CURVE('',#2064,#665,#2088,.T.);
#2088 = SURFACE_CURVE('',#2089,(#2094,#2100),.PCURVE_S1.);
#2089 = CIRCLE('',#2090,0.5);
#2090 = AXIS2_PLACEMENT_3D('',#2091,#2092,#2093);
#2091 = CARTESIAN_POINT('',(66.378821269036,6.537743259982,11.));
#2092 = DIRECTION('',(9.801714032956E-02,-0.995184726672,0.));
#2093 = DIRECTION('',(0.995184726672,9.801714032956E-02,0.));
#2094 = PCURVE('',#681,#2095);
#2095 = DEFINITIONAL_REPRESENTATION('',(#2096),#2099);
#2096 = B_SPLINE_CURVE_WITH_KNOTS('',1,(#2097,#2098),.UNSPECIFIED.,.F.,
  .F.,(2,2),(1.570796326795,3.14159265359),.PIECEWISE_BEZIER_KNOTS.);
#2097 = CARTESIAN_POINT('',(0.196349540849,1.570796326795));
#2098 = CARTESIAN_POINT('',(0.196349540849,3.14159265359));
#2099 = ( GEOMETRIC_REPRESENTATION_CONTEXT(2) 
PARAMETRIC_REPRESENTATION_CONTEXT() REPRESENTATION_CONTEXT('2D SPACE',''
  ) );
#2100 = PCURVE('',#709,#2101);
#2101 = DEFINITIONAL_REPRESENTATION('',(#2102),#2106);
#2102 = ( BOUNDED_CURVE() B_SPLINE_CURVE(2,(#2103,#2104,#2105),
.UNSPECIFIED.,.F.,.F.) B_SPLINE_CURVE_WITH_KNOTS((3,3),(1.570796326795,
3.14159265359),.PIECEWISE_BEZIER_KNOTS.) CURVE() 
GEOMETRIC_REPRESENTATION_ITEM() RATIONAL_B_SPLINE_CURVE((1.,
0.707106781187,1.)) REPRESENTATION_ITEM('') );
#2103 = CARTESIAN_POINT('',(-11.5,-3.5));
#2104 = CARTESIAN_POINT('',(-11.5,-4.));
#2105 = CARTESIAN_POINT('',(-11.,-4.));
#2106 = ( GEOMETRIC_REPRESENTATION_CONTEXT(2) 
PARAMETRIC_REPRESENTATION_CONTEXT() REPRESENTATION_CONTEXT('2D SPACE',''
  ) );
#2107 = ORIENTED_EDGE('',*,*,#664,.F.);
#2108 = ADVANCED_FACE('',(#2109),#736,.T.);
#2109 = FACE_BOUND('',#2110,.F.);
#2110 = EDGE_LOOP('',(#2111,#2112,#2136,#2157));
#2111 = ORIENTED_EDGE('',*,*,#1838,.F.);
#2112 = ORIENTED_EDGE('',*,*,#2113,.T.);
#2113 = EDGE_CURVE('',#1839,#2114,#2116,.T.);
#2114 = VERTEX_POINT('',#2115);
#2115 = CARTESIAN_POINT('',(66.378821269036,6.537743259982,-11.5));
#2116 = SURFACE_CURVE('',#2117,(#2122,#2129),.PCURVE_S1.);
#2117 = CIRCLE('',#2118,66.7);
#2118 = AXIS2_PLACEMENT_3D('',#2119,#2120,#2121);
#2119 = CARTESIAN_POINT('',(0.,0.,-11.5));
#2120 = DIRECTION('',(-0.,0.,1.));
#2121 = DIRECTION('',(0.995184726672,-9.801714032956E-02,0.));
#2122 = PCURVE('',#736,#2123);
#2123 = DEFINITIONAL_REPRESENTATION('',(#2124),#2128);
#2124 = LINE('',#2125,#2126);
#2125 = CARTESIAN_POINT('',(-0.,1.570796326795));
#2126 = VECTOR('',#2127,1.);
#2127 = DIRECTION('',(-1.,0.));
#2128 = ( GEOMETRIC_REPRESENTATION_CONTEXT(2) 
PARAMETRIC_REPRESENTATION_CONTEXT() REPRESENTATION_CONTEXT('2D SPACE',''
  ) );
#2129 = PCURVE('',#1877,#2130);
#2130 = DEFINITIONAL_REPRESENTATION('',(#2131),#2135);
#2131 = CIRCLE('',#2132,66.7);
#2132 = AXIS2_PLACEMENT_2D('',#2133,#2134);
#2133 = CARTESIAN_POINT('',(0.,0.));
#2134 = DIRECTION('',(1.,3.760134910193E-17));
#2135 = ( GEOMETRIC_REPRESENTATION_CONTEXT(2) 
PARAMETRIC_REPRESENTATION_CONTEXT() REPRESENTATION_CONTEXT('2D SPACE',''
  ) );
#2136 = ORIENTED_EDGE('',*,*,#2137,.T.);
#2137 = EDGE_CURVE('',#2114,#694,#2138,.T.);
#2138 = SURFACE_CURVE('',#2139,(#2144,#2150),.PCURVE_S1.);
#2139 = CIRCLE('',#2140,0.5);
#2140 = AXIS2_PLACEMENT_3D('',#2141,#2142,#2143);
#2141 = CARTESIAN_POINT('',(66.378821269036,6.537743259982,-11.));
#2142 = DIRECTION('',(-9.801714032956E-02,0.995184726672,0.));
#2143 = DIRECTION('',(0.995184726672,9.801714032956E-02,0.));
#2144 = PCURVE('',#736,#2145);
#2145 = DEFINITIONAL_REPRESENTATION('',(#2146),#2149);
#2146 = B_SPLINE_CURVE_WITH_KNOTS('',1,(#2147,#2148),.UNSPECIFIED.,.F.,
  .F.,(2,2),(-4.712388980385,-3.14159265359),.PIECEWISE_BEZIER_KNOTS.);
#2147 = CARTESIAN_POINT('',(-0.196349540849,-4.712388980385));
#2148 = CARTESIAN_POINT('',(-0.196349540849,-3.14159265359));
#2149 = ( GEOMETRIC_REPRESENTATION_CONTEXT(2) 
PARAMETRIC_REPRESENTATION_CONTEXT() REPRESENTATION_CONTEXT('2D SPACE',''
  ) );
#2150 = PCURVE('',#709,#2151);
#2151 = DEFINITIONAL_REPRESENTATION('',(#2152),#2156);
#2152 = ( BOUNDED_CURVE() B_SPLINE_CURVE(2,(#2153,#2154,#2155),
.UNSPECIFIED.,.F.,.F.) B_SPLINE_CURVE_WITH_KNOTS((3,3),(1.570796326795,
3.14159265359),.PIECEWISE_BEZIER_KNOTS.) CURVE() 
GEOMETRIC_REPRESENTATION_ITEM() RATIONAL_B_SPLINE_CURVE((1.,
0.707106781187,1.)) REPRESENTATION_ITEM('') );
#2153 = CARTESIAN_POINT('',(11.5,-3.5));
#2154 = CARTESIAN_POINT('',(11.5,-4.));
#2155 = CARTESIAN_POINT('',(11.,-4.));
#2156 = ( GEOMETRIC_REPRESENTATION_CONTEXT(2) 
PARAMETRIC_REPRESENTATION_CONTEXT() REPRESENTATION_CONTEXT('2D SPACE',''
  ) );
#2157 = ORIENTED_EDGE('',*,*,#721,.F.);
#2158 = ADVANCED_FACE('',(#2159),#709,.F.);
#2159 = FACE_BOUND('',#2160,.F.);
#2160 = EDGE_LOOP('',(#2161,#2184,#2207,#2230,#2251,#2252,#2253,#2254,
    #2277,#2300,#2323,#2344,#2371,#2392));
#2161 = ORIENTED_EDGE('',*,*,#2162,.F.);
#2162 = EDGE_CURVE('',#2163,#2165,#2167,.T.);
#2163 = VERTEX_POINT('',#2164);
#2164 = CARTESIAN_POINT('',(73.842706719077,7.272871812453,4.));
#2165 = VERTEX_POINT('',#2166);
#2166 = CARTESIAN_POINT('',(72.17,7.108124580287,4.));
#2167 = SURFACE_CURVE('',#2168,(#2172,#2178),.PCURVE_S1.);
#2168 = LINE('',#2169,#2170);
#2169 = CARTESIAN_POINT('',(66.80277869442,6.579499421771,4.));
#2170 = VECTOR('',#2171,1.);
#2171 = DIRECTION('',(-0.995184726672,-9.801714032956E-02,0.));
#2172 = PCURVE('',#709,#2173);
#2173 = DEFINITIONAL_REPRESENTATION('',(#2174),#2177);
#2174 = B_SPLINE_CURVE_WITH_KNOTS('',1,(#2175,#2176),.UNSPECIFIED.,.F.,
  .F.,(2,2),(-7.073991225929,-4.890771708139),.PIECEWISE_BEZIER_KNOTS.);
#2175 = CARTESIAN_POINT('',(-4.,4.));
#2176 = CARTESIAN_POINT('',(-4.,1.81678048221));
#2177 = ( GEOMETRIC_REPRESENTATION_CONTEXT(2) 
PARAMETRIC_REPRESENTATION_CONTEXT() REPRESENTATION_CONTEXT('2D SPACE',''
  ) );
#2178 = PCURVE('',#1721,#2179);
#2179 = DEFINITIONAL_REPRESENTATION('',(#2180),#2183);
#2180 = B_SPLINE_CURVE_WITH_KNOTS('',1,(#2181,#2182),.UNSPECIFIED.,.F.,
  .F.,(2,2),(-7.073991225929,-4.890771708139),.PIECEWISE_BEZIER_KNOTS.);
#2181 = CARTESIAN_POINT('',(2.172706719077,81.472871812453));
#2182 = CARTESIAN_POINT('',(6.497239161534E-16,81.258878878608));
#2183 = ( GEOMETRIC_REPRESENTATION_CONTEXT(2) 
PARAMETRIC_REPRESENTATION_CONTEXT() REPRESENTATION_CONTEXT('2D SPACE',''
  ) );
#2184 = ORIENTED_EDGE('',*,*,#2185,.T.);
#2185 = EDGE_CURVE('',#2163,#2186,#2188,.T.);
#2186 = VERTEX_POINT('',#2187);
#2187 = CARTESIAN_POINT('',(73.842706719077,7.272871812453,11.));
#2188 = SURFACE_CURVE('',#2189,(#2193,#2200),.PCURVE_S1.);
#2189 = LINE('',#2190,#2191);
#2190 = CARTESIAN_POINT('',(73.842706719077,7.272871812453,-11.5));
#2191 = VECTOR('',#2192,1.);
#2192 = DIRECTION('',(0.,0.,1.));
#2193 = PCURVE('',#709,#2194);
#2194 = DEFINITIONAL_REPRESENTATION('',(#2195),#2199);
#2195 = LINE('',#2196,#2197);
#2196 = CARTESIAN_POINT('',(11.5,4.));
#2197 = VECTOR('',#2198,1.);
#2198 = DIRECTION('',(-1.,0.));
#2199 = ( GEOMETRIC_REPRESENTATION_CONTEXT(2) 
PARAMETRIC_REPRESENTATION_CONTEXT() REPRESENTATION_CONTEXT('2D SPACE',''
  ) );
#2200 = PCURVE('',#1748,#2201);
#2201 = DEFINITIONAL_REPRESENTATION('',(#2202),#2206);
#2202 = LINE('',#2203,#2204);
#2203 = CARTESIAN_POINT('',(0.196349540849,0.));
#2204 = VECTOR('',#2205,1.);
#2205 = DIRECTION('',(0.,1.));
#2206 = ( GEOMETRIC_REPRESENTATION_CONTEXT(2) 
PARAMETRIC_REPRESENTATION_CONTEXT() REPRESENTATION_CONTEXT('2D SPACE',''
  ) );
#2207 = ORIENTED_EDGE('',*,*,#2208,.T.);
#2208 = EDGE_CURVE('',#2186,#2209,#2211,.T.);
#2209 = VERTEX_POINT('',#2210);
#2210 = CARTESIAN_POINT('',(73.345114355741,7.223863242289,11.5));
#2211 = SURFACE_CURVE('',#2212,(#2217,#2224),.PCURVE_S1.);
#2212 = CIRCLE('',#2213,0.5);
#2213 = AXIS2_PLACEMENT_3D('',#2214,#2215,#2216);
#2214 = CARTESIAN_POINT('',(73.345114355741,7.223863242289,11.));
#2215 = DIRECTION('',(9.801714032956E-02,-0.995184726672,0.));
#2216 = DIRECTION('',(0.995184726672,9.801714032956E-02,0.));
#2217 = PCURVE('',#709,#2218);
#2218 = DEFINITIONAL_REPRESENTATION('',(#2219),#2223);
#2219 = ( BOUNDED_CURVE() B_SPLINE_CURVE(2,(#2220,#2221,#2222),
.UNSPECIFIED.,.F.,.F.) B_SPLINE_CURVE_WITH_KNOTS((3,3),(
1.862442988819E-18,1.570796326795),.PIECEWISE_BEZIER_KNOTS.) CURVE() 
GEOMETRIC_REPRESENTATION_ITEM() RATIONAL_B_SPLINE_CURVE((1.,
0.707106781187,1.)) REPRESENTATION_ITEM('') );
#2220 = CARTESIAN_POINT('',(-11.,4.));
#2221 = CARTESIAN_POINT('',(-11.5,4.));
#2222 = CARTESIAN_POINT('',(-11.5,3.5));
#2223 = ( GEOMETRIC_REPRESENTATION_CONTEXT(2) 
PARAMETRIC_REPRESENTATION_CONTEXT() REPRESENTATION_CONTEXT('2D SPACE',''
  ) );
#2224 = PCURVE('',#1777,#2225);
#2225 = DEFINITIONAL_REPRESENTATION('',(#2226),#2229);
#2226 = B_SPLINE_CURVE_WITH_KNOTS('',1,(#2227,#2228),.UNSPECIFIED.,.F.,
  .F.,(2,2),(1.862442988819E-18,1.570796326795),
  .PIECEWISE_BEZIER_KNOTS.);
#2227 = CARTESIAN_POINT('',(0.196349540849,3.724885977637E-18));
#2228 = CARTESIAN_POINT('',(0.196349540849,1.570796326795));
#2229 = ( GEOMETRIC_REPRESENTATION_CONTEXT(2) 
PARAMETRIC_REPRESENTATION_CONTEXT() REPRESENTATION_CONTEXT('2D SPACE',''
  ) );
#2230 = ORIENTED_EDGE('',*,*,#2231,.T.);
#2231 = EDGE_CURVE('',#2209,#2064,#2232,.T.);
#2232 = SURFACE_CURVE('',#2233,(#2237,#2244),.PCURVE_S1.);
#2233 = LINE('',#2234,#2235);
#2234 = CARTESIAN_POINT('',(73.842706719077,7.272871812453,11.5));
#2235 = VECTOR('',#2236,1.);
#2236 = DIRECTION('',(-0.995184726672,-9.801714032956E-02,0.));
#2237 = PCURVE('',#709,#2238);
#2238 = DEFINITIONAL_REPRESENTATION('',(#2239),#2243);
#2239 = LINE('',#2240,#2241);
#2240 = CARTESIAN_POINT('',(-11.5,4.));
#2241 = VECTOR('',#2242,1.);
#2242 = DIRECTION('',(0.,-1.));
#2243 = ( GEOMETRIC_REPRESENTATION_CONTEXT(2) 
PARAMETRIC_REPRESENTATION_CONTEXT() REPRESENTATION_CONTEXT('2D SPACE',''
  ) );
#2244 = PCURVE('',#1804,#2245);
#2245 = DEFINITIONAL_REPRESENTATION('',(#2246),#2250);
#2246 = LINE('',#2247,#2248);
#2247 = CARTESIAN_POINT('',(72.77426780592,14.475701893597));
#2248 = VECTOR('',#2249,1.);
#2249 = DIRECTION('',(-0.980785280403,-0.195090322016));
#2250 = ( GEOMETRIC_REPRESENTATION_CONTEXT(2) 
PARAMETRIC_REPRESENTATION_CONTEXT() REPRESENTATION_CONTEXT('2D SPACE',''
  ) );
#2251 = ORIENTED_EDGE('',*,*,#2087,.T.);
#2252 = ORIENTED_EDGE('',*,*,#693,.T.);
#2253 = ORIENTED_EDGE('',*,*,#2137,.F.);
#2254 = ORIENTED_EDGE('',*,*,#2255,.T.);
#2255 = EDGE_CURVE('',#2114,#2256,#2258,.T.);
#2256 = VERTEX_POINT('',#2257);
#2257 = CARTESIAN_POINT('',(73.345114355741,7.223863242289,-11.5));
#2258 = SURFACE_CURVE('',#2259,(#2263,#2270),.PCURVE_S1.);
#2259 = LINE('',#2260,#2261);
#2260 = CARTESIAN_POINT('',(65.881228905699,6.488734689817,-11.5));
#2261 = VECTOR('',#2262,1.);
#2262 = DIRECTION('',(0.995184726672,9.801714032956E-02,0.));
#2263 = PCURVE('',#709,#2264);
#2264 = DEFINITIONAL_REPRESENTATION('',(#2265),#2269);
#2265 = LINE('',#2266,#2267);
#2266 = CARTESIAN_POINT('',(11.5,-4.));
#2267 = VECTOR('',#2268,1.);
#2268 = DIRECTION('',(0.,1.));
#2269 = ( GEOMETRIC_REPRESENTATION_CONTEXT(2) 
PARAMETRIC_REPRESENTATION_CONTEXT() REPRESENTATION_CONTEXT('2D SPACE',''
  ) );
#2270 = PCURVE('',#1877,#2271);
#2271 = DEFINITIONAL_REPRESENTATION('',(#2272),#2276);
#2272 = LINE('',#2273,#2274);
#2273 = CARTESIAN_POINT('',(64.927985562694,12.914979317468));
#2274 = VECTOR('',#2275,1.);
#2275 = DIRECTION('',(0.980785280403,0.195090322016));
#2276 = ( GEOMETRIC_REPRESENTATION_CONTEXT(2) 
PARAMETRIC_REPRESENTATION_CONTEXT() REPRESENTATION_CONTEXT('2D SPACE',''
  ) );
#2277 = ORIENTED_EDGE('',*,*,#2278,.T.);
#2278 = EDGE_CURVE('',#2256,#2279,#2281,.T.);
#2279 = VERTEX_POINT('',#2280);
#2280 = CARTESIAN_POINT('',(73.842706719077,7.272871812453,-11.));
#2281 = SURFACE_CURVE('',#2282,(#2287,#2294),.PCURVE_S1.);
#2282 = CIRCLE('',#2283,0.5);
#2283 = AXIS2_PLACEMENT_3D('',#2284,#2285,#2286);
#2284 = CARTESIAN_POINT('',(73.345114355741,7.223863242289,-11.));
#2285 = DIRECTION('',(9.801714032956E-02,-0.995184726672,0.));
#2286 = DIRECTION('',(0.995184726672,9.801714032956E-02,0.));
#2287 = PCURVE('',#709,#2288);
#2288 = DEFINITIONAL_REPRESENTATION('',(#2289),#2293);
#2289 = ( BOUNDED_CURVE() B_SPLINE_CURVE(2,(#2290,#2291,#2292),
.UNSPECIFIED.,.F.,.F.) B_SPLINE_CURVE_WITH_KNOTS((3,3),(4.712388980385,
6.28318530718),.PIECEWISE_BEZIER_KNOTS.) CURVE() 
GEOMETRIC_REPRESENTATION_ITEM() RATIONAL_B_SPLINE_CURVE((1.,
0.707106781187,1.)) REPRESENTATION_ITEM('') );
#2290 = CARTESIAN_POINT('',(11.5,3.5));
#2291 = CARTESIAN_POINT('',(11.5,4.));
#2292 = CARTESIAN_POINT('',(11.,4.));
#2293 = ( GEOMETRIC_REPRESENTATION_CONTEXT(2) 
PARAMETRIC_REPRESENTATION_CONTEXT() REPRESENTATION_CONTEXT('2D SPACE',''
  ) );
#2294 = PCURVE('',#1906,#2295);
#2295 = DEFINITIONAL_REPRESENTATION('',(#2296),#2299);
#2296 = B_SPLINE_CURVE_WITH_KNOTS('',1,(#2297,#2298),.UNSPECIFIED.,.F.,
  .F.,(2,2),(4.712388980385,6.28318530718),.PIECEWISE_BEZIER_KNOTS.);
#2297 = CARTESIAN_POINT('',(0.196349540849,4.712388980385));
#2298 = CARTESIAN_POINT('',(0.196349540849,6.28318530718));
#2299 = ( GEOMETRIC_REPRESENTATION_CONTEXT(2) 
PARAMETRIC_REPRESENTATION_CONTEXT() REPRESENTATION_CONTEXT('2D SPACE',''
  ) );
#2300 = ORIENTED_EDGE('',*,*,#2301,.T.);
#2301 = EDGE_CURVE('',#2279,#2302,#2304,.T.);
#2302 = VERTEX_POINT('',#2303);
#2303 = CARTESIAN_POINT('',(73.842706719077,7.272871812453,-4.));
#2304 = SURFACE_CURVE('',#2305,(#2309,#2316),.PCURVE_S1.);
#2305 = LINE('',#2306,#2307);
#2306 = CARTESIAN_POINT('',(73.842706719077,7.272871812453,-11.5));
#2307 = VECTOR('',#2308,1.);
#2308 = DIRECTION('',(0.,0.,1.));
#2309 = PCURVE('',#709,#2310);
#2310 = DEFINITIONAL_REPRESENTATION('',(#2311),#2315);
#2311 = LINE('',#2312,#2313);
#2312 = CARTESIAN_POINT('',(11.5,4.));
#2313 = VECTOR('',#2314,1.);
#2314 = DIRECTION('',(-1.,0.));
#2315 = ( GEOMETRIC_REPRESENTATION_CONTEXT(2) 
PARAMETRIC_REPRESENTATION_CONTEXT() REPRESENTATION_CONTEXT('2D SPACE',''
  ) );
#2316 = PCURVE('',#1933,#2317);
#2317 = DEFINITIONAL_REPRESENTATION('',(#2318),#2322);
#2318 = LINE('',#2319,#2320);
#2319 = CARTESIAN_POINT('',(0.196349540849,0.));
#2320 = VECTOR('',#2321,1.);
#2321 = DIRECTION('',(0.,1.));
#2322 = ( GEOMETRIC_REPRESENTATION_CONTEXT(2) 
PARAMETRIC_REPRESENTATION_CONTEXT() REPRESENTATION_CONTEXT('2D SPACE',''
  ) );
#2323 = ORIENTED_EDGE('',*,*,#2324,.T.);
#2324 = EDGE_CURVE('',#2302,#2325,#2327,.T.);
#2325 = VERTEX_POINT('',#2326);
#2326 = CARTESIAN_POINT('',(72.17,7.108124580287,-4.));
#2327 = SURFACE_CURVE('',#2328,(#2332,#2338),.PCURVE_S1.);
#2328 = LINE('',#2329,#2330);
#2329 = CARTESIAN_POINT('',(66.80277869442,6.579499421771,-4.));
#2330 = VECTOR('',#2331,1.);
#2331 = DIRECTION('',(-0.995184726672,-9.801714032956E-02,0.));
#2332 = PCURVE('',#709,#2333);
#2333 = DEFINITIONAL_REPRESENTATION('',(#2334),#2337);
#2334 = B_SPLINE_CURVE_WITH_KNOTS('',1,(#2335,#2336),.UNSPECIFIED.,.F.,
  .F.,(2,2),(-7.073991225929,-4.890771708139),.PIECEWISE_BEZIER_KNOTS.);
#2335 = CARTESIAN_POINT('',(4.,4.));
#2336 = CARTESIAN_POINT('',(4.,1.81678048221));
#2337 = ( GEOMETRIC_REPRESENTATION_CONTEXT(2) 
PARAMETRIC_REPRESENTATION_CONTEXT() REPRESENTATION_CONTEXT('2D SPACE',''
  ) );
#2338 = PCURVE('',#1960,#2339);
#2339 = DEFINITIONAL_REPRESENTATION('',(#2340),#2343);
#2340 = B_SPLINE_CURVE_WITH_KNOTS('',1,(#2341,#2342),.UNSPECIFIED.,.F.,
  .F.,(2,2),(-7.073991225929,-4.890771708139),.PIECEWISE_BEZIER_KNOTS.);
#2341 = CARTESIAN_POINT('',(2.172706719077,81.472871812453));
#2342 = CARTESIAN_POINT('',(6.497239161534E-16,81.258878878608));
#2343 = ( GEOMETRIC_REPRESENTATION_CONTEXT(2) 
PARAMETRIC_REPRESENTATION_CONTEXT() REPRESENTATION_CONTEXT('2D SPACE',''
  ) );
#2344 = ORIENTED_EDGE('',*,*,#2345,.F.);
#2345 = EDGE_CURVE('',#2346,#2325,#2348,.T.);
#2346 = VERTEX_POINT('',#2347);
#2347 = CARTESIAN_POINT('',(71.67,7.058878878608,-3.5));
#2348 = SURFACE_CURVE('',#2349,(#2354,#2361),.PCURVE_S1.);
#2349 = ELLIPSE('',#2350,0.502419286188,0.5);
#2350 = AXIS2_PLACEMENT_3D('',#2351,#2352,#2353);
#2351 = CARTESIAN_POINT('',(72.17,7.108124580287,-3.5));
#2352 = DIRECTION('',(9.801714032956E-02,-0.995184726672,0.));
#2353 = DIRECTION('',(0.995184726672,9.801714032956E-02,0.));
#2354 = PCURVE('',#709,#2355);
#2355 = DEFINITIONAL_REPRESENTATION('',(#2356),#2360);
#2356 = ELLIPSE('',#2357,0.502419286188,0.5);
#2357 = AXIS2_PLACEMENT_2D('',#2358,#2359);
#2358 = CARTESIAN_POINT('',(3.5,2.319199768398));
#2359 = DIRECTION('',(0.,1.));
#2360 = ( GEOMETRIC_REPRESENTATION_CONTEXT(2) 
PARAMETRIC_REPRESENTATION_CONTEXT() REPRESENTATION_CONTEXT('2D SPACE',''
  ) );
#2361 = PCURVE('',#1988,#2362);
#2362 = DEFINITIONAL_REPRESENTATION('',(#2363),#2370);
#2363 = B_SPLINE_CURVE_WITH_KNOTS('',5,(#2364,#2365,#2366,#2367,#2368,
    #2369),.UNSPECIFIED.,.F.,.F.,(6,6),(3.14159265359,4.712388980385),
  .PIECEWISE_BEZIER_KNOTS.);
#2364 = CARTESIAN_POINT('',(0.,14.117757757216));
#2365 = CARTESIAN_POINT('',(-0.314159265359,14.117757757216));
#2366 = CARTESIAN_POINT('',(-0.628318226024,14.123816452648));
#2367 = CARTESIAN_POINT('',(-0.942477925377,14.136047478763));
#2368 = CARTESIAN_POINT('',(-1.256637061436,14.151532465433));
#2369 = CARTESIAN_POINT('',(-1.570796326795,14.167003458895));
#2370 = ( GEOMETRIC_REPRESENTATION_CONTEXT(2) 
PARAMETRIC_REPRESENTATION_CONTEXT() REPRESENTATION_CONTEXT('2D SPACE',''
  ) );
#2371 = ORIENTED_EDGE('',*,*,#2372,.T.);
#2372 = EDGE_CURVE('',#2346,#2373,#2375,.T.);
#2373 = VERTEX_POINT('',#2374);
#2374 = CARTESIAN_POINT('',(71.67,7.058878878608,3.5));
#2375 = SURFACE_CURVE('',#2376,(#2380,#2386),.PCURVE_S1.);
#2376 = LINE('',#2377,#2378);
#2377 = CARTESIAN_POINT('',(71.67,7.058878878608,-2.));
#2378 = VECTOR('',#2379,1.);
#2379 = DIRECTION('',(-0.,0.,1.));
#2380 = PCURVE('',#709,#2381);
#2381 = DEFINITIONAL_REPRESENTATION('',(#2382),#2385);
#2382 = B_SPLINE_CURVE_WITH_KNOTS('',1,(#2383,#2384),.UNSPECIFIED.,.F.,
  .F.,(2,2),(-2.,6.),.PIECEWISE_BEZIER_KNOTS.);
#2383 = CARTESIAN_POINT('',(4.,1.81678048221));
#2384 = CARTESIAN_POINT('',(-4.,1.81678048221));
#2385 = ( GEOMETRIC_REPRESENTATION_CONTEXT(2) 
PARAMETRIC_REPRESENTATION_CONTEXT() REPRESENTATION_CONTEXT('2D SPACE',''
  ) );
#2386 = PCURVE('',#2018,#2387);
#2387 = DEFINITIONAL_REPRESENTATION('',(#2388),#2391);
#2388 = B_SPLINE_CURVE_WITH_KNOTS('',1,(#2389,#2390),.UNSPECIFIED.,.F.,
  .F.,(2,2),(-2.,6.),.PIECEWISE_BEZIER_KNOTS.);
#2389 = CARTESIAN_POINT('',(0.,-81.2588788786));
#2390 = CARTESIAN_POINT('',(8.,-81.2588788786));
#2391 = ( GEOMETRIC_REPRESENTATION_CONTEXT(2) 
PARAMETRIC_REPRESENTATION_CONTEXT() REPRESENTATION_CONTEXT('2D SPACE',''
  ) );
#2392 = ORIENTED_EDGE('',*,*,#2393,.F.);
#2393 = EDGE_CURVE('',#2165,#2373,#2394,.T.);
#2394 = SURFACE_CURVE('',#2395,(#2400,#2407),.PCURVE_S1.);
#2395 = ELLIPSE('',#2396,0.502419286188,0.5);
#2396 = AXIS2_PLACEMENT_3D('',#2397,#2398,#2399);
#2397 = CARTESIAN_POINT('',(72.17,7.108124580287,3.5));
#2398 = DIRECTION('',(9.801714032956E-02,-0.995184726672,0.));
#2399 = DIRECTION('',(0.995184726672,9.801714032956E-02,0.));
#2400 = PCURVE('',#709,#2401);
#2401 = DEFINITIONAL_REPRESENTATION('',(#2402),#2406);
#2402 = ELLIPSE('',#2403,0.502419286188,0.5);
#2403 = AXIS2_PLACEMENT_2D('',#2404,#2405);
#2404 = CARTESIAN_POINT('',(-3.5,2.319199768398));
#2405 = DIRECTION('',(0.,1.));
#2406 = ( GEOMETRIC_REPRESENTATION_CONTEXT(2) 
PARAMETRIC_REPRESENTATION_CONTEXT() REPRESENTATION_CONTEXT('2D SPACE',''
  ) );
#2407 = PCURVE('',#2044,#2408);
#2408 = DEFINITIONAL_REPRESENTATION('',(#2409),#2416);
#2409 = B_SPLINE_CURVE_WITH_KNOTS('',5,(#2410,#2411,#2412,#2413,#2414,
    #2415),.UNSPECIFIED.,.F.,.F.,(6,6),(1.570796326795,3.14159265359),
  .PIECEWISE_BEZIER_KNOTS.);
#2410 = CARTESIAN_POINT('',(2.831068712794E-14,14.167003458894));
#2411 = CARTESIAN_POINT('',(-0.314159265359,14.151532465433));
#2412 = CARTESIAN_POINT('',(-0.628318401418,14.136047478763));
#2413 = CARTESIAN_POINT('',(-0.94247810077,14.123816452648));
#2414 = CARTESIAN_POINT('',(-1.256637061436,14.117757757216));
#2415 = CARTESIAN_POINT('',(-1.570796326795,14.117757757216));
#2416 = ( GEOMETRIC_REPRESENTATION_CONTEXT(2) 
PARAMETRIC_REPRESENTATION_CONTEXT() REPRESENTATION_CONTEXT('2D SPACE',''
  ) );
#2417 = ADVANCED_FACE('',(#2418),#950,.F.);
#2418 = FACE_BOUND('',#2419,.F.);
#2419 = EDGE_LOOP('',(#2420,#2443,#2444,#2445,#2675));
#2420 = ORIENTED_EDGE('',*,*,#2421,.F.);
#2421 = EDGE_CURVE('',#891,#2422,#2424,.T.);
#2422 = VERTEX_POINT('',#2423);
#2423 = CARTESIAN_POINT('',(66.45,2.,9.));
#2424 = SURFACE_CURVE('',#2425,(#2429,#2436),.PCURVE_S1.);
#2425 = LINE('',#2426,#2427);
#2426 = CARTESIAN_POINT('',(62.2,2.,9.));
#2427 = VECTOR('',#2428,1.);
#2428 = DIRECTION('',(1.,0.,0.));
#2429 = PCURVE('',#950,#2430);
#2430 = DEFINITIONAL_REPRESENTATION('',(#2431),#2435);
#2431 = LINE('',#2432,#2433);
#2432 = CARTESIAN_POINT('',(0.,0.));
#2433 = VECTOR('',#2434,1.);
#2434 = DIRECTION('',(0.,1.));
#2435 = ( GEOMETRIC_REPRESENTATION_CONTEXT(2) 
PARAMETRIC_REPRESENTATION_CONTEXT() REPRESENTATION_CONTEXT('2D SPACE',''
  ) );
#2436 = PCURVE('',#905,#2437);
#2437 = DEFINITIONAL_REPRESENTATION('',(#2438),#2442);
#2438 = LINE('',#2439,#2440);
#2439 = CARTESIAN_POINT('',(18.5,0.));
#2440 = VECTOR('',#2441,1.);
#2441 = DIRECTION('',(0.,1.));
#2442 = ( GEOMETRIC_REPRESENTATION_CONTEXT(2) 
PARAMETRIC_REPRESENTATION_CONTEXT() REPRESENTATION_CONTEXT('2D SPACE',''
  ) );
#2443 = ORIENTED_EDGE('',*,*,#916,.T.);
#2444 = ORIENTED_EDGE('',*,*,#1158,.T.);
#2445 = ORIENTED_EDGE('',*,*,#2446,.F.);
#2446 = EDGE_CURVE('',#2447,#1159,#2449,.T.);
#2447 = VERTEX_POINT('',#2448);
#2448 = CARTESIAN_POINT('',(66.45,1.933012701892,9.25));
#2449 = SURFACE_CURVE('',#2450,(#2481,#2577),.PCURVE_S1.);
#2450 = ( BOUNDED_CURVE() B_SPLINE_CURVE(8,(#2451,#2452,#2453,#2454,
    #2455,#2456,#2457,#2458,#2459,#2460,#2461,#2462,#2463,#2464,#2465,
    #2466,#2467,#2468,#2469,#2470,#2471,#2472,#2473,#2474,#2475,#2476,
    #2477,#2478,#2479,#2480),.UNSPECIFIED.,.F.,.F.) 
B_SPLINE_CURVE_WITH_KNOTS((9,7,7,7,9),(18.261799387802,18.333882875377,
18.451765875004,18.694188073418,18.7981871312),.UNSPECIFIED.) CURVE() 
GEOMETRIC_REPRESENTATION_ITEM() RATIONAL_B_SPLINE_CURVE((1.,1.,1.,1.,1.,
    1.,1.,1.,1.,1.,1.,1.,1.,1.,1.,1.,1.,1.,1.,1.,1.,1.,1.,1.,1.,1.,1.,1.
,1.,1.)) REPRESENTATION_ITEM('') );
#2451 = CARTESIAN_POINT('',(66.45,1.933012701898,9.249999999989));
#2452 = CARTESIAN_POINT('',(66.45,1.929265753937,9.256489904232));
#2453 = CARTESIAN_POINT('',(66.450250801383,1.925434433809,
    9.262885768345));
#2454 = CARTESIAN_POINT('',(66.450745438093,1.921363315697,
    9.269361590173));
#2455 = CARTESIAN_POINT('',(66.45145841869,1.917438129964,9.275476194408
    ));
#2456 = CARTESIAN_POINT('',(66.452387357904,1.913205819316,
    9.281763659075));
#2457 = CARTESIAN_POINT('',(66.453527775422,1.908702149089,
    9.288150712095));
#2458 = CARTESIAN_POINT('',(66.454851064157,1.904905157744,
    9.293472236749));
#2459 = CARTESIAN_POINT('',(66.458816148778,1.891273918809,
    9.311613548895));
#2460 = CARTESIAN_POINT('',(66.461825215881,1.881266836277,
    9.324152765345));
#2461 = CARTESIAN_POINT('',(66.465503921077,1.871755570898,
    9.335035459648));
#2462 = CARTESIAN_POINT('',(66.469630294563,1.861810616277,
    9.345762428198));
#2463 = CARTESIAN_POINT('',(66.474154913938,1.851451440118,
    9.356318747271));
#2464 = CARTESIAN_POINT('',(66.479111356586,1.84112371508,9.366019976137
    ));
#2465 = CARTESIAN_POINT('',(66.484404503437,1.830399376084,
    9.375545740942));
#2466 = CARTESIAN_POINT('',(66.501383763931,1.797292636308,9.40305821539
    ));
#2467 = CARTESIAN_POINT('',(66.513781800078,1.774655176022,
    9.419353595321));
#2468 = CARTESIAN_POINT('',(66.526792772102,1.751535335959,
    9.433983783279));
#2469 = CARTESIAN_POINT('',(66.540529101601,1.727290384661,
    9.447359018183));
#2470 = CARTESIAN_POINT('',(66.554958918411,1.701469871092,
    9.459566167184));
#2471 = CARTESIAN_POINT('',(66.569586125781,1.674074638405,
    9.470371346231));
#2472 = CARTESIAN_POINT('',(66.583428280318,1.645359787828,
    9.479408274366));
#2473 = CARTESIAN_POINT('',(66.600381942241,1.602235155071,
    9.489617173293));
#2474 = CARTESIAN_POINT('',(66.605112684056,1.589045884672,
    9.492333428326));
#2475 = CARTESIAN_POINT('',(66.609587950774,1.574823209728,
    9.494794587631));
#2476 = CARTESIAN_POINT('',(66.613180616103,1.561479882894,
    9.496687018544));
#2477 = CARTESIAN_POINT('',(66.616547129775,1.545852239815,
    9.498411416051));
#2478 = CARTESIAN_POINT('',(66.618612442528,1.530913966348,
    9.499442176244));
#2479 = CARTESIAN_POINT('',(66.619722436227,1.515487821189,9.5));
#2480 = CARTESIAN_POINT('',(66.619722436227,1.5,9.5));
#2481 = PCURVE('',#950,#2482);
#2482 = DEFINITIONAL_REPRESENTATION('',(#2483),#2576);
#2483 = B_SPLINE_CURVE_WITH_KNOTS('',11,(#2484,#2485,#2486,#2487,#2488,
    #2489,#2490,#2491,#2492,#2493,#2494,#2495,#2496,#2497,#2498,#2499,
    #2500,#2501,#2502,#2503,#2504,#2505,#2506,#2507,#2508,#2509,#2510,
    #2511,#2512,#2513,#2514,#2515,#2516,#2517,#2518,#2519,#2520,#2521,
    #2522,#2523,#2524,#2525,#2526,#2527,#2528,#2529,#2530,#2531,#2532,
    #2533,#2534,#2535,#2536,#2537,#2538,#2539,#2540,#2541,#2542,#2543,
    #2544,#2545,#2546,#2547,#2548,#2549,#2550,#2551,#2552,#2553,#2554,
    #2555,#2556,#2557,#2558,#2559,#2560,#2561,#2562,#2563,#2564,#2565,
    #2566,#2567,#2568,#2569,#2570,#2571,#2572,#2573,#2574,#2575),
  .UNSPECIFIED.,.F.,.F.,(12,10,10,10,10,10,10,10,10,12),(18.261799387802
    ,18.328847855727,18.345609972708,18.362372089689,18.395896323652,
    18.462944791576,18.529993259501,18.66409019535,18.731138663275,
    18.7981871312),.UNSPECIFIED.);
#2484 = CARTESIAN_POINT('',(0.523598775573,4.25));
#2485 = CARTESIAN_POINT('',(0.533737609807,4.25));
#2486 = CARTESIAN_POINT('',(0.543841378167,4.250110470875));
#2487 = CARTESIAN_POINT('',(0.554038038038,4.250329496089));
#2488 = CARTESIAN_POINT('',(0.564196845853,4.250652242761));
#2489 = CARTESIAN_POINT('',(0.574282079955,4.251074445208));
#2490 = CARTESIAN_POINT('',(0.584380569533,4.251593288802));
#2491 = CARTESIAN_POINT('',(0.594565348091,4.25220670647));
#2492 = CARTESIAN_POINT('',(0.604757749954,4.252912100537));
#2493 = CARTESIAN_POINT('',(0.614750268244,4.25370550211));
#2494 = CARTESIAN_POINT('',(0.624552492855,4.254582180764));
#2495 = CARTESIAN_POINT('',(0.637889935346,4.255779100759));
#2496 = CARTESIAN_POINT('',(0.640626579597,4.256023361641));
#2497 = CARTESIAN_POINT('',(0.643376895873,4.25627351706));
#2498 = CARTESIAN_POINT('',(0.646140810737,4.256527955602));
#2499 = CARTESIAN_POINT('',(0.649938714288,4.256782155432));
#2500 = CARTESIAN_POINT('',(0.651675515461,4.257057707094));
#2501 = CARTESIAN_POINT('',(0.655746186973,4.257320788124));
#2502 = CARTESIAN_POINT('',(0.658220623846,4.257603084374));
#2503 = CARTESIAN_POINT('',(0.661449977396,4.257885147398));
#2504 = CARTESIAN_POINT('',(0.664487122173,4.258174920326));
#2505 = CARTESIAN_POINT('',(0.670635739765,4.258765926372));
#2506 = CARTESIAN_POINT('',(0.673720010536,4.259067398322));
#2507 = CARTESIAN_POINT('',(0.676811563452,4.259374824383));
#2508 = CARTESIAN_POINT('',(0.679908028131,4.259688182005));
#2509 = CARTESIAN_POINT('',(0.683007343644,4.260007440943));
#2510 = CARTESIAN_POINT('',(0.686107758507,4.260332563185));
#2511 = CARTESIAN_POINT('',(0.689207830693,4.260663503051));
#2512 = CARTESIAN_POINT('',(0.692306427618,4.261000207086));
#2513 = CARTESIAN_POINT('',(0.695402726154,4.261342614155));
#2514 = CARTESIAN_POINT('',(0.698496212618,4.261690655374));
#2515 = CARTESIAN_POINT('',(0.707767623108,4.262751451698));
#2516 = CARTESIAN_POINT('',(0.713933833071,4.263480956563));
#2517 = CARTESIAN_POINT('',(0.720084434635,4.264232148071));
#2518 = CARTESIAN_POINT('',(0.72621885346,4.26500443161));
#2519 = CARTESIAN_POINT('',(0.73233681891,4.265797238631));
#2520 = CARTESIAN_POINT('',(0.738438364044,4.26661002664));
#2521 = CARTESIAN_POINT('',(0.744523825626,4.267442279208));
#2522 = CARTESIAN_POINT('',(0.750593844113,4.268293505964));
#2523 = CARTESIAN_POINT('',(0.756649363666,4.2691632426));
#2524 = CARTESIAN_POINT('',(0.762691632143,4.270051050864));
#2525 = CARTESIAN_POINT('',(0.780783339024,4.272767453977));
#2526 = CARTESIAN_POINT('',(0.792785120418,4.274648316803));
#2527 = CARTESIAN_POINT('',(0.804760102802,4.276598673662));
#2528 = CARTESIAN_POINT('',(0.816675044116,4.278613536288));
#2529 = CARTESIAN_POINT('',(0.828518428931,4.280689042043));
#2530 = CARTESIAN_POINT('',(0.840314382012,4.282823309144));
#2531 = CARTESIAN_POINT('',(0.852094626558,4.285014548082));
#2532 = CARTESIAN_POINT('',(0.863860144442,4.287258510984));
#2533 = CARTESIAN_POINT('',(0.87556419574,4.28954736032));
#2534 = CARTESIAN_POINT('',(0.887148354888,4.291872038719));
#2535 = CARTESIAN_POINT('',(0.910178086649,4.296588403973));
#2536 = CARTESIAN_POINT('',(0.921617115327,4.298980785843));
#2537 = CARTESIAN_POINT('',(0.932990324413,4.30140600066));
#2538 = CARTESIAN_POINT('',(0.944307556328,4.303862783973));
#2539 = CARTESIAN_POINT('',(0.955578478299,4.306349973148));
#2540 = CARTESIAN_POINT('',(0.966812582366,4.308866507424));
#2541 = CARTESIAN_POINT('',(0.978019185372,4.311411427828));
#2542 = CARTESIAN_POINT('',(0.989207428973,4.313983877279));
#2543 = CARTESIAN_POINT('',(1.000386279631,4.316583100486));
#2544 = CARTESIAN_POINT('',(1.011564528618,4.319208444025));
#2545 = CARTESIAN_POINT('',(1.045123318809,4.327161180843));
#2546 = CARTESIAN_POINT('',(1.067522662326,4.332562869565));
#2547 = CARTESIAN_POINT('',(1.090018755218,4.338058504222));
#2548 = CARTESIAN_POINT('',(1.11266517308,4.343637075257));
#2549 = CARTESIAN_POINT('',(1.135501472126,4.349281969548));
#2550 = CARTESIAN_POINT('',(1.158555526769,4.354970457837));
#2551 = CARTESIAN_POINT('',(1.181845867331,4.360673182622));
#2552 = CARTESIAN_POINT('',(1.205384017603,4.366353645508));
#2553 = CARTESIAN_POINT('',(1.229176832553,4.371967695075));
#2554 = CARTESIAN_POINT('',(1.25322883591,4.377463014342));
#2555 = CARTESIAN_POINT('',(1.289702418797,4.385436405562));
#2556 = CARTESIAN_POINT('',(1.301950471483,4.388052370881));
#2557 = CARTESIAN_POINT('',(1.314139175064,4.39059977102));
#2558 = CARTESIAN_POINT('',(1.326663194693,4.393124725569));
#2559 = CARTESIAN_POINT('',(1.339078728209,4.395552251918));
#2560 = CARTESIAN_POINT('',(1.351381278517,4.397877971618));
#2561 = CARTESIAN_POINT('',(1.364019503954,4.400162014099));
#2562 = CARTESIAN_POINT('',(1.376999312455,4.402390216651));
#2563 = CARTESIAN_POINT('',(1.389872494872,4.404479315265));
#2564 = CARTESIAN_POINT('',(1.403005916557,4.406477444408));
#2565 = CARTESIAN_POINT('',(1.429575295429,4.410220394747));
#2566 = CARTESIAN_POINT('',(1.44301661819,4.411966606756));
#2567 = CARTESIAN_POINT('',(1.456666215745,4.413580621048));
#2568 = CARTESIAN_POINT('',(1.470523327973,4.415045686296));
#2569 = CARTESIAN_POINT('',(1.484558990059,4.416341250708));
#2570 = CARTESIAN_POINT('',(1.49873449784,4.417447421993));
#2571 = CARTESIAN_POINT('',(1.513014141578,4.418347870957));
#2572 = CARTESIAN_POINT('',(1.527372208182,4.419031178755));
#2573 = CARTESIAN_POINT('',(1.541794251863,4.419490627785));
#2574 = CARTESIAN_POINT('',(1.556272633224,4.419722436227));
#2575 = CARTESIAN_POINT('',(1.570796326795,4.419722436227));
#2576 = ( GEOMETRIC_REPRESENTATION_CONTEXT(2) 
PARAMETRIC_REPRESENTATION_CONTEXT() REPRESENTATION_CONTEXT('2D SPACE',''
  ) );
#2577 = PCURVE('',#2578,#2669);
#2578 = ( BOUNDED_SURFACE() B_SPLINE_SURFACE(2,8,(
    (#2579,#2580,#2581,#2582,#2583,#2584,#2585,#2586,#2587,#2588,#2589
      ,#2590,#2591,#2592,#2593,#2594,#2595,#2596,#2597,#2598,#2599,#2600
      ,#2601,#2602,#2603,#2604,#2605,#2606,#2607,#2608)
    ,(#2609,#2610,#2611,#2612,#2613,#2614,#2615,#2616,#2617,#2618,#2619
      ,#2620,#2621,#2622,#2623,#2624,#2625,#2626,#2627,#2628,#2629,#2630
      ,#2631,#2632,#2633,#2634,#2635,#2636,#2637,#2638)
    ,(#2639,#2640,#2641,#2642,#2643,#2644,#2645,#2646,#2647,#2648,#2649
      ,#2650,#2651,#2652,#2653,#2654,#2655,#2656,#2657,#2658,#2659,#2660
      ,#2661,#2662,#2663,#2664,#2665,#2666,#2667,#2668
)),.UNSPECIFIED.,.F.,.F.,.F.) B_SPLINE_SURFACE_WITH_KNOTS((3,3),(9,7,7,7
    ,9),(0.,0.536387743397),(18.261799387802,18.333882875377,
    18.451765875004,18.694188073418,18.7981871312),.UNSPECIFIED.) 
GEOMETRIC_REPRESENTATION_ITEM() RATIONAL_B_SPLINE_SURFACE((
    (1.,1.,1.,1.,1.,1.,1.,1.,1.,1.,1.,1.,1.,1.,1.,1.,1.,1.,1.,1.,1.,1.
      ,1.,1.,1.,1.,1.,1.,1.,1.)
    ,(0.707106781187,0.712113023279,0.7172793302,0.722555612589
      ,0.728028612378,0.733578616441,0.739182968089,0.745050706757
      ,0.76013017332,0.769518786226,0.779206528229,0.78893731265
      ,0.79861539132,0.808266573469,0.817805022473,0.846320049083
      ,0.864326709957,0.881203021238,0.897143912279,0.91208654734
      ,0.925602339453,0.937085071867,0.950160498306,0.953667819105
      ,0.956836786477,0.959317639709,0.961545773059,0.962898114739
      ,0.963624111659,0.963624111659)
    ,(1.,1.,1.,1.,1.,1.,1.,1.,1.,1.,1.,1.,1.,1.,1.,1.,1.,1.,1.,1.,1.,1.
,1.,1.,1.,1.,1.,1.,1.,1.))) REPRESENTATION_ITEM('') SURFACE() );
#2579 = CARTESIAN_POINT('',(66.45,1.933012701898,9.249999999989));
#2580 = CARTESIAN_POINT('',(66.45,1.929265753937,9.256489904232));
#2581 = CARTESIAN_POINT('',(66.450250801383,1.925434433809,
    9.262885768345));
#2582 = CARTESIAN_POINT('',(66.450745438093,1.921363315697,
    9.269361590173));
#2583 = CARTESIAN_POINT('',(66.45145841869,1.917438129964,9.275476194408
    ));
#2584 = CARTESIAN_POINT('',(66.452387357904,1.913205819316,
    9.281763659075));
#2585 = CARTESIAN_POINT('',(66.453527775422,1.908702149089,
    9.288150712095));
#2586 = CARTESIAN_POINT('',(66.454851064157,1.904905157744,
    9.293472236749));
#2587 = CARTESIAN_POINT('',(66.458816148778,1.891273918809,
    9.311613548895));
#2588 = CARTESIAN_POINT('',(66.461825215881,1.881266836277,
    9.324152765345));
#2589 = CARTESIAN_POINT('',(66.465503921077,1.871755570898,
    9.335035459648));
#2590 = CARTESIAN_POINT('',(66.469630294563,1.861810616277,
    9.345762428198));
#2591 = CARTESIAN_POINT('',(66.474154913938,1.851451440118,
    9.356318747271));
#2592 = CARTESIAN_POINT('',(66.479111356586,1.84112371508,9.366019976137
    ));
#2593 = CARTESIAN_POINT('',(66.484404503437,1.830399376084,
    9.375545740942));
#2594 = CARTESIAN_POINT('',(66.501383763931,1.797292636308,9.40305821539
    ));
#2595 = CARTESIAN_POINT('',(66.513781800078,1.774655176022,
    9.419353595321));
#2596 = CARTESIAN_POINT('',(66.526792772102,1.751535335959,
    9.433983783279));
#2597 = CARTESIAN_POINT('',(66.540529101601,1.727290384661,
    9.447359018183));
#2598 = CARTESIAN_POINT('',(66.554958918411,1.701469871092,
    9.459566167184));
#2599 = CARTESIAN_POINT('',(66.569586125781,1.674074638405,
    9.470371346231));
#2600 = CARTESIAN_POINT('',(66.583428280318,1.645359787828,
    9.479408274366));
#2601 = CARTESIAN_POINT('',(66.600381942241,1.602235155071,
    9.489617173293));
#2602 = CARTESIAN_POINT('',(66.605112684056,1.589045884672,
    9.492333428326));
#2603 = CARTESIAN_POINT('',(66.609587950774,1.574823209728,
    9.494794587631));
#2604 = CARTESIAN_POINT('',(66.613180616103,1.561479882894,
    9.496687018544));
#2605 = CARTESIAN_POINT('',(66.616547129775,1.545852239815,
    9.498411416051));
#2606 = CARTESIAN_POINT('',(66.618612442528,1.530913966348,
    9.499442176244));
#2607 = CARTESIAN_POINT('',(66.619722436227,1.515487821189,9.5));
#2608 = CARTESIAN_POINT('',(66.619722436227,1.5,9.5));
#2609 = CARTESIAN_POINT('',(66.55,1.933012701891,9.250000000002));
#2610 = CARTESIAN_POINT('',(66.548593975414,1.929292095483,
    9.256444279336));
#2611 = CARTESIAN_POINT('',(66.547400980195,1.925457750291,
    9.262833335139));
#2612 = CARTESIAN_POINT('',(66.546421720996,1.921497003149,
    9.269182428046));
#2613 = CARTESIAN_POINT('',(66.54562576928,1.917440526575,9.275449568283
    ));
#2614 = CARTESIAN_POINT('',(66.545030327344,1.913251712069,9.28168101958
    ));
#2615 = CARTESIAN_POINT('',(66.544631793802,1.908932040352,
    9.287872869808));
#2616 = CARTESIAN_POINT('',(66.544376206326,1.904562856206,
    9.293915710424));
#2617 = CARTESIAN_POINT('',(66.544278708661,1.892644413865,
    9.309808975484));
#2618 = CARTESIAN_POINT('',(66.544718508465,1.884876652514,
    9.319609282717));
#2619 = CARTESIAN_POINT('',(66.545613774701,1.876777776844,
    9.329292591059));
#2620 = CARTESIAN_POINT('',(66.54696859477,1.868239636814,9.338904557849
    ));
#2621 = CARTESIAN_POINT('',(66.548750039802,1.859317714321,
    9.348375925334));
#2622 = CARTESIAN_POINT('',(66.550936479266,1.85004034977,9.357658858362
    ));
#2623 = CARTESIAN_POINT('',(66.553543931726,1.840268469181,
    9.366832165723));
#2624 = CARTESIAN_POINT('',(66.562326837883,1.810194769947,
    9.393353929763));
#2625 = CARTESIAN_POINT('',(66.569530147623,1.788939618237,
    9.409865286182));
#2626 = CARTESIAN_POINT('',(66.577732736152,1.766532486164,
    9.425259673782));
#2627 = CARTESIAN_POINT('',(66.587021650885,1.742319189567,
    9.439797611783));
#2628 = CARTESIAN_POINT('',(66.597360721112,1.715822417754,
    9.453450437285));
#2629 = CARTESIAN_POINT('',(66.608315844723,1.687058779179,9.46579156496
    ));
#2630 = CARTESIAN_POINT('',(66.619014743677,1.656372615425,
    9.476224304301));
#2631 = CARTESIAN_POINT('',(66.632203260138,1.610166690418,
    9.487983625182));
#2632 = CARTESIAN_POINT('',(66.635887664349,1.596078176911,
    9.491106987706));
#2633 = CARTESIAN_POINT('',(66.639401635118,1.580855748303,
    9.493944112802));
#2634 = CARTESIAN_POINT('',(66.642249617409,1.566444617611,
    9.496149134003));
#2635 = CARTESIAN_POINT('',(66.644925536959,1.549608031215,
    9.498148688484));
#2636 = CARTESIAN_POINT('',(66.646574954679,1.533422690477,
    9.499352657555));
#2637 = CARTESIAN_POINT('',(66.647457446038,1.516733591302,9.5));
#2638 = CARTESIAN_POINT('',(66.647457446038,1.5,9.5));
#2639 = CARTESIAN_POINT('',(66.55,2.019615242271,9.3));
#2640 = CARTESIAN_POINT('',(66.55,2.013892630898,9.307079895464));
#2641 = CARTESIAN_POINT('',(66.550229801247,2.008008280256,
    9.314015825401));
#2642 = CARTESIAN_POINT('',(66.550669128151,2.001997384163,
    9.320789960112));
#2643 = CARTESIAN_POINT('',(66.551310710899,1.995797301913,
    9.327430533025));
#2644 = CARTESIAN_POINT('',(66.552131246273,1.989486808113,9.33390194172
    ));
#2645 = CARTESIAN_POINT('',(66.553114522429,1.983084033438,
    9.340195942347));
#2646 = CARTESIAN_POINT('',(66.554263772213,1.976448225157,
    9.346377629731));
#2647 = CARTESIAN_POINT('',(66.557627943841,1.959007971648,
    9.362090391729));
#2648 = CARTESIAN_POINT('',(66.560085556398,1.947975381917,
    9.371394895743));
#2649 = CARTESIAN_POINT('',(66.562866771136,1.936626939953,
    9.380328829467));
#2650 = CARTESIAN_POINT('',(66.565956062343,1.924964374001,
    9.388926209433));
#2651 = CARTESIAN_POINT('',(66.569299749338,1.913064871281,
    9.397160025214));
#2652 = CARTESIAN_POINT('',(66.572863282612,1.900932039712,
    9.405040127274));
#2653 = CARTESIAN_POINT('',(66.576661850059,1.888474637273,
    9.412640666572));
#2654 = CARTESIAN_POINT('',(66.588733270158,1.84991190131,9.434734202572
    ));
#2655 = CARTESIAN_POINT('',(66.597438650631,1.823522920471,
    9.447909641636));
#2656 = CARTESIAN_POINT('',(66.606530010779,1.796488855815,
    9.459812903363));
#2657 = CARTESIAN_POINT('',(66.616111452722,1.768072195166,
    9.470758454444));
#2658 = CARTESIAN_POINT('',(66.626171665886,1.737750037377,
    9.480799295134));
#2659 = CARTESIAN_POINT('',(66.636368425607,1.705496192159,
    9.489724037048));
#2660 = CARTESIAN_POINT('',(66.646014557629,1.671595316656,
    9.497209533922));
#2661 = CARTESIAN_POINT('',(66.657804964121,1.620714026592,
    9.505668542694));
#2662 = CARTESIAN_POINT('',(66.661099112396,1.605107686519,
    9.507926213915));
#2663 = CARTESIAN_POINT('',(66.664195917334,1.588396102262,
    9.509958682054));
#2664 = CARTESIAN_POINT('',(66.666705082994,1.572520796057,
    9.511542726392));
#2665 = CARTESIAN_POINT('',(66.669026404469,1.554163336985,
    9.512963677591));
#2666 = CARTESIAN_POINT('',(66.670462303971,1.536487892616,9.51382357451
    ));
#2667 = CARTESIAN_POINT('',(66.671230311591,1.518282966133,
    9.514285714286));
#2668 = CARTESIAN_POINT('',(66.671230311591,1.5,9.514285714286));
#2669 = DEFINITIONAL_REPRESENTATION('',(#2670),#2674);
#2670 = LINE('',#2671,#2672);
#2671 = CARTESIAN_POINT('',(0.,0.));
#2672 = VECTOR('',#2673,1.);
#2673 = DIRECTION('',(0.,1.));
#2674 = ( GEOMETRIC_REPRESENTATION_CONTEXT(2) 
PARAMETRIC_REPRESENTATION_CONTEXT() REPRESENTATION_CONTEXT('2D SPACE',''
  ) );
#2675 = ORIENTED_EDGE('',*,*,#2676,.F.);
#2676 = EDGE_CURVE('',#2422,#2447,#2677,.T.);
#2677 = SURFACE_CURVE('',#2678,(#2683,#2690),.PCURVE_S1.);
#2678 = CIRCLE('',#2679,0.5);
#2679 = AXIS2_PLACEMENT_3D('',#2680,#2681,#2682);
#2680 = CARTESIAN_POINT('',(66.45,1.5,9.));
#2681 = DIRECTION('',(1.,0.,-0.));
#2682 = DIRECTION('',(0.,1.,0.));
#2683 = PCURVE('',#950,#2684);
#2684 = DEFINITIONAL_REPRESENTATION('',(#2685),#2689);
#2685 = LINE('',#2686,#2687);
#2686 = CARTESIAN_POINT('',(0.,4.25));
#2687 = VECTOR('',#2688,1.);
#2688 = DIRECTION('',(1.,0.));
#2689 = ( GEOMETRIC_REPRESENTATION_CONTEXT(2) 
PARAMETRIC_REPRESENTATION_CONTEXT() REPRESENTATION_CONTEXT('2D SPACE',''
  ) );
#2690 = PCURVE('',#2691,#2696);
#2691 = TOROIDAL_SURFACE('',#2692,0.6,0.1);
#2692 = AXIS2_PLACEMENT_3D('',#2693,#2694,#2695);
#2693 = CARTESIAN_POINT('',(66.45,1.5,9.));
#2694 = DIRECTION('',(-1.,-0.,0.));
#2695 = DIRECTION('',(0.,1.,0.));
#2696 = DEFINITIONAL_REPRESENTATION('',(#2697),#2701);
#2697 = LINE('',#2698,#2699);
#2698 = CARTESIAN_POINT('',(-0.,3.14159265359));
#2699 = VECTOR('',#2700,1.);
#2700 = DIRECTION('',(-1.,0.));
#2701 = ( GEOMETRIC_REPRESENTATION_CONTEXT(2) 
PARAMETRIC_REPRESENTATION_CONTEXT() REPRESENTATION_CONTEXT('2D SPACE',''
  ) );
#2702 = ADVANCED_FACE('',(#2703),#905,.F.);
#2703 = FACE_BOUND('',#2704,.F.);
#2704 = EDGE_LOOP('',(#2705,#2728,#2729,#2730));
#2705 = ORIENTED_EDGE('',*,*,#2706,.F.);
#2706 = EDGE_CURVE('',#836,#2707,#2709,.T.);
#2707 = VERTEX_POINT('',#2708);
#2708 = CARTESIAN_POINT('',(66.45,2.,-9.));
#2709 = SURFACE_CURVE('',#2710,(#2714,#2721),.PCURVE_S1.);
#2710 = LINE('',#2711,#2712);
#2711 = CARTESIAN_POINT('',(62.2,2.,-9.));
#2712 = VECTOR('',#2713,1.);
#2713 = DIRECTION('',(1.,0.,0.));
#2714 = PCURVE('',#905,#2715);
#2715 = DEFINITIONAL_REPRESENTATION('',(#2716),#2720);
#2716 = LINE('',#2717,#2718);
#2717 = CARTESIAN_POINT('',(0.5,0.));
#2718 = VECTOR('',#2719,1.);
#2719 = DIRECTION('',(0.,1.));
#2720 = ( GEOMETRIC_REPRESENTATION_CONTEXT(2) 
PARAMETRIC_REPRESENTATION_CONTEXT() REPRESENTATION_CONTEXT('2D SPACE',''
  ) );
#2721 = PCURVE('',#869,#2722);
#2722 = DEFINITIONAL_REPRESENTATION('',(#2723),#2727);
#2723 = LINE('',#2724,#2725);
#2724 = CARTESIAN_POINT('',(-0.,0.));
#2725 = VECTOR('',#2726,1.);
#2726 = DIRECTION('',(-0.,1.));
#2727 = ( GEOMETRIC_REPRESENTATION_CONTEXT(2) 
PARAMETRIC_REPRESENTATION_CONTEXT() REPRESENTATION_CONTEXT('2D SPACE',''
  ) );
#2728 = ORIENTED_EDGE('',*,*,#890,.F.);
#2729 = ORIENTED_EDGE('',*,*,#2421,.T.);
#2730 = ORIENTED_EDGE('',*,*,#2731,.F.);
#2731 = EDGE_CURVE('',#2707,#2422,#2732,.T.);
#2732 = SURFACE_CURVE('',#2733,(#2737,#2744),.PCURVE_S1.);
#2733 = LINE('',#2734,#2735);
#2734 = CARTESIAN_POINT('',(66.45,2.,-9.));
#2735 = VECTOR('',#2736,1.);
#2736 = DIRECTION('',(0.,0.,1.));
#2737 = PCURVE('',#905,#2738);
#2738 = DEFINITIONAL_REPRESENTATION('',(#2739),#2743);
#2739 = LINE('',#2740,#2741);
#2740 = CARTESIAN_POINT('',(0.5,4.25));
#2741 = VECTOR('',#2742,1.);
#2742 = DIRECTION('',(1.,0.));
#2743 = ( GEOMETRIC_REPRESENTATION_CONTEXT(2) 
PARAMETRIC_REPRESENTATION_CONTEXT() REPRESENTATION_CONTEXT('2D SPACE',''
  ) );
#2744 = PCURVE('',#2745,#2750);
#2745 = CYLINDRICAL_SURFACE('',#2746,0.1);
#2746 = AXIS2_PLACEMENT_3D('',#2747,#2748,#2749);
#2747 = CARTESIAN_POINT('',(66.45,2.1,-9.));
#2748 = DIRECTION('',(0.,0.,1.));
#2749 = DIRECTION('',(0.,-1.,0.));
#2750 = DEFINITIONAL_REPRESENTATION('',(#2751),#2755);
#2751 = LINE('',#2752,#2753);
#2752 = CARTESIAN_POINT('',(0.,0.));
#2753 = VECTOR('',#2754,1.);
#2754 = DIRECTION('',(0.,1.));
#2755 = ( GEOMETRIC_REPRESENTATION_CONTEXT(2) 
PARAMETRIC_REPRESENTATION_CONTEXT() REPRESENTATION_CONTEXT('2D SPACE',''
  ) );
#2756 = ADVANCED_FACE('',(#2757),#869,.F.);
#2757 = FACE_BOUND('',#2758,.T.);
#2758 = EDGE_LOOP('',(#2759,#2760,#2761,#2784,#3014));
#2759 = ORIENTED_EDGE('',*,*,#2706,.F.);
#2760 = ORIENTED_EDGE('',*,*,#835,.T.);
#2761 = ORIENTED_EDGE('',*,*,#2762,.T.);
#2762 = EDGE_CURVE('',#803,#2763,#2765,.T.);
#2763 = VERTEX_POINT('',#2764);
#2764 = CARTESIAN_POINT('',(66.619722436227,1.5,-9.5));
#2765 = SURFACE_CURVE('',#2766,(#2770,#2777),.PCURVE_S1.);
#2766 = LINE('',#2767,#2768);
#2767 = CARTESIAN_POINT('',(62.2,1.5,-9.5));
#2768 = VECTOR('',#2769,1.);
#2769 = DIRECTION('',(1.,0.,0.));
#2770 = PCURVE('',#869,#2771);
#2771 = DEFINITIONAL_REPRESENTATION('',(#2772),#2776);
#2772 = LINE('',#2773,#2774);
#2773 = CARTESIAN_POINT('',(-1.570796326795,0.));
#2774 = VECTOR('',#2775,1.);
#2775 = DIRECTION('',(-0.,1.));
#2776 = ( GEOMETRIC_REPRESENTATION_CONTEXT(2) 
PARAMETRIC_REPRESENTATION_CONTEXT() REPRESENTATION_CONTEXT('2D SPACE',''
  ) );
#2777 = PCURVE('',#819,#2778);
#2778 = DEFINITIONAL_REPRESENTATION('',(#2779),#2783);
#2779 = LINE('',#2780,#2781);
#2780 = CARTESIAN_POINT('',(0.,3.5));
#2781 = VECTOR('',#2782,1.);
#2782 = DIRECTION('',(1.,0.));
#2783 = ( GEOMETRIC_REPRESENTATION_CONTEXT(2) 
PARAMETRIC_REPRESENTATION_CONTEXT() REPRESENTATION_CONTEXT('2D SPACE',''
  ) );
#2784 = ORIENTED_EDGE('',*,*,#2785,.T.);
#2785 = EDGE_CURVE('',#2763,#2786,#2788,.T.);
#2786 = VERTEX_POINT('',#2787);
#2787 = CARTESIAN_POINT('',(66.45,1.933012701914,-9.249999999963));
#2788 = SURFACE_CURVE('',#2789,(#2820,#2916),.PCURVE_S1.);
#2789 = ( BOUNDED_CURVE() B_SPLINE_CURVE(8,(#2790,#2791,#2792,#2793,
    #2794,#2795,#2796,#2797,#2798,#2799,#2800,#2801,#2802,#2803,#2804,
    #2805,#2806,#2807,#2808,#2809,#2810,#2811,#2812,#2813,#2814,#2815,
    #2816,#2817,#2818,#2819),.UNSPECIFIED.,.F.,.F.) 
B_SPLINE_CURVE_WITH_KNOTS((9,7,7,7,9),(44.394561393687,44.498560538248,
    44.740982688028,44.858865664004,44.930949137119),.UNSPECIFIED.) 
CURVE() GEOMETRIC_REPRESENTATION_ITEM() RATIONAL_B_SPLINE_CURVE((1.,1.,
    1.,1.,1.,1.,1.,1.,1.,1.,1.,1.,1.,1.,1.,1.,1.,1.,1.,1.,1.,1.,1.,1.,1.
,1.,1.,1.,1.,1.)) REPRESENTATION_ITEM('') );
#2790 = CARTESIAN_POINT('',(66.619722436227,1.5,-9.5));
#2791 = CARTESIAN_POINT('',(66.619722436227,1.515487816288,-9.5));
#2792 = CARTESIAN_POINT('',(66.618612249726,1.53091760366,
    -9.499442224558));
#2793 = CARTESIAN_POINT('',(66.616544146445,1.545857911082,
    -9.49840927492));
#2794 = CARTESIAN_POINT('',(66.613192940594,1.561428614522,
    -9.496694311799));
#2795 = CARTESIAN_POINT('',(66.609578008893,1.574868023548,
    -9.494788878812));
#2796 = CARTESIAN_POINT('',(66.605115562894,1.589032518604,
    -9.492335031286));
#2797 = CARTESIAN_POINT('',(66.600381945953,1.602235145494,
    -9.48961717555));
#2798 = CARTESIAN_POINT('',(66.583428284269,1.645359777656,
    -9.479408276799));
#2799 = CARTESIAN_POINT('',(66.569586124542,1.674074642909,
    -9.470371345589));
#2800 = CARTESIAN_POINT('',(66.554958917089,1.701469874846,
    -9.459566166401));
#2801 = CARTESIAN_POINT('',(66.540529102465,1.727290381654,
    -9.447359018639));
#2802 = CARTESIAN_POINT('',(66.526792772937,1.751535333412,
    -9.433983783755));
#2803 = CARTESIAN_POINT('',(66.513781799309,1.774655178558,
    -9.419353594902));
#2804 = CARTESIAN_POINT('',(66.501383763931,1.797292636308,
    -9.40305821539));
#2805 = CARTESIAN_POINT('',(66.484404503437,1.830399376084,
    -9.375545740942));
#2806 = CARTESIAN_POINT('',(66.479111356587,1.841123715082,
    -9.366019976132));
#2807 = CARTESIAN_POINT('',(66.474154913937,1.851451440109,
    -9.356318747285));
#2808 = CARTESIAN_POINT('',(66.469630294564,1.861810616285,
    -9.345762428185));
#2809 = CARTESIAN_POINT('',(66.465503921078,1.8717555709,-9.335035459642
    ));
#2810 = CARTESIAN_POINT('',(66.461825215877,1.881266836256,
    -9.32415276538));
#2811 = CARTESIAN_POINT('',(66.45881614878,1.891273918855,
    -9.311613548832));
#2812 = CARTESIAN_POINT('',(66.454851064154,1.904905157675,
    -9.293472236843));
#2813 = CARTESIAN_POINT('',(66.453527775429,1.908702149231,
    -9.288150711921));
#2814 = CARTESIAN_POINT('',(66.4523873579,1.913205819301,-9.281763659053
    ));
#2815 = CARTESIAN_POINT('',(66.451458418688,1.917438129852,
    -9.275476194581));
#2816 = CARTESIAN_POINT('',(66.450745438097,1.921363315723,
    -9.269361590176));
#2817 = CARTESIAN_POINT('',(66.450250801381,1.925434433924,
    -9.262885768124));
#2818 = CARTESIAN_POINT('',(66.45,1.929265753841,-9.256489904399));
#2819 = CARTESIAN_POINT('',(66.45,1.933012701914,-9.249999999963));
#2820 = PCURVE('',#869,#2821);
#2821 = DEFINITIONAL_REPRESENTATION('',(#2822),#2915);
#2822 = B_SPLINE_CURVE_WITH_KNOTS('',11,(#2823,#2824,#2825,#2826,#2827,
    #2828,#2829,#2830,#2831,#2832,#2833,#2834,#2835,#2836,#2837,#2838,
    #2839,#2840,#2841,#2842,#2843,#2844,#2845,#2846,#2847,#2848,#2849,
    #2850,#2851,#2852,#2853,#2854,#2855,#2856,#2857,#2858,#2859,#2860,
    #2861,#2862,#2863,#2864,#2865,#2866,#2867,#2868,#2869,#2870,#2871,
    #2872,#2873,#2874,#2875,#2876,#2877,#2878,#2879,#2880,#2881,#2882,
    #2883,#2884,#2885,#2886,#2887,#2888,#2889,#2890,#2891,#2892,#2893,
    #2894,#2895,#2896,#2897,#2898,#2899,#2900,#2901,#2902,#2903,#2904,
    #2905,#2906,#2907,#2908,#2909,#2910,#2911,#2912,#2913,#2914),
  .UNSPECIFIED.,.F.,.F.,(12,10,10,10,10,10,10,10,10,12),(44.394561393687
    ,44.461609861616,44.528658329545,44.662755265403,44.729803733332,
    44.796852201261,44.830376435225,44.847138552207,44.86390066919,
    44.930949137119),.UNSPECIFIED.);
#2823 = CARTESIAN_POINT('',(-1.570796326795,4.419722436227));
#2824 = CARTESIAN_POINT('',(-1.556272649939,4.419722436227));
#2825 = CARTESIAN_POINT('',(-1.541791427426,4.419490406956));
#2826 = CARTESIAN_POINT('',(-1.527368957023,4.419030887814));
#2827 = CARTESIAN_POINT('',(-1.513013946293,4.4183477894));
#2828 = CARTESIAN_POINT('',(-1.498739491708,4.417447777183));
#2829 = CARTESIAN_POINT('',(-1.484569000336,4.416342103992));
#2830 = CARTESIAN_POINT('',(-1.470536054304,4.415046891863));
#2831 = CARTESIAN_POINT('',(-1.456678217778,4.413581862554));
#2832 = CARTESIAN_POINT('',(-1.443024786726,4.411967517448));
#2833 = CARTESIAN_POINT('',(-1.429578481243,4.410220766226));
#2834 = CARTESIAN_POINT('',(-1.403003679938,4.406477243262));
#2835 = CARTESIAN_POINT('',(-1.389869225231,4.404478995654));
#2836 = CARTESIAN_POINT('',(-1.376994921465,4.402389717352));
#2837 = CARTESIAN_POINT('',(-1.364028954618,4.400163016943));
#2838 = CARTESIAN_POINT('',(-1.351388481673,4.397878772283));
#2839 = CARTESIAN_POINT('',(-1.339071587563,4.395551512743));
#2840 = CARTESIAN_POINT('',(-1.326658565596,4.393124238746));
#2841 = CARTESIAN_POINT('',(-1.314146882614,4.390600611756));
#2842 = CARTESIAN_POINT('',(-1.301947975269,4.388052123226));
#2843 = CARTESIAN_POINT('',(-1.28970258992,4.385436442101));
#2844 = CARTESIAN_POINT('',(-1.253228995843,4.377463050708));
#2845 = CARTESIAN_POINT('',(-1.229176983583,4.371967730599));
#2846 = CARTESIAN_POINT('',(-1.20538416,4.36635367986));
#2847 = CARTESIAN_POINT('',(-1.181846002209,4.360673215703));
#2848 = CARTESIAN_POINT('',(-1.15855565543,4.354970489658));
#2849 = CARTESIAN_POINT('',(-1.135501595611,4.349282000119));
#2850 = CARTESIAN_POINT('',(-1.112665291933,4.343637104569));
#2851 = CARTESIAN_POINT('',(-1.090018869451,4.338058532186));
#2852 = CARTESIAN_POINT('',(-1.067522771605,4.332562896077));
#2853 = CARTESIAN_POINT('',(-1.045123422835,4.327161205811));
#2854 = CARTESIAN_POINT('',(-1.011564625274,4.319208466729));
#2855 = CARTESIAN_POINT('',(-1.000386373828,4.316583122429));
#2856 = CARTESIAN_POINT('',(-0.989207520756,4.31398389846));
#2857 = CARTESIAN_POINT('',(-0.978019274825,4.311411448266));
#2858 = CARTESIAN_POINT('',(-0.966812669592,4.308866527115));
#2859 = CARTESIAN_POINT('',(-0.955578563422,4.306349992128));
#2860 = CARTESIAN_POINT('',(-0.944307639465,4.303862802242));
#2861 = CARTESIAN_POINT('',(-0.93299040568,4.301406018247));
#2862 = CARTESIAN_POINT('',(-0.921617194816,4.298980802755));
#2863 = CARTESIAN_POINT('',(-0.910178164421,4.296588420222));
#2864 = CARTESIAN_POINT('',(-0.887148429263,4.291872053651));
#2865 = CARTESIAN_POINT('',(-0.875564268544,4.289547374611));
#2866 = CARTESIAN_POINT('',(-0.863860215208,4.28725852456));
#2867 = CARTESIAN_POINT('',(-0.852094695027,4.285014560898));
#2868 = CARTESIAN_POINT('',(-0.840314448229,4.282823321244));
#2869 = CARTESIAN_POINT('',(-0.828518493026,4.280689053429));
#2870 = CARTESIAN_POINT('',(-0.816675106141,4.278613546992));
#2871 = CARTESIAN_POINT('',(-0.804760162674,4.276598683653));
#2872 = CARTESIAN_POINT('',(-0.792785178066,4.2746483261));
#2873 = CARTESIAN_POINT('',(-0.780783394488,4.272767462619));
#2874 = CARTESIAN_POINT('',(-0.762691684284,4.270051058536));
#2875 = CARTESIAN_POINT('',(-0.756649414694,4.269163249952));
#2876 = CARTESIAN_POINT('',(-0.750593894027,4.268293513));
#2877 = CARTESIAN_POINT('',(-0.744523874429,4.267442285937));
#2878 = CARTESIAN_POINT('',(-0.738438411733,4.266610033056));
#2879 = CARTESIAN_POINT('',(-0.732336865491,4.265797244752));
#2880 = CARTESIAN_POINT('',(-0.726218898927,4.265004437429));
#2881 = CARTESIAN_POINT('',(-0.720084478987,4.2642321536));
#2882 = CARTESIAN_POINT('',(-0.713933876296,4.263480961804));
#2883 = CARTESIAN_POINT('',(-0.707767665192,4.262751456657));
#2884 = CARTESIAN_POINT('',(-0.698496252954,4.261690659919));
#2885 = CARTESIAN_POINT('',(-0.6954027659,4.261342618562));
#2886 = CARTESIAN_POINT('',(-0.692306466769,4.261000211364));
#2887 = CARTESIAN_POINT('',(-0.689207869237,4.260663507184));
#2888 = CARTESIAN_POINT('',(-0.686107796437,4.260332567203));
#2889 = CARTESIAN_POINT('',(-0.683007380944,4.260007444814));
#2890 = CARTESIAN_POINT('',(-0.679908064791,4.259688185763));
#2891 = CARTESIAN_POINT('',(-0.676811599454,4.259374828006));
#2892 = CARTESIAN_POINT('',(-0.673720045865,4.259067401825));
#2893 = CARTESIAN_POINT('',(-0.670635774399,4.258765929752));
#2894 = CARTESIAN_POINT('',(-0.664487155377,4.258174923469));
#2895 = CARTESIAN_POINT('',(-0.661450009587,4.257885150426));
#2896 = CARTESIAN_POINT('',(-0.658220657402,4.257603087265));
#2897 = CARTESIAN_POINT('',(-0.655746211798,4.257320790988));
#2898 = CARTESIAN_POINT('',(-0.651675558037,4.257057709657));
#2899 = CARTESIAN_POINT('',(-0.649938726955,4.256782158181));
#2900 = CARTESIAN_POINT('',(-0.646140852922,4.256527957951));
#2901 = CARTESIAN_POINT('',(-0.643376917729,4.256273519491));
#2902 = CARTESIAN_POINT('',(-0.640626606212,4.256023363924));
#2903 = CARTESIAN_POINT('',(-0.637889959973,4.25577910296));
#2904 = CARTESIAN_POINT('',(-0.62455251255,4.254582182523));
#2905 = CARTESIAN_POINT('',(-0.614750286157,4.253705503546));
#2906 = CARTESIAN_POINT('',(-0.604757766208,4.252912101667));
#2907 = CARTESIAN_POINT('',(-0.594565362437,4.252206707335));
#2908 = CARTESIAN_POINT('',(-0.584380581828,4.25159328942));
#2909 = CARTESIAN_POINT('',(-0.574282090157,4.251074445637));
#2910 = CARTESIAN_POINT('',(-0.564196853929,4.250652243017));
#2911 = CARTESIAN_POINT('',(-0.554038044,4.250329496222));
#2912 = CARTESIAN_POINT('',(-0.54384138218,4.250110470917));
#2913 = CARTESIAN_POINT('',(-0.533737612082,4.25));
#2914 = CARTESIAN_POINT('',(-0.523598775512,4.25));
#2915 = ( GEOMETRIC_REPRESENTATION_CONTEXT(2) 
PARAMETRIC_REPRESENTATION_CONTEXT() REPRESENTATION_CONTEXT('2D SPACE',''
  ) );
#2916 = PCURVE('',#2917,#3008);
#2917 = ( BOUNDED_SURFACE() B_SPLINE_SURFACE(2,8,(
    (#2918,#2919,#2920,#2921,#2922,#2923,#2924,#2925,#2926,#2927,#2928
      ,#2929,#2930,#2931,#2932,#2933,#2934,#2935,#2936,#2937,#2938,#2939
      ,#2940,#2941,#2942,#2943,#2944,#2945,#2946,#2947)
    ,(#2948,#2949,#2950,#2951,#2952,#2953,#2954,#2955,#2956,#2957,#2958
      ,#2959,#2960,#2961,#2962,#2963,#2964,#2965,#2966,#2967,#2968,#2969
      ,#2970,#2971,#2972,#2973,#2974,#2975,#2976,#2977)
    ,(#2978,#2979,#2980,#2981,#2982,#2983,#2984,#2985,#2986,#2987,#2988
      ,#2989,#2990,#2991,#2992,#2993,#2994,#2995,#2996,#2997,#2998,#2999
      ,#3000,#3001,#3002,#3003,#3004,#3005,#3006,#3007
)),.UNSPECIFIED.,.F.,.F.,.F.) B_SPLINE_SURFACE_WITH_KNOTS((3,3),(9,7,7,7
    ,9),(0.,0.536387743432),(44.394561393687,44.498560538248,
    44.740982688028,44.858865664004,44.930949137119),.UNSPECIFIED.) 
GEOMETRIC_REPRESENTATION_ITEM() RATIONAL_B_SPLINE_SURFACE((
    (1.,1.,1.,1.,1.,1.,1.,1.,1.,1.,1.,1.,1.,1.,1.,1.,1.,1.,1.,1.,1.,1.
      ,1.,1.,1.,1.,1.,1.,1.,1.)
    ,(0.963624111659,0.963624111659,0.962897167755,0.96154704688
      ,0.95932095554,0.956833203904,0.953669147727,0.950160501003
      ,0.937085074614,0.925602339353,0.912086546687,0.89714391251
      ,0.881203021599,0.864326709684,0.846320049083,0.817805022473
      ,0.80826657347,0.798615391317,0.788937312653,0.77920652823
      ,0.769518786219,0.760130173335,0.745050706734,0.739182968143
      ,0.733578616415,0.728028612352,0.722555612615,0.717279330201
      ,0.712113023266,0.707106781187)
    ,(1.,1.,1.,1.,1.,1.,1.,1.,1.,1.,1.,1.,1.,1.,1.,1.,1.,1.,1.,1.,1.,1.
,1.,1.,1.,1.,1.,1.,1.,1.))) REPRESENTATION_ITEM('') SURFACE() );
#2918 = CARTESIAN_POINT('',(66.619722436227,1.5,-9.5));
#2919 = CARTESIAN_POINT('',(66.619722436227,1.515487816288,-9.5));
#2920 = CARTESIAN_POINT('',(66.618612249726,1.53091760366,
    -9.499442224558));
#2921 = CARTESIAN_POINT('',(66.616544146445,1.545857911082,
    -9.49840927492));
#2922 = CARTESIAN_POINT('',(66.613192940594,1.561428614522,
    -9.496694311799));
#2923 = CARTESIAN_POINT('',(66.609578008893,1.574868023548,
    -9.494788878812));
#2924 = CARTESIAN_POINT('',(66.605115562894,1.589032518604,
    -9.492335031286));
#2925 = CARTESIAN_POINT('',(66.600381945953,1.602235145494,
    -9.48961717555));
#2926 = CARTESIAN_POINT('',(66.583428284269,1.645359777656,
    -9.479408276799));
#2927 = CARTESIAN_POINT('',(66.569586124542,1.674074642909,
    -9.470371345589));
#2928 = CARTESIAN_POINT('',(66.554958917089,1.701469874846,
    -9.459566166401));
#2929 = CARTESIAN_POINT('',(66.540529102465,1.727290381654,
    -9.447359018639));
#2930 = CARTESIAN_POINT('',(66.526792772937,1.751535333412,
    -9.433983783755));
#2931 = CARTESIAN_POINT('',(66.513781799309,1.774655178558,
    -9.419353594902));
#2932 = CARTESIAN_POINT('',(66.501383763931,1.797292636308,
    -9.40305821539));
#2933 = CARTESIAN_POINT('',(66.484404503437,1.830399376084,
    -9.375545740942));
#2934 = CARTESIAN_POINT('',(66.479111356587,1.841123715082,
    -9.366019976132));
#2935 = CARTESIAN_POINT('',(66.474154913937,1.851451440109,
    -9.356318747285));
#2936 = CARTESIAN_POINT('',(66.469630294564,1.861810616285,
    -9.345762428185));
#2937 = CARTESIAN_POINT('',(66.465503921078,1.8717555709,-9.335035459642
    ));
#2938 = CARTESIAN_POINT('',(66.461825215877,1.881266836256,
    -9.32415276538));
#2939 = CARTESIAN_POINT('',(66.45881614878,1.891273918855,
    -9.311613548832));
#2940 = CARTESIAN_POINT('',(66.454851064154,1.904905157675,
    -9.293472236843));
#2941 = CARTESIAN_POINT('',(66.453527775429,1.908702149231,
    -9.288150711921));
#2942 = CARTESIAN_POINT('',(66.4523873579,1.913205819301,-9.281763659053
    ));
#2943 = CARTESIAN_POINT('',(66.451458418688,1.917438129852,
    -9.275476194581));
#2944 = CARTESIAN_POINT('',(66.450745438097,1.921363315723,
    -9.269361590176));
#2945 = CARTESIAN_POINT('',(66.450250801381,1.925434433924,
    -9.262885768124));
#2946 = CARTESIAN_POINT('',(66.45,1.929265753841,-9.256489904399));
#2947 = CARTESIAN_POINT('',(66.45,1.933012701914,-9.249999999963));
#2948 = CARTESIAN_POINT('',(66.647457446038,1.5,-9.5));
#2949 = CARTESIAN_POINT('',(66.647457446038,1.516733586006,-9.5));
#2950 = CARTESIAN_POINT('',(66.64657455351,1.533429982003,-9.49935227829
    ));
#2951 = CARTESIAN_POINT('',(66.644924206374,1.549599289406,
    -9.49814797646));
#2952 = CARTESIAN_POINT('',(66.64225782199,1.5664118419,-9.496154905958)
  );
#2953 = CARTESIAN_POINT('',(66.639394695693,1.580890168903,
    -9.493939140379));
#2954 = CARTESIAN_POINT('',(66.635889765283,1.596066753168,
    -9.491108529322));
#2955 = CARTESIAN_POINT('',(66.63220326295,1.610166680677,
    -9.487983627667));
#2956 = CARTESIAN_POINT('',(66.61901474677,1.656372604783,-9.47622430702
    ));
#2957 = CARTESIAN_POINT('',(66.608315843683,1.687058783468,
    -9.465791564382));
#2958 = CARTESIAN_POINT('',(66.59736072,1.71582242171,-9.453450436414));
#2959 = CARTESIAN_POINT('',(66.587021651614,1.74231918655,-9.43979761224
    ));
#2960 = CARTESIAN_POINT('',(66.577732736881,1.766532483432,
    -9.425259674323));
#2961 = CARTESIAN_POINT('',(66.569530146944,1.788939620944,
    -9.409865285714));
#2962 = CARTESIAN_POINT('',(66.562326837883,1.810194769947,
    -9.393353929763));
#2963 = CARTESIAN_POINT('',(66.553543931727,1.840268469181,
    -9.366832165723));
#2964 = CARTESIAN_POINT('',(66.550936479266,1.850040349771,
    -9.357658858362));
#2965 = CARTESIAN_POINT('',(66.548750039802,1.85931771432,
    -9.348375925335));
#2966 = CARTESIAN_POINT('',(66.54696859477,1.868239636815,
    -9.338904557849));
#2967 = CARTESIAN_POINT('',(66.545613774701,1.876777776844,
    -9.329292591059));
#2968 = CARTESIAN_POINT('',(66.544718508465,1.884876652512,
    -9.319609282718));
#2969 = CARTESIAN_POINT('',(66.544278708659,1.892644413868,
    -9.30980897548));
#2970 = CARTESIAN_POINT('',(66.544376206329,1.904562856202,
    -9.293915710429));
#2971 = CARTESIAN_POINT('',(66.544631793794,1.908932040363,
    -9.287872869793));
#2972 = CARTESIAN_POINT('',(66.545030327346,1.913251712063,
    -9.281681019588));
#2973 = CARTESIAN_POINT('',(66.545625769285,1.917440526573,
    -9.275449568287));
#2974 = CARTESIAN_POINT('',(66.546421720993,1.921497003157,
    -9.269182428036));
#2975 = CARTESIAN_POINT('',(66.547400980193,1.925457750289,
    -9.262833335142));
#2976 = CARTESIAN_POINT('',(66.548593975418,1.929292095484,
    -9.256444279333));
#2977 = CARTESIAN_POINT('',(66.55,1.933012701892,-9.25));
#2978 = CARTESIAN_POINT('',(66.671230311591,1.5,-9.514285714286));
#2979 = CARTESIAN_POINT('',(66.671230311591,1.518282960347,
    -9.514285714286));
#2980 = CARTESIAN_POINT('',(66.670461321102,1.536500012938,
    -9.513822970591));
#2981 = CARTESIAN_POINT('',(66.669027772524,1.554135989683,
    -9.512964493873));
#2982 = CARTESIAN_POINT('',(66.666708402396,1.572512017929,
    -9.511544836223));
#2983 = CARTESIAN_POINT('',(66.664192282145,1.588416596599,
    -9.509956401051));
#2984 = CARTESIAN_POINT('',(66.66110045244,1.605099013832,
    -9.507927057847));
#2985 = CARTESIAN_POINT('',(66.657804966554,1.620714016225,
    -9.505668544442));
#2986 = CARTESIAN_POINT('',(66.646014560154,1.671595305827,
    -9.497209535727));
#2987 = CARTESIAN_POINT('',(66.636368425208,1.705496195057,
    -9.489724036958));
#2988 = CARTESIAN_POINT('',(66.626171665163,1.737750040797,
    -9.480799294688));
#2989 = CARTESIAN_POINT('',(66.616111453068,1.768072192968,
    -9.470758454597));
#2990 = CARTESIAN_POINT('',(66.606530011199,1.79648885365,
    -9.459812903606));
#2991 = CARTESIAN_POINT('',(66.597438650284,1.823522922464,
    -9.447909641456));
#2992 = CARTESIAN_POINT('',(66.588733270158,1.84991190131,
    -9.434734202572));
#2993 = CARTESIAN_POINT('',(66.576661850059,1.888474637273,
    -9.412640666572));
#2994 = CARTESIAN_POINT('',(66.572863282612,1.900932039712,
    -9.405040127274));
#2995 = CARTESIAN_POINT('',(66.569299749338,1.913064871282,
    -9.397160025213));
#2996 = CARTESIAN_POINT('',(66.565956062343,1.924964374,-9.388926209434)
  );
#2997 = CARTESIAN_POINT('',(66.562866771135,1.936626939954,
    -9.380328829466));
#2998 = CARTESIAN_POINT('',(66.560085556398,1.947975381919,
    -9.371394895741));
#2999 = CARTESIAN_POINT('',(66.557627943843,1.959007971638,
    -9.362090391735));
#3000 = CARTESIAN_POINT('',(66.554263772211,1.976448225173,
    -9.346377629721));
#3001 = CARTESIAN_POINT('',(66.553114522434,1.983084033404,
    -9.340195942364));
#3002 = CARTESIAN_POINT('',(66.55213124627,1.989486808127,-9.33390194172
    ));
#3003 = CARTESIAN_POINT('',(66.551310710898,1.995797301934,
    -9.327430533006));
#3004 = CARTESIAN_POINT('',(66.550669128155,2.001997384151,
    -9.320789960111));
#3005 = CARTESIAN_POINT('',(66.550229801245,2.008008280247,
    -9.31401582542));
#3006 = CARTESIAN_POINT('',(66.55,2.013892630913,-9.307079895446));
#3007 = CARTESIAN_POINT('',(66.55,2.019615242271,-9.3));
#3008 = DEFINITIONAL_REPRESENTATION('',(#3009),#3013);
#3009 = LINE('',#3010,#3011);
#3010 = CARTESIAN_POINT('',(0.,0.));
#3011 = VECTOR('',#3012,1.);
#3012 = DIRECTION('',(0.,1.));
#3013 = ( GEOMETRIC_REPRESENTATION_CONTEXT(2) 
PARAMETRIC_REPRESENTATION_CONTEXT() REPRESENTATION_CONTEXT('2D SPACE',''
  ) );
#3014 = ORIENTED_EDGE('',*,*,#3015,.T.);
#3015 = EDGE_CURVE('',#2786,#2707,#3016,.T.);
#3016 = SURFACE_CURVE('',#3017,(#3022,#3029),.PCURVE_S1.);
#3017 = CIRCLE('',#3018,0.5);
#3018 = AXIS2_PLACEMENT_3D('',#3019,#3020,#3021);
#3019 = CARTESIAN_POINT('',(66.45,1.5,-9.));
#3020 = DIRECTION('',(1.,0.,-0.));
#3021 = DIRECTION('',(-0.,0.8,-0.6));
#3022 = PCURVE('',#869,#3023);
#3023 = DEFINITIONAL_REPRESENTATION('',(#3024),#3028);
#3024 = LINE('',#3025,#3026);
#3025 = CARTESIAN_POINT('',(-0.643501108793,4.25));
#3026 = VECTOR('',#3027,1.);
#3027 = DIRECTION('',(1.,-0.));
#3028 = ( GEOMETRIC_REPRESENTATION_CONTEXT(2) 
PARAMETRIC_REPRESENTATION_CONTEXT() REPRESENTATION_CONTEXT('2D SPACE',''
  ) );
#3029 = PCURVE('',#3030,#3035);
#3030 = TOROIDAL_SURFACE('',#3031,0.6,0.1);
#3031 = AXIS2_PLACEMENT_3D('',#3032,#3033,#3034);
#3032 = CARTESIAN_POINT('',(66.45,1.5,-9.));
#3033 = DIRECTION('',(-1.,-0.,0.));
#3034 = DIRECTION('',(-0.,0.8,-0.6));
#3035 = DEFINITIONAL_REPRESENTATION('',(#3036),#3040);
#3036 = LINE('',#3037,#3038);
#3037 = CARTESIAN_POINT('',(-0.,3.14159265359));
#3038 = VECTOR('',#3039,1.);
#3039 = DIRECTION('',(-1.,0.));
#3040 = ( GEOMETRIC_REPRESENTATION_CONTEXT(2) 
PARAMETRIC_REPRESENTATION_CONTEXT() REPRESENTATION_CONTEXT('2D SPACE',''
  ) );
#3041 = ADVANCED_FACE('',(#3042),#819,.T.);
#3042 = FACE_BOUND('',#3043,.T.);
#3043 = EDGE_LOOP('',(#3044,#3045,#3046,#3047));
#3044 = ORIENTED_EDGE('',*,*,#2762,.F.);
#3045 = ORIENTED_EDGE('',*,*,#802,.T.);
#3046 = ORIENTED_EDGE('',*,*,#1209,.T.);
#3047 = ORIENTED_EDGE('',*,*,#3048,.T.);
#3048 = EDGE_CURVE('',#1210,#2763,#3049,.T.);
#3049 = SURFACE_CURVE('',#3050,(#3054,#3061),.PCURVE_S1.);
#3050 = LINE('',#3051,#3052);
#3051 = CARTESIAN_POINT('',(66.619722436227,-1.5,-9.5));
#3052 = VECTOR('',#3053,1.);
#3053 = DIRECTION('',(0.,1.,0.));
#3054 = PCURVE('',#819,#3055);
#3055 = DEFINITIONAL_REPRESENTATION('',(#3056),#3060);
#3056 = LINE('',#3057,#3058);
#3057 = CARTESIAN_POINT('',(4.419722436227,0.5));
#3058 = VECTOR('',#3059,1.);
#3059 = DIRECTION('',(0.,1.));
#3060 = ( GEOMETRIC_REPRESENTATION_CONTEXT(2) 
PARAMETRIC_REPRESENTATION_CONTEXT() REPRESENTATION_CONTEXT('2D SPACE',''
  ) );
#3061 = PCURVE('',#3062,#3067);
#3062 = CYLINDRICAL_SURFACE('',#3063,0.1);
#3063 = AXIS2_PLACEMENT_3D('',#3064,#3065,#3066);
#3064 = CARTESIAN_POINT('',(66.619722436227,-1.5,-9.6));
#3065 = DIRECTION('',(0.,1.,0.));
#3066 = DIRECTION('',(0.,-0.,1.));
#3067 = DEFINITIONAL_REPRESENTATION('',(#3068),#3072);
#3068 = LINE('',#3069,#3070);
#3069 = CARTESIAN_POINT('',(0.,0.));
#3070 = VECTOR('',#3071,1.);
#3071 = DIRECTION('',(0.,1.));
#3072 = ( GEOMETRIC_REPRESENTATION_CONTEXT(2) 
PARAMETRIC_REPRESENTATION_CONTEXT() REPRESENTATION_CONTEXT('2D SPACE',''
  ) );
#3073 = ADVANCED_FACE('',(#3074),#1020,.T.);
#3074 = FACE_BOUND('',#3075,.T.);
#3075 = EDGE_LOOP('',(#3076,#3101,#3122,#3123));
#3076 = ORIENTED_EDGE('',*,*,#3077,.T.);
#3077 = EDGE_CURVE('',#1159,#3078,#3080,.T.);
#3078 = VERTEX_POINT('',#3079);
#3079 = CARTESIAN_POINT('',(66.671230311591,1.5,9.514285714286));
#3080 = SURFACE_CURVE('',#3081,(#3085,#3095),.PCURVE_S1.);
#3081 = ( BOUNDED_CURVE() B_SPLINE_CURVE(2,(#3082,#3083,#3084),
.UNSPECIFIED.,.F.,.F.) B_SPLINE_CURVE_WITH_KNOTS((3,3),(0.,
0.536387743397),.PIECEWISE_BEZIER_KNOTS.) CURVE() 
GEOMETRIC_REPRESENTATION_ITEM() RATIONAL_B_SPLINE_CURVE((1.,
0.963624111659,1.)) REPRESENTATION_ITEM('') );
#3082 = CARTESIAN_POINT('',(66.619722436227,1.5,9.5));
#3083 = CARTESIAN_POINT('',(66.647457446038,1.5,9.5));
#3084 = CARTESIAN_POINT('',(66.671230311591,1.5,9.514285714286));
#3085 = PCURVE('',#1020,#3086);
#3086 = DEFINITIONAL_REPRESENTATION('',(#3087),#3094);
#3087 = B_SPLINE_CURVE_WITH_KNOTS('',5,(#3088,#3089,#3090,#3091,#3092,
    #3093),.UNSPECIFIED.,.F.,.F.,(6,6),(0.,0.536387743397),
  .PIECEWISE_BEZIER_KNOTS.);
#3088 = CARTESIAN_POINT('',(-5.551115123126E-17,0.));
#3089 = CARTESIAN_POINT('',(0.106904496765,0.));
#3090 = CARTESIAN_POINT('',(0.215753076257,0.));
#3091 = CARTESIAN_POINT('',(0.3253464497,0.));
#3092 = CARTESIAN_POINT('',(0.434195029192,0.));
#3093 = CARTESIAN_POINT('',(0.541099525957,0.));
#3094 = ( GEOMETRIC_REPRESENTATION_CONTEXT(2) 
PARAMETRIC_REPRESENTATION_CONTEXT() REPRESENTATION_CONTEXT('2D SPACE',''
  ) );
#3095 = PCURVE('',#2578,#3096);
#3096 = DEFINITIONAL_REPRESENTATION('',(#3097),#3100);
#3097 = B_SPLINE_CURVE_WITH_KNOTS('',1,(#3098,#3099),.UNSPECIFIED.,.F.,
  .F.,(2,2),(0.,0.536387743397),.PIECEWISE_BEZIER_KNOTS.);
#3098 = CARTESIAN_POINT('',(0.,18.7981871312));
#3099 = CARTESIAN_POINT('',(0.536387743397,18.7981871312));
#3100 = ( GEOMETRIC_REPRESENTATION_CONTEXT(2) 
PARAMETRIC_REPRESENTATION_CONTEXT() REPRESENTATION_CONTEXT('2D SPACE',''
  ) );
#3101 = ORIENTED_EDGE('',*,*,#3102,.T.);
#3102 = EDGE_CURVE('',#3078,#1001,#3103,.T.);
#3103 = SURFACE_CURVE('',#3104,(#3108,#3115),.PCURVE_S1.);
#3104 = LINE('',#3105,#3106);
#3105 = CARTESIAN_POINT('',(66.671230311591,1.5,9.514285714286));
#3106 = VECTOR('',#3107,1.);
#3107 = DIRECTION('',(-0.,-1.,-0.));
#3108 = PCURVE('',#1020,#3109);
#3109 = DEFINITIONAL_REPRESENTATION('',(#3110),#3114);
#3110 = LINE('',#3111,#3112);
#3111 = CARTESIAN_POINT('',(0.541099525957,0.));
#3112 = VECTOR('',#3113,1.);
#3113 = DIRECTION('',(0.,1.));
#3114 = ( GEOMETRIC_REPRESENTATION_CONTEXT(2) 
PARAMETRIC_REPRESENTATION_CONTEXT() REPRESENTATION_CONTEXT('2D SPACE',''
  ) );
#3115 = PCURVE('',#1072,#3116);
#3116 = DEFINITIONAL_REPRESENTATION('',(#3117),#3121);
#3117 = LINE('',#3118,#3119);
#3118 = CARTESIAN_POINT('',(-1.029696800838,2.73));
#3119 = VECTOR('',#3120,1.);
#3120 = DIRECTION('',(-0.,1.));
#3121 = ( GEOMETRIC_REPRESENTATION_CONTEXT(2) 
PARAMETRIC_REPRESENTATION_CONTEXT() REPRESENTATION_CONTEXT('2D SPACE',''
  ) );
#3122 = ORIENTED_EDGE('',*,*,#1000,.F.);
#3123 = ORIENTED_EDGE('',*,*,#1183,.F.);
#3124 = ADVANCED_FACE('',(#3125),#1072,.F.);
#3125 = FACE_BOUND('',#3126,.T.);
#3126 = EDGE_LOOP('',(#3127,#3157,#3186,#3214,#3236,#3237,#3238,#3239));
#3127 = ORIENTED_EDGE('',*,*,#3128,.F.);
#3128 = EDGE_CURVE('',#3129,#3131,#3133,.T.);
#3129 = VERTEX_POINT('',#3130);
#3130 = CARTESIAN_POINT('',(66.55,4.23,9.3));
#3131 = VERTEX_POINT('',#3132);
#3132 = CARTESIAN_POINT('',(66.55,2.019615242271,9.3));
#3133 = SURFACE_CURVE('',#3134,(#3138,#3145),.PCURVE_S1.);
#3134 = LINE('',#3135,#3136);
#3135 = CARTESIAN_POINT('',(66.55,4.23,9.3));
#3136 = VECTOR('',#3137,1.);
#3137 = DIRECTION('',(-0.,-1.,-0.));
#3138 = PCURVE('',#1072,#3139);
#3139 = DEFINITIONAL_REPRESENTATION('',(#3140),#3144);
#3140 = LINE('',#3141,#3142);
#3141 = CARTESIAN_POINT('',(-0.,0.));
#3142 = VECTOR('',#3143,1.);
#3143 = DIRECTION('',(-0.,1.));
#3144 = ( GEOMETRIC_REPRESENTATION_CONTEXT(2) 
PARAMETRIC_REPRESENTATION_CONTEXT() REPRESENTATION_CONTEXT('2D SPACE',''
  ) );
#3145 = PCURVE('',#3146,#3151);
#3146 = PLANE('',#3147);
#3147 = AXIS2_PLACEMENT_3D('',#3148,#3149,#3150);
#3148 = CARTESIAN_POINT('',(66.55,-4.73,-9.5));
#3149 = DIRECTION('',(1.,0.,0.));
#3150 = DIRECTION('',(0.,0.,1.));
#3151 = DEFINITIONAL_REPRESENTATION('',(#3152),#3156);
#3152 = LINE('',#3153,#3154);
#3153 = CARTESIAN_POINT('',(18.8,-8.96));
#3154 = VECTOR('',#3155,1.);
#3155 = DIRECTION('',(-0.,1.));
#3156 = ( GEOMETRIC_REPRESENTATION_CONTEXT(2) 
PARAMETRIC_REPRESENTATION_CONTEXT() REPRESENTATION_CONTEXT('2D SPACE',''
  ) );
#3157 = ORIENTED_EDGE('',*,*,#3158,.T.);
#3158 = EDGE_CURVE('',#3129,#3159,#3161,.T.);
#3159 = VERTEX_POINT('',#3160);
#3160 = CARTESIAN_POINT('',(66.8,4.23,9.55));
#3161 = SURFACE_CURVE('',#3162,(#3167,#3174),.PCURVE_S1.);
#3162 = CIRCLE('',#3163,0.25);
#3163 = AXIS2_PLACEMENT_3D('',#3164,#3165,#3166);
#3164 = CARTESIAN_POINT('',(66.8,4.23,9.3));
#3165 = DIRECTION('',(0.,1.,-6.123233995737E-17));
#3166 = DIRECTION('',(0.,6.123233995737E-17,1.));
#3167 = PCURVE('',#1072,#3168);
#3168 = DEFINITIONAL_REPRESENTATION('',(#3169),#3173);
#3169 = LINE('',#3170,#3171);
#3170 = CARTESIAN_POINT('',(4.712388980385,-0.));
#3171 = VECTOR('',#3172,1.);
#3172 = DIRECTION('',(-1.,0.));
#3173 = ( GEOMETRIC_REPRESENTATION_CONTEXT(2) 
PARAMETRIC_REPRESENTATION_CONTEXT() REPRESENTATION_CONTEXT('2D SPACE',''
  ) );
#3174 = PCURVE('',#3175,#3180);
#3175 = TOROIDAL_SURFACE('',#3176,0.3,0.25);
#3176 = AXIS2_PLACEMENT_3D('',#3177,#3178,#3179);
#3177 = CARTESIAN_POINT('',(66.8,4.23,9.));
#3178 = DIRECTION('',(1.,0.,0.));
#3179 = DIRECTION('',(0.,1.,0.));
#3180 = DEFINITIONAL_REPRESENTATION('',(#3181),#3185);
#3181 = LINE('',#3182,#3183);
#3182 = CARTESIAN_POINT('',(1.570796326795,0.));
#3183 = VECTOR('',#3184,1.);
#3184 = DIRECTION('',(0.,1.));
#3185 = ( GEOMETRIC_REPRESENTATION_CONTEXT(2) 
PARAMETRIC_REPRESENTATION_CONTEXT() REPRESENTATION_CONTEXT('2D SPACE',''
  ) );
#3186 = ORIENTED_EDGE('',*,*,#3187,.T.);
#3187 = EDGE_CURVE('',#3159,#3188,#3190,.T.);
#3188 = VERTEX_POINT('',#3189);
#3189 = CARTESIAN_POINT('',(66.8,-4.23,9.55));
#3190 = SURFACE_CURVE('',#3191,(#3195,#3202),.PCURVE_S1.);
#3191 = LINE('',#3192,#3193);
#3192 = CARTESIAN_POINT('',(66.8,4.23,9.55));
#3193 = VECTOR('',#3194,1.);
#3194 = DIRECTION('',(-0.,-1.,-0.));
#3195 = PCURVE('',#1072,#3196);
#3196 = DEFINITIONAL_REPRESENTATION('',(#3197),#3201);
#3197 = LINE('',#3198,#3199);
#3198 = CARTESIAN_POINT('',(-1.570796326795,0.));
#3199 = VECTOR('',#3200,1.);
#3200 = DIRECTION('',(-0.,1.));
#3201 = ( GEOMETRIC_REPRESENTATION_CONTEXT(2) 
PARAMETRIC_REPRESENTATION_CONTEXT() REPRESENTATION_CONTEXT('2D SPACE',''
  ) );
#3202 = PCURVE('',#3203,#3208);
#3203 = PLANE('',#3204);
#3204 = AXIS2_PLACEMENT_3D('',#3205,#3206,#3207);
#3205 = CARTESIAN_POINT('',(66.6,-4.73,9.55));
#3206 = DIRECTION('',(0.,0.,1.));
#3207 = DIRECTION('',(1.,0.,0.));
#3208 = DEFINITIONAL_REPRESENTATION('',(#3209),#3213);
#3209 = LINE('',#3210,#3211);
#3210 = CARTESIAN_POINT('',(0.2,8.96));
#3211 = VECTOR('',#3212,1.);
#3212 = DIRECTION('',(-0.,-1.));
#3213 = ( GEOMETRIC_REPRESENTATION_CONTEXT(2) 
PARAMETRIC_REPRESENTATION_CONTEXT() REPRESENTATION_CONTEXT('2D SPACE',''
  ) );
#3214 = ORIENTED_EDGE('',*,*,#3215,.F.);
#3215 = EDGE_CURVE('',#1541,#3188,#3216,.T.);
#3216 = SURFACE_CURVE('',#3217,(#3222,#3229),.PCURVE_S1.);
#3217 = CIRCLE('',#3218,0.25);
#3218 = AXIS2_PLACEMENT_3D('',#3219,#3220,#3221);
#3219 = CARTESIAN_POINT('',(66.8,-4.23,9.3));
#3220 = DIRECTION('',(0.,1.,0.));
#3221 = DIRECTION('',(-1.,0.,-2.22044604925E-16));
#3222 = PCURVE('',#1072,#3223);
#3223 = DEFINITIONAL_REPRESENTATION('',(#3224),#3228);
#3224 = LINE('',#3225,#3226);
#3225 = CARTESIAN_POINT('',(-0.,8.46));
#3226 = VECTOR('',#3227,1.);
#3227 = DIRECTION('',(-1.,0.));
#3228 = ( GEOMETRIC_REPRESENTATION_CONTEXT(2) 
PARAMETRIC_REPRESENTATION_CONTEXT() REPRESENTATION_CONTEXT('2D SPACE',''
  ) );
#3229 = PCURVE('',#1580,#3230);
#3230 = DEFINITIONAL_REPRESENTATION('',(#3231),#3235);
#3231 = LINE('',#3232,#3233);
#3232 = CARTESIAN_POINT('',(0.,4.712388980385));
#3233 = VECTOR('',#3234,1.);
#3234 = DIRECTION('',(0.,1.));
#3235 = ( GEOMETRIC_REPRESENTATION_CONTEXT(2) 
PARAMETRIC_REPRESENTATION_CONTEXT() REPRESENTATION_CONTEXT('2D SPACE',''
  ) );
#3236 = ORIENTED_EDGE('',*,*,#1540,.F.);
#3237 = ORIENTED_EDGE('',*,*,#1031,.F.);
#3238 = ORIENTED_EDGE('',*,*,#3102,.F.);
#3239 = ORIENTED_EDGE('',*,*,#3240,.F.);
#3240 = EDGE_CURVE('',#3131,#3078,#3241,.T.);
#3241 = SURFACE_CURVE('',#3242,(#3273,#3349),.PCURVE_S1.);
#3242 = ( BOUNDED_CURVE() B_SPLINE_CURVE(8,(#3243,#3244,#3245,#3246,
    #3247,#3248,#3249,#3250,#3251,#3252,#3253,#3254,#3255,#3256,#3257,
    #3258,#3259,#3260,#3261,#3262,#3263,#3264,#3265,#3266,#3267,#3268,
    #3269,#3270,#3271,#3272),.UNSPECIFIED.,.F.,.F.) 
B_SPLINE_CURVE_WITH_KNOTS((9,7,7,7,9),(18.261799387802,18.333882875377,
18.451765875004,18.694188073418,18.7981871312),.UNSPECIFIED.) CURVE() 
GEOMETRIC_REPRESENTATION_ITEM() RATIONAL_B_SPLINE_CURVE((1.,1.,1.,1.,1.,
    1.,1.,1.,1.,1.,1.,1.,1.,1.,1.,1.,1.,1.,1.,1.,1.,1.,1.,1.,1.,1.,1.,1.
,1.,1.)) REPRESENTATION_ITEM('') );
#3243 = CARTESIAN_POINT('',(66.55,2.019615242271,9.3));
#3244 = CARTESIAN_POINT('',(66.55,2.013892630898,9.307079895464));
#3245 = CARTESIAN_POINT('',(66.550229801247,2.008008280256,
    9.314015825401));
#3246 = CARTESIAN_POINT('',(66.550669128151,2.001997384163,
    9.320789960112));
#3247 = CARTESIAN_POINT('',(66.551310710899,1.995797301913,
    9.327430533025));
#3248 = CARTESIAN_POINT('',(66.552131246273,1.989486808113,9.33390194172
    ));
#3249 = CARTESIAN_POINT('',(66.553114522429,1.983084033438,
    9.340195942347));
#3250 = CARTESIAN_POINT('',(66.554263772213,1.976448225157,
    9.346377629731));
#3251 = CARTESIAN_POINT('',(66.557627943841,1.959007971648,
    9.362090391729));
#3252 = CARTESIAN_POINT('',(66.560085556398,1.947975381917,
    9.371394895743));
#3253 = CARTESIAN_POINT('',(66.562866771136,1.936626939953,
    9.380328829467));
#3254 = CARTESIAN_POINT('',(66.565956062343,1.924964374001,
    9.388926209433));
#3255 = CARTESIAN_POINT('',(66.569299749338,1.913064871281,
    9.397160025214));
#3256 = CARTESIAN_POINT('',(66.572863282612,1.900932039712,
    9.405040127274));
#3257 = CARTESIAN_POINT('',(66.576661850059,1.888474637273,
    9.412640666572));
#3258 = CARTESIAN_POINT('',(66.588733270158,1.84991190131,9.434734202572
    ));
#3259 = CARTESIAN_POINT('',(66.597438650631,1.823522920471,
    9.447909641636));
#3260 = CARTESIAN_POINT('',(66.606530010779,1.796488855815,
    9.459812903363));
#3261 = CARTESIAN_POINT('',(66.616111452722,1.768072195166,
    9.470758454444));
#3262 = CARTESIAN_POINT('',(66.626171665886,1.737750037377,
    9.480799295134));
#3263 = CARTESIAN_POINT('',(66.636368425607,1.705496192159,
    9.489724037048));
#3264 = CARTESIAN_POINT('',(66.646014557629,1.671595316656,
    9.497209533922));
#3265 = CARTESIAN_POINT('',(66.657804964121,1.620714026592,
    9.505668542694));
#3266 = CARTESIAN_POINT('',(66.661099112396,1.605107686519,
    9.507926213915));
#3267 = CARTESIAN_POINT('',(66.664195917334,1.588396102262,
    9.509958682054));
#3268 = CARTESIAN_POINT('',(66.666705082994,1.572520796057,
    9.511542726392));
#3269 = CARTESIAN_POINT('',(66.669026404469,1.554163336985,
    9.512963677591));
#3270 = CARTESIAN_POINT('',(66.670462303971,1.536487892616,9.51382357451
    ));
#3271 = CARTESIAN_POINT('',(66.671230311591,1.518282966133,
    9.514285714286));
#3272 = CARTESIAN_POINT('',(66.671230311591,1.5,9.514285714286));
#3273 = PCURVE('',#1072,#3274);
#3274 = DEFINITIONAL_REPRESENTATION('',(#3275),#3348);
#3275 = B_SPLINE_CURVE_WITH_KNOTS('',11,(#3276,#3277,#3278,#3279,#3280,
    #3281,#3282,#3283,#3284,#3285,#3286,#3287,#3288,#3289,#3290,#3291,
    #3292,#3293,#3294,#3295,#3296,#3297,#3298,#3299,#3300,#3301,#3302,
    #3303,#3304,#3305,#3306,#3307,#3308,#3309,#3310,#3311,#3312,#3313,
    #3314,#3315,#3316,#3317,#3318,#3319,#3320,#3321,#3322,#3323,#3324,
    #3325,#3326,#3327,#3328,#3329,#3330,#3331,#3332,#3333,#3334,#3335,
    #3336,#3337,#3338,#3339,#3340,#3341,#3342,#3343,#3344,#3345,#3346,
    #3347),.UNSPECIFIED.,.F.,.F.,(12,10,10,10,10,10,10,12),(
    18.261799387802,18.328847855727,18.395896323652,18.462944791576,
    18.529993259501,18.66409019535,18.731138663275,18.7981871312),
  .UNSPECIFIED.);
#3276 = CARTESIAN_POINT('',(-3.874442853693E-15,2.210384757729));
#3277 = CARTESIAN_POINT('',(-1.915742819E-02,2.214255948942));
#3278 = CARTESIAN_POINT('',(-3.805279841891E-02,2.218193785082));
#3279 = CARTESIAN_POINT('',(-5.670183031092E-02,2.222202740201));
#3280 = CARTESIAN_POINT('',(-7.510528057609E-02,2.226279091573));
#3281 = CARTESIAN_POINT('',(-9.326043470634E-02,2.230417410986));
#3282 = CARTESIAN_POINT('',(-0.111168078922,2.234614475255));
#3283 = CARTESIAN_POINT('',(-0.128834952361,2.238870595929));
#3284 = CARTESIAN_POINT('',(-0.146271679524,2.243188368227));
#3285 = CARTESIAN_POINT('',(-0.163486182961,2.247568839163));
#3286 = CARTESIAN_POINT('',(-0.180472576208,2.252005094895));
#3287 = CARTESIAN_POINT('',(-0.213918497738,2.26094143967));
#3288 = CARTESIAN_POINT('',(-0.230329322299,2.265419794716));
#3289 = CARTESIAN_POINT('',(-0.246511796395,2.269925756984));
#3290 = CARTESIAN_POINT('',(-0.262534699435,2.274502910924));
#3291 = CARTESIAN_POINT('',(-0.278345206729,2.279117043597));
#3292 = CARTESIAN_POINT('',(-0.293949059455,2.283762161372));
#3293 = CARTESIAN_POINT('',(-0.309407573154,2.288467383132));
#3294 = CARTESIAN_POINT('',(-0.32472092939,2.293230771014));
#3295 = CARTESIAN_POINT('',(-0.339836208041,2.298019132824));
#3296 = CARTESIAN_POINT('',(-0.354817269315,2.302863615901));
#3297 = CARTESIAN_POINT('',(-0.384466501148,2.312635408639));
#3298 = CARTESIAN_POINT('',(-0.399133645284,2.317562900888));
#3299 = CARTESIAN_POINT('',(-0.413668181739,2.322539321465));
#3300 = CARTESIAN_POINT('',(-0.42805423421,2.327556539821));
#3301 = CARTESIAN_POINT('',(-0.442289087997,2.332611310716));
#3302 = CARTESIAN_POINT('',(-0.456390120773,2.337708207114));
#3303 = CARTESIAN_POINT('',(-0.470375563864,2.342852704895));
#3304 = CARTESIAN_POINT('',(-0.484239895808,2.348041986472));
#3305 = CARTESIAN_POINT('',(-0.497944669962,2.353261030586));
#3306 = CARTESIAN_POINT('',(-0.5114455779,2.358491555364));
#3307 = CARTESIAN_POINT('',(-0.538107522885,2.368991208394));
#3308 = CARTESIAN_POINT('',(-0.551267141681,2.374260657267));
#3309 = CARTESIAN_POINT('',(-0.564267105161,2.379552549967));
#3310 = CARTESIAN_POINT('',(-0.57711826848,2.384869811756));
#3311 = CARTESIAN_POINT('',(-0.589830643559,2.390215471691));
#3312 = CARTESIAN_POINT('',(-0.602413399093,2.39559266263));
#3313 = CARTESIAN_POINT('',(-0.614874860545,2.401004621215));
#3314 = CARTESIAN_POINT('',(-0.627222510151,2.406454687897));
#3315 = CARTESIAN_POINT('',(-0.639462986915,2.41194630691));
#3316 = CARTESIAN_POINT('',(-0.651602086613,2.417483026292));
#3317 = CARTESIAN_POINT('',(-0.687730112149,2.434239441033));
#3318 = CARTESIAN_POINT('',(-0.71142464499,2.445602333984));
#3319 = CARTESIAN_POINT('',(-0.734767094704,2.457185920052));
#3320 = CARTESIAN_POINT('',(-0.757769010688,2.469012477916));
#3321 = CARTESIAN_POINT('',(-0.780415577242,2.481098394159));
#3322 = CARTESIAN_POINT('',(-0.802666433416,2.493454735703));
#3323 = CARTESIAN_POINT('',(-0.824456492922,2.506087822408));
#3324 = CARTESIAN_POINT('',(-0.845696763967,2.518999799482));
#3325 = CARTESIAN_POINT('',(-0.86627516917,2.53218921007));
#3326 = CARTESIAN_POINT('',(-0.886057365403,2.545651567703));
#3327 = CARTESIAN_POINT('',(-0.914302662832,2.566244109406));
#3328 = CARTESIAN_POINT('',(-0.923475307859,2.573165173722));
#3329 = CARTESIAN_POINT('',(-0.932445483872,2.580243747258));
#3330 = CARTESIAN_POINT('',(-0.940876451999,2.586992686316));
#3331 = CARTESIAN_POINT('',(-0.949784595685,2.594857048184));
#3332 = CARTESIAN_POINT('',(-0.956930617339,2.600991558716));
#3333 = CARTESIAN_POINT('',(-0.965392834446,2.609099408291));
#3334 = CARTESIAN_POINT('',(-0.972463817679,2.616158428467));
#3335 = CARTESIAN_POINT('',(-0.979614495693,2.623784188673));
#3336 = CARTESIAN_POINT('',(-0.986246454258,2.631403378491));
#3337 = CARTESIAN_POINT('',(-0.998662984284,2.646903631869));
#3338 = CARTESIAN_POINT('',(-1.004434531122,2.654772538876));
#3339 = CARTESIAN_POINT('',(-1.009727532748,2.662760687425));
#3340 = CARTESIAN_POINT('',(-1.01451046662,2.670884105879));
#3341 = CARTESIAN_POINT('',(-1.018734999688,2.679137659641));
#3342 = CARTESIAN_POINT('',(-1.022338105501,2.687492257499));
#3343 = CARTESIAN_POINT('',(-1.025259757487,2.695911265915));
#3344 = CARTESIAN_POINT('',(-1.02746254247,2.704371402753));
#3345 = CARTESIAN_POINT('',(-1.028939538467,2.712873381948));
#3346 = CARTESIAN_POINT('',(-1.029696800838,2.721427580599));
#3347 = CARTESIAN_POINT('',(-1.029696800838,2.73));
#3348 = ( GEOMETRIC_REPRESENTATION_CONTEXT(2) 
PARAMETRIC_REPRESENTATION_CONTEXT() REPRESENTATION_CONTEXT('2D SPACE',''
  ) );
#3349 = PCURVE('',#2578,#3350);
#3350 = DEFINITIONAL_REPRESENTATION('',(#3351),#3355);
#3351 = LINE('',#3352,#3353);
#3352 = CARTESIAN_POINT('',(0.536387743397,0.));
#3353 = VECTOR('',#3354,1.);
#3354 = DIRECTION('',(0.,1.));
#3355 = ( GEOMETRIC_REPRESENTATION_CONTEXT(2) 
PARAMETRIC_REPRESENTATION_CONTEXT() REPRESENTATION_CONTEXT('2D SPACE',''
  ) );
#3356 = ADVANCED_FACE('',(#3357),#1477,.T.);
#3357 = FACE_BOUND('',#3358,.F.);
#3358 = EDGE_LOOP('',(#3359,#3360,#3361,#3387));
#3359 = ORIENTED_EDGE('',*,*,#1516,.F.);
#3360 = ORIENTED_EDGE('',*,*,#1462,.T.);
#3361 = ORIENTED_EDGE('',*,*,#3362,.T.);
#3362 = EDGE_CURVE('',#1233,#1650,#3363,.T.);
#3363 = SURFACE_CURVE('',#3364,(#3369,#3375),.PCURVE_S1.);
#3364 = CIRCLE('',#3365,0.1);
#3365 = AXIS2_PLACEMENT_3D('',#3366,#3367,#3368);
#3366 = CARTESIAN_POINT('',(66.45,-2.019615242271,-9.3));
#3367 = DIRECTION('',(-0.,0.5,-0.866025403784));
#3368 = DIRECTION('',(0.,-0.866025403784,-0.5));
#3369 = PCURVE('',#1477,#3370);
#3370 = DEFINITIONAL_REPRESENTATION('',(#3371),#3374);
#3371 = B_SPLINE_CURVE_WITH_KNOTS('',1,(#3372,#3373),.UNSPECIFIED.,.F.,
  .F.,(2,2),(3.14159265359,4.712388980385),.PIECEWISE_BEZIER_KNOTS.);
#3372 = CARTESIAN_POINT('',(-0.523598775598,3.14159265359));
#3373 = CARTESIAN_POINT('',(-0.523598775598,4.712388980385));
#3374 = ( GEOMETRIC_REPRESENTATION_CONTEXT(2) 
PARAMETRIC_REPRESENTATION_CONTEXT() REPRESENTATION_CONTEXT('2D SPACE',''
  ) );
#3375 = PCURVE('',#1364,#3376);
#3376 = DEFINITIONAL_REPRESENTATION('',(#3377),#3386);
#3377 = B_SPLINE_CURVE_WITH_KNOTS('',7,(#3378,#3379,#3380,#3381,#3382,
    #3383,#3384,#3385),.UNSPECIFIED.,.F.,.F.,(8,8),(3.14159265359,
    4.712388980385),.PIECEWISE_BEZIER_KNOTS.);
#3378 = CARTESIAN_POINT('',(-5.551115123126E-17,40.858173650258));
#3379 = CARTESIAN_POINT('',(8.511099834197E-02,40.858173650258));
#3380 = CARTESIAN_POINT('',(0.160993912348,40.858173650258));
#3381 = CARTESIAN_POINT('',(0.232936443429,40.858173650257));
#3382 = CARTESIAN_POINT('',(0.303451300013,40.858173650258));
#3383 = CARTESIAN_POINT('',(0.375393831094,40.858173650258));
#3384 = CARTESIAN_POINT('',(0.4512767451,40.858173650258));
#3385 = CARTESIAN_POINT('',(0.536387743442,40.858173650258));
#3386 = ( GEOMETRIC_REPRESENTATION_CONTEXT(2) 
PARAMETRIC_REPRESENTATION_CONTEXT() REPRESENTATION_CONTEXT('2D SPACE',''
  ) );
#3387 = ORIENTED_EDGE('',*,*,#1677,.F.);
#3388 = ADVANCED_FACE('',(#3389),#1364,.T.);
#3389 = FACE_BOUND('',#3390,.T.);
#3390 = EDGE_LOOP('',(#3391,#3392,#3511,#3534));
#3391 = ORIENTED_EDGE('',*,*,#3362,.T.);
#3392 = ORIENTED_EDGE('',*,*,#3393,.T.);
#3393 = EDGE_CURVE('',#1650,#3394,#3396,.T.);
#3394 = VERTEX_POINT('',#3395);
#3395 = CARTESIAN_POINT('',(66.671230311591,-1.5,-9.514285714286));
#3396 = SURFACE_CURVE('',#3397,(#3428,#3435),.PCURVE_S1.);
#3397 = ( BOUNDED_CURVE() B_SPLINE_CURVE(8,(#3398,#3399,#3400,#3401,
    #3402,#3403,#3404,#3405,#3406,#3407,#3408,#3409,#3410,#3411,#3412,
    #3413,#3414,#3415,#3416,#3417,#3418,#3419,#3420,#3421,#3422,#3423,
    #3424,#3425,#3426,#3427),.UNSPECIFIED.,.F.,.F.) 
B_SPLINE_CURVE_WITH_KNOTS((9,7,7,7,9),(40.858173650258,40.93025712337,
41.04814009935,41.290562249136,41.3945613937),.UNSPECIFIED.) CURVE() 
GEOMETRIC_REPRESENTATION_ITEM() RATIONAL_B_SPLINE_CURVE((1.,1.,1.,1.,1.,
    1.,1.,1.,1.,1.,1.,1.,1.,1.,1.,1.,1.,1.,1.,1.,1.,1.,1.,1.,1.,1.,1.,1.
,1.,1.)) REPRESENTATION_ITEM('') );
#3398 = CARTESIAN_POINT('',(66.55,-2.019615242271,-9.3));
#3399 = CARTESIAN_POINT('',(66.55,-2.013892630914,-9.307079895444));
#3400 = CARTESIAN_POINT('',(66.550229801244,-2.008008280254,
    -9.314015825417));
#3401 = CARTESIAN_POINT('',(66.550669128158,-2.001997384129,
    -9.320789960124));
#3402 = CARTESIAN_POINT('',(66.551310710896,-1.995797301947,
    -9.327430532998));
#3403 = CARTESIAN_POINT('',(66.552131246267,-1.989486808148,
    -9.333901941708));
#3404 = CARTESIAN_POINT('',(66.553114522439,-1.983084033368,
    -9.340195942387));
#3405 = CARTESIAN_POINT('',(66.554263772209,-1.976448225188,
    -9.346377629712));
#3406 = CARTESIAN_POINT('',(66.557627943844,-1.959007971627,
    -9.362090391743));
#3407 = CARTESIAN_POINT('',(66.560085556398,-1.947975381923,
    -9.371394895738));
#3408 = CARTESIAN_POINT('',(66.562866771135,-1.936626939954,
    -9.380328829467));
#3409 = CARTESIAN_POINT('',(66.565956062343,-1.924964373999,
    -9.388926209435));
#3410 = CARTESIAN_POINT('',(66.569299749338,-1.913064871283,
    -9.397160025212));
#3411 = CARTESIAN_POINT('',(66.572863282612,-1.900932039711,
    -9.405040127274));
#3412 = CARTESIAN_POINT('',(66.576661850059,-1.888474637273,
    -9.412640666572));
#3413 = CARTESIAN_POINT('',(66.588733270158,-1.849911901311,
    -9.434734202572));
#3414 = CARTESIAN_POINT('',(66.597438650284,-1.823522922464,
    -9.447909641456));
#3415 = CARTESIAN_POINT('',(66.606530011199,-1.79648885365,
    -9.459812903606));
#3416 = CARTESIAN_POINT('',(66.616111453068,-1.768072192968,
    -9.470758454597));
#3417 = CARTESIAN_POINT('',(66.626171665163,-1.737750040797,
    -9.480799294688));
#3418 = CARTESIAN_POINT('',(66.636368425208,-1.705496195057,
    -9.489724036958));
#3419 = CARTESIAN_POINT('',(66.646014560154,-1.671595305827,
    -9.497209535727));
#3420 = CARTESIAN_POINT('',(66.657804966554,-1.620714016225,
    -9.505668544442));
#3421 = CARTESIAN_POINT('',(66.66109911197,-1.605107684026,
    -9.507926213496));
#3422 = CARTESIAN_POINT('',(66.664195921713,-1.588396095287,
    -9.509958685328));
#3423 = CARTESIAN_POINT('',(66.66670509328,-1.572520711021,
    -9.511542732502));
#3424 = CARTESIAN_POINT('',(66.66902639942,-1.554163367272,
    -9.512963674469));
#3425 = CARTESIAN_POINT('',(66.670462306365,-1.536487867975,
    -9.513823575992));
#3426 = CARTESIAN_POINT('',(66.671230311591,-1.518282960347,
    -9.514285714286));
#3427 = CARTESIAN_POINT('',(66.671230311591,-1.5,-9.514285714286));
#3428 = PCURVE('',#1364,#3429);
#3429 = DEFINITIONAL_REPRESENTATION('',(#3430),#3434);
#3430 = LINE('',#3431,#3432);
#3431 = CARTESIAN_POINT('',(0.536387743442,0.));
#3432 = VECTOR('',#3433,1.);
#3433 = DIRECTION('',(0.,1.));
#3434 = ( GEOMETRIC_REPRESENTATION_CONTEXT(2) 
PARAMETRIC_REPRESENTATION_CONTEXT() REPRESENTATION_CONTEXT('2D SPACE',''
  ) );
#3435 = PCURVE('',#1665,#3436);
#3436 = DEFINITIONAL_REPRESENTATION('',(#3437),#3510);
#3437 = B_SPLINE_CURVE_WITH_KNOTS('',11,(#3438,#3439,#3440,#3441,#3442,
    #3443,#3444,#3445,#3446,#3447,#3448,#3449,#3450,#3451,#3452,#3453,
    #3454,#3455,#3456,#3457,#3458,#3459,#3460,#3461,#3462,#3463,#3464,
    #3465,#3466,#3467,#3468,#3469,#3470,#3471,#3472,#3473,#3474,#3475,
    #3476,#3477,#3478,#3479,#3480,#3481,#3482,#3483,#3484,#3485,#3486,
    #3487,#3488,#3489,#3490,#3491,#3492,#3493,#3494,#3495,#3496,#3497,
    #3498,#3499,#3500,#3501,#3502,#3503,#3504,#3505,#3506,#3507,#3508,
    #3509),.UNSPECIFIED.,.F.,.F.,(12,10,10,10,10,10,10,12),(
    40.858173650258,40.925222118188,40.992270586118,41.059319054049,
    41.126367521979,41.260464457839,41.32751292577,41.3945613937),
  .UNSPECIFIED.);
#3438 = CARTESIAN_POINT('',(1.480759959094E-14,2.210384757729));
#3439 = CARTESIAN_POINT('',(-1.915743197966E-02,2.214255949708));
#3440 = CARTESIAN_POINT('',(-3.805280599705E-02,2.21819378666));
#3441 = CARTESIAN_POINT('',(-5.670184156451E-02,2.222202742621));
#3442 = CARTESIAN_POINT('',(-7.510529536591E-02,2.226279094847));
#3443 = CARTESIAN_POINT('',(-9.326045291347E-02,2.230417415141));
#3444 = CARTESIAN_POINT('',(-0.111168100459,2.2346144803));
#3445 = CARTESIAN_POINT('',(-0.128834977165,2.238870601906));
#3446 = CARTESIAN_POINT('',(-0.146271707532,2.243188375159));
#3447 = CARTESIAN_POINT('',(-0.163486214086,2.247568847083));
#3448 = CARTESIAN_POINT('',(-0.180472610313,2.252005103807));
#3449 = CARTESIAN_POINT('',(-0.213918537423,2.260941450467));
#3450 = CARTESIAN_POINT('',(-0.230329364474,2.265419806347));
#3451 = CARTESIAN_POINT('',(-0.246511841969,2.269925769916));
#3452 = CARTESIAN_POINT('',(-0.262534747316,2.274502924731));
#3453 = CARTESIAN_POINT('',(-0.278345257011,2.279117058338));
#3454 = CARTESIAN_POINT('',(-0.293949112727,2.283762177368));
#3455 = CARTESIAN_POINT('',(-0.30940762904,2.288467400242));
#3456 = CARTESIAN_POINT('',(-0.32472098741,2.293230789077));
#3457 = CARTESIAN_POINT('',(-0.339836268792,2.298019152129));
#3458 = CARTESIAN_POINT('',(-0.354817332408,2.302863636318));
#3459 = CARTESIAN_POINT('',(-0.384466568972,2.312635431369));
#3460 = CARTESIAN_POINT('',(-0.399133715408,2.31756292477));
#3461 = CARTESIAN_POINT('',(-0.413668254179,2.322539346564));
#3462 = CARTESIAN_POINT('',(-0.428054308895,2.327556566143));
#3463 = CARTESIAN_POINT('',(-0.442289164839,2.332611338217));
#3464 = CARTESIAN_POINT('',(-0.456390199758,2.337708235827));
#3465 = CARTESIAN_POINT('',(-0.470375645023,2.342852734873));
#3466 = CARTESIAN_POINT('',(-0.484239979096,2.34804201777));
#3467 = CARTESIAN_POINT('',(-0.497944755117,2.353261063118));
#3468 = CARTESIAN_POINT('',(-0.511445664533,2.358491588948));
#3469 = CARTESIAN_POINT('',(-0.538107612715,2.368991244191));
#3470 = CARTESIAN_POINT('',(-0.551267233102,2.374260694194));
#3471 = CARTESIAN_POINT('',(-0.564267198182,2.379552588061));
#3472 = CARTESIAN_POINT('',(-0.57711836312,2.384869851073));
#3473 = CARTESIAN_POINT('',(-0.589830739841,2.390215512288));
#3474 = CARTESIAN_POINT('',(-0.602413497046,2.395592704575));
#3475 = CARTESIAN_POINT('',(-0.61487496019,2.40100466457));
#3476 = CARTESIAN_POINT('',(-0.627222611507,2.406454732721));
#3477 = CARTESIAN_POINT('',(-0.639463089987,2.411946353252));
#3478 = CARTESIAN_POINT('',(-0.651602191392,2.417483074187));
#3479 = CARTESIAN_POINT('',(-0.687730221956,2.434239493631));
#3480 = CARTESIAN_POINT('',(-0.711424758131,2.4456023899));
#3481 = CARTESIAN_POINT('',(-0.734767210939,2.457185979255));
#3482 = CARTESIAN_POINT('',(-0.75776912975,2.469012540418));
#3483 = CARTESIAN_POINT('',(-0.780415698908,2.481098460077));
#3484 = CARTESIAN_POINT('',(-0.802666557568,2.493454805414));
#3485 = CARTESIAN_POINT('',(-0.82445661944,2.5060878964));
#3486 = CARTESIAN_POINT('',(-0.84569689264,2.518999878358));
#3487 = CARTESIAN_POINT('',(-0.86627529944,2.532189294271));
#3488 = CARTESIAN_POINT('',(-0.886057496098,2.545651657282));
#3489 = CARTESIAN_POINT('',(-0.914302790903,2.566244205987));
#3490 = CARTESIAN_POINT('',(-0.923475432876,2.573165271411));
#3491 = CARTESIAN_POINT('',(-0.932445616629,2.580243852676));
#3492 = CARTESIAN_POINT('',(-0.940876555134,2.586992779102));
#3493 = CARTESIAN_POINT('',(-0.949784731312,2.594857154814));
#3494 = CARTESIAN_POINT('',(-0.956930730567,2.600991674352));
#3495 = CARTESIAN_POINT('',(-0.965392922676,2.609099489798));
#3496 = CARTESIAN_POINT('',(-0.972463915031,2.616158528133));
#3497 = CARTESIAN_POINT('',(-0.979614579928,2.623784280161));
#3498 = CARTESIAN_POINT('',(-0.986246533134,2.631403470223));
#3499 = CARTESIAN_POINT('',(-0.998663048432,2.646903719088));
#3500 = CARTESIAN_POINT('',(-1.004434587004,2.654772622358));
#3501 = CARTESIAN_POINT('',(-1.009727579238,2.662760765277));
#3502 = CARTESIAN_POINT('',(-1.014510502117,2.670884174524));
#3503 = CARTESIAN_POINT('',(-1.018735023767,2.679137716395));
#3504 = CARTESIAN_POINT('',(-1.022338120008,2.68749230263));
#3505 = CARTESIAN_POINT('',(-1.025259765993,2.695911302276));
#3506 = CARTESIAN_POINT('',(-1.027462548173,2.70437143276));
#3507 = CARTESIAN_POINT('',(-1.028939542031,2.712873404241));
#3508 = CARTESIAN_POINT('',(-1.029696800838,2.721427590464));
#3509 = CARTESIAN_POINT('',(-1.029696800838,2.73));
#3510 = ( GEOMETRIC_REPRESENTATION_CONTEXT(2) 
PARAMETRIC_REPRESENTATION_CONTEXT() REPRESENTATION_CONTEXT('2D SPACE',''
  ) );
#3511 = ORIENTED_EDGE('',*,*,#3512,.F.);
#3512 = EDGE_CURVE('',#1210,#3394,#3513,.T.);
#3513 = SURFACE_CURVE('',#3514,(#3518,#3524),.PCURVE_S1.);
#3514 = ( BOUNDED_CURVE() B_SPLINE_CURVE(2,(#3515,#3516,#3517),
.UNSPECIFIED.,.F.,.F.) B_SPLINE_CURVE_WITH_KNOTS((3,3),(0.,
0.536387743442),.PIECEWISE_BEZIER_KNOTS.) CURVE() 
GEOMETRIC_REPRESENTATION_ITEM() RATIONAL_B_SPLINE_CURVE((1.,
0.963624111659,1.)) REPRESENTATION_ITEM('') );
#3515 = CARTESIAN_POINT('',(66.619722436227,-1.5,-9.5));
#3516 = CARTESIAN_POINT('',(66.647457446038,-1.5,-9.5));
#3517 = CARTESIAN_POINT('',(66.671230311591,-1.5,-9.514285714286));
#3518 = PCURVE('',#1364,#3519);
#3519 = DEFINITIONAL_REPRESENTATION('',(#3520),#3523);
#3520 = B_SPLINE_CURVE_WITH_KNOTS('',1,(#3521,#3522),.UNSPECIFIED.,.F.,
  .F.,(2,2),(0.,0.536387743442),.PIECEWISE_BEZIER_KNOTS.);
#3521 = CARTESIAN_POINT('',(0.,41.3945613937));
#3522 = CARTESIAN_POINT('',(0.536387743442,41.3945613937));
#3523 = ( GEOMETRIC_REPRESENTATION_CONTEXT(2) 
PARAMETRIC_REPRESENTATION_CONTEXT() REPRESENTATION_CONTEXT('2D SPACE',''
  ) );
#3524 = PCURVE('',#3062,#3525);
#3525 = DEFINITIONAL_REPRESENTATION('',(#3526),#3533);
#3526 = B_SPLINE_CURVE_WITH_KNOTS('',5,(#3527,#3528,#3529,#3530,#3531,
    #3532),.UNSPECIFIED.,.F.,.F.,(6,6),(0.,0.536387743442),
  .PIECEWISE_BEZIER_KNOTS.);
#3527 = CARTESIAN_POINT('',(0.,0.));
#3528 = CARTESIAN_POINT('',(0.106904496765,0.));
#3529 = CARTESIAN_POINT('',(0.215753076258,0.));
#3530 = CARTESIAN_POINT('',(0.3253464497,0.));
#3531 = CARTESIAN_POINT('',(0.434195029192,0.));
#3532 = CARTESIAN_POINT('',(0.541099525957,0.));
#3533 = ( GEOMETRIC_REPRESENTATION_CONTEXT(2) 
PARAMETRIC_REPRESENTATION_CONTEXT() REPRESENTATION_CONTEXT('2D SPACE',''
  ) );
#3534 = ORIENTED_EDGE('',*,*,#1232,.F.);
#3535 = ADVANCED_FACE('',(#3536),#1580,.F.);
#3536 = FACE_BOUND('',#3537,.F.);
#3537 = EDGE_LOOP('',(#3538,#3539,#3540,#3564));
#3538 = ORIENTED_EDGE('',*,*,#3215,.F.);
#3539 = ORIENTED_EDGE('',*,*,#1563,.T.);
#3540 = ORIENTED_EDGE('',*,*,#3541,.T.);
#3541 = EDGE_CURVE('',#1564,#3542,#3544,.T.);
#3542 = VERTEX_POINT('',#3543);
#3543 = CARTESIAN_POINT('',(66.8,-4.78,9.));
#3544 = SURFACE_CURVE('',#3545,(#3550,#3557),.PCURVE_S1.);
#3545 = CIRCLE('',#3546,0.25);
#3546 = AXIS2_PLACEMENT_3D('',#3547,#3548,#3549);
#3547 = CARTESIAN_POINT('',(66.8,-4.53,9.));
#3548 = DIRECTION('',(-0.,6.123233995737E-17,1.));
#3549 = DIRECTION('',(0.,-1.,6.123233995737E-17));
#3550 = PCURVE('',#1580,#3551);
#3551 = DEFINITIONAL_REPRESENTATION('',(#3552),#3556);
#3552 = LINE('',#3553,#3554);
#3553 = CARTESIAN_POINT('',(1.570796326795,0.));
#3554 = VECTOR('',#3555,1.);
#3555 = DIRECTION('',(0.,1.));
#3556 = ( GEOMETRIC_REPRESENTATION_CONTEXT(2) 
PARAMETRIC_REPRESENTATION_CONTEXT() REPRESENTATION_CONTEXT('2D SPACE',''
  ) );
#3557 = PCURVE('',#1608,#3558);
#3558 = DEFINITIONAL_REPRESENTATION('',(#3559),#3563);
#3559 = LINE('',#3560,#3561);
#3560 = CARTESIAN_POINT('',(4.712388980385,-0.));
#3561 = VECTOR('',#3562,1.);
#3562 = DIRECTION('',(-1.,0.));
#3563 = ( GEOMETRIC_REPRESENTATION_CONTEXT(2) 
PARAMETRIC_REPRESENTATION_CONTEXT() REPRESENTATION_CONTEXT('2D SPACE',''
  ) );
#3564 = ORIENTED_EDGE('',*,*,#3565,.F.);
#3565 = EDGE_CURVE('',#3188,#3542,#3566,.T.);
#3566 = SURFACE_CURVE('',#3567,(#3572,#3579),.PCURVE_S1.);
#3567 = CIRCLE('',#3568,0.55);
#3568 = AXIS2_PLACEMENT_3D('',#3569,#3570,#3571);
#3569 = CARTESIAN_POINT('',(66.8,-4.23,9.));
#3570 = DIRECTION('',(1.,0.,-0.));
#3571 = DIRECTION('',(0.,0.,1.));
#3572 = PCURVE('',#1580,#3573);
#3573 = DEFINITIONAL_REPRESENTATION('',(#3574),#3578);
#3574 = LINE('',#3575,#3576);
#3575 = CARTESIAN_POINT('',(0.,6.28318530718));
#3576 = VECTOR('',#3577,1.);
#3577 = DIRECTION('',(1.,0.));
#3578 = ( GEOMETRIC_REPRESENTATION_CONTEXT(2) 
PARAMETRIC_REPRESENTATION_CONTEXT() REPRESENTATION_CONTEXT('2D SPACE',''
  ) );
#3579 = PCURVE('',#3580,#3585);
#3580 = CYLINDRICAL_SURFACE('',#3581,0.55);
#3581 = AXIS2_PLACEMENT_3D('',#3582,#3583,#3584);
#3582 = CARTESIAN_POINT('',(66.6,-4.23,9.));
#3583 = DIRECTION('',(1.,0.,0.));
#3584 = DIRECTION('',(0.,-1.,0.));
#3585 = DEFINITIONAL_REPRESENTATION('',(#3586),#3590);
#3586 = LINE('',#3587,#3588);
#3587 = CARTESIAN_POINT('',(-1.570796326795,0.2));
#3588 = VECTOR('',#3589,1.);
#3589 = DIRECTION('',(1.,-0.));
#3590 = ( GEOMETRIC_REPRESENTATION_CONTEXT(2) 
PARAMETRIC_REPRESENTATION_CONTEXT() REPRESENTATION_CONTEXT('2D SPACE',''
  ) );
#3591 = ADVANCED_FACE('',(#3592),#1608,.F.);
#3592 = FACE_BOUND('',#3593,.T.);
#3593 = EDGE_LOOP('',(#3594,#3595,#3623,#3645));
#3594 = ORIENTED_EDGE('',*,*,#3541,.T.);
#3595 = ORIENTED_EDGE('',*,*,#3596,.T.);
#3596 = EDGE_CURVE('',#3542,#3597,#3599,.T.);
#3597 = VERTEX_POINT('',#3598);
#3598 = CARTESIAN_POINT('',(66.8,-4.78,-9.));
#3599 = SURFACE_CURVE('',#3600,(#3604,#3611),.PCURVE_S1.);
#3600 = LINE('',#3601,#3602);
#3601 = CARTESIAN_POINT('',(66.8,-4.78,9.));
#3602 = VECTOR('',#3603,1.);
#3603 = DIRECTION('',(-0.,-0.,-1.));
#3604 = PCURVE('',#1608,#3605);
#3605 = DEFINITIONAL_REPRESENTATION('',(#3606),#3610);
#3606 = LINE('',#3607,#3608);
#3607 = CARTESIAN_POINT('',(-1.570796326795,0.));
#3608 = VECTOR('',#3609,1.);
#3609 = DIRECTION('',(-0.,1.));
#3610 = ( GEOMETRIC_REPRESENTATION_CONTEXT(2) 
PARAMETRIC_REPRESENTATION_CONTEXT() REPRESENTATION_CONTEXT('2D SPACE',''
  ) );
#3611 = PCURVE('',#3612,#3617);
#3612 = PLANE('',#3613);
#3613 = AXIS2_PLACEMENT_3D('',#3614,#3615,#3616);
#3614 = CARTESIAN_POINT('',(66.6,-4.78,-4.5));
#3615 = DIRECTION('',(0.,1.,0.));
#3616 = DIRECTION('',(4.059151787867E-02,0.,0.999175824706));
#3617 = DEFINITIONAL_REPRESENTATION('',(#3618),#3622);
#3618 = LINE('',#3619,#3620);
#3619 = CARTESIAN_POINT('',(13.496991937103,-0.348150326421));
#3620 = VECTOR('',#3621,1.);
#3621 = DIRECTION('',(-0.999175824706,4.059151787867E-02));
#3622 = ( GEOMETRIC_REPRESENTATION_CONTEXT(2) 
PARAMETRIC_REPRESENTATION_CONTEXT() REPRESENTATION_CONTEXT('2D SPACE',''
  ) );
#3623 = ORIENTED_EDGE('',*,*,#3624,.F.);
#3624 = EDGE_CURVE('',#1593,#3597,#3625,.T.);
#3625 = SURFACE_CURVE('',#3626,(#3631,#3638),.PCURVE_S1.);
#3626 = CIRCLE('',#3627,0.25);
#3627 = AXIS2_PLACEMENT_3D('',#3628,#3629,#3630);
#3628 = CARTESIAN_POINT('',(66.8,-4.53,-9.));
#3629 = DIRECTION('',(0.,0.,1.));
#3630 = DIRECTION('',(-1.,2.22044604925E-16,0.));
#3631 = PCURVE('',#1608,#3632);
#3632 = DEFINITIONAL_REPRESENTATION('',(#3633),#3637);
#3633 = LINE('',#3634,#3635);
#3634 = CARTESIAN_POINT('',(-0.,18.));
#3635 = VECTOR('',#3636,1.);
#3636 = DIRECTION('',(-1.,0.));
#3637 = ( GEOMETRIC_REPRESENTATION_CONTEXT(2) 
PARAMETRIC_REPRESENTATION_CONTEXT() REPRESENTATION_CONTEXT('2D SPACE',''
  ) );
#3638 = PCURVE('',#1637,#3639);
#3639 = DEFINITIONAL_REPRESENTATION('',(#3640),#3644);
#3640 = LINE('',#3641,#3642);
#3641 = CARTESIAN_POINT('',(0.,4.712388980385));
#3642 = VECTOR('',#3643,1.);
#3643 = DIRECTION('',(0.,1.));
#3644 = ( GEOMETRIC_REPRESENTATION_CONTEXT(2) 
PARAMETRIC_REPRESENTATION_CONTEXT() REPRESENTATION_CONTEXT('2D SPACE',''
  ) );
#3645 = ORIENTED_EDGE('',*,*,#1592,.F.);
#3646 = ADVANCED_FACE('',(#3647),#1637,.F.);
#3647 = FACE_BOUND('',#3648,.F.);
#3648 = EDGE_LOOP('',(#3649,#3650,#3651,#3675));
#3649 = ORIENTED_EDGE('',*,*,#3624,.F.);
#3650 = ORIENTED_EDGE('',*,*,#1620,.T.);
#3651 = ORIENTED_EDGE('',*,*,#3652,.T.);
#3652 = EDGE_CURVE('',#1621,#3653,#3655,.T.);
#3653 = VERTEX_POINT('',#3654);
#3654 = CARTESIAN_POINT('',(66.8,-4.23,-9.55));
#3655 = SURFACE_CURVE('',#3656,(#3661,#3668),.PCURVE_S1.);
#3656 = CIRCLE('',#3657,0.25);
#3657 = AXIS2_PLACEMENT_3D('',#3658,#3659,#3660);
#3658 = CARTESIAN_POINT('',(66.8,-4.23,-9.3));
#3659 = DIRECTION('',(1.270359090391E-33,-1.,6.123233995737E-17));
#3660 = DIRECTION('',(-1.,1.232595164408E-32,2.22044604925E-16));
#3661 = PCURVE('',#1637,#3662);
#3662 = DEFINITIONAL_REPRESENTATION('',(#3663),#3667);
#3663 = LINE('',#3664,#3665);
#3664 = CARTESIAN_POINT('',(1.570796326795,4.712388980385));
#3665 = VECTOR('',#3666,1.);
#3666 = DIRECTION('',(0.,1.));
#3667 = ( GEOMETRIC_REPRESENTATION_CONTEXT(2) 
PARAMETRIC_REPRESENTATION_CONTEXT() REPRESENTATION_CONTEXT('2D SPACE',''
  ) );
#3668 = PCURVE('',#1665,#3669);
#3669 = DEFINITIONAL_REPRESENTATION('',(#3670),#3674);
#3670 = LINE('',#3671,#3672);
#3671 = CARTESIAN_POINT('',(-0.,0.));
#3672 = VECTOR('',#3673,1.);
#3673 = DIRECTION('',(-1.,0.));
#3674 = ( GEOMETRIC_REPRESENTATION_CONTEXT(2) 
PARAMETRIC_REPRESENTATION_CONTEXT() REPRESENTATION_CONTEXT('2D SPACE',''
  ) );
#3675 = ORIENTED_EDGE('',*,*,#3676,.F.);
#3676 = EDGE_CURVE('',#3597,#3653,#3677,.T.);
#3677 = SURFACE_CURVE('',#3678,(#3683,#3690),.PCURVE_S1.);
#3678 = CIRCLE('',#3679,0.55);
#3679 = AXIS2_PLACEMENT_3D('',#3680,#3681,#3682);
#3680 = CARTESIAN_POINT('',(66.8,-4.23,-9.));
#3681 = DIRECTION('',(1.,0.,0.));
#3682 = DIRECTION('',(0.,-1.,0.));
#3683 = PCURVE('',#1637,#3684);
#3684 = DEFINITIONAL_REPRESENTATION('',(#3685),#3689);
#3685 = LINE('',#3686,#3687);
#3686 = CARTESIAN_POINT('',(0.,6.28318530718));
#3687 = VECTOR('',#3688,1.);
#3688 = DIRECTION('',(1.,0.));
#3689 = ( GEOMETRIC_REPRESENTATION_CONTEXT(2) 
PARAMETRIC_REPRESENTATION_CONTEXT() REPRESENTATION_CONTEXT('2D SPACE',''
  ) );
#3690 = PCURVE('',#3691,#3696);
#3691 = CYLINDRICAL_SURFACE('',#3692,0.55);
#3692 = AXIS2_PLACEMENT_3D('',#3693,#3694,#3695);
#3693 = CARTESIAN_POINT('',(66.6,-4.23,-9.));
#3694 = DIRECTION('',(1.,0.,0.));
#3695 = DIRECTION('',(0.,-1.,0.));
#3696 = DEFINITIONAL_REPRESENTATION('',(#3697),#3701);
#3697 = LINE('',#3698,#3699);
#3698 = CARTESIAN_POINT('',(0.,0.2));
#3699 = VECTOR('',#3700,1.);
#3700 = DIRECTION('',(1.,0.));
#3701 = ( GEOMETRIC_REPRESENTATION_CONTEXT(2) 
PARAMETRIC_REPRESENTATION_CONTEXT() REPRESENTATION_CONTEXT('2D SPACE',''
  ) );
#3702 = ADVANCED_FACE('',(#3703),#1665,.F.);
#3703 = FACE_BOUND('',#3704,.T.);
#3704 = EDGE_LOOP('',(#3705,#3706,#3707,#3735,#3764,#3787,#3906,#3927));
#3705 = ORIENTED_EDGE('',*,*,#1649,.F.);
#3706 = ORIENTED_EDGE('',*,*,#3652,.T.);
#3707 = ORIENTED_EDGE('',*,*,#3708,.T.);
#3708 = EDGE_CURVE('',#3653,#3709,#3711,.T.);
#3709 = VERTEX_POINT('',#3710);
#3710 = CARTESIAN_POINT('',(66.8,4.23,-9.55));
#3711 = SURFACE_CURVE('',#3712,(#3716,#3723),.PCURVE_S1.);
#3712 = LINE('',#3713,#3714);
#3713 = CARTESIAN_POINT('',(66.8,-4.23,-9.55));
#3714 = VECTOR('',#3715,1.);
#3715 = DIRECTION('',(0.,1.,0.));
#3716 = PCURVE('',#1665,#3717);
#3717 = DEFINITIONAL_REPRESENTATION('',(#3718),#3722);
#3718 = LINE('',#3719,#3720);
#3719 = CARTESIAN_POINT('',(-1.570796326795,0.));
#3720 = VECTOR('',#3721,1.);
#3721 = DIRECTION('',(-0.,1.));
#3722 = ( GEOMETRIC_REPRESENTATION_CONTEXT(2) 
PARAMETRIC_REPRESENTATION_CONTEXT() REPRESENTATION_CONTEXT('2D SPACE',''
  ) );
#3723 = PCURVE('',#3724,#3729);
#3724 = PLANE('',#3725);
#3725 = AXIS2_PLACEMENT_3D('',#3726,#3727,#3728);
#3726 = CARTESIAN_POINT('',(66.6,-4.73,-9.55));
#3727 = DIRECTION('',(0.,0.,1.));
#3728 = DIRECTION('',(1.,0.,0.));
#3729 = DEFINITIONAL_REPRESENTATION('',(#3730),#3734);
#3730 = LINE('',#3731,#3732);
#3731 = CARTESIAN_POINT('',(0.2,0.5));
#3732 = VECTOR('',#3733,1.);
#3733 = DIRECTION('',(0.,1.));
#3734 = ( GEOMETRIC_REPRESENTATION_CONTEXT(2) 
PARAMETRIC_REPRESENTATION_CONTEXT() REPRESENTATION_CONTEXT('2D SPACE',''
  ) );
#3735 = ORIENTED_EDGE('',*,*,#3736,.F.);
#3736 = EDGE_CURVE('',#3737,#3709,#3739,.T.);
#3737 = VERTEX_POINT('',#3738);
#3738 = CARTESIAN_POINT('',(66.55,4.23,-9.3));
#3739 = SURFACE_CURVE('',#3740,(#3745,#3752),.PCURVE_S1.);
#3740 = CIRCLE('',#3741,0.25);
#3741 = AXIS2_PLACEMENT_3D('',#3742,#3743,#3744);
#3742 = CARTESIAN_POINT('',(66.8,4.23,-9.3));
#3743 = DIRECTION('',(-0.,-1.,0.));
#3744 = DIRECTION('',(-1.,0.,2.22044604925E-16));
#3745 = PCURVE('',#1665,#3746);
#3746 = DEFINITIONAL_REPRESENTATION('',(#3747),#3751);
#3747 = LINE('',#3748,#3749);
#3748 = CARTESIAN_POINT('',(-0.,8.46));
#3749 = VECTOR('',#3750,1.);
#3750 = DIRECTION('',(-1.,0.));
#3751 = ( GEOMETRIC_REPRESENTATION_CONTEXT(2) 
PARAMETRIC_REPRESENTATION_CONTEXT() REPRESENTATION_CONTEXT('2D SPACE',''
  ) );
#3752 = PCURVE('',#3753,#3758);
#3753 = TOROIDAL_SURFACE('',#3754,0.3,0.25);
#3754 = AXIS2_PLACEMENT_3D('',#3755,#3756,#3757);
#3755 = CARTESIAN_POINT('',(66.8,4.23,-9.));
#3756 = DIRECTION('',(1.,0.,0.));
#3757 = DIRECTION('',(0.,0.,-1.));
#3758 = DEFINITIONAL_REPRESENTATION('',(#3759),#3763);
#3759 = LINE('',#3760,#3761);
#3760 = CARTESIAN_POINT('',(0.,4.712388980385));
#3761 = VECTOR('',#3762,1.);
#3762 = DIRECTION('',(0.,1.));
#3763 = ( GEOMETRIC_REPRESENTATION_CONTEXT(2) 
PARAMETRIC_REPRESENTATION_CONTEXT() REPRESENTATION_CONTEXT('2D SPACE',''
  ) );
#3764 = ORIENTED_EDGE('',*,*,#3765,.F.);
#3765 = EDGE_CURVE('',#3766,#3737,#3768,.T.);
#3766 = VERTEX_POINT('',#3767);
#3767 = CARTESIAN_POINT('',(66.55,2.019615242271,-9.3));
#3768 = SURFACE_CURVE('',#3769,(#3773,#3780),.PCURVE_S1.);
#3769 = LINE('',#3770,#3771);
#3770 = CARTESIAN_POINT('',(66.55,-4.23,-9.3));
#3771 = VECTOR('',#3772,1.);
#3772 = DIRECTION('',(0.,1.,0.));
#3773 = PCURVE('',#1665,#3774);
#3774 = DEFINITIONAL_REPRESENTATION('',(#3775),#3779);
#3775 = LINE('',#3776,#3777);
#3776 = CARTESIAN_POINT('',(-0.,0.));
#3777 = VECTOR('',#3778,1.);
#3778 = DIRECTION('',(-0.,1.));
#3779 = ( GEOMETRIC_REPRESENTATION_CONTEXT(2) 
PARAMETRIC_REPRESENTATION_CONTEXT() REPRESENTATION_CONTEXT('2D SPACE',''
  ) );
#3780 = PCURVE('',#3146,#3781);
#3781 = DEFINITIONAL_REPRESENTATION('',(#3782),#3786);
#3782 = LINE('',#3783,#3784);
#3783 = CARTESIAN_POINT('',(0.2,-0.5));
#3784 = VECTOR('',#3785,1.);
#3785 = DIRECTION('',(0.,-1.));
#3786 = ( GEOMETRIC_REPRESENTATION_CONTEXT(2) 
PARAMETRIC_REPRESENTATION_CONTEXT() REPRESENTATION_CONTEXT('2D SPACE',''
  ) );
#3787 = ORIENTED_EDGE('',*,*,#3788,.F.);
#3788 = EDGE_CURVE('',#3789,#3766,#3791,.T.);
#3789 = VERTEX_POINT('',#3790);
#3790 = CARTESIAN_POINT('',(66.671230311591,1.5,-9.514285714286));
#3791 = SURFACE_CURVE('',#3792,(#3823,#3899),.PCURVE_S1.);
#3792 = ( BOUNDED_CURVE() B_SPLINE_CURVE(8,(#3793,#3794,#3795,#3796,
    #3797,#3798,#3799,#3800,#3801,#3802,#3803,#3804,#3805,#3806,#3807,
    #3808,#3809,#3810,#3811,#3812,#3813,#3814,#3815,#3816,#3817,#3818,
    #3819,#3820,#3821,#3822),.UNSPECIFIED.,.F.,.F.) 
B_SPLINE_CURVE_WITH_KNOTS((9,7,7,7,9),(44.394561393687,44.498560538248,
    44.740982688028,44.858865664004,44.930949137119),.UNSPECIFIED.) 
CURVE() GEOMETRIC_REPRESENTATION_ITEM() RATIONAL_B_SPLINE_CURVE((1.,1.,
    1.,1.,1.,1.,1.,1.,1.,1.,1.,1.,1.,1.,1.,1.,1.,1.,1.,1.,1.,1.,1.,1.,1.
,1.,1.,1.,1.,1.)) REPRESENTATION_ITEM('') );
#3793 = CARTESIAN_POINT('',(66.671230311591,1.5,-9.514285714286));
#3794 = CARTESIAN_POINT('',(66.671230311591,1.518282960347,
    -9.514285714286));
#3795 = CARTESIAN_POINT('',(66.670461321102,1.536500012938,
    -9.513822970591));
#3796 = CARTESIAN_POINT('',(66.669027772524,1.554135989683,
    -9.512964493873));
#3797 = CARTESIAN_POINT('',(66.666708402396,1.572512017929,
    -9.511544836223));
#3798 = CARTESIAN_POINT('',(66.664192282145,1.588416596599,
    -9.509956401051));
#3799 = CARTESIAN_POINT('',(66.66110045244,1.605099013832,
    -9.507927057847));
#3800 = CARTESIAN_POINT('',(66.657804966554,1.620714016225,
    -9.505668544442));
#3801 = CARTESIAN_POINT('',(66.646014560154,1.671595305827,
    -9.497209535727));
#3802 = CARTESIAN_POINT('',(66.636368425208,1.705496195057,
    -9.489724036958));
#3803 = CARTESIAN_POINT('',(66.626171665163,1.737750040797,
    -9.480799294688));
#3804 = CARTESIAN_POINT('',(66.616111453068,1.768072192968,
    -9.470758454597));
#3805 = CARTESIAN_POINT('',(66.606530011199,1.79648885365,
    -9.459812903606));
#3806 = CARTESIAN_POINT('',(66.597438650284,1.823522922464,
    -9.447909641456));
#3807 = CARTESIAN_POINT('',(66.588733270158,1.84991190131,
    -9.434734202572));
#3808 = CARTESIAN_POINT('',(66.576661850059,1.888474637273,
    -9.412640666572));
#3809 = CARTESIAN_POINT('',(66.572863282612,1.900932039712,
    -9.405040127274));
#3810 = CARTESIAN_POINT('',(66.569299749338,1.913064871282,
    -9.397160025213));
#3811 = CARTESIAN_POINT('',(66.565956062343,1.924964374,-9.388926209434)
  );
#3812 = CARTESIAN_POINT('',(66.562866771135,1.936626939954,
    -9.380328829466));
#3813 = CARTESIAN_POINT('',(66.560085556398,1.947975381919,
    -9.371394895741));
#3814 = CARTESIAN_POINT('',(66.557627943843,1.959007971638,
    -9.362090391735));
#3815 = CARTESIAN_POINT('',(66.554263772211,1.976448225173,
    -9.346377629721));
#3816 = CARTESIAN_POINT('',(66.553114522434,1.983084033404,
    -9.340195942364));
#3817 = CARTESIAN_POINT('',(66.55213124627,1.989486808127,-9.33390194172
    ));
#3818 = CARTESIAN_POINT('',(66.551310710898,1.995797301934,
    -9.327430533006));
#3819 = CARTESIAN_POINT('',(66.550669128155,2.001997384151,
    -9.320789960111));
#3820 = CARTESIAN_POINT('',(66.550229801245,2.008008280247,
    -9.31401582542));
#3821 = CARTESIAN_POINT('',(66.55,2.013892630913,-9.307079895446));
#3822 = CARTESIAN_POINT('',(66.55,2.019615242271,-9.3));
#3823 = PCURVE('',#1665,#3824);
#3824 = DEFINITIONAL_REPRESENTATION('',(#3825),#3898);
#3825 = B_SPLINE_CURVE_WITH_KNOTS('',11,(#3826,#3827,#3828,#3829,#3830,
    #3831,#3832,#3833,#3834,#3835,#3836,#3837,#3838,#3839,#3840,#3841,
    #3842,#3843,#3844,#3845,#3846,#3847,#3848,#3849,#3850,#3851,#3852,
    #3853,#3854,#3855,#3856,#3857,#3858,#3859,#3860,#3861,#3862,#3863,
    #3864,#3865,#3866,#3867,#3868,#3869,#3870,#3871,#3872,#3873,#3874,
    #3875,#3876,#3877,#3878,#3879,#3880,#3881,#3882,#3883,#3884,#3885,
    #3886,#3887,#3888,#3889,#3890,#3891,#3892,#3893,#3894,#3895,#3896,
    #3897),.UNSPECIFIED.,.F.,.F.,(12,10,10,10,10,10,10,12),(
    44.394561393687,44.461609861616,44.528658329545,44.662755265403,
    44.729803733332,44.796852201261,44.86390066919,44.930949137119),
  .UNSPECIFIED.);
#3826 = CARTESIAN_POINT('',(-1.029696800838,5.73));
#3827 = CARTESIAN_POINT('',(-1.029696800838,5.738572409536));
#3828 = CARTESIAN_POINT('',(-1.02893852666,5.74712916825));
#3829 = CARTESIAN_POINT('',(-1.027461496891,5.755630470383));
#3830 = CARTESIAN_POINT('',(-1.025259918741,5.764087265703));
#3831 = CARTESIAN_POINT('',(-1.022340028217,5.772502716373));
#3832 = CARTESIAN_POINT('',(-1.018738304477,5.780855440538));
#3833 = CARTESIAN_POINT('',(-1.014514135642,5.78910930245));
#3834 = CARTESIAN_POINT('',(-1.009730513141,5.797234507354));
#3835 = CARTESIAN_POINT('',(-1.004436331867,5.805224761201));
#3836 = CARTESIAN_POINT('',(-0.998663873256,5.813095253493));
#3837 = CARTESIAN_POINT('',(-0.986246223761,5.828597192419));
#3838 = CARTESIAN_POINT('',(-0.97961421009,5.836216246204));
#3839 = CARTESIAN_POINT('',(-0.972463812404,5.84384187585));
#3840 = CARTESIAN_POINT('',(-0.965391692615,5.850900632309));
#3841 = CARTESIAN_POINT('',(-0.95694160147,5.858995274446));
#3842 = CARTESIAN_POINT('',(-0.94976909456,5.865163178049));
#3843 = CARTESIAN_POINT('',(-0.940887543681,5.872992518565));
#3844 = CARTESIAN_POINT('',(-0.932441377894,5.879761904772));
#3845 = CARTESIAN_POINT('',(-0.923476193499,5.886833685508));
#3846 = CARTESIAN_POINT('',(-0.914302790902,5.893755794014));
#3847 = CARTESIAN_POINT('',(-0.886057496096,5.914348342719));
#3848 = CARTESIAN_POINT('',(-0.866275299439,5.927810705732));
#3849 = CARTESIAN_POINT('',(-0.845696892636,5.94100012164));
#3850 = CARTESIAN_POINT('',(-0.82445661944,5.953912103605));
#3851 = CARTESIAN_POINT('',(-0.802666557563,5.966545194584));
#3852 = CARTESIAN_POINT('',(-0.780415698909,5.978901539927));
#3853 = CARTESIAN_POINT('',(-0.757769129745,5.990987459582));
#3854 = CARTESIAN_POINT('',(-0.734767210938,6.002814020747));
#3855 = CARTESIAN_POINT('',(-0.711424758127,6.014397610102));
#3856 = CARTESIAN_POINT('',(-0.687730221953,6.02576050637));
#3857 = CARTESIAN_POINT('',(-0.651602191388,6.042516925815));
#3858 = CARTESIAN_POINT('',(-0.639463089984,6.04805364675));
#3859 = CARTESIAN_POINT('',(-0.627222611503,6.053545267281));
#3860 = CARTESIAN_POINT('',(-0.614874960187,6.058995335432));
#3861 = CARTESIAN_POINT('',(-0.602413497041,6.064407295427));
#3862 = CARTESIAN_POINT('',(-0.589830739838,6.069784487712));
#3863 = CARTESIAN_POINT('',(-0.577118363115,6.075130148929));
#3864 = CARTESIAN_POINT('',(-0.564267198178,6.08044741194));
#3865 = CARTESIAN_POINT('',(-0.551267233098,6.085739305808));
#3866 = CARTESIAN_POINT('',(-0.538107612711,6.09100875581));
#3867 = CARTESIAN_POINT('',(-0.511445664528,6.101508411054));
#3868 = CARTESIAN_POINT('',(-0.497944755112,6.106738936881));
#3869 = CARTESIAN_POINT('',(-0.484239979091,6.111957982241));
#3870 = CARTESIAN_POINT('',(-0.470375645016,6.117147265115));
#3871 = CARTESIAN_POINT('',(-0.456390199752,6.122291764194));
#3872 = CARTESIAN_POINT('',(-0.442289164832,6.127388661767));
#3873 = CARTESIAN_POINT('',(-0.428054308889,6.132443433873));
#3874 = CARTESIAN_POINT('',(-0.413668254173,6.13746065343));
#3875 = CARTESIAN_POINT('',(-0.399133715401,6.142437075236));
#3876 = CARTESIAN_POINT('',(-0.384466568965,6.147364568633));
#3877 = CARTESIAN_POINT('',(-0.3548173324,6.157136363685));
#3878 = CARTESIAN_POINT('',(-0.33983626878,6.161980847873));
#3879 = CARTESIAN_POINT('',(-0.324720987409,6.166769210927));
#3880 = CARTESIAN_POINT('',(-0.309407629025,6.171532599755));
#3881 = CARTESIAN_POINT('',(-0.293949112709,6.176237822648));
#3882 = CARTESIAN_POINT('',(-0.278345257006,6.180882941654));
#3883 = CARTESIAN_POINT('',(-0.262534747309,6.185497075278));
#3884 = CARTESIAN_POINT('',(-0.246511841939,6.19007423009));
#3885 = CARTESIAN_POINT('',(-0.230329364451,6.194580193662));
#3886 = CARTESIAN_POINT('',(-0.213918537437,6.199058549526));
#3887 = CARTESIAN_POINT('',(-0.180472610306,6.207994896195));
#3888 = CARTESIAN_POINT('',(-0.163486214068,6.212431152923));
#3889 = CARTESIAN_POINT('',(-0.146271707516,6.216811624845));
#3890 = CARTESIAN_POINT('',(-0.128834977158,6.221129398099));
#3891 = CARTESIAN_POINT('',(-0.11116810046,6.225385519695));
#3892 = CARTESIAN_POINT('',(-9.326045291543E-02,6.229582584861));
#3893 = CARTESIAN_POINT('',(-7.510529536227E-02,6.233720905151));
#3894 = CARTESIAN_POINT('',(-5.670184155575E-02,6.237797257383));
#3895 = CARTESIAN_POINT('',(-3.805280599138E-02,6.241806213342));
#3896 = CARTESIAN_POINT('',(-1.915743198459E-02,6.245744050291));
#3897 = CARTESIAN_POINT('',(7.105427357601E-15,6.249615242271));
#3898 = ( GEOMETRIC_REPRESENTATION_CONTEXT(2) 
PARAMETRIC_REPRESENTATION_CONTEXT() REPRESENTATION_CONTEXT('2D SPACE',''
  ) );
#3899 = PCURVE('',#2917,#3900);
#3900 = DEFINITIONAL_REPRESENTATION('',(#3901),#3905);
#3901 = LINE('',#3902,#3903);
#3902 = CARTESIAN_POINT('',(0.536387743432,0.));
#3903 = VECTOR('',#3904,1.);
#3904 = DIRECTION('',(0.,1.));
#3905 = ( GEOMETRIC_REPRESENTATION_CONTEXT(2) 
PARAMETRIC_REPRESENTATION_CONTEXT() REPRESENTATION_CONTEXT('2D SPACE',''
  ) );
#3906 = ORIENTED_EDGE('',*,*,#3907,.F.);
#3907 = EDGE_CURVE('',#3394,#3789,#3908,.T.);
#3908 = SURFACE_CURVE('',#3909,(#3913,#3920),.PCURVE_S1.);
#3909 = LINE('',#3910,#3911);
#3910 = CARTESIAN_POINT('',(66.671230311591,-1.5,-9.514285714286));
#3911 = VECTOR('',#3912,1.);
#3912 = DIRECTION('',(0.,1.,0.));
#3913 = PCURVE('',#1665,#3914);
#3914 = DEFINITIONAL_REPRESENTATION('',(#3915),#3919);
#3915 = LINE('',#3916,#3917);
#3916 = CARTESIAN_POINT('',(-1.029696800838,2.73));
#3917 = VECTOR('',#3918,1.);
#3918 = DIRECTION('',(-0.,1.));
#3919 = ( GEOMETRIC_REPRESENTATION_CONTEXT(2) 
PARAMETRIC_REPRESENTATION_CONTEXT() REPRESENTATION_CONTEXT('2D SPACE',''
  ) );
#3920 = PCURVE('',#3062,#3921);
#3921 = DEFINITIONAL_REPRESENTATION('',(#3922),#3926);
#3922 = LINE('',#3923,#3924);
#3923 = CARTESIAN_POINT('',(0.541099525957,0.));
#3924 = VECTOR('',#3925,1.);
#3925 = DIRECTION('',(0.,1.));
#3926 = ( GEOMETRIC_REPRESENTATION_CONTEXT(2) 
PARAMETRIC_REPRESENTATION_CONTEXT() REPRESENTATION_CONTEXT('2D SPACE',''
  ) );
#3927 = ORIENTED_EDGE('',*,*,#3393,.F.);
#3928 = ADVANCED_FACE('',(#3929),#1721,.F.);
#3929 = FACE_BOUND('',#3930,.F.);
#3930 = EDGE_LOOP('',(#3931,#3932,#3953,#3954));
#3931 = ORIENTED_EDGE('',*,*,#2162,.T.);
#3932 = ORIENTED_EDGE('',*,*,#3933,.F.);
#3933 = EDGE_CURVE('',#1707,#2165,#3934,.T.);
#3934 = SURFACE_CURVE('',#3935,(#3939,#3946),.PCURVE_S1.);
#3935 = LINE('',#3936,#3937);
#3936 = CARTESIAN_POINT('',(72.17,-7.058878878608,4.));
#3937 = VECTOR('',#3938,1.);
#3938 = DIRECTION('',(0.,1.,0.));
#3939 = PCURVE('',#1721,#3940);
#3940 = DEFINITIONAL_REPRESENTATION('',(#3941),#3945);
#3941 = LINE('',#3942,#3943);
#3942 = CARTESIAN_POINT('',(0.5,67.141121121392));
#3943 = VECTOR('',#3944,1.);
#3944 = DIRECTION('',(0.,1.));
#3945 = ( GEOMETRIC_REPRESENTATION_CONTEXT(2) 
PARAMETRIC_REPRESENTATION_CONTEXT() REPRESENTATION_CONTEXT('2D SPACE',''
  ) );
#3946 = PCURVE('',#2044,#3947);
#3947 = DEFINITIONAL_REPRESENTATION('',(#3948),#3952);
#3948 = LINE('',#3949,#3950);
#3949 = CARTESIAN_POINT('',(-0.,0.));
#3950 = VECTOR('',#3951,1.);
#3951 = DIRECTION('',(-0.,1.));
#3952 = ( GEOMETRIC_REPRESENTATION_CONTEXT(2) 
PARAMETRIC_REPRESENTATION_CONTEXT() REPRESENTATION_CONTEXT('2D SPACE',''
  ) );
#3953 = ORIENTED_EDGE('',*,*,#1704,.F.);
#3954 = ORIENTED_EDGE('',*,*,#3955,.T.);
#3955 = EDGE_CURVE('',#1705,#2163,#3956,.T.);
#3956 = SURFACE_CURVE('',#3957,(#3962,#3969),.PCURVE_S1.);
#3957 = CIRCLE('',#3958,74.2);
#3958 = AXIS2_PLACEMENT_3D('',#3959,#3960,#3961);
#3959 = CARTESIAN_POINT('',(0.,0.,4.));
#3960 = DIRECTION('',(0.,0.,1.));
#3961 = DIRECTION('',(0.995184726672,-9.801714032956E-02,0.));
#3962 = PCURVE('',#1721,#3963);
#3963 = DEFINITIONAL_REPRESENTATION('',(#3964),#3968);
#3964 = CIRCLE('',#3965,74.2);
#3965 = AXIS2_PLACEMENT_2D('',#3966,#3967);
#3966 = CARTESIAN_POINT('',(-71.67,74.2));
#3967 = DIRECTION('',(0.995184726672,-9.801714032956E-02));
#3968 = ( GEOMETRIC_REPRESENTATION_CONTEXT(2) 
PARAMETRIC_REPRESENTATION_CONTEXT() REPRESENTATION_CONTEXT('2D SPACE',''
  ) );
#3969 = PCURVE('',#1748,#3970);
#3970 = DEFINITIONAL_REPRESENTATION('',(#3971),#3975);
#3971 = LINE('',#3972,#3973);
#3972 = CARTESIAN_POINT('',(0.,15.5));
#3973 = VECTOR('',#3974,1.);
#3974 = DIRECTION('',(1.,0.));
#3975 = ( GEOMETRIC_REPRESENTATION_CONTEXT(2) 
PARAMETRIC_REPRESENTATION_CONTEXT() REPRESENTATION_CONTEXT('2D SPACE',''
  ) );
#3976 = ADVANCED_FACE('',(#3977),#2044,.F.);
#3977 = FACE_BOUND('',#3978,.T.);
#3978 = EDGE_LOOP('',(#3979,#3980,#4001,#4002));
#3979 = ORIENTED_EDGE('',*,*,#2029,.T.);
#3980 = ORIENTED_EDGE('',*,*,#3981,.T.);
#3981 = EDGE_CURVE('',#2004,#2373,#3982,.T.);
#3982 = SURFACE_CURVE('',#3983,(#3987,#3994),.PCURVE_S1.);
#3983 = LINE('',#3984,#3985);
#3984 = CARTESIAN_POINT('',(71.67,-7.058878878608,3.5));
#3985 = VECTOR('',#3986,1.);
#3986 = DIRECTION('',(0.,1.,0.));
#3987 = PCURVE('',#2044,#3988);
#3988 = DEFINITIONAL_REPRESENTATION('',(#3989),#3993);
#3989 = LINE('',#3990,#3991);
#3990 = CARTESIAN_POINT('',(-1.570796326795,0.));
#3991 = VECTOR('',#3992,1.);
#3992 = DIRECTION('',(-0.,1.));
#3993 = ( GEOMETRIC_REPRESENTATION_CONTEXT(2) 
PARAMETRIC_REPRESENTATION_CONTEXT() REPRESENTATION_CONTEXT('2D SPACE',''
  ) );
#3994 = PCURVE('',#2018,#3995);
#3995 = DEFINITIONAL_REPRESENTATION('',(#3996),#4000);
#3996 = LINE('',#3997,#3998);
#3997 = CARTESIAN_POINT('',(7.5,-67.14112112139));
#3998 = VECTOR('',#3999,1.);
#3999 = DIRECTION('',(0.,-1.));
#4000 = ( GEOMETRIC_REPRESENTATION_CONTEXT(2) 
PARAMETRIC_REPRESENTATION_CONTEXT() REPRESENTATION_CONTEXT('2D SPACE',''
  ) );
#4001 = ORIENTED_EDGE('',*,*,#2393,.F.);
#4002 = ORIENTED_EDGE('',*,*,#3933,.F.);
#4003 = ADVANCED_FACE('',(#4004),#1748,.T.);
#4004 = FACE_BOUND('',#4005,.T.);
#4005 = EDGE_LOOP('',(#4006,#4007,#4008,#4009));
#4006 = ORIENTED_EDGE('',*,*,#1732,.F.);
#4007 = ORIENTED_EDGE('',*,*,#3955,.T.);
#4008 = ORIENTED_EDGE('',*,*,#2185,.T.);
#4009 = ORIENTED_EDGE('',*,*,#4010,.F.);
#4010 = EDGE_CURVE('',#1733,#2186,#4011,.T.);
#4011 = SURFACE_CURVE('',#4012,(#4017,#4024),.PCURVE_S1.);
#4012 = CIRCLE('',#4013,74.2);
#4013 = AXIS2_PLACEMENT_3D('',#4014,#4015,#4016);
#4014 = CARTESIAN_POINT('',(0.,0.,11.));
#4015 = DIRECTION('',(-0.,0.,1.));
#4016 = DIRECTION('',(0.995184726672,-9.801714032956E-02,0.));
#4017 = PCURVE('',#1748,#4018);
#4018 = DEFINITIONAL_REPRESENTATION('',(#4019),#4023);
#4019 = LINE('',#4020,#4021);
#4020 = CARTESIAN_POINT('',(0.,22.5));
#4021 = VECTOR('',#4022,1.);
#4022 = DIRECTION('',(1.,0.));
#4023 = ( GEOMETRIC_REPRESENTATION_CONTEXT(2) 
PARAMETRIC_REPRESENTATION_CONTEXT() REPRESENTATION_CONTEXT('2D SPACE',''
  ) );
#4024 = PCURVE('',#1777,#4025);
#4025 = DEFINITIONAL_REPRESENTATION('',(#4026),#4030);
#4026 = LINE('',#4027,#4028);
#4027 = CARTESIAN_POINT('',(0.,0.));
#4028 = VECTOR('',#4029,1.);
#4029 = DIRECTION('',(1.,0.));
#4030 = ( GEOMETRIC_REPRESENTATION_CONTEXT(2) 
PARAMETRIC_REPRESENTATION_CONTEXT() REPRESENTATION_CONTEXT('2D SPACE',''
  ) );
#4031 = ADVANCED_FACE('',(#4032),#2018,.T.);
#4032 = FACE_BOUND('',#4033,.T.);
#4033 = EDGE_LOOP('',(#4034,#4035,#4036,#4037));
#4034 = ORIENTED_EDGE('',*,*,#2372,.T.);
#4035 = ORIENTED_EDGE('',*,*,#3981,.F.);
#4036 = ORIENTED_EDGE('',*,*,#2003,.F.);
#4037 = ORIENTED_EDGE('',*,*,#4038,.T.);
#4038 = EDGE_CURVE('',#1972,#2346,#4039,.T.);
#4039 = SURFACE_CURVE('',#4040,(#4044,#4051),.PCURVE_S1.);
#4040 = LINE('',#4041,#4042);
#4041 = CARTESIAN_POINT('',(71.67,-7.058878878608,-3.5));
#4042 = VECTOR('',#4043,1.);
#4043 = DIRECTION('',(0.,1.,0.));
#4044 = PCURVE('',#2018,#4045);
#4045 = DEFINITIONAL_REPRESENTATION('',(#4046),#4050);
#4046 = LINE('',#4047,#4048);
#4047 = CARTESIAN_POINT('',(0.5,-67.14112112139));
#4048 = VECTOR('',#4049,1.);
#4049 = DIRECTION('',(0.,-1.));
#4050 = ( GEOMETRIC_REPRESENTATION_CONTEXT(2) 
PARAMETRIC_REPRESENTATION_CONTEXT() REPRESENTATION_CONTEXT('2D SPACE',''
  ) );
#4051 = PCURVE('',#1988,#4052);
#4052 = DEFINITIONAL_REPRESENTATION('',(#4053),#4057);
#4053 = LINE('',#4054,#4055);
#4054 = CARTESIAN_POINT('',(-0.,0.));
#4055 = VECTOR('',#4056,1.);
#4056 = DIRECTION('',(-0.,1.));
#4057 = ( GEOMETRIC_REPRESENTATION_CONTEXT(2) 
PARAMETRIC_REPRESENTATION_CONTEXT() REPRESENTATION_CONTEXT('2D SPACE',''
  ) );
#4058 = ADVANCED_FACE('',(#4059),#1777,.T.);
#4059 = FACE_BOUND('',#4060,.T.);
#4060 = EDGE_LOOP('',(#4061,#4062,#4063,#4064));
#4061 = ORIENTED_EDGE('',*,*,#1760,.F.);
#4062 = ORIENTED_EDGE('',*,*,#4010,.T.);
#4063 = ORIENTED_EDGE('',*,*,#2208,.T.);
#4064 = ORIENTED_EDGE('',*,*,#4065,.F.);
#4065 = EDGE_CURVE('',#1761,#2209,#4066,.T.);
#4066 = SURFACE_CURVE('',#4067,(#4072,#4079),.PCURVE_S1.);
#4067 = CIRCLE('',#4068,73.7);
#4068 = AXIS2_PLACEMENT_3D('',#4069,#4070,#4071);
#4069 = CARTESIAN_POINT('',(0.,0.,11.5));
#4070 = DIRECTION('',(-0.,0.,1.));
#4071 = DIRECTION('',(0.995184726672,-9.801714032956E-02,0.));
#4072 = PCURVE('',#1777,#4073);
#4073 = DEFINITIONAL_REPRESENTATION('',(#4074),#4078);
#4074 = LINE('',#4075,#4076);
#4075 = CARTESIAN_POINT('',(0.,1.570796326795));
#4076 = VECTOR('',#4077,1.);
#4077 = DIRECTION('',(1.,0.));
#4078 = ( GEOMETRIC_REPRESENTATION_CONTEXT(2) 
PARAMETRIC_REPRESENTATION_CONTEXT() REPRESENTATION_CONTEXT('2D SPACE',''
  ) );
#4079 = PCURVE('',#1804,#4080);
#4080 = DEFINITIONAL_REPRESENTATION('',(#4081),#4085);
#4081 = CIRCLE('',#4082,73.7);
#4082 = AXIS2_PLACEMENT_2D('',#4083,#4084);
#4083 = CARTESIAN_POINT('',(0.,0.));
#4084 = DIRECTION('',(1.,-1.303316166446E-17));
#4085 = ( GEOMETRIC_REPRESENTATION_CONTEXT(2) 
PARAMETRIC_REPRESENTATION_CONTEXT() REPRESENTATION_CONTEXT('2D SPACE',''
  ) );
#4086 = ADVANCED_FACE('',(#4087),#1988,.F.);
#4087 = FACE_BOUND('',#4088,.T.);
#4088 = EDGE_LOOP('',(#4089,#4090,#4111,#4112));
#4089 = ORIENTED_EDGE('',*,*,#1971,.T.);
#4090 = ORIENTED_EDGE('',*,*,#4091,.T.);
#4091 = EDGE_CURVE('',#1946,#2325,#4092,.T.);
#4092 = SURFACE_CURVE('',#4093,(#4097,#4104),.PCURVE_S1.);
#4093 = LINE('',#4094,#4095);
#4094 = CARTESIAN_POINT('',(72.17,-7.058878878608,-4.));
#4095 = VECTOR('',#4096,1.);
#4096 = DIRECTION('',(0.,1.,0.));
#4097 = PCURVE('',#1988,#4098);
#4098 = DEFINITIONAL_REPRESENTATION('',(#4099),#4103);
#4099 = LINE('',#4100,#4101);
#4100 = CARTESIAN_POINT('',(-1.570796326795,0.));
#4101 = VECTOR('',#4102,1.);
#4102 = DIRECTION('',(-0.,1.));
#4103 = ( GEOMETRIC_REPRESENTATION_CONTEXT(2) 
PARAMETRIC_REPRESENTATION_CONTEXT() REPRESENTATION_CONTEXT('2D SPACE',''
  ) );
#4104 = PCURVE('',#1960,#4105);
#4105 = DEFINITIONAL_REPRESENTATION('',(#4106),#4110);
#4106 = LINE('',#4107,#4108);
#4107 = CARTESIAN_POINT('',(0.5,67.141121121392));
#4108 = VECTOR('',#4109,1.);
#4109 = DIRECTION('',(0.,1.));
#4110 = ( GEOMETRIC_REPRESENTATION_CONTEXT(2) 
PARAMETRIC_REPRESENTATION_CONTEXT() REPRESENTATION_CONTEXT('2D SPACE',''
  ) );
#4111 = ORIENTED_EDGE('',*,*,#2345,.F.);
#4112 = ORIENTED_EDGE('',*,*,#4038,.F.);
#4113 = ADVANCED_FACE('',(#4114,#4490),#1804,.T.);
#4114 = FACE_BOUND('',#4115,.T.);
#4115 = EDGE_LOOP('',(#4116,#4146,#4224,#4252,#4305,#4333,#4386,#4414));
#4116 = ORIENTED_EDGE('',*,*,#4117,.F.);
#4117 = EDGE_CURVE('',#4118,#4120,#4122,.T.);
#4118 = VERTEX_POINT('',#4119);
#4119 = CARTESIAN_POINT('',(72.409039034837,-4.53,11.5));
#4120 = VERTEX_POINT('',#4121);
#4121 = CARTESIAN_POINT('',(72.409039034837,4.53,11.5));
#4122 = SURFACE_CURVE('',#4123,(#4127,#4134),.PCURVE_S1.);
#4123 = LINE('',#4124,#4125);
#4124 = CARTESIAN_POINT('',(72.409039034837,-4.53,11.5));
#4125 = VECTOR('',#4126,1.);
#4126 = DIRECTION('',(-0.,1.,0.));
#4127 = PCURVE('',#1804,#4128);
#4128 = DEFINITIONAL_REPRESENTATION('',(#4129),#4133);
#4129 = LINE('',#4130,#4131);
#4130 = CARTESIAN_POINT('',(72.504387366173,2.589140128381));
#4131 = VECTOR('',#4132,1.);
#4132 = DIRECTION('',(-9.801714032956E-02,0.995184726672));
#4133 = ( GEOMETRIC_REPRESENTATION_CONTEXT(2) 
PARAMETRIC_REPRESENTATION_CONTEXT() REPRESENTATION_CONTEXT('2D SPACE',''
  ) );
#4134 = PCURVE('',#4135,#4140);
#4135 = CYLINDRICAL_SURFACE('',#4136,0.2);
#4136 = AXIS2_PLACEMENT_3D('',#4137,#4138,#4139);
#4137 = CARTESIAN_POINT('',(72.409039034837,-4.53,11.3));
#4138 = DIRECTION('',(-0.,1.,0.));
#4139 = DIRECTION('',(0.,0.,1.));
#4140 = DEFINITIONAL_REPRESENTATION('',(#4141),#4145);
#4141 = LINE('',#4142,#4143);
#4142 = CARTESIAN_POINT('',(-0.,0.));
#4143 = VECTOR('',#4144,1.);
#4144 = DIRECTION('',(-0.,1.));
#4145 = ( GEOMETRIC_REPRESENTATION_CONTEXT(2) 
PARAMETRIC_REPRESENTATION_CONTEXT() REPRESENTATION_CONTEXT('2D SPACE',''
  ) );
#4146 = ORIENTED_EDGE('',*,*,#4147,.F.);
#4147 = EDGE_CURVE('',#4148,#4118,#4150,.T.);
#4148 = VERTEX_POINT('',#4149);
#4149 = CARTESIAN_POINT('',(71.665520859628,-5.26717108495,11.5));
#4150 = SURFACE_CURVE('',#4151,(#4164,#4180),.PCURVE_S1.);
#4151 = ( BOUNDED_CURVE() B_SPLINE_CURVE(6,(#4152,#4153,#4154,#4155,
    #4156,#4157,#4158,#4159,#4160,#4161,#4162,#4163),.UNSPECIFIED.,.F.,
.F.) B_SPLINE_CURVE_WITH_KNOTS((7,5,7),(29.149022016109,29.155867197345,
30.058602295486),.UNSPECIFIED.) CURVE() GEOMETRIC_REPRESENTATION_ITEM() 
RATIONAL_B_SPLINE_CURVE((1.,1.,1.,1.,1.,1.,1.,1.,1.,1.,1.,1.)) 
REPRESENTATION_ITEM('') );
#4152 = CARTESIAN_POINT('',(71.665520859628,-5.26717108495,11.5));
#4153 = CARTESIAN_POINT('',(71.666662165065,-5.267179887141,11.5));
#4154 = CARTESIAN_POINT('',(71.667822695035,-5.267185914967,11.5));
#4155 = CARTESIAN_POINT('',(71.668876749972,-5.26718838025,11.5));
#4156 = CARTESIAN_POINT('',(71.6702168722,-5.267190043891,11.5));
#4157 = CARTESIAN_POINT('',(71.671022932178,-5.267184380425,11.5));
#4158 = CARTESIAN_POINT('',(71.866209480593,-5.26684375431,11.5));
#4159 = CARTESIAN_POINT('',(72.05997095616,-5.205485439365,11.5));
#4160 = CARTESIAN_POINT('',(72.228325476635,-5.083298112961,11.5));
#4161 = CARTESIAN_POINT('',(72.348879816372,-4.914445401498,11.5));
#4162 = CARTESIAN_POINT('',(72.409039034837,-4.72221600053,11.5));
#4163 = CARTESIAN_POINT('',(72.409039034837,-4.529999999999,11.5));
#4164 = PCURVE('',#1804,#4165);
#4165 = DEFINITIONAL_REPRESENTATION('',(#4166),#4179);
#4166 = B_SPLINE_CURVE_WITH_KNOTS('',6,(#4167,#4168,#4169,#4170,#4171,
    #4172,#4173,#4174,#4175,#4176,#4177,#4178),.UNSPECIFIED.,.F.,.F.,(7,
    5,7),(29.149022016109,29.155867197345,30.058602295486),
  .UNSPECIFIED.);
#4167 = CARTESIAN_POINT('',(71.836704835883,1.782641198377));
#4168 = CARTESIAN_POINT('',(71.837841508388,1.782744306067));
#4169 = CARTESIAN_POINT('',(71.83899704092,1.782852059095));
#4170 = CARTESIAN_POINT('',(71.840046261933,1.782952921134));
#4171 = CARTESIAN_POINT('',(71.841380094172,1.783082620452));
#4172 = CARTESIAN_POINT('',(71.842181717634,1.783167264341));
#4173 = CARTESIAN_POINT('',(72.036395002271,1.802637877555));
#4174 = CARTESIAN_POINT('',(72.223209296807,1.882692681183));
#4175 = CARTESIAN_POINT('',(72.37877669193,2.020793270872));
#4176 = CARTESIAN_POINT('',(72.482200069657,2.200649302013));
#4177 = CARTESIAN_POINT('',(72.523227828871,2.397849700432));
#4178 = CARTESIAN_POINT('',(72.504387366173,2.589140128382));
#4179 = ( GEOMETRIC_REPRESENTATION_CONTEXT(2) 
PARAMETRIC_REPRESENTATION_CONTEXT() REPRESENTATION_CONTEXT('2D SPACE',''
  ) );
#4180 = PCURVE('',#4181,#4218);
#4181 = ( BOUNDED_SURFACE() B_SPLINE_SURFACE(2,6,(
    (#4182,#4183,#4184,#4185,#4186,#4187,#4188,#4189,#4190,#4191,#4192
      ,#4193)
    ,(#4194,#4195,#4196,#4197,#4198,#4199,#4200,#4201,#4202,#4203,#4204
      ,#4205)
    ,(#4206,#4207,#4208,#4209,#4210,#4211,#4212,#4213,#4214,#4215,#4216
,#4217
    )),.UNSPECIFIED.,.F.,.F.,.F.) B_SPLINE_SURFACE_WITH_KNOTS((3,3),(7,5
    ,7),(0.,0.909580279377),(29.149022016109,29.155867197345,
30.058602295486),.UNSPECIFIED.) GEOMETRIC_REPRESENTATION_ITEM() 
RATIONAL_B_SPLINE_SURFACE((
    (1.,1.,1.,1.,1.,1.,1.,1.,1.,1.,1.,1.)
    ,(0.770229447869,0.77025673033,0.770284114014,0.770312952569
      ,0.770339078375,0.770370851048,0.773802141727,0.777148874009
      ,0.780020495734,0.782050742506,0.783066058652,0.783066058652)
,(1.,1.,1.,1.,1.,1.,1.,1.,1.,1.,1.,1.
))) REPRESENTATION_ITEM('') SURFACE() );
#4182 = CARTESIAN_POINT('',(71.665520859628,-5.26717108495,11.5));
#4183 = CARTESIAN_POINT('',(71.666662165065,-5.267179887141,11.5));
#4184 = CARTESIAN_POINT('',(71.667822695035,-5.267185914967,11.5));
#4185 = CARTESIAN_POINT('',(71.668876749972,-5.26718838025,11.5));
#4186 = CARTESIAN_POINT('',(71.6702168722,-5.267190043891,11.5));
#4187 = CARTESIAN_POINT('',(71.671022932178,-5.267184380425,11.5));
#4188 = CARTESIAN_POINT('',(71.866209480593,-5.26684375431,11.5));
#4189 = CARTESIAN_POINT('',(72.05997095616,-5.205485439365,11.5));
#4190 = CARTESIAN_POINT('',(72.228325476635,-5.083298112961,11.5));
#4191 = CARTESIAN_POINT('',(72.348879816372,-4.914445401498,11.5));
#4192 = CARTESIAN_POINT('',(72.409039034837,-4.72221600053,11.5));
#4193 = CARTESIAN_POINT('',(72.409039034837,-4.529999999999,11.5));
#4194 = CARTESIAN_POINT('',(71.666798027009,-5.101571621418,11.5));
#4195 = CARTESIAN_POINT('',(71.667939180804,-5.101594843888,11.5));
#4196 = CARTESIAN_POINT('',(71.669080374185,-5.101615296578,11.5));
#4197 = CARTESIAN_POINT('',(71.670221583684,-5.101633299567,11.5));
#4198 = CARTESIAN_POINT('',(71.671362894703,-5.101647856141,11.5));
#4199 = CARTESIAN_POINT('',(71.672504108914,-5.101661037408,11.5));
#4200 = CARTESIAN_POINT('',(71.823509148901,-5.102825565921,11.5));
#4201 = CARTESIAN_POINT('',(71.974037499691,-5.056906867387,11.5));
#4202 = CARTESIAN_POINT('',(72.106971689587,-4.963330721817,11.5));
#4203 = CARTESIAN_POINT('',(72.202655234912,-4.831154416662,11.5));
#4204 = CARTESIAN_POINT('',(72.250192017187,-4.680390076581,11.5));
#4205 = CARTESIAN_POINT('',(72.250192017187,-4.53,11.5));
#4206 = CARTESIAN_POINT('',(71.667036227417,-5.07068619461,
    11.337301360946));
#4207 = CARTESIAN_POINT('',(71.668177508241,-5.070698188069,
    11.33731817195));
#4208 = CARTESIAN_POINT('',(71.669315218802,-5.0707073625,
    11.337335045994));
#4209 = CARTESIAN_POINT('',(71.670472870313,-5.070713555492,
    11.337352817496));
#4210 = CARTESIAN_POINT('',(71.671577060555,-5.070717192347,
    11.337368917618));
#4211 = CARTESIAN_POINT('',(71.672781075262,-5.070717690136,
    11.337388498991));
#4212 = CARTESIAN_POINT('',(71.816321704443,-5.070419685866,
    11.339503262932));
#4213 = CARTESIAN_POINT('',(71.958156269067,-5.02522144695,
    11.341576954344));
#4214 = CARTESIAN_POINT('',(72.081783337358,-4.935736903212,
    11.343368780912));
#4215 = CARTESIAN_POINT('',(72.170110163033,-4.811828940029,
    11.344641013971));
#4216 = CARTESIAN_POINT('',(72.214231450277,-4.670921318786,
    11.345276980885));
#4217 = CARTESIAN_POINT('',(72.214231450277,-4.53,11.345276980885));
#4218 = DEFINITIONAL_REPRESENTATION('',(#4219),#4223);
#4219 = LINE('',#4220,#4221);
#4220 = CARTESIAN_POINT('',(0.,0.));
#4221 = VECTOR('',#4222,1.);
#4222 = DIRECTION('',(0.,1.));
#4223 = ( GEOMETRIC_REPRESENTATION_CONTEXT(2) 
PARAMETRIC_REPRESENTATION_CONTEXT() REPRESENTATION_CONTEXT('2D SPACE',''
  ) );
#4224 = ORIENTED_EDGE('',*,*,#4225,.F.);
#4225 = EDGE_CURVE('',#4226,#4148,#4228,.T.);
#4226 = VERTEX_POINT('',#4227);
#4227 = CARTESIAN_POINT('',(67.441986535024,-5.234597540564,11.5));
#4228 = SURFACE_CURVE('',#4229,(#4233,#4240),.PCURVE_S1.);
#4229 = LINE('',#4230,#4231);
#4230 = CARTESIAN_POINT('',(67.448887803643,-5.234650773095,11.5));
#4231 = VECTOR('',#4232,1.);
#4232 = DIRECTION('',(0.999970260859,-7.712159037143E-03,0.));
#4233 = PCURVE('',#1804,#4234);
#4234 = DEFINITIONAL_REPRESENTATION('',(#4235),#4239);
#4235 = LINE('',#4236,#4237);
#4236 = CARTESIAN_POINT('',(67.637188472615,1.401702602075));
#4237 = VECTOR('',#4238,1.);
#4238 = DIRECTION('',(0.995911054508,9.03392025006E-02));
#4239 = ( GEOMETRIC_REPRESENTATION_CONTEXT(2) 
PARAMETRIC_REPRESENTATION_CONTEXT() REPRESENTATION_CONTEXT('2D SPACE',''
  ) );
#4240 = PCURVE('',#4241,#4246);
#4241 = CYLINDRICAL_SURFACE('',#4242,0.2);
#4242 = AXIS2_PLACEMENT_3D('',#4243,#4244,#4245);
#4243 = CARTESIAN_POINT('',(67.448887803643,-5.234650773095,11.3));
#4244 = DIRECTION('',(0.999970260859,-7.712159037143E-03,0.));
#4245 = DIRECTION('',(-0.,0.,1.));
#4246 = DEFINITIONAL_REPRESENTATION('',(#4247),#4251);
#4247 = LINE('',#4248,#4249);
#4248 = CARTESIAN_POINT('',(-0.,0.));
#4249 = VECTOR('',#4250,1.);
#4250 = DIRECTION('',(-0.,1.));
#4251 = ( GEOMETRIC_REPRESENTATION_CONTEXT(2) 
PARAMETRIC_REPRESENTATION_CONTEXT() REPRESENTATION_CONTEXT('2D SPACE',''
  ) );
#4252 = ORIENTED_EDGE('',*,*,#4253,.F.);
#4253 = EDGE_CURVE('',#4254,#4226,#4256,.T.);
#4254 = VERTEX_POINT('',#4255);
#4255 = CARTESIAN_POINT('',(66.742262229283,-4.53,11.5));
#4256 = SURFACE_CURVE('',#4257,(#4265,#4276),.PCURVE_S1.);
#4257 = ( BOUNDED_CURVE() B_SPLINE_CURVE(6,(#4258,#4259,#4260,#4261,
#4262,#4263,#4264),.UNSPECIFIED.,.F.,.F.) B_SPLINE_CURVE_WITH_KNOTS((7,7
),(24.089301147739,24.925406940616),.PIECEWISE_BEZIER_KNOTS.) CURVE() 
GEOMETRIC_REPRESENTATION_ITEM() RATIONAL_B_SPLINE_CURVE((1.,1.,1.,1.,1.,
1.,1.)) REPRESENTATION_ITEM('') );
#4258 = CARTESIAN_POINT('',(66.742262229283,-4.53,11.5));
#4259 = CARTESIAN_POINT('',(66.742262229283,-4.713907242996,11.5));
#4260 = CARTESIAN_POINT('',(66.799810249281,-4.898064803651,11.5));
#4261 = CARTESIAN_POINT('',(66.915918649068,-5.059741048246,11.5));
#4262 = CARTESIAN_POINT('',(67.076234431524,-5.17445666054,11.5));
#4263 = CARTESIAN_POINT('',(67.25851667188,-5.233168326717,11.5));
#4264 = CARTESIAN_POINT('',(67.441986535024,-5.234597540564,11.5));
#4265 = PCURVE('',#1804,#4266);
#4266 = DEFINITIONAL_REPRESENTATION('',(#4267),#4275);
#4267 = B_SPLINE_CURVE_WITH_KNOTS('',6,(#4268,#4269,#4270,#4271,#4272,
    #4273,#4274),.UNSPECIFIED.,.F.,.F.,(7,7),(24.089301147739,
    24.925406940616),.PIECEWISE_BEZIER_KNOTS.);
#4268 = CARTESIAN_POINT('',(66.864897639826,2.033698871015));
#4269 = CARTESIAN_POINT('',(66.88292370187,1.850677191661));
#4270 = CARTESIAN_POINT('',(66.958245209888,1.673047092347));
#4271 = CARTESIAN_POINT('',(67.089641559149,1.523529976376));
#4272 = CARTESIAN_POINT('',(67.260429473562,1.425080445657));
#4273 = CARTESIAN_POINT('',(67.44758872473,1.384518276133));
#4274 = CARTESIAN_POINT('',(67.63031521779,1.401079135662));
#4275 = ( GEOMETRIC_REPRESENTATION_CONTEXT(2) 
PARAMETRIC_REPRESENTATION_CONTEXT() REPRESENTATION_CONTEXT('2D SPACE',''
  ) );
#4276 = PCURVE('',#4277,#4299);
#4277 = ( BOUNDED_SURFACE() B_SPLINE_SURFACE(2,6,(
    (#4278,#4279,#4280,#4281,#4282,#4283,#4284)
    ,(#4285,#4286,#4287,#4288,#4289,#4290,#4291)
    ,(#4292,#4293,#4294,#4295,#4296,#4297,#4298
)),.UNSPECIFIED.,.F.,.F.,.F.) B_SPLINE_SURFACE_WITH_KNOTS((3,3),(7,7),(
    0.,0.836105792877),(24.089301147739,24.925406940616),
.PIECEWISE_BEZIER_KNOTS.) GEOMETRIC_REPRESENTATION_ITEM() 
RATIONAL_B_SPLINE_SURFACE((
    (1.,1.,1.,1.,1.,1.,1.)
    ,(0.757175245579,0.757175245579,0.758271263065,0.760533858465
      ,0.763554932179,0.766893017695,0.77022945003)
,(1.,1.,1.,1.,1.,1.,1.))) REPRESENTATION_ITEM('') SURFACE() );
#4278 = CARTESIAN_POINT('',(66.742262229283,-4.53,11.5));
#4279 = CARTESIAN_POINT('',(66.742262229283,-4.713907242996,11.5));
#4280 = CARTESIAN_POINT('',(66.799810249281,-4.898064803651,11.5));
#4281 = CARTESIAN_POINT('',(66.915918649068,-5.059741048246,11.5));
#4282 = CARTESIAN_POINT('',(67.076234431524,-5.17445666054,11.5));
#4283 = CARTESIAN_POINT('',(67.25851667188,-5.233168326717,11.5));
#4284 = CARTESIAN_POINT('',(67.441986535024,-5.234597540564,11.5));
#4285 = CARTESIAN_POINT('',(66.9148013601,-4.53,11.5));
#4286 = CARTESIAN_POINT('',(66.9148013601,-4.669291628227,11.5));
#4287 = CARTESIAN_POINT('',(66.957836056218,-4.808855099161,11.5));
#4288 = CARTESIAN_POINT('',(67.04513132813,-4.932027049348,11.5));
#4289 = CARTESIAN_POINT('',(67.165689866292,-5.019711954745,11.5));
#4290 = CARTESIAN_POINT('',(67.303321194517,-5.066145181699,11.5));
#4291 = CARTESIAN_POINT('',(67.443308738847,-5.068998431638,11.5));
#4292 = CARTESIAN_POINT('',(66.94010054942,-4.53,11.329325741007));
#4293 = CARTESIAN_POINT('',(66.94010054942,-4.662749698409,
    11.329325741007));
#4294 = CARTESIAN_POINT('',(66.981618306762,-4.796249172583,
    11.329989793181));
#4295 = CARTESIAN_POINT('',(67.066632136694,-4.913607600478,
    11.331359534591));
#4296 = CARTESIAN_POINT('',(67.182422850288,-4.994734536562,
    11.333199208201));
#4297 = CARTESIAN_POINT('',(67.312383437021,-5.036711130739,
    11.335245507523));
#4298 = CARTESIAN_POINT('',(67.443555338866,-5.038113069863,
    11.337301362278));
#4299 = DEFINITIONAL_REPRESENTATION('',(#4300),#4304);
#4300 = LINE('',#4301,#4302);
#4301 = CARTESIAN_POINT('',(0.,0.));
#4302 = VECTOR('',#4303,1.);
#4303 = DIRECTION('',(0.,1.));
#4304 = ( GEOMETRIC_REPRESENTATION_CONTEXT(2) 
PARAMETRIC_REPRESENTATION_CONTEXT() REPRESENTATION_CONTEXT('2D SPACE',''
  ) );
#4305 = ORIENTED_EDGE('',*,*,#4306,.F.);
#4306 = EDGE_CURVE('',#4307,#4254,#4309,.T.);
#4307 = VERTEX_POINT('',#4308);
#4308 = CARTESIAN_POINT('',(66.742262229283,4.53,11.5));
#4309 = SURFACE_CURVE('',#4310,(#4314,#4321),.PCURVE_S1.);
#4310 = LINE('',#4311,#4312);
#4311 = CARTESIAN_POINT('',(66.742262229283,4.53,11.5));
#4312 = VECTOR('',#4313,1.);
#4313 = DIRECTION('',(0.,-1.,0.));
#4314 = PCURVE('',#1804,#4315);
#4315 = DEFINITIONAL_REPRESENTATION('',(#4316),#4320);
#4316 = LINE('',#4317,#4318);
#4317 = CARTESIAN_POINT('',(65.97686234844,11.050072494665));
#4318 = VECTOR('',#4319,1.);
#4319 = DIRECTION('',(9.801714032956E-02,-0.995184726672));
#4320 = ( GEOMETRIC_REPRESENTATION_CONTEXT(2) 
PARAMETRIC_REPRESENTATION_CONTEXT() REPRESENTATION_CONTEXT('2D SPACE',''
  ) );
#4321 = PCURVE('',#4322,#4327);
#4322 = CYLINDRICAL_SURFACE('',#4323,0.2);
#4323 = AXIS2_PLACEMENT_3D('',#4324,#4325,#4326);
#4324 = CARTESIAN_POINT('',(66.742262229283,4.53,11.3));
#4325 = DIRECTION('',(0.,-1.,0.));
#4326 = DIRECTION('',(-0.,0.,1.));
#4327 = DEFINITIONAL_REPRESENTATION('',(#4328),#4332);
#4328 = LINE('',#4329,#4330);
#4329 = CARTESIAN_POINT('',(-0.,0.));
#4330 = VECTOR('',#4331,1.);
#4331 = DIRECTION('',(-0.,1.));
#4332 = ( GEOMETRIC_REPRESENTATION_CONTEXT(2) 
PARAMETRIC_REPRESENTATION_CONTEXT() REPRESENTATION_CONTEXT('2D SPACE',''
  ) );
#4333 = ORIENTED_EDGE('',*,*,#4334,.F.);
#4334 = EDGE_CURVE('',#4335,#4307,#4337,.T.);
#4335 = VERTEX_POINT('',#4336);
#4336 = CARTESIAN_POINT('',(67.442039971024,5.23459795995,11.5));
#4337 = SURFACE_CURVE('',#4338,(#4346,#4357),.PCURVE_S1.);
#4338 = ( BOUNDED_CURVE() B_SPLINE_CURVE(6,(#4339,#4340,#4341,#4342,
#4343,#4344,#4345),.UNSPECIFIED.,.F.,.F.) B_SPLINE_CURVE_WITH_KNOTS((7,7
),(14.193195354861,15.029301147739),.PIECEWISE_BEZIER_KNOTS.) CURVE() 
GEOMETRIC_REPRESENTATION_ITEM() RATIONAL_B_SPLINE_CURVE((1.,1.,1.,1.,1.,
1.,1.)) REPRESENTATION_ITEM('') );
#4339 = CARTESIAN_POINT('',(67.441986535024,5.234597540564,11.5));
#4340 = CARTESIAN_POINT('',(67.25851667188,5.233168326717,11.5));
#4341 = CARTESIAN_POINT('',(67.076234431524,5.17445666054,11.5));
#4342 = CARTESIAN_POINT('',(66.915918649068,5.059741048246,11.5));
#4343 = CARTESIAN_POINT('',(66.799810249281,4.898064803651,11.5));
#4344 = CARTESIAN_POINT('',(66.742262229283,4.713907242996,11.5));
#4345 = CARTESIAN_POINT('',(66.742262229283,4.53,11.5));
#4346 = PCURVE('',#1804,#4347);
#4347 = DEFINITIONAL_REPRESENTATION('',(#4348),#4356);
#4348 = B_SPLINE_CURVE_WITH_KNOTS('',6,(#4349,#4350,#4351,#4352,#4353,
    #4354,#4355),.UNSPECIFIED.,.F.,.F.,(7,7),(14.193195354861,
    15.029301147739),.PIECEWISE_BEZIER_KNOTS.);
#4349 = CARTESIAN_POINT('',(66.604154654385,11.819862180953));
#4350 = CARTESIAN_POINT('',(66.421708336234,11.800456657839));
#4351 = CARTESIAN_POINT('',(66.246058584312,11.72416092045));
#4352 = CARTESIAN_POINT('',(66.097758862434,11.594284000638));
#4353 = CARTESIAN_POINT('',(65.998056599483,11.422005658036));
#4354 = CARTESIAN_POINT('',(65.958836286396,11.233094174019));
#4355 = CARTESIAN_POINT('',(65.97686234844,11.050072494665));
#4356 = ( GEOMETRIC_REPRESENTATION_CONTEXT(2) 
PARAMETRIC_REPRESENTATION_CONTEXT() REPRESENTATION_CONTEXT('2D SPACE',''
  ) );
#4357 = PCURVE('',#4358,#4380);
#4358 = ( BOUNDED_SURFACE() B_SPLINE_SURFACE(2,6,(
    (#4359,#4360,#4361,#4362,#4363,#4364,#4365)
    ,(#4366,#4367,#4368,#4369,#4370,#4371,#4372)
    ,(#4373,#4374,#4375,#4376,#4377,#4378,#4379
)),.UNSPECIFIED.,.F.,.F.,.F.) B_SPLINE_SURFACE_WITH_KNOTS((3,3),(7,7),(
    0.,0.836105792877),(14.193195354861,15.029301147739),
.PIECEWISE_BEZIER_KNOTS.) GEOMETRIC_REPRESENTATION_ITEM() 
RATIONAL_B_SPLINE_SURFACE((
    (1.,1.,1.,1.,1.,1.,1.)
    ,(0.77022945003,0.766893017695,0.763554932179,0.760533858464
      ,0.758271263065,0.757175245579,0.757175245579)
,(1.,1.,1.,1.,1.,1.,1.))) REPRESENTATION_ITEM('') SURFACE() );
#4359 = CARTESIAN_POINT('',(67.441986535024,5.234597540564,11.5));
#4360 = CARTESIAN_POINT('',(67.25851667188,5.233168326717,11.5));
#4361 = CARTESIAN_POINT('',(67.076234431524,5.17445666054,11.5));
#4362 = CARTESIAN_POINT('',(66.915918649068,5.059741048246,11.5));
#4363 = CARTESIAN_POINT('',(66.799810249281,4.898064803651,11.5));
#4364 = CARTESIAN_POINT('',(66.742262229283,4.713907242996,11.5));
#4365 = CARTESIAN_POINT('',(66.742262229283,4.53,11.5));
#4366 = CARTESIAN_POINT('',(67.443308738847,5.068998431638,11.5));
#4367 = CARTESIAN_POINT('',(67.303321194517,5.066145181699,11.5));
#4368 = CARTESIAN_POINT('',(67.165689866292,5.019711954745,11.5));
#4369 = CARTESIAN_POINT('',(67.04513132813,4.932027049348,11.5));
#4370 = CARTESIAN_POINT('',(66.957836056218,4.808855099161,11.5));
#4371 = CARTESIAN_POINT('',(66.9148013601,4.669291628227,11.5));
#4372 = CARTESIAN_POINT('',(66.9148013601,4.53,11.5));
#4373 = CARTESIAN_POINT('',(67.443555338866,5.038113069863,
    11.337301362278));
#4374 = CARTESIAN_POINT('',(67.312383437021,5.036711130739,
    11.335245507523));
#4375 = CARTESIAN_POINT('',(67.182422850288,4.994734536562,
    11.333199208201));
#4376 = CARTESIAN_POINT('',(67.066632136694,4.913607600478,
    11.331359534591));
#4377 = CARTESIAN_POINT('',(66.981618306762,4.796249172583,
    11.329989793181));
#4378 = CARTESIAN_POINT('',(66.94010054942,4.662749698409,
    11.329325741007));
#4379 = CARTESIAN_POINT('',(66.94010054942,4.53,11.329325741007));
#4380 = DEFINITIONAL_REPRESENTATION('',(#4381),#4385);
#4381 = LINE('',#4382,#4383);
#4382 = CARTESIAN_POINT('',(0.,0.));
#4383 = VECTOR('',#4384,1.);
#4384 = DIRECTION('',(0.,1.));
#4385 = ( GEOMETRIC_REPRESENTATION_CONTEXT(2) 
PARAMETRIC_REPRESENTATION_CONTEXT() REPRESENTATION_CONTEXT('2D SPACE',''
  ) );
#4386 = ORIENTED_EDGE('',*,*,#4387,.F.);
#4387 = EDGE_CURVE('',#4388,#4335,#4390,.T.);
#4388 = VERTEX_POINT('',#4389);
#4389 = CARTESIAN_POINT('',(71.665520859628,5.26717108495,11.5));
#4390 = SURFACE_CURVE('',#4391,(#4395,#4402),.PCURVE_S1.);
#4391 = LINE('',#4392,#4393);
#4392 = CARTESIAN_POINT('',(71.672368692247,5.267223898095,11.5));
#4393 = VECTOR('',#4394,1.);
#4394 = DIRECTION('',(-0.999970260859,-7.712159037143E-03,0.));
#4395 = PCURVE('',#1804,#4396);
#4396 = DEFINITIONAL_REPRESENTATION('',(#4397),#4401);
#4397 = LINE('',#4398,#4399);
#4398 = CARTESIAN_POINT('',(70.810968422976,12.266981395207));
#4399 = VECTOR('',#4400,1.);
#4400 = DIRECTION('',(-0.994399206959,-0.105689248267));
#4401 = ( GEOMETRIC_REPRESENTATION_CONTEXT(2) 
PARAMETRIC_REPRESENTATION_CONTEXT() REPRESENTATION_CONTEXT('2D SPACE',''
  ) );
#4402 = PCURVE('',#4403,#4408);
#4403 = CYLINDRICAL_SURFACE('',#4404,0.2);
#4404 = AXIS2_PLACEMENT_3D('',#4405,#4406,#4407);
#4405 = CARTESIAN_POINT('',(71.672368692247,5.267223898095,11.3));
#4406 = DIRECTION('',(-0.999970260859,-7.712159037143E-03,0.));
#4407 = DIRECTION('',(0.,0.,1.));
#4408 = DEFINITIONAL_REPRESENTATION('',(#4409),#4413);
#4409 = LINE('',#4410,#4411);
#4410 = CARTESIAN_POINT('',(-0.,0.));
#4411 = VECTOR('',#4412,1.);
#4412 = DIRECTION('',(-0.,1.));
#4413 = ( GEOMETRIC_REPRESENTATION_CONTEXT(2) 
PARAMETRIC_REPRESENTATION_CONTEXT() REPRESENTATION_CONTEXT('2D SPACE',''
  ) );
#4414 = ORIENTED_EDGE('',*,*,#4415,.F.);
#4415 = EDGE_CURVE('',#4120,#4388,#4416,.T.);
#4416 = SURFACE_CURVE('',#4417,(#4430,#4446),.PCURVE_S1.);
#4417 = ( BOUNDED_CURVE() B_SPLINE_CURVE(6,(#4418,#4419,#4420,#4421,
    #4422,#4423,#4424,#4425,#4426,#4427,#4428,#4429),.UNSPECIFIED.,.F.,
.F.) B_SPLINE_CURVE_WITH_KNOTS((7,5,7),(9.060000000001,9.962735098132,
9.969580279368),.UNSPECIFIED.) CURVE() GEOMETRIC_REPRESENTATION_ITEM() 
RATIONAL_B_SPLINE_CURVE((1.,1.,1.,1.,1.,1.,1.,1.,1.,1.,1.,1.)) 
REPRESENTATION_ITEM('') );
#4418 = CARTESIAN_POINT('',(72.409039034837,4.530000000002,11.5));
#4419 = CARTESIAN_POINT('',(72.409039034836,4.722216000519,11.5));
#4420 = CARTESIAN_POINT('',(72.348879816371,4.91444540152,11.5));
#4421 = CARTESIAN_POINT('',(72.228325476637,5.083298112942,11.5));
#4422 = CARTESIAN_POINT('',(72.059970956158,5.205485439374,11.5));
#4423 = CARTESIAN_POINT('',(71.866209480591,5.26684375431,11.5));
#4424 = CARTESIAN_POINT('',(71.671022932178,5.267184380425,11.5));
#4425 = CARTESIAN_POINT('',(71.6702168722,5.267190043891,11.5));
#4426 = CARTESIAN_POINT('',(71.668876749972,5.26718838025,11.5));
#4427 = CARTESIAN_POINT('',(71.667822695036,5.267185914967,11.5));
#4428 = CARTESIAN_POINT('',(71.666662165064,5.267179887141,11.5));
#4429 = CARTESIAN_POINT('',(71.665520859628,5.26717108495,11.5));
#4430 = PCURVE('',#1804,#4431);
#4431 = DEFINITIONAL_REPRESENTATION('',(#4432),#4445);
#4432 = B_SPLINE_CURVE_WITH_KNOTS('',6,(#4433,#4434,#4435,#4436,#4437,
    #4438,#4439,#4440,#4441,#4442,#4443,#4444),.UNSPECIFIED.,.F.,.F.,(7,
    5,7),(9.060000000001,9.962735098132,9.969580279368),.UNSPECIFIED.);
#4433 = CARTESIAN_POINT('',(71.616352074787,11.605513752033));
#4434 = CARTESIAN_POINT('',(71.59751161209,11.796804179969));
#4435 = CARTESIAN_POINT('',(71.518800300533,11.982211309305));
#4436 = CARTESIAN_POINT('',(71.382276002983,12.138434557134));
#4437 = CARTESIAN_POINT('',(71.202755703217,12.243531889533));
#4438 = CARTESIAN_POINT('',(71.003913075549,12.285602801671));
#4439 = CARTESIAN_POINT('',(70.809633016519,12.266810160272));
#4440 = CARTESIAN_POINT('',(70.808830282822,12.266736788773));
#4441 = CARTESIAN_POINT('',(70.807496776715,12.266603778194));
#4442 = CARTESIAN_POINT('',(70.806448038982,12.266498009332));
#4443 = CARTESIAN_POINT('',(70.805293688109,12.266378258702));
#4444 = CARTESIAN_POINT('',(70.804158741136,12.266257631401));
#4445 = ( GEOMETRIC_REPRESENTATION_CONTEXT(2) 
PARAMETRIC_REPRESENTATION_CONTEXT() REPRESENTATION_CONTEXT('2D SPACE',''
  ) );
#4446 = PCURVE('',#4447,#4484);
#4447 = ( BOUNDED_SURFACE() B_SPLINE_SURFACE(2,6,(
    (#4448,#4449,#4450,#4451,#4452,#4453,#4454,#4455,#4456,#4457,#4458
      ,#4459)
    ,(#4460,#4461,#4462,#4463,#4464,#4465,#4466,#4467,#4468,#4469,#4470
      ,#4471)
    ,(#4472,#4473,#4474,#4475,#4476,#4477,#4478,#4479,#4480,#4481,#4482
,#4483
    )),.UNSPECIFIED.,.F.,.F.,.F.) B_SPLINE_SURFACE_WITH_KNOTS((3,3),(7,5
    ,7),(0.,0.909580279367),(9.060000000001,9.962735098132,
9.969580279368),.UNSPECIFIED.) GEOMETRIC_REPRESENTATION_ITEM() 
RATIONAL_B_SPLINE_SURFACE((
    (1.,1.,1.,1.,1.,1.,1.,1.,1.,1.,1.,1.)
    ,(0.783066058652,0.783066058652,0.782050742506,0.780020495733
      ,0.777148874009,0.773802141727,0.770370851048,0.770339078375
      ,0.770312952569,0.770284114014,0.77025673033,0.770229447869)
,(1.,1.,1.,1.,1.,1.,1.,1.,1.,1.,1.,1.
))) REPRESENTATION_ITEM('') SURFACE() );
#4448 = CARTESIAN_POINT('',(72.409039034837,4.530000000002,11.5));
#4449 = CARTESIAN_POINT('',(72.409039034836,4.722216000519,11.5));
#4450 = CARTESIAN_POINT('',(72.348879816371,4.91444540152,11.5));
#4451 = CARTESIAN_POINT('',(72.228325476637,5.083298112942,11.5));
#4452 = CARTESIAN_POINT('',(72.059970956158,5.205485439374,11.5));
#4453 = CARTESIAN_POINT('',(71.866209480591,5.26684375431,11.5));
#4454 = CARTESIAN_POINT('',(71.671022932178,5.267184380425,11.5));
#4455 = CARTESIAN_POINT('',(71.6702168722,5.267190043891,11.5));
#4456 = CARTESIAN_POINT('',(71.668876749972,5.26718838025,11.5));
#4457 = CARTESIAN_POINT('',(71.667822695036,5.267185914967,11.5));
#4458 = CARTESIAN_POINT('',(71.666662165064,5.267179887141,11.5));
#4459 = CARTESIAN_POINT('',(71.665520859628,5.26717108495,11.5));
#4460 = CARTESIAN_POINT('',(72.250192017187,4.530000000001,11.5));
#4461 = CARTESIAN_POINT('',(72.250192017186,4.680390076582,11.5));
#4462 = CARTESIAN_POINT('',(72.202655234911,4.831154416663,11.5));
#4463 = CARTESIAN_POINT('',(72.106971689588,4.963330721816,11.5));
#4464 = CARTESIAN_POINT('',(71.974037499691,5.056906867388,11.5));
#4465 = CARTESIAN_POINT('',(71.823509148898,5.102825565921,11.5));
#4466 = CARTESIAN_POINT('',(71.672504108914,5.101661037408,11.5));
#4467 = CARTESIAN_POINT('',(71.671362894703,5.101647856141,11.5));
#4468 = CARTESIAN_POINT('',(71.670221583684,5.101633299567,11.5));
#4469 = CARTESIAN_POINT('',(71.669080374185,5.101615296578,11.5));
#4470 = CARTESIAN_POINT('',(71.667939180804,5.101594843888,11.5));
#4471 = CARTESIAN_POINT('',(71.666798027009,5.101571621418,11.5));
#4472 = CARTESIAN_POINT('',(72.214231450277,4.53,11.345276980885));
#4473 = CARTESIAN_POINT('',(72.214231450277,4.67092131879,
    11.345276980885));
#4474 = CARTESIAN_POINT('',(72.170110163032,4.811828940023,
    11.344641013971));
#4475 = CARTESIAN_POINT('',(72.081783337357,4.935736903217,
    11.343368780912));
#4476 = CARTESIAN_POINT('',(71.958156269069,5.02522144695,
    11.341576954344));
#4477 = CARTESIAN_POINT('',(71.81632170444,5.070419685866,
    11.339503262932));
#4478 = CARTESIAN_POINT('',(71.672781075262,5.070717690136,
    11.337388498991));
#4479 = CARTESIAN_POINT('',(71.671577060555,5.070717192347,
    11.337368917618));
#4480 = CARTESIAN_POINT('',(71.670472870313,5.070713555492,
    11.337352817496));
#4481 = CARTESIAN_POINT('',(71.669315218802,5.0707073625,11.337335045994
    ));
#4482 = CARTESIAN_POINT('',(71.668177508241,5.070698188069,
    11.33731817195));
#4483 = CARTESIAN_POINT('',(71.667036227417,5.07068619461,
    11.337301360946));
#4484 = DEFINITIONAL_REPRESENTATION('',(#4485),#4489);
#4485 = LINE('',#4486,#4487);
#4486 = CARTESIAN_POINT('',(0.,0.));
#4487 = VECTOR('',#4488,1.);
#4488 = DIRECTION('',(0.,1.));
#4489 = ( GEOMETRIC_REPRESENTATION_CONTEXT(2) 
PARAMETRIC_REPRESENTATION_CONTEXT() REPRESENTATION_CONTEXT('2D SPACE',''
  ) );
#4490 = FACE_BOUND('',#4491,.T.);
#4491 = EDGE_LOOP('',(#4492,#4493,#4494,#4495));
#4492 = ORIENTED_EDGE('',*,*,#1788,.F.);
#4493 = ORIENTED_EDGE('',*,*,#4065,.T.);
#4494 = ORIENTED_EDGE('',*,*,#2231,.T.);
#4495 = ORIENTED_EDGE('',*,*,#2063,.F.);
#4496 = ADVANCED_FACE('',(#4497),#1960,.T.);
#4497 = FACE_BOUND('',#4498,.T.);
#4498 = EDGE_LOOP('',(#4499,#4500,#4501,#4502));
#4499 = ORIENTED_EDGE('',*,*,#2324,.T.);
#4500 = ORIENTED_EDGE('',*,*,#4091,.F.);
#4501 = ORIENTED_EDGE('',*,*,#1945,.F.);
#4502 = ORIENTED_EDGE('',*,*,#4503,.T.);
#4503 = EDGE_CURVE('',#1918,#2302,#4504,.T.);
#4504 = SURFACE_CURVE('',#4505,(#4510,#4517),.PCURVE_S1.);
#4505 = CIRCLE('',#4506,74.2);
#4506 = AXIS2_PLACEMENT_3D('',#4507,#4508,#4509);
#4507 = CARTESIAN_POINT('',(0.,0.,-4.));
#4508 = DIRECTION('',(0.,0.,1.));
#4509 = DIRECTION('',(0.995184726672,-9.801714032956E-02,0.));
#4510 = PCURVE('',#1960,#4511);
#4511 = DEFINITIONAL_REPRESENTATION('',(#4512),#4516);
#4512 = CIRCLE('',#4513,74.2);
#4513 = AXIS2_PLACEMENT_2D('',#4514,#4515);
#4514 = CARTESIAN_POINT('',(-71.67,74.2));
#4515 = DIRECTION('',(0.995184726672,-9.801714032956E-02));
#4516 = ( GEOMETRIC_REPRESENTATION_CONTEXT(2) 
PARAMETRIC_REPRESENTATION_CONTEXT() REPRESENTATION_CONTEXT('2D SPACE',''
  ) );
#4517 = PCURVE('',#1933,#4518);
#4518 = DEFINITIONAL_REPRESENTATION('',(#4519),#4523);
#4519 = LINE('',#4520,#4521);
#4520 = CARTESIAN_POINT('',(0.,7.5));
#4521 = VECTOR('',#4522,1.);
#4522 = DIRECTION('',(1.,0.));
#4523 = ( GEOMETRIC_REPRESENTATION_CONTEXT(2) 
PARAMETRIC_REPRESENTATION_CONTEXT() REPRESENTATION_CONTEXT('2D SPACE',''
  ) );
#4524 = ADVANCED_FACE('',(#4525),#1933,.T.);
#4525 = FACE_BOUND('',#4526,.T.);
#4526 = EDGE_LOOP('',(#4527,#4528,#4550,#4551));
#4527 = ORIENTED_EDGE('',*,*,#1917,.F.);
#4528 = ORIENTED_EDGE('',*,*,#4529,.T.);
#4529 = EDGE_CURVE('',#1890,#2279,#4530,.T.);
#4530 = SURFACE_CURVE('',#4531,(#4536,#4543),.PCURVE_S1.);
#4531 = CIRCLE('',#4532,74.2);
#4532 = AXIS2_PLACEMENT_3D('',#4533,#4534,#4535);
#4533 = CARTESIAN_POINT('',(0.,0.,-11.));
#4534 = DIRECTION('',(-0.,0.,1.));
#4535 = DIRECTION('',(0.995184726672,-9.801714032956E-02,0.));
#4536 = PCURVE('',#1933,#4537);
#4537 = DEFINITIONAL_REPRESENTATION('',(#4538),#4542);
#4538 = LINE('',#4539,#4540);
#4539 = CARTESIAN_POINT('',(0.,0.5));
#4540 = VECTOR('',#4541,1.);
#4541 = DIRECTION('',(1.,0.));
#4542 = ( GEOMETRIC_REPRESENTATION_CONTEXT(2) 
PARAMETRIC_REPRESENTATION_CONTEXT() REPRESENTATION_CONTEXT('2D SPACE',''
  ) );
#4543 = PCURVE('',#1906,#4544);
#4544 = DEFINITIONAL_REPRESENTATION('',(#4545),#4549);
#4545 = LINE('',#4546,#4547);
#4546 = CARTESIAN_POINT('',(0.,6.28318530718));
#4547 = VECTOR('',#4548,1.);
#4548 = DIRECTION('',(1.,0.));
#4549 = ( GEOMETRIC_REPRESENTATION_CONTEXT(2) 
PARAMETRIC_REPRESENTATION_CONTEXT() REPRESENTATION_CONTEXT('2D SPACE',''
  ) );
#4550 = ORIENTED_EDGE('',*,*,#2301,.T.);
#4551 = ORIENTED_EDGE('',*,*,#4503,.F.);
#4552 = ADVANCED_FACE('',(#4553),#1906,.T.);
#4553 = FACE_BOUND('',#4554,.T.);
#4554 = EDGE_LOOP('',(#4555,#4556,#4578,#4579));
#4555 = ORIENTED_EDGE('',*,*,#1889,.F.);
#4556 = ORIENTED_EDGE('',*,*,#4557,.T.);
#4557 = EDGE_CURVE('',#1862,#2256,#4558,.T.);
#4558 = SURFACE_CURVE('',#4559,(#4564,#4571),.PCURVE_S1.);
#4559 = CIRCLE('',#4560,73.7);
#4560 = AXIS2_PLACEMENT_3D('',#4561,#4562,#4563);
#4561 = CARTESIAN_POINT('',(0.,0.,-11.5));
#4562 = DIRECTION('',(-0.,0.,1.));
#4563 = DIRECTION('',(0.995184726672,-9.801714032956E-02,0.));
#4564 = PCURVE('',#1906,#4565);
#4565 = DEFINITIONAL_REPRESENTATION('',(#4566),#4570);
#4566 = LINE('',#4567,#4568);
#4567 = CARTESIAN_POINT('',(0.,4.712388980385));
#4568 = VECTOR('',#4569,1.);
#4569 = DIRECTION('',(1.,0.));
#4570 = ( GEOMETRIC_REPRESENTATION_CONTEXT(2) 
PARAMETRIC_REPRESENTATION_CONTEXT() REPRESENTATION_CONTEXT('2D SPACE',''
  ) );
#4571 = PCURVE('',#1877,#4572);
#4572 = DEFINITIONAL_REPRESENTATION('',(#4573),#4577);
#4573 = CIRCLE('',#4574,73.7);
#4574 = AXIS2_PLACEMENT_2D('',#4575,#4576);
#4575 = CARTESIAN_POINT('',(0.,0.));
#4576 = DIRECTION('',(1.,-1.303316166446E-17));
#4577 = ( GEOMETRIC_REPRESENTATION_CONTEXT(2) 
PARAMETRIC_REPRESENTATION_CONTEXT() REPRESENTATION_CONTEXT('2D SPACE',''
  ) );
#4578 = ORIENTED_EDGE('',*,*,#2278,.T.);
#4579 = ORIENTED_EDGE('',*,*,#4529,.F.);
#4580 = ADVANCED_FACE('',(#4581),#1877,.F.);
#4581 = FACE_BOUND('',#4582,.T.);
#4582 = EDGE_LOOP('',(#4583,#4584,#4585,#4586));
#4583 = ORIENTED_EDGE('',*,*,#1861,.F.);
#4584 = ORIENTED_EDGE('',*,*,#2113,.T.);
#4585 = ORIENTED_EDGE('',*,*,#2255,.T.);
#4586 = ORIENTED_EDGE('',*,*,#4557,.F.);
#4587 = ADVANCED_FACE('',(#4588),#2691,.T.);
#4588 = FACE_BOUND('',#4589,.F.);
#4589 = EDGE_LOOP('',(#4590,#4612,#4613,#4639));
#4590 = ORIENTED_EDGE('',*,*,#4591,.F.);
#4591 = EDGE_CURVE('',#2422,#4592,#4594,.T.);
#4592 = VERTEX_POINT('',#4593);
#4593 = CARTESIAN_POINT('',(66.55,2.1,9.));
#4594 = SURFACE_CURVE('',#4595,(#4600,#4606),.PCURVE_S1.);
#4595 = CIRCLE('',#4596,0.1);
#4596 = AXIS2_PLACEMENT_3D('',#4597,#4598,#4599);
#4597 = CARTESIAN_POINT('',(66.45,2.1,9.));
#4598 = DIRECTION('',(0.,0.,1.));
#4599 = DIRECTION('',(0.,-1.,0.));
#4600 = PCURVE('',#2691,#4601);
#4601 = DEFINITIONAL_REPRESENTATION('',(#4602),#4605);
#4602 = B_SPLINE_CURVE_WITH_KNOTS('',1,(#4603,#4604),.UNSPECIFIED.,.F.,
  .F.,(2,2),(0.,1.570796326795),.PIECEWISE_BEZIER_KNOTS.);
#4603 = CARTESIAN_POINT('',(0.,3.14159265359));
#4604 = CARTESIAN_POINT('',(0.,4.712388980385));
#4605 = ( GEOMETRIC_REPRESENTATION_CONTEXT(2) 
PARAMETRIC_REPRESENTATION_CONTEXT() REPRESENTATION_CONTEXT('2D SPACE',''
  ) );
#4606 = PCURVE('',#2745,#4607);
#4607 = DEFINITIONAL_REPRESENTATION('',(#4608),#4611);
#4608 = B_SPLINE_CURVE_WITH_KNOTS('',1,(#4609,#4610),.UNSPECIFIED.,.F.,
  .F.,(2,2),(0.,1.570796326795),.PIECEWISE_BEZIER_KNOTS.);
#4609 = CARTESIAN_POINT('',(0.,18.));
#4610 = CARTESIAN_POINT('',(1.570796326795,18.));
#4611 = ( GEOMETRIC_REPRESENTATION_CONTEXT(2) 
PARAMETRIC_REPRESENTATION_CONTEXT() REPRESENTATION_CONTEXT('2D SPACE',''
  ) );
#4612 = ORIENTED_EDGE('',*,*,#2676,.T.);
#4613 = ORIENTED_EDGE('',*,*,#4614,.T.);
#4614 = EDGE_CURVE('',#2447,#3131,#4615,.T.);
#4615 = SURFACE_CURVE('',#4616,(#4621,#4627),.PCURVE_S1.);
#4616 = CIRCLE('',#4617,0.1);
#4617 = AXIS2_PLACEMENT_3D('',#4618,#4619,#4620);
#4618 = CARTESIAN_POINT('',(66.45,2.019615242271,9.3));
#4619 = DIRECTION('',(0.,-0.5,0.866025403784));
#4620 = DIRECTION('',(0.,0.866025403784,0.5));
#4621 = PCURVE('',#2691,#4622);
#4622 = DEFINITIONAL_REPRESENTATION('',(#4623),#4626);
#4623 = B_SPLINE_CURVE_WITH_KNOTS('',1,(#4624,#4625),.UNSPECIFIED.,.F.,
  .F.,(2,2),(3.14159265359,4.712388980385),.PIECEWISE_BEZIER_KNOTS.);
#4624 = CARTESIAN_POINT('',(-0.523598775598,3.14159265359));
#4625 = CARTESIAN_POINT('',(-0.523598775598,4.712388980385));
#4626 = ( GEOMETRIC_REPRESENTATION_CONTEXT(2) 
PARAMETRIC_REPRESENTATION_CONTEXT() REPRESENTATION_CONTEXT('2D SPACE',''
  ) );
#4627 = PCURVE('',#2578,#4628);
#4628 = DEFINITIONAL_REPRESENTATION('',(#4629),#4638);
#4629 = B_SPLINE_CURVE_WITH_KNOTS('',7,(#4630,#4631,#4632,#4633,#4634,
    #4635,#4636,#4637),.UNSPECIFIED.,.F.,.F.,(8,8),(3.14159265359,
    4.712388980385),.PIECEWISE_BEZIER_KNOTS.);
#4630 = CARTESIAN_POINT('',(-1.110223024625E-16,18.261799387802));
#4631 = CARTESIAN_POINT('',(8.511099833488E-02,18.261799387802));
#4632 = CARTESIAN_POINT('',(0.160993912335,18.261799387803));
#4633 = CARTESIAN_POINT('',(0.232936443409,18.261799387802));
#4634 = CARTESIAN_POINT('',(0.303451299988,18.261799387803));
#4635 = CARTESIAN_POINT('',(0.375393831063,18.261799387802));
#4636 = CARTESIAN_POINT('',(0.451276745062,18.261799387802));
#4637 = CARTESIAN_POINT('',(0.536387743397,18.261799387802));
#4638 = ( GEOMETRIC_REPRESENTATION_CONTEXT(2) 
PARAMETRIC_REPRESENTATION_CONTEXT() REPRESENTATION_CONTEXT('2D SPACE',''
  ) );
#4639 = ORIENTED_EDGE('',*,*,#4640,.F.);
#4640 = EDGE_CURVE('',#4592,#3131,#4641,.T.);
#4641 = SURFACE_CURVE('',#4642,(#4647,#4654),.PCURVE_S1.);
#4642 = CIRCLE('',#4643,0.6);
#4643 = AXIS2_PLACEMENT_3D('',#4644,#4645,#4646);
#4644 = CARTESIAN_POINT('',(66.55,1.5,9.));
#4645 = DIRECTION('',(1.,0.,-0.));
#4646 = DIRECTION('',(0.,1.,0.));
#4647 = PCURVE('',#2691,#4648);
#4648 = DEFINITIONAL_REPRESENTATION('',(#4649),#4653);
#4649 = LINE('',#4650,#4651);
#4650 = CARTESIAN_POINT('',(-0.,4.712388980385));
#4651 = VECTOR('',#4652,1.);
#4652 = DIRECTION('',(-1.,0.));
#4653 = ( GEOMETRIC_REPRESENTATION_CONTEXT(2) 
PARAMETRIC_REPRESENTATION_CONTEXT() REPRESENTATION_CONTEXT('2D SPACE',''
  ) );
#4654 = PCURVE('',#3146,#4655);
#4655 = DEFINITIONAL_REPRESENTATION('',(#4656),#4660);
#4656 = CIRCLE('',#4657,0.6);
#4657 = AXIS2_PLACEMENT_2D('',#4658,#4659);
#4658 = CARTESIAN_POINT('',(18.5,-6.23));
#4659 = DIRECTION('',(0.,-1.));
#4660 = ( GEOMETRIC_REPRESENTATION_CONTEXT(2) 
PARAMETRIC_REPRESENTATION_CONTEXT() REPRESENTATION_CONTEXT('2D SPACE',''
  ) );
#4661 = ADVANCED_FACE('',(#4662),#2578,.T.);
#4662 = FACE_BOUND('',#4663,.T.);
#4663 = EDGE_LOOP('',(#4664,#4665,#4666,#4667));
#4664 = ORIENTED_EDGE('',*,*,#4614,.T.);
#4665 = ORIENTED_EDGE('',*,*,#3240,.T.);
#4666 = ORIENTED_EDGE('',*,*,#3077,.F.);
#4667 = ORIENTED_EDGE('',*,*,#2446,.F.);
#4668 = ADVANCED_FACE('',(#4669),#2745,.T.);
#4669 = FACE_BOUND('',#4670,.T.);
#4670 = EDGE_LOOP('',(#4671,#4693,#4714,#4715));
#4671 = ORIENTED_EDGE('',*,*,#4672,.T.);
#4672 = EDGE_CURVE('',#2707,#4673,#4675,.T.);
#4673 = VERTEX_POINT('',#4674);
#4674 = CARTESIAN_POINT('',(66.55,2.1,-9.));
#4675 = SURFACE_CURVE('',#4676,(#4681,#4687),.PCURVE_S1.);
#4676 = CIRCLE('',#4677,0.1);
#4677 = AXIS2_PLACEMENT_3D('',#4678,#4679,#4680);
#4678 = CARTESIAN_POINT('',(66.45,2.1,-9.));
#4679 = DIRECTION('',(0.,0.,1.));
#4680 = DIRECTION('',(0.,-1.,0.));
#4681 = PCURVE('',#2745,#4682);
#4682 = DEFINITIONAL_REPRESENTATION('',(#4683),#4686);
#4683 = B_SPLINE_CURVE_WITH_KNOTS('',1,(#4684,#4685),.UNSPECIFIED.,.F.,
  .F.,(2,2),(0.,1.570796326795),.PIECEWISE_BEZIER_KNOTS.);
#4684 = CARTESIAN_POINT('',(0.,0.));
#4685 = CARTESIAN_POINT('',(1.570796326795,0.));
#4686 = ( GEOMETRIC_REPRESENTATION_CONTEXT(2) 
PARAMETRIC_REPRESENTATION_CONTEXT() REPRESENTATION_CONTEXT('2D SPACE',''
  ) );
#4687 = PCURVE('',#3030,#4688);
#4688 = DEFINITIONAL_REPRESENTATION('',(#4689),#4692);
#4689 = B_SPLINE_CURVE_WITH_KNOTS('',1,(#4690,#4691),.UNSPECIFIED.,.F.,
  .F.,(2,2),(0.,1.570796326795),.PIECEWISE_BEZIER_KNOTS.);
#4690 = CARTESIAN_POINT('',(-0.643501108793,3.14159265359));
#4691 = CARTESIAN_POINT('',(-0.643501108793,4.712388980385));
#4692 = ( GEOMETRIC_REPRESENTATION_CONTEXT(2) 
PARAMETRIC_REPRESENTATION_CONTEXT() REPRESENTATION_CONTEXT('2D SPACE',''
  ) );
#4693 = ORIENTED_EDGE('',*,*,#4694,.T.);
#4694 = EDGE_CURVE('',#4673,#4592,#4695,.T.);
#4695 = SURFACE_CURVE('',#4696,(#4700,#4707),.PCURVE_S1.);
#4696 = LINE('',#4697,#4698);
#4697 = CARTESIAN_POINT('',(66.55,2.1,-9.));
#4698 = VECTOR('',#4699,1.);
#4699 = DIRECTION('',(0.,0.,1.));
#4700 = PCURVE('',#2745,#4701);
#4701 = DEFINITIONAL_REPRESENTATION('',(#4702),#4706);
#4702 = LINE('',#4703,#4704);
#4703 = CARTESIAN_POINT('',(1.570796326795,0.));
#4704 = VECTOR('',#4705,1.);
#4705 = DIRECTION('',(0.,1.));
#4706 = ( GEOMETRIC_REPRESENTATION_CONTEXT(2) 
PARAMETRIC_REPRESENTATION_CONTEXT() REPRESENTATION_CONTEXT('2D SPACE',''
  ) );
#4707 = PCURVE('',#3146,#4708);
#4708 = DEFINITIONAL_REPRESENTATION('',(#4709),#4713);
#4709 = LINE('',#4710,#4711);
#4710 = CARTESIAN_POINT('',(0.5,-6.83));
#4711 = VECTOR('',#4712,1.);
#4712 = DIRECTION('',(1.,0.));
#4713 = ( GEOMETRIC_REPRESENTATION_CONTEXT(2) 
PARAMETRIC_REPRESENTATION_CONTEXT() REPRESENTATION_CONTEXT('2D SPACE',''
  ) );
#4714 = ORIENTED_EDGE('',*,*,#4591,.F.);
#4715 = ORIENTED_EDGE('',*,*,#2731,.F.);
#4716 = ADVANCED_FACE('',(#4717),#3030,.T.);
#4717 = FACE_BOUND('',#4718,.F.);
#4718 = EDGE_LOOP('',(#4719,#4744,#4745,#4746));
#4719 = ORIENTED_EDGE('',*,*,#4720,.F.);
#4720 = EDGE_CURVE('',#2786,#3766,#4721,.T.);
#4721 = SURFACE_CURVE('',#4722,(#4726,#4738),.PCURVE_S1.);
#4722 = ( BOUNDED_CURVE() B_SPLINE_CURVE(2,(#4723,#4724,#4725),
.UNSPECIFIED.,.F.,.F.) B_SPLINE_CURVE_WITH_KNOTS((3,3),(0.,
0.536387743432),.PIECEWISE_BEZIER_KNOTS.) CURVE() 
GEOMETRIC_REPRESENTATION_ITEM() RATIONAL_B_SPLINE_CURVE((1.,
0.707106781187,1.)) REPRESENTATION_ITEM('') );
#4723 = CARTESIAN_POINT('',(66.45,1.933012701914,-9.249999999963));
#4724 = CARTESIAN_POINT('',(66.55,1.933012701892,-9.25));
#4725 = CARTESIAN_POINT('',(66.55,2.019615242271,-9.3));
#4726 = PCURVE('',#3030,#4727);
#4727 = DEFINITIONAL_REPRESENTATION('',(#4728),#4737);
#4728 = B_SPLINE_CURVE_WITH_KNOTS('',7,(#4729,#4730,#4731,#4732,#4733,
    #4734,#4735,#4736),.UNSPECIFIED.,.F.,.F.,(8,8),(0.,0.536387743432),
  .PIECEWISE_BEZIER_KNOTS.);
#4729 = CARTESIAN_POINT('',(-0.119902333195,3.14159265359));
#4730 = CARTESIAN_POINT('',(-0.119902333195,3.3436231625));
#4731 = CARTESIAN_POINT('',(-0.119902333195,3.565396086831));
#4732 = CARTESIAN_POINT('',(-0.119902333195,3.803476480191));
#4733 = CARTESIAN_POINT('',(-0.119902333195,4.050505154529));
#4734 = CARTESIAN_POINT('',(-0.119902333195,4.288585546579));
#4735 = CARTESIAN_POINT('',(-0.119902333195,4.510358471474));
#4736 = CARTESIAN_POINT('',(-0.119902333195,4.712388980385));
#4737 = ( GEOMETRIC_REPRESENTATION_CONTEXT(2) 
PARAMETRIC_REPRESENTATION_CONTEXT() REPRESENTATION_CONTEXT('2D SPACE',''
  ) );
#4738 = PCURVE('',#2917,#4739);
#4739 = DEFINITIONAL_REPRESENTATION('',(#4740),#4743);
#4740 = B_SPLINE_CURVE_WITH_KNOTS('',1,(#4741,#4742),.UNSPECIFIED.,.F.,
  .F.,(2,2),(0.,0.536387743432),.PIECEWISE_BEZIER_KNOTS.);
#4741 = CARTESIAN_POINT('',(0.,44.930949137119));
#4742 = CARTESIAN_POINT('',(0.536387743432,44.930949137119));
#4743 = ( GEOMETRIC_REPRESENTATION_CONTEXT(2) 
PARAMETRIC_REPRESENTATION_CONTEXT() REPRESENTATION_CONTEXT('2D SPACE',''
  ) );
#4744 = ORIENTED_EDGE('',*,*,#3015,.T.);
#4745 = ORIENTED_EDGE('',*,*,#4672,.T.);
#4746 = ORIENTED_EDGE('',*,*,#4747,.F.);
#4747 = EDGE_CURVE('',#3766,#4673,#4748,.T.);
#4748 = SURFACE_CURVE('',#4749,(#4754,#4761),.PCURVE_S1.);
#4749 = CIRCLE('',#4750,0.6);
#4750 = AXIS2_PLACEMENT_3D('',#4751,#4752,#4753);
#4751 = CARTESIAN_POINT('',(66.55,1.5,-9.));
#4752 = DIRECTION('',(1.,0.,-0.));
#4753 = DIRECTION('',(-0.,0.8,-0.6));
#4754 = PCURVE('',#3030,#4755);
#4755 = DEFINITIONAL_REPRESENTATION('',(#4756),#4760);
#4756 = LINE('',#4757,#4758);
#4757 = CARTESIAN_POINT('',(-0.,4.712388980385));
#4758 = VECTOR('',#4759,1.);
#4759 = DIRECTION('',(-1.,0.));
#4760 = ( GEOMETRIC_REPRESENTATION_CONTEXT(2) 
PARAMETRIC_REPRESENTATION_CONTEXT() REPRESENTATION_CONTEXT('2D SPACE',''
  ) );
#4761 = PCURVE('',#3146,#4762);
#4762 = DEFINITIONAL_REPRESENTATION('',(#4763),#4767);
#4763 = CIRCLE('',#4764,0.6);
#4764 = AXIS2_PLACEMENT_2D('',#4765,#4766);
#4765 = CARTESIAN_POINT('',(0.5,-6.23));
#4766 = DIRECTION('',(-0.6,-0.8));
#4767 = ( GEOMETRIC_REPRESENTATION_CONTEXT(2) 
PARAMETRIC_REPRESENTATION_CONTEXT() REPRESENTATION_CONTEXT('2D SPACE',''
  ) );
#4768 = ADVANCED_FACE('',(#4769),#2917,.T.);
#4769 = FACE_BOUND('',#4770,.T.);
#4770 = EDGE_LOOP('',(#4771,#4795,#4796,#4797));
#4771 = ORIENTED_EDGE('',*,*,#4772,.T.);
#4772 = EDGE_CURVE('',#2763,#3789,#4773,.T.);
#4773 = SURFACE_CURVE('',#4774,(#4779,#4789),.PCURVE_S1.);
#4774 = CIRCLE('',#4775,0.1);
#4775 = AXIS2_PLACEMENT_3D('',#4776,#4777,#4778);
#4776 = CARTESIAN_POINT('',(66.619722436227,1.5,-9.6));
#4777 = DIRECTION('',(0.,1.,0.));
#4778 = DIRECTION('',(0.,-0.,1.));
#4779 = PCURVE('',#2917,#4780);
#4780 = DEFINITIONAL_REPRESENTATION('',(#4781),#4788);
#4781 = B_SPLINE_CURVE_WITH_KNOTS('',5,(#4782,#4783,#4784,#4785,#4786,
    #4787),.UNSPECIFIED.,.F.,.F.,(6,6),(0.,0.541099525957),
  .PIECEWISE_BEZIER_KNOTS.);
#4782 = CARTESIAN_POINT('',(0.,44.394561393687));
#4783 = CARTESIAN_POINT('',(0.108597547337,44.394561393687));
#4784 = CARTESIAN_POINT('',(0.215195736505,44.394561393687));
#4785 = CARTESIAN_POINT('',(0.321192006926,44.394561393687));
#4786 = CARTESIAN_POINT('',(0.427790196094,44.394561393687));
#4787 = CARTESIAN_POINT('',(0.536387743432,44.394561393687));
#4788 = ( GEOMETRIC_REPRESENTATION_CONTEXT(2) 
PARAMETRIC_REPRESENTATION_CONTEXT() REPRESENTATION_CONTEXT('2D SPACE',''
  ) );
#4789 = PCURVE('',#3062,#4790);
#4790 = DEFINITIONAL_REPRESENTATION('',(#4791),#4794);
#4791 = B_SPLINE_CURVE_WITH_KNOTS('',1,(#4792,#4793),.UNSPECIFIED.,.F.,
  .F.,(2,2),(0.,0.541099525957),.PIECEWISE_BEZIER_KNOTS.);
#4792 = CARTESIAN_POINT('',(0.,3.));
#4793 = CARTESIAN_POINT('',(0.541099525957,3.));
#4794 = ( GEOMETRIC_REPRESENTATION_CONTEXT(2) 
PARAMETRIC_REPRESENTATION_CONTEXT() REPRESENTATION_CONTEXT('2D SPACE',''
  ) );
#4795 = ORIENTED_EDGE('',*,*,#3788,.T.);
#4796 = ORIENTED_EDGE('',*,*,#4720,.F.);
#4797 = ORIENTED_EDGE('',*,*,#2785,.F.);
#4798 = ADVANCED_FACE('',(#4799),#3062,.T.);
#4799 = FACE_BOUND('',#4800,.T.);
#4800 = EDGE_LOOP('',(#4801,#4802,#4803,#4804));
#4801 = ORIENTED_EDGE('',*,*,#3512,.T.);
#4802 = ORIENTED_EDGE('',*,*,#3907,.T.);
#4803 = ORIENTED_EDGE('',*,*,#4772,.F.);
#4804 = ORIENTED_EDGE('',*,*,#3048,.F.);
#4805 = ADVANCED_FACE('',(#4806),#3146,.T.);
#4806 = FACE_BOUND('',#4807,.T.);
#4807 = EDGE_LOOP('',(#4808,#4809,#4810,#4811,#4812,#4813,#4837,#4865));
#4808 = ORIENTED_EDGE('',*,*,#3128,.T.);
#4809 = ORIENTED_EDGE('',*,*,#4640,.F.);
#4810 = ORIENTED_EDGE('',*,*,#4694,.F.);
#4811 = ORIENTED_EDGE('',*,*,#4747,.F.);
#4812 = ORIENTED_EDGE('',*,*,#3765,.T.);
#4813 = ORIENTED_EDGE('',*,*,#4814,.T.);
#4814 = EDGE_CURVE('',#3737,#4815,#4817,.T.);
#4815 = VERTEX_POINT('',#4816);
#4816 = CARTESIAN_POINT('',(66.55,4.53,-9.));
#4817 = SURFACE_CURVE('',#4818,(#4823,#4830),.PCURVE_S1.);
#4818 = CIRCLE('',#4819,0.3);
#4819 = AXIS2_PLACEMENT_3D('',#4820,#4821,#4822);
#4820 = CARTESIAN_POINT('',(66.55,4.23,-9.));
#4821 = DIRECTION('',(1.,-0.,0.));
#4822 = DIRECTION('',(0.,0.,-1.));
#4823 = PCURVE('',#3146,#4824);
#4824 = DEFINITIONAL_REPRESENTATION('',(#4825),#4829);
#4825 = CIRCLE('',#4826,0.3);
#4826 = AXIS2_PLACEMENT_2D('',#4827,#4828);
#4827 = CARTESIAN_POINT('',(0.5,-8.96));
#4828 = DIRECTION('',(-1.,0.));
#4829 = ( GEOMETRIC_REPRESENTATION_CONTEXT(2) 
PARAMETRIC_REPRESENTATION_CONTEXT() REPRESENTATION_CONTEXT('2D SPACE',''
  ) );
#4830 = PCURVE('',#3753,#4831);
#4831 = DEFINITIONAL_REPRESENTATION('',(#4832),#4836);
#4832 = LINE('',#4833,#4834);
#4833 = CARTESIAN_POINT('',(0.,4.712388980385));
#4834 = VECTOR('',#4835,1.);
#4835 = DIRECTION('',(1.,0.));
#4836 = ( GEOMETRIC_REPRESENTATION_CONTEXT(2) 
PARAMETRIC_REPRESENTATION_CONTEXT() REPRESENTATION_CONTEXT('2D SPACE',''
  ) );
#4837 = ORIENTED_EDGE('',*,*,#4838,.T.);
#4838 = EDGE_CURVE('',#4815,#4839,#4841,.T.);
#4839 = VERTEX_POINT('',#4840);
#4840 = CARTESIAN_POINT('',(66.55,4.53,9.));
#4841 = SURFACE_CURVE('',#4842,(#4846,#4853),.PCURVE_S1.);
#4842 = LINE('',#4843,#4844);
#4843 = CARTESIAN_POINT('',(66.55,4.53,-9.));
#4844 = VECTOR('',#4845,1.);
#4845 = DIRECTION('',(0.,0.,1.));
#4846 = PCURVE('',#3146,#4847);
#4847 = DEFINITIONAL_REPRESENTATION('',(#4848),#4852);
#4848 = LINE('',#4849,#4850);
#4849 = CARTESIAN_POINT('',(0.5,-9.26));
#4850 = VECTOR('',#4851,1.);
#4851 = DIRECTION('',(1.,0.));
#4852 = ( GEOMETRIC_REPRESENTATION_CONTEXT(2) 
PARAMETRIC_REPRESENTATION_CONTEXT() REPRESENTATION_CONTEXT('2D SPACE',''
  ) );
#4853 = PCURVE('',#4854,#4859);
#4854 = CYLINDRICAL_SURFACE('',#4855,0.25);
#4855 = AXIS2_PLACEMENT_3D('',#4856,#4857,#4858);
#4856 = CARTESIAN_POINT('',(66.8,4.53,-9.));
#4857 = DIRECTION('',(0.,0.,1.));
#4858 = DIRECTION('',(-1.,0.,0.));
#4859 = DEFINITIONAL_REPRESENTATION('',(#4860),#4864);
#4860 = LINE('',#4861,#4862);
#4861 = CARTESIAN_POINT('',(-0.,0.));
#4862 = VECTOR('',#4863,1.);
#4863 = DIRECTION('',(-0.,1.));
#4864 = ( GEOMETRIC_REPRESENTATION_CONTEXT(2) 
PARAMETRIC_REPRESENTATION_CONTEXT() REPRESENTATION_CONTEXT('2D SPACE',''
  ) );
#4865 = ORIENTED_EDGE('',*,*,#4866,.T.);
#4866 = EDGE_CURVE('',#4839,#3129,#4867,.T.);
#4867 = SURFACE_CURVE('',#4868,(#4873,#4880),.PCURVE_S1.);
#4868 = CIRCLE('',#4869,0.3);
#4869 = AXIS2_PLACEMENT_3D('',#4870,#4871,#4872);
#4870 = CARTESIAN_POINT('',(66.55,4.23,9.));
#4871 = DIRECTION('',(1.,0.,0.));
#4872 = DIRECTION('',(0.,1.,0.));
#4873 = PCURVE('',#3146,#4874);
#4874 = DEFINITIONAL_REPRESENTATION('',(#4875),#4879);
#4875 = CIRCLE('',#4876,0.3);
#4876 = AXIS2_PLACEMENT_2D('',#4877,#4878);
#4877 = CARTESIAN_POINT('',(18.5,-8.96));
#4878 = DIRECTION('',(0.,-1.));
#4879 = ( GEOMETRIC_REPRESENTATION_CONTEXT(2) 
PARAMETRIC_REPRESENTATION_CONTEXT() REPRESENTATION_CONTEXT('2D SPACE',''
  ) );
#4880 = PCURVE('',#3175,#4881);
#4881 = DEFINITIONAL_REPRESENTATION('',(#4882),#4886);
#4882 = LINE('',#4883,#4884);
#4883 = CARTESIAN_POINT('',(0.,4.712388980385));
#4884 = VECTOR('',#4885,1.);
#4885 = DIRECTION('',(1.,0.));
#4886 = ( GEOMETRIC_REPRESENTATION_CONTEXT(2) 
PARAMETRIC_REPRESENTATION_CONTEXT() REPRESENTATION_CONTEXT('2D SPACE',''
  ) );
#4887 = ADVANCED_FACE('',(#4888),#3175,.F.);
#4888 = FACE_BOUND('',#4889,.F.);
#4889 = EDGE_LOOP('',(#4890,#4914,#4915,#4916));
#4890 = ORIENTED_EDGE('',*,*,#4891,.F.);
#4891 = EDGE_CURVE('',#4839,#4892,#4894,.T.);
#4892 = VERTEX_POINT('',#4893);
#4893 = CARTESIAN_POINT('',(66.8,4.78,9.));
#4894 = SURFACE_CURVE('',#4895,(#4900,#4907),.PCURVE_S1.);
#4895 = CIRCLE('',#4896,0.25);
#4896 = AXIS2_PLACEMENT_3D('',#4897,#4898,#4899);
#4897 = CARTESIAN_POINT('',(66.8,4.53,9.));
#4898 = DIRECTION('',(-0.,0.,-1.));
#4899 = DIRECTION('',(-1.,-2.22044604925E-16,0.));
#4900 = PCURVE('',#3175,#4901);
#4901 = DEFINITIONAL_REPRESENTATION('',(#4902),#4906);
#4902 = LINE('',#4903,#4904);
#4903 = CARTESIAN_POINT('',(0.,4.712388980385));
#4904 = VECTOR('',#4905,1.);
#4905 = DIRECTION('',(0.,1.));
#4906 = ( GEOMETRIC_REPRESENTATION_CONTEXT(2) 
PARAMETRIC_REPRESENTATION_CONTEXT() REPRESENTATION_CONTEXT('2D SPACE',''
  ) );
#4907 = PCURVE('',#4854,#4908);
#4908 = DEFINITIONAL_REPRESENTATION('',(#4909),#4913);
#4909 = LINE('',#4910,#4911);
#4910 = CARTESIAN_POINT('',(-0.,18.));
#4911 = VECTOR('',#4912,1.);
#4912 = DIRECTION('',(-1.,0.));
#4913 = ( GEOMETRIC_REPRESENTATION_CONTEXT(2) 
PARAMETRIC_REPRESENTATION_CONTEXT() REPRESENTATION_CONTEXT('2D SPACE',''
  ) );
#4914 = ORIENTED_EDGE('',*,*,#4866,.T.);
#4915 = ORIENTED_EDGE('',*,*,#3158,.T.);
#4916 = ORIENTED_EDGE('',*,*,#4917,.F.);
#4917 = EDGE_CURVE('',#4892,#3159,#4918,.T.);
#4918 = SURFACE_CURVE('',#4919,(#4924,#4931),.PCURVE_S1.);
#4919 = CIRCLE('',#4920,0.55);
#4920 = AXIS2_PLACEMENT_3D('',#4921,#4922,#4923);
#4921 = CARTESIAN_POINT('',(66.8,4.23,9.));
#4922 = DIRECTION('',(1.,0.,0.));
#4923 = DIRECTION('',(0.,1.,0.));
#4924 = PCURVE('',#3175,#4925);
#4925 = DEFINITIONAL_REPRESENTATION('',(#4926),#4930);
#4926 = LINE('',#4927,#4928);
#4927 = CARTESIAN_POINT('',(0.,6.28318530718));
#4928 = VECTOR('',#4929,1.);
#4929 = DIRECTION('',(1.,0.));
#4930 = ( GEOMETRIC_REPRESENTATION_CONTEXT(2) 
PARAMETRIC_REPRESENTATION_CONTEXT() REPRESENTATION_CONTEXT('2D SPACE',''
  ) );
#4931 = PCURVE('',#4932,#4937);
#4932 = CYLINDRICAL_SURFACE('',#4933,0.55);
#4933 = AXIS2_PLACEMENT_3D('',#4934,#4935,#4936);
#4934 = CARTESIAN_POINT('',(66.6,4.23,9.));
#4935 = DIRECTION('',(1.,0.,0.));
#4936 = DIRECTION('',(0.,1.,0.));
#4937 = DEFINITIONAL_REPRESENTATION('',(#4938),#4942);
#4938 = LINE('',#4939,#4940);
#4939 = CARTESIAN_POINT('',(0.,0.2));
#4940 = VECTOR('',#4941,1.);
#4941 = DIRECTION('',(1.,0.));
#4942 = ( GEOMETRIC_REPRESENTATION_CONTEXT(2) 
PARAMETRIC_REPRESENTATION_CONTEXT() REPRESENTATION_CONTEXT('2D SPACE',''
  ) );
#4943 = ADVANCED_FACE('',(#4944),#3203,.F.);
#4944 = FACE_BOUND('',#4945,.F.);
#4945 = EDGE_LOOP('',(#4946,#4947,#4970,#4996));
#4946 = ORIENTED_EDGE('',*,*,#3187,.T.);
#4947 = ORIENTED_EDGE('',*,*,#4948,.T.);
#4948 = EDGE_CURVE('',#3188,#4949,#4951,.T.);
#4949 = VERTEX_POINT('',#4950);
#4950 = CARTESIAN_POINT('',(67.120740007244,-4.23,9.55));
#4951 = SURFACE_CURVE('',#4952,(#4956,#4963),.PCURVE_S1.);
#4952 = LINE('',#4953,#4954);
#4953 = CARTESIAN_POINT('',(66.6,-4.23,9.55));
#4954 = VECTOR('',#4955,1.);
#4955 = DIRECTION('',(1.,0.,0.));
#4956 = PCURVE('',#3203,#4957);
#4957 = DEFINITIONAL_REPRESENTATION('',(#4958),#4962);
#4958 = LINE('',#4959,#4960);
#4959 = CARTESIAN_POINT('',(0.,0.5));
#4960 = VECTOR('',#4961,1.);
#4961 = DIRECTION('',(1.,0.));
#4962 = ( GEOMETRIC_REPRESENTATION_CONTEXT(2) 
PARAMETRIC_REPRESENTATION_CONTEXT() REPRESENTATION_CONTEXT('2D SPACE',''
  ) );
#4963 = PCURVE('',#3580,#4964);
#4964 = DEFINITIONAL_REPRESENTATION('',(#4965),#4969);
#4965 = LINE('',#4966,#4967);
#4966 = CARTESIAN_POINT('',(-1.570796326795,0.));
#4967 = VECTOR('',#4968,1.);
#4968 = DIRECTION('',(-0.,1.));
#4969 = ( GEOMETRIC_REPRESENTATION_CONTEXT(2) 
PARAMETRIC_REPRESENTATION_CONTEXT() REPRESENTATION_CONTEXT('2D SPACE',''
  ) );
#4970 = ORIENTED_EDGE('',*,*,#4971,.T.);
#4971 = EDGE_CURVE('',#4949,#4972,#4974,.T.);
#4972 = VERTEX_POINT('',#4973);
#4973 = CARTESIAN_POINT('',(67.120740007244,4.23,9.55));
#4974 = SURFACE_CURVE('',#4975,(#4979,#4985),.PCURVE_S1.);
#4975 = LINE('',#4976,#4977);
#4976 = CARTESIAN_POINT('',(67.120740007244,-4.73,9.55));
#4977 = VECTOR('',#4978,1.);
#4978 = DIRECTION('',(-0.,1.,0.));
#4979 = PCURVE('',#3203,#4980);
#4980 = DEFINITIONAL_REPRESENTATION('',(#4981),#4984);
#4981 = B_SPLINE_CURVE_WITH_KNOTS('',1,(#4982,#4983),.UNSPECIFIED.,.F.,
  .F.,(2,2),(0.5,8.96),.PIECEWISE_BEZIER_KNOTS.);
#4982 = CARTESIAN_POINT('',(0.520740007244,0.5));
#4983 = CARTESIAN_POINT('',(0.520740007244,8.96));
#4984 = ( GEOMETRIC_REPRESENTATION_CONTEXT(2) 
PARAMETRIC_REPRESENTATION_CONTEXT() REPRESENTATION_CONTEXT('2D SPACE',''
  ) );
#4985 = PCURVE('',#4986,#4991);
#4986 = PLANE('',#4987);
#4987 = AXIS2_PLACEMENT_3D('',#4988,#4989,#4990);
#4988 = CARTESIAN_POINT('',(66.550041208765,-4.73,-4.497970424106));
#4989 = DIRECTION('',(0.999175824706,0.,-4.059151787867E-02));
#4990 = DIRECTION('',(4.059151787867E-02,0.,0.999175824706));
#4991 = DEFINITIONAL_REPRESENTATION('',(#4992),#4995);
#4992 = B_SPLINE_CURVE_WITH_KNOTS('',1,(#4993,#4994),.UNSPECIFIED.,.F.,
  .F.,(2,2),(0.5,8.96),.PIECEWISE_BEZIER_KNOTS.);
#4993 = CARTESIAN_POINT('',(14.059557964429,-0.5));
#4994 = CARTESIAN_POINT('',(14.059557964429,-8.96));
#4995 = ( GEOMETRIC_REPRESENTATION_CONTEXT(2) 
PARAMETRIC_REPRESENTATION_CONTEXT() REPRESENTATION_CONTEXT('2D SPACE',''
  ) );
#4996 = ORIENTED_EDGE('',*,*,#4997,.F.);
#4997 = EDGE_CURVE('',#3159,#4972,#4998,.T.);
#4998 = SURFACE_CURVE('',#4999,(#5003,#5010),.PCURVE_S1.);
#4999 = LINE('',#5000,#5001);
#5000 = CARTESIAN_POINT('',(66.6,4.23,9.55));
#5001 = VECTOR('',#5002,1.);
#5002 = DIRECTION('',(1.,0.,0.));
#5003 = PCURVE('',#3203,#5004);
#5004 = DEFINITIONAL_REPRESENTATION('',(#5005),#5009);
#5005 = LINE('',#5006,#5007);
#5006 = CARTESIAN_POINT('',(0.,8.96));
#5007 = VECTOR('',#5008,1.);
#5008 = DIRECTION('',(1.,0.));
#5009 = ( GEOMETRIC_REPRESENTATION_CONTEXT(2) 
PARAMETRIC_REPRESENTATION_CONTEXT() REPRESENTATION_CONTEXT('2D SPACE',''
  ) );
#5010 = PCURVE('',#4932,#5011);
#5011 = DEFINITIONAL_REPRESENTATION('',(#5012),#5016);
#5012 = LINE('',#5013,#5014);
#5013 = CARTESIAN_POINT('',(1.570796326795,0.));
#5014 = VECTOR('',#5015,1.);
#5015 = DIRECTION('',(0.,1.));
#5016 = ( GEOMETRIC_REPRESENTATION_CONTEXT(2) 
PARAMETRIC_REPRESENTATION_CONTEXT() REPRESENTATION_CONTEXT('2D SPACE',''
  ) );
#5017 = ADVANCED_FACE('',(#5018),#3580,.F.);
#5018 = FACE_BOUND('',#5019,.T.);
#5019 = EDGE_LOOP('',(#5020,#5043,#5044,#5045,#5073));
#5020 = ORIENTED_EDGE('',*,*,#5021,.F.);
#5021 = EDGE_CURVE('',#3542,#5022,#5024,.T.);
#5022 = VERTEX_POINT('',#5023);
#5023 = CARTESIAN_POINT('',(67.348602471024,-4.78,9.));
#5024 = SURFACE_CURVE('',#5025,(#5029,#5036),.PCURVE_S1.);
#5025 = LINE('',#5026,#5027);
#5026 = CARTESIAN_POINT('',(66.6,-4.78,9.));
#5027 = VECTOR('',#5028,1.);
#5028 = DIRECTION('',(1.,0.,0.));
#5029 = PCURVE('',#3580,#5030);
#5030 = DEFINITIONAL_REPRESENTATION('',(#5031),#5035);
#5031 = LINE('',#5032,#5033);
#5032 = CARTESIAN_POINT('',(-0.,0.));
#5033 = VECTOR('',#5034,1.);
#5034 = DIRECTION('',(-0.,1.));
#5035 = ( GEOMETRIC_REPRESENTATION_CONTEXT(2) 
PARAMETRIC_REPRESENTATION_CONTEXT() REPRESENTATION_CONTEXT('2D SPACE',''
  ) );
#5036 = PCURVE('',#3612,#5037);
#5037 = DEFINITIONAL_REPRESENTATION('',(#5038),#5042);
#5038 = LINE('',#5039,#5040);
#5039 = CARTESIAN_POINT('',(13.488873633527,-0.547985491362));
#5040 = VECTOR('',#5041,1.);
#5041 = DIRECTION('',(4.059151787867E-02,0.999175824706));
#5042 = ( GEOMETRIC_REPRESENTATION_CONTEXT(2) 
PARAMETRIC_REPRESENTATION_CONTEXT() REPRESENTATION_CONTEXT('2D SPACE',''
  ) );
#5043 = ORIENTED_EDGE('',*,*,#3565,.F.);
#5044 = ORIENTED_EDGE('',*,*,#4948,.T.);
#5045 = ORIENTED_EDGE('',*,*,#5046,.T.);
#5046 = EDGE_CURVE('',#4949,#5047,#5049,.T.);
#5047 = VERTEX_POINT('',#5048);
#5048 = CARTESIAN_POINT('',(67.117123456923,-4.53,9.460977222865));
#5049 = SURFACE_CURVE('',#5050,(#5055,#5066),.PCURVE_S1.);
#5050 = ELLIPSE('',#5051,0.550453670316,0.55);
#5051 = AXIS2_PLACEMENT_3D('',#5052,#5053,#5054);
#5052 = CARTESIAN_POINT('',(67.098396257244,-4.23,9.));
#5053 = DIRECTION('',(0.999175824706,0.,-4.059151787867E-02));
#5054 = DIRECTION('',(4.059151787867E-02,0.,0.999175824706));
#5055 = PCURVE('',#3580,#5056);
#5056 = DEFINITIONAL_REPRESENTATION('',(#5057),#5065);
#5057 = B_SPLINE_CURVE_WITH_KNOTS('',6,(#5058,#5059,#5060,#5061,#5062,
    #5063,#5064),.UNSPECIFIED.,.F.,.F.,(7,7),(1.025713543303E-18,
    1.570796326795),.PIECEWISE_BEZIER_KNOTS.);
#5058 = CARTESIAN_POINT('',(-1.570796326795,0.520740007244));
#5059 = CARTESIAN_POINT('',(-1.308996938996,0.520740007244));
#5060 = CARTESIAN_POINT('',(-1.047197551197,0.518902694492));
#5061 = CARTESIAN_POINT('',(-0.785398163397,0.515225337784));
#5062 = CARTESIAN_POINT('',(-0.523598775598,0.51009497057));
#5063 = CARTESIAN_POINT('',(-0.261799387799,0.504245837315));
#5064 = CARTESIAN_POINT('',(0.,0.498396257244));
#5065 = ( GEOMETRIC_REPRESENTATION_CONTEXT(2) 
PARAMETRIC_REPRESENTATION_CONTEXT() REPRESENTATION_CONTEXT('2D SPACE',''
  ) );
#5066 = PCURVE('',#4986,#5067);
#5067 = DEFINITIONAL_REPRESENTATION('',(#5068),#5072);
#5068 = ELLIPSE('',#5069,0.550453670316,0.55);
#5069 = AXIS2_PLACEMENT_2D('',#5070,#5071);
#5070 = CARTESIAN_POINT('',(13.509104294113,-0.5));
#5071 = DIRECTION('',(1.,0.));
#5072 = ( GEOMETRIC_REPRESENTATION_CONTEXT(2) 
PARAMETRIC_REPRESENTATION_CONTEXT() REPRESENTATION_CONTEXT('2D SPACE',''
  ) );
#5073 = ORIENTED_EDGE('',*,*,#5074,.T.);
#5074 = EDGE_CURVE('',#5047,#5022,#5075,.T.);
#5075 = SURFACE_CURVE('',#5076,(#5086,#5099),.PCURVE_S1.);
#5076 = B_SPLINE_CURVE_WITH_KNOTS('',8,(#5077,#5078,#5079,#5080,#5081,
    #5082,#5083,#5084,#5085),.UNSPECIFIED.,.F.,.F.,(9,9),(0.,1.),
  .PIECEWISE_BEZIER_KNOTS.);
#5077 = CARTESIAN_POINT('',(67.117123456923,-4.53,9.460977222865));
#5078 = CARTESIAN_POINT('',(67.115701931727,-4.583767445081,
    9.425985833433));
#5079 = CARTESIAN_POINT('',(67.127154005772,-4.635228049561,
    9.382292550596));
#5080 = CARTESIAN_POINT('',(67.149506035468,-4.681353779488,
    9.330305394453));
#5081 = CARTESIAN_POINT('',(67.180700052491,-4.720148106803,
    9.271219051926));
#5082 = CARTESIAN_POINT('',(67.218562276846,-4.750060676074,
    9.206641064777));
#5083 = CARTESIAN_POINT('',(67.260803615908,-4.770170967253,
    9.138454361694));
#5084 = CARTESIAN_POINT('',(67.304987822951,-4.779999892529,
    9.068778788646));
#5085 = CARTESIAN_POINT('',(67.348602471024,-4.78,9.));
#5086 = PCURVE('',#3580,#5087);
#5087 = DEFINITIONAL_REPRESENTATION('',(#5088),#5098);
#5088 = B_SPLINE_CURVE_WITH_KNOTS('',8,(#5089,#5090,#5091,#5092,#5093,
    #5094,#5095,#5096,#5097),.UNSPECIFIED.,.F.,.F.,(9,9),(0.,1.),
  .PIECEWISE_BEZIER_KNOTS.);
#5089 = CARTESIAN_POINT('',(-0.993864981558,0.517123456923));
#5090 = CARTESIAN_POINT('',(-0.877227016786,0.515701931727));
#5091 = CARTESIAN_POINT('',(-0.755474910684,0.527154005772));
#5092 = CARTESIAN_POINT('',(-0.631205819755,0.549506035468));
#5093 = CARTESIAN_POINT('',(-0.505355101364,0.580700052491));
#5094 = CARTESIAN_POINT('',(-0.378698856251,0.618562276846));
#5095 = CARTESIAN_POINT('',(-0.251732616299,0.660803615908));
#5096 = CARTESIAN_POINT('',(-0.125052785068,0.704987822951));
#5097 = CARTESIAN_POINT('',(0.,0.748602471024));
#5098 = ( GEOMETRIC_REPRESENTATION_CONTEXT(2) 
PARAMETRIC_REPRESENTATION_CONTEXT() REPRESENTATION_CONTEXT('2D SPACE',''
  ) );
#5099 = PCURVE('',#5100,#5105);
#5100 = CYLINDRICAL_SURFACE('',#5101,0.25);
#5101 = AXIS2_PLACEMENT_3D('',#5102,#5103,#5104);
#5102 = CARTESIAN_POINT('',(67.550778245697,-4.53,13.97663445348));
#5103 = DIRECTION('',(-4.059151787867E-02,-0.,-0.999175824706));
#5104 = DIRECTION('',(-0.999175824706,0.,4.059151787867E-02));
#5105 = DEFINITIONAL_REPRESENTATION('',(#5106),#5116);
#5106 = B_SPLINE_CURVE_WITH_KNOTS('',8,(#5107,#5108,#5109,#5110,#5111,
    #5112,#5113,#5114,#5115),.UNSPECIFIED.,.F.,.F.,(9,9),(0.,1.),
  .PIECEWISE_BEZIER_KNOTS.);
#5107 = CARTESIAN_POINT('',(0.,4.5295382436));
#5108 = CARTESIAN_POINT('',(-0.215069780325,4.564558495858));
#5109 = CARTESIAN_POINT('',(-0.420912970751,4.607750910702));
#5110 = CARTESIAN_POINT('',(-0.620569968062,4.658787917502));
#5111 = CARTESIAN_POINT('',(-0.815777348763,4.716559350028));
#5112 = CARTESIAN_POINT('',(-1.007773147659,4.779547228436));
#5113 = CARTESIAN_POINT('',(-1.197415116567,4.845963093655));
#5114 = CARTESIAN_POINT('',(-1.385313320574,4.913787737786));
#5115 = CARTESIAN_POINT('',(-1.570796326795,4.980739455887));
#5116 = ( GEOMETRIC_REPRESENTATION_CONTEXT(2) 
PARAMETRIC_REPRESENTATION_CONTEXT() REPRESENTATION_CONTEXT('2D SPACE',''
  ) );
#5117 = ADVANCED_FACE('',(#5118),#3612,.T.);
#5118 = FACE_BOUND('',#5119,.T.);
#5119 = EDGE_LOOP('',(#5120,#5150,#5178,#5199,#5200,#5201,#5224,#5252));
#5120 = ORIENTED_EDGE('',*,*,#5121,.F.);
#5121 = EDGE_CURVE('',#5122,#5124,#5126,.T.);
#5122 = VERTEX_POINT('',#5123);
#5123 = CARTESIAN_POINT('',(71.02,-4.78,-4.17915007244));
#5124 = VERTEX_POINT('',#5125);
#5125 = CARTESIAN_POINT('',(71.036652904138,-4.78,-4.179826596671));
#5126 = SURFACE_CURVE('',#5127,(#5131,#5138),.PCURVE_S1.);
#5127 = LINE('',#5128,#5129);
#5128 = CARTESIAN_POINT('',(66.620295758939,-4.78,-4.000412087647));
#5129 = VECTOR('',#5130,1.);
#5130 = DIRECTION('',(0.999175824706,0.,-4.059151787867E-02));
#5131 = PCURVE('',#3612,#5132);
#5132 = DEFINITIONAL_REPRESENTATION('',(#5133),#5137);
#5133 = LINE('',#5134,#5135);
#5134 = CARTESIAN_POINT('',(0.5,-7.97574568577E-15));
#5135 = VECTOR('',#5136,1.);
#5136 = DIRECTION('',(1.025713543303E-18,1.));
#5137 = ( GEOMETRIC_REPRESENTATION_CONTEXT(2) 
PARAMETRIC_REPRESENTATION_CONTEXT() REPRESENTATION_CONTEXT('2D SPACE',''
  ) );
#5138 = PCURVE('',#5139,#5144);
#5139 = CYLINDRICAL_SURFACE('',#5140,0.55);
#5140 = AXIS2_PLACEMENT_3D('',#5141,#5142,#5143);
#5141 = CARTESIAN_POINT('',(66.620295758939,-4.23,-4.000412087647));
#5142 = DIRECTION('',(0.999175824706,0.,-4.059151787867E-02));
#5143 = DIRECTION('',(0.,-1.,0.));
#5144 = DEFINITIONAL_REPRESENTATION('',(#5145),#5149);
#5145 = LINE('',#5146,#5147);
#5146 = CARTESIAN_POINT('',(0.,0.));
#5147 = VECTOR('',#5148,1.);
#5148 = DIRECTION('',(0.,1.));
#5149 = ( GEOMETRIC_REPRESENTATION_CONTEXT(2) 
PARAMETRIC_REPRESENTATION_CONTEXT() REPRESENTATION_CONTEXT('2D SPACE',''
  ) );
#5150 = ORIENTED_EDGE('',*,*,#5151,.T.);
#5151 = EDGE_CURVE('',#5122,#5152,#5154,.T.);
#5152 = VERTEX_POINT('',#5153);
#5153 = CARTESIAN_POINT('',(71.02,-4.78,-9.));
#5154 = SURFACE_CURVE('',#5155,(#5159,#5166),.PCURVE_S1.);
#5155 = LINE('',#5156,#5157);
#5156 = CARTESIAN_POINT('',(71.02,-4.78,9.));
#5157 = VECTOR('',#5158,1.);
#5158 = DIRECTION('',(-0.,-0.,-1.));
#5159 = PCURVE('',#3612,#5160);
#5160 = DEFINITIONAL_REPRESENTATION('',(#5161),#5165);
#5161 = LINE('',#5162,#5163);
#5162 = CARTESIAN_POINT('',(13.668288142551,3.868371653837));
#5163 = VECTOR('',#5164,1.);
#5164 = DIRECTION('',(-0.999175824706,4.059151787867E-02));
#5165 = ( GEOMETRIC_REPRESENTATION_CONTEXT(2) 
PARAMETRIC_REPRESENTATION_CONTEXT() REPRESENTATION_CONTEXT('2D SPACE',''
  ) );
#5166 = PCURVE('',#5167,#5172);
#5167 = CYLINDRICAL_SURFACE('',#5168,0.25);
#5168 = AXIS2_PLACEMENT_3D('',#5169,#5170,#5171);
#5169 = CARTESIAN_POINT('',(71.02,-4.53,9.));
#5170 = DIRECTION('',(-0.,-0.,-1.));
#5171 = DIRECTION('',(0.,-1.,0.));
#5172 = DEFINITIONAL_REPRESENTATION('',(#5173),#5177);
#5173 = LINE('',#5174,#5175);
#5174 = CARTESIAN_POINT('',(-0.,0.));
#5175 = VECTOR('',#5176,1.);
#5176 = DIRECTION('',(-0.,1.));
#5177 = ( GEOMETRIC_REPRESENTATION_CONTEXT(2) 
PARAMETRIC_REPRESENTATION_CONTEXT() REPRESENTATION_CONTEXT('2D SPACE',''
  ) );
#5178 = ORIENTED_EDGE('',*,*,#5179,.F.);
#5179 = EDGE_CURVE('',#3597,#5152,#5180,.T.);
#5180 = SURFACE_CURVE('',#5181,(#5185,#5192),.PCURVE_S1.);
#5181 = LINE('',#5182,#5183);
#5182 = CARTESIAN_POINT('',(66.6,-4.78,-9.));
#5183 = VECTOR('',#5184,1.);
#5184 = DIRECTION('',(1.,0.,0.));
#5185 = PCURVE('',#3612,#5186);
#5186 = DEFINITIONAL_REPRESENTATION('',(#5187),#5191);
#5187 = LINE('',#5188,#5189);
#5188 = CARTESIAN_POINT('',(-4.496291211176,0.182661830454));
#5189 = VECTOR('',#5190,1.);
#5190 = DIRECTION('',(4.059151787867E-02,0.999175824706));
#5191 = ( GEOMETRIC_REPRESENTATION_CONTEXT(2) 
PARAMETRIC_REPRESENTATION_CONTEXT() REPRESENTATION_CONTEXT('2D SPACE',''
  ) );
#5192 = PCURVE('',#3691,#5193);
#5193 = DEFINITIONAL_REPRESENTATION('',(#5194),#5198);
#5194 = LINE('',#5195,#5196);
#5195 = CARTESIAN_POINT('',(0.,0.));
#5196 = VECTOR('',#5197,1.);
#5197 = DIRECTION('',(0.,1.));
#5198 = ( GEOMETRIC_REPRESENTATION_CONTEXT(2) 
PARAMETRIC_REPRESENTATION_CONTEXT() REPRESENTATION_CONTEXT('2D SPACE',''
  ) );
#5199 = ORIENTED_EDGE('',*,*,#3596,.F.);
#5200 = ORIENTED_EDGE('',*,*,#5021,.T.);
#5201 = ORIENTED_EDGE('',*,*,#5202,.F.);
#5202 = EDGE_CURVE('',#5203,#5022,#5205,.T.);
#5203 = VERTEX_POINT('',#5204);
#5204 = CARTESIAN_POINT('',(67.388412174182,-4.78,9.979931154657));
#5205 = SURFACE_CURVE('',#5206,(#5210,#5217),.PCURVE_S1.);
#5206 = LINE('',#5207,#5208);
#5207 = CARTESIAN_POINT('',(67.550778245697,-4.78,13.97663445348));
#5208 = VECTOR('',#5209,1.);
#5209 = DIRECTION('',(-4.059151787867E-02,-0.,-0.999175824706));
#5210 = PCURVE('',#3612,#5211);
#5211 = DEFINITIONAL_REPRESENTATION('',(#5212),#5216);
#5212 = LINE('',#5213,#5214);
#5213 = CARTESIAN_POINT('',(18.5,0.2));
#5214 = VECTOR('',#5215,1.);
#5215 = DIRECTION('',(-1.,-1.025713543303E-18));
#5216 = ( GEOMETRIC_REPRESENTATION_CONTEXT(2) 
PARAMETRIC_REPRESENTATION_CONTEXT() REPRESENTATION_CONTEXT('2D SPACE',''
  ) );
#5217 = PCURVE('',#5100,#5218);
#5218 = DEFINITIONAL_REPRESENTATION('',(#5219),#5223);
#5219 = LINE('',#5220,#5221);
#5220 = CARTESIAN_POINT('',(-1.570796326795,0.));
#5221 = VECTOR('',#5222,1.);
#5222 = DIRECTION('',(-0.,1.));
#5223 = ( GEOMETRIC_REPRESENTATION_CONTEXT(2) 
PARAMETRIC_REPRESENTATION_CONTEXT() REPRESENTATION_CONTEXT('2D SPACE',''
  ) );
#5224 = ORIENTED_EDGE('',*,*,#5225,.T.);
#5225 = EDGE_CURVE('',#5203,#5226,#5228,.T.);
#5226 = VERTEX_POINT('',#5227);
#5227 = CARTESIAN_POINT('',(71.60493415444,-4.78,9.808634949209));
#5228 = SURFACE_CURVE('',#5229,(#5233,#5240),.PCURVE_S1.);
#5229 = LINE('',#5230,#5231);
#5230 = CARTESIAN_POINT('',(-181.4513310896,-4.78,20.08904572475));
#5231 = VECTOR('',#5232,1.);
#5232 = DIRECTION('',(0.999175824706,0.,-4.059151787867E-02));
#5233 = PCURVE('',#3612,#5234);
#5234 = DEFINITIONAL_REPRESENTATION('',(#5235),#5239);
#5235 = LINE('',#5236,#5237);
#5236 = CARTESIAN_POINT('',(14.5,-248.845));
#5237 = VECTOR('',#5238,1.);
#5238 = DIRECTION('',(1.025713543303E-18,1.));
#5239 = ( GEOMETRIC_REPRESENTATION_CONTEXT(2) 
PARAMETRIC_REPRESENTATION_CONTEXT() REPRESENTATION_CONTEXT('2D SPACE',''
  ) );
#5240 = PCURVE('',#5241,#5246);
#5241 = PLANE('',#5242);
#5242 = AXIS2_PLACEMENT_3D('',#5243,#5244,#5245);
#5243 = CARTESIAN_POINT('',(66.392358773928,-5.73,15.02452009964));
#5244 = DIRECTION('',(-7.576838942179E-03,-0.982424451701,
    -0.186506804731));
#5245 = DIRECTION('',(0.999175824706,0.,-4.059151787867E-02));
#5246 = DEFINITIONAL_REPRESENTATION('',(#5247),#5251);
#5247 = LINE('',#5248,#5249);
#5248 = CARTESIAN_POINT('',(-247.845,-5.089449872039));
#5249 = VECTOR('',#5250,1.);
#5250 = DIRECTION('',(1.,0.));
#5251 = ( GEOMETRIC_REPRESENTATION_CONTEXT(2) 
PARAMETRIC_REPRESENTATION_CONTEXT() REPRESENTATION_CONTEXT('2D SPACE',''
  ) );
#5252 = ORIENTED_EDGE('',*,*,#5253,.T.);
#5253 = EDGE_CURVE('',#5226,#5124,#5254,.T.);
#5254 = SURFACE_CURVE('',#5255,(#5259,#5266),.PCURVE_S1.);
#5255 = LINE('',#5256,#5257);
#5256 = CARTESIAN_POINT('',(71.767300225955,-4.78,13.805338248032));
#5257 = VECTOR('',#5258,1.);
#5258 = DIRECTION('',(-4.059151787867E-02,-0.,-0.999175824706));
#5259 = PCURVE('',#3612,#5260);
#5260 = DEFINITIONAL_REPRESENTATION('',(#5261),#5265);
#5261 = LINE('',#5262,#5263);
#5262 = CARTESIAN_POINT('',(18.5,4.42));
#5263 = VECTOR('',#5264,1.);
#5264 = DIRECTION('',(-1.,-1.025713543303E-18));
#5265 = ( GEOMETRIC_REPRESENTATION_CONTEXT(2) 
PARAMETRIC_REPRESENTATION_CONTEXT() REPRESENTATION_CONTEXT('2D SPACE',''
  ) );
#5266 = PCURVE('',#5267,#5272);
#5267 = CYLINDRICAL_SURFACE('',#5268,0.25);
#5268 = AXIS2_PLACEMENT_3D('',#5269,#5270,#5271);
#5269 = CARTESIAN_POINT('',(71.767300225955,-4.53,13.805338248032));
#5270 = DIRECTION('',(-4.059151787867E-02,-0.,-0.999175824706));
#5271 = DIRECTION('',(0.,-1.,0.));
#5272 = DEFINITIONAL_REPRESENTATION('',(#5273),#5277);
#5273 = LINE('',#5274,#5275);
#5274 = CARTESIAN_POINT('',(-0.,0.));
#5275 = VECTOR('',#5276,1.);
#5276 = DIRECTION('',(-0.,1.));
#5277 = ( GEOMETRIC_REPRESENTATION_CONTEXT(2) 
PARAMETRIC_REPRESENTATION_CONTEXT() REPRESENTATION_CONTEXT('2D SPACE',''
  ) );
#5278 = ADVANCED_FACE('',(#5279),#3691,.F.);
#5279 = FACE_BOUND('',#5280,.F.);
#5280 = EDGE_LOOP('',(#5281,#5282,#5283,#5306));
#5281 = ORIENTED_EDGE('',*,*,#5179,.F.);
#5282 = ORIENTED_EDGE('',*,*,#3676,.T.);
#5283 = ORIENTED_EDGE('',*,*,#5284,.T.);
#5284 = EDGE_CURVE('',#3653,#5285,#5287,.T.);
#5285 = VERTEX_POINT('',#5286);
#5286 = CARTESIAN_POINT('',(71.02,-4.23,-9.55));
#5287 = SURFACE_CURVE('',#5288,(#5292,#5299),.PCURVE_S1.);
#5288 = LINE('',#5289,#5290);
#5289 = CARTESIAN_POINT('',(66.6,-4.23,-9.55));
#5290 = VECTOR('',#5291,1.);
#5291 = DIRECTION('',(1.,0.,0.));
#5292 = PCURVE('',#3691,#5293);
#5293 = DEFINITIONAL_REPRESENTATION('',(#5294),#5298);
#5294 = LINE('',#5295,#5296);
#5295 = CARTESIAN_POINT('',(1.570796326795,0.));
#5296 = VECTOR('',#5297,1.);
#5297 = DIRECTION('',(0.,1.));
#5298 = ( GEOMETRIC_REPRESENTATION_CONTEXT(2) 
PARAMETRIC_REPRESENTATION_CONTEXT() REPRESENTATION_CONTEXT('2D SPACE',''
  ) );
#5299 = PCURVE('',#3724,#5300);
#5300 = DEFINITIONAL_REPRESENTATION('',(#5301),#5305);
#5301 = LINE('',#5302,#5303);
#5302 = CARTESIAN_POINT('',(0.,0.5));
#5303 = VECTOR('',#5304,1.);
#5304 = DIRECTION('',(1.,0.));
#5305 = ( GEOMETRIC_REPRESENTATION_CONTEXT(2) 
PARAMETRIC_REPRESENTATION_CONTEXT() REPRESENTATION_CONTEXT('2D SPACE',''
  ) );
#5306 = ORIENTED_EDGE('',*,*,#5307,.F.);
#5307 = EDGE_CURVE('',#5152,#5285,#5308,.T.);
#5308 = SURFACE_CURVE('',#5309,(#5314,#5321),.PCURVE_S1.);
#5309 = CIRCLE('',#5310,0.55);
#5310 = AXIS2_PLACEMENT_3D('',#5311,#5312,#5313);
#5311 = CARTESIAN_POINT('',(71.02,-4.23,-9.));
#5312 = DIRECTION('',(1.,0.,0.));
#5313 = DIRECTION('',(0.,-1.,0.));
#5314 = PCURVE('',#3691,#5315);
#5315 = DEFINITIONAL_REPRESENTATION('',(#5316),#5320);
#5316 = LINE('',#5317,#5318);
#5317 = CARTESIAN_POINT('',(0.,4.42));
#5318 = VECTOR('',#5319,1.);
#5319 = DIRECTION('',(1.,0.));
#5320 = ( GEOMETRIC_REPRESENTATION_CONTEXT(2) 
PARAMETRIC_REPRESENTATION_CONTEXT() REPRESENTATION_CONTEXT('2D SPACE',''
  ) );
#5321 = PCURVE('',#5322,#5327);
#5322 = TOROIDAL_SURFACE('',#5323,0.3,0.25);
#5323 = AXIS2_PLACEMENT_3D('',#5324,#5325,#5326);
#5324 = CARTESIAN_POINT('',(71.02,-4.23,-9.));
#5325 = DIRECTION('',(1.,0.,0.));
#5326 = DIRECTION('',(0.,-1.,0.));
#5327 = DEFINITIONAL_REPRESENTATION('',(#5328),#5332);
#5328 = LINE('',#5329,#5330);
#5329 = CARTESIAN_POINT('',(0.,0.));
#5330 = VECTOR('',#5331,1.);
#5331 = DIRECTION('',(1.,0.));
#5332 = ( GEOMETRIC_REPRESENTATION_CONTEXT(2) 
PARAMETRIC_REPRESENTATION_CONTEXT() REPRESENTATION_CONTEXT('2D SPACE',''
  ) );
#5333 = ADVANCED_FACE('',(#5334),#3724,.T.);
#5334 = FACE_BOUND('',#5335,.T.);
#5335 = EDGE_LOOP('',(#5336,#5337,#5365,#5391));
#5336 = ORIENTED_EDGE('',*,*,#5284,.T.);
#5337 = ORIENTED_EDGE('',*,*,#5338,.T.);
#5338 = EDGE_CURVE('',#5285,#5339,#5341,.T.);
#5339 = VERTEX_POINT('',#5340);
#5340 = CARTESIAN_POINT('',(71.02,4.23,-9.55));
#5341 = SURFACE_CURVE('',#5342,(#5346,#5353),.PCURVE_S1.);
#5342 = LINE('',#5343,#5344);
#5343 = CARTESIAN_POINT('',(71.02,-4.23,-9.55));
#5344 = VECTOR('',#5345,1.);
#5345 = DIRECTION('',(0.,1.,0.));
#5346 = PCURVE('',#3724,#5347);
#5347 = DEFINITIONAL_REPRESENTATION('',(#5348),#5352);
#5348 = LINE('',#5349,#5350);
#5349 = CARTESIAN_POINT('',(4.42,0.5));
#5350 = VECTOR('',#5351,1.);
#5351 = DIRECTION('',(0.,1.));
#5352 = ( GEOMETRIC_REPRESENTATION_CONTEXT(2) 
PARAMETRIC_REPRESENTATION_CONTEXT() REPRESENTATION_CONTEXT('2D SPACE',''
  ) );
#5353 = PCURVE('',#5354,#5359);
#5354 = CYLINDRICAL_SURFACE('',#5355,0.25);
#5355 = AXIS2_PLACEMENT_3D('',#5356,#5357,#5358);
#5356 = CARTESIAN_POINT('',(71.02,-4.23,-9.3));
#5357 = DIRECTION('',(0.,1.,0.));
#5358 = DIRECTION('',(0.,0.,-1.));
#5359 = DEFINITIONAL_REPRESENTATION('',(#5360),#5364);
#5360 = LINE('',#5361,#5362);
#5361 = CARTESIAN_POINT('',(-0.,0.));
#5362 = VECTOR('',#5363,1.);
#5363 = DIRECTION('',(-0.,1.));
#5364 = ( GEOMETRIC_REPRESENTATION_CONTEXT(2) 
PARAMETRIC_REPRESENTATION_CONTEXT() REPRESENTATION_CONTEXT('2D SPACE',''
  ) );
#5365 = ORIENTED_EDGE('',*,*,#5366,.F.);
#5366 = EDGE_CURVE('',#3709,#5339,#5367,.T.);
#5367 = SURFACE_CURVE('',#5368,(#5372,#5379),.PCURVE_S1.);
#5368 = LINE('',#5369,#5370);
#5369 = CARTESIAN_POINT('',(66.6,4.23,-9.55));
#5370 = VECTOR('',#5371,1.);
#5371 = DIRECTION('',(1.,0.,0.));
#5372 = PCURVE('',#3724,#5373);
#5373 = DEFINITIONAL_REPRESENTATION('',(#5374),#5378);
#5374 = LINE('',#5375,#5376);
#5375 = CARTESIAN_POINT('',(0.,8.96));
#5376 = VECTOR('',#5377,1.);
#5377 = DIRECTION('',(1.,0.));
#5378 = ( GEOMETRIC_REPRESENTATION_CONTEXT(2) 
PARAMETRIC_REPRESENTATION_CONTEXT() REPRESENTATION_CONTEXT('2D SPACE',''
  ) );
#5379 = PCURVE('',#5380,#5385);
#5380 = CYLINDRICAL_SURFACE('',#5381,0.55);
#5381 = AXIS2_PLACEMENT_3D('',#5382,#5383,#5384);
#5382 = CARTESIAN_POINT('',(66.6,4.23,-9.));
#5383 = DIRECTION('',(1.,0.,0.));
#5384 = DIRECTION('',(0.,1.,0.));
#5385 = DEFINITIONAL_REPRESENTATION('',(#5386),#5390);
#5386 = LINE('',#5387,#5388);
#5387 = CARTESIAN_POINT('',(-1.570796326795,0.));
#5388 = VECTOR('',#5389,1.);
#5389 = DIRECTION('',(-0.,1.));
#5390 = ( GEOMETRIC_REPRESENTATION_CONTEXT(2) 
PARAMETRIC_REPRESENTATION_CONTEXT() REPRESENTATION_CONTEXT('2D SPACE',''
  ) );
#5391 = ORIENTED_EDGE('',*,*,#3708,.F.);
#5392 = ADVANCED_FACE('',(#5393),#3753,.F.);
#5393 = FACE_BOUND('',#5394,.F.);
#5394 = EDGE_LOOP('',(#5395,#5396,#5397,#5421));
#5395 = ORIENTED_EDGE('',*,*,#3736,.F.);
#5396 = ORIENTED_EDGE('',*,*,#4814,.T.);
#5397 = ORIENTED_EDGE('',*,*,#5398,.T.);
#5398 = EDGE_CURVE('',#4815,#5399,#5401,.T.);
#5399 = VERTEX_POINT('',#5400);
#5400 = CARTESIAN_POINT('',(66.8,4.78,-9.));
#5401 = SURFACE_CURVE('',#5402,(#5407,#5414),.PCURVE_S1.);
#5402 = CIRCLE('',#5403,0.25);
#5403 = AXIS2_PLACEMENT_3D('',#5404,#5405,#5406);
#5404 = CARTESIAN_POINT('',(66.8,4.53,-9.));
#5405 = DIRECTION('',(0.,-6.123233995737E-17,-1.));
#5406 = DIRECTION('',(0.,1.,-6.123233995737E-17));
#5407 = PCURVE('',#3753,#5408);
#5408 = DEFINITIONAL_REPRESENTATION('',(#5409),#5413);
#5409 = LINE('',#5410,#5411);
#5410 = CARTESIAN_POINT('',(1.570796326795,0.));
#5411 = VECTOR('',#5412,1.);
#5412 = DIRECTION('',(0.,1.));
#5413 = ( GEOMETRIC_REPRESENTATION_CONTEXT(2) 
PARAMETRIC_REPRESENTATION_CONTEXT() REPRESENTATION_CONTEXT('2D SPACE',''
  ) );
#5414 = PCURVE('',#4854,#5415);
#5415 = DEFINITIONAL_REPRESENTATION('',(#5416),#5420);
#5416 = LINE('',#5417,#5418);
#5417 = CARTESIAN_POINT('',(4.712388980385,-0.));
#5418 = VECTOR('',#5419,1.);
#5419 = DIRECTION('',(-1.,0.));
#5420 = ( GEOMETRIC_REPRESENTATION_CONTEXT(2) 
PARAMETRIC_REPRESENTATION_CONTEXT() REPRESENTATION_CONTEXT('2D SPACE',''
  ) );
#5421 = ORIENTED_EDGE('',*,*,#5422,.F.);
#5422 = EDGE_CURVE('',#3709,#5399,#5423,.T.);
#5423 = SURFACE_CURVE('',#5424,(#5429,#5436),.PCURVE_S1.);
#5424 = CIRCLE('',#5425,0.55);
#5425 = AXIS2_PLACEMENT_3D('',#5426,#5427,#5428);
#5426 = CARTESIAN_POINT('',(66.8,4.23,-9.));
#5427 = DIRECTION('',(1.,-0.,0.));
#5428 = DIRECTION('',(0.,0.,-1.));
#5429 = PCURVE('',#3753,#5430);
#5430 = DEFINITIONAL_REPRESENTATION('',(#5431),#5435);
#5431 = LINE('',#5432,#5433);
#5432 = CARTESIAN_POINT('',(0.,6.28318530718));
#5433 = VECTOR('',#5434,1.);
#5434 = DIRECTION('',(1.,0.));
#5435 = ( GEOMETRIC_REPRESENTATION_CONTEXT(2) 
PARAMETRIC_REPRESENTATION_CONTEXT() REPRESENTATION_CONTEXT('2D SPACE',''
  ) );
#5436 = PCURVE('',#5380,#5437);
#5437 = DEFINITIONAL_REPRESENTATION('',(#5438),#5442);
#5438 = LINE('',#5439,#5440);
#5439 = CARTESIAN_POINT('',(-1.570796326795,0.2));
#5440 = VECTOR('',#5441,1.);
#5441 = DIRECTION('',(1.,-0.));
#5442 = ( GEOMETRIC_REPRESENTATION_CONTEXT(2) 
PARAMETRIC_REPRESENTATION_CONTEXT() REPRESENTATION_CONTEXT('2D SPACE',''
  ) );
#5443 = ADVANCED_FACE('',(#5444),#4135,.T.);
#5444 = FACE_BOUND('',#5445,.F.);
#5445 = EDGE_LOOP('',(#5446,#5496,#5524,#5572));
#5446 = ORIENTED_EDGE('',*,*,#5447,.T.);
#5447 = EDGE_CURVE('',#4118,#5448,#5450,.T.);
#5448 = VERTEX_POINT('',#5449);
#5449 = CARTESIAN_POINT('',(72.214231450277,-4.53,11.345276980885));
#5450 = SURFACE_CURVE('',#5451,(#5456,#5462),.PCURVE_S1.);
#5451 = CIRCLE('',#5452,0.2);
#5452 = AXIS2_PLACEMENT_3D('',#5453,#5454,#5455);
#5453 = CARTESIAN_POINT('',(72.409039034837,-4.53,11.3));
#5454 = DIRECTION('',(0.,-1.,0.));
#5455 = DIRECTION('',(0.,0.,1.));
#5456 = PCURVE('',#4135,#5457);
#5457 = DEFINITIONAL_REPRESENTATION('',(#5458),#5461);
#5458 = B_SPLINE_CURVE_WITH_KNOTS('',1,(#5459,#5460),.UNSPECIFIED.,.F.,
  .F.,(2,2),(0.,1.342431707216),.PIECEWISE_BEZIER_KNOTS.);
#5459 = CARTESIAN_POINT('',(0.,1.15463194561E-14));
#5460 = CARTESIAN_POINT('',(-1.342431707216,1.15463194561E-14));
#5461 = ( GEOMETRIC_REPRESENTATION_CONTEXT(2) 
PARAMETRIC_REPRESENTATION_CONTEXT() REPRESENTATION_CONTEXT('2D SPACE',''
  ) );
#5462 = PCURVE('',#4181,#5463);
#5463 = DEFINITIONAL_REPRESENTATION('',(#5464),#5495);
#5464 = B_SPLINE_CURVE_WITH_KNOTS('',8,(#5465,#5466,#5467,#5468,#5469,
    #5470,#5471,#5472,#5473,#5474,#5475,#5476,#5477,#5478,#5479,#5480,
    #5481,#5482,#5483,#5484,#5485,#5486,#5487,#5488,#5489,#5490,#5491,
    #5492,#5493,#5494),.UNSPECIFIED.,.F.,.F.,(9,7,7,7,9),(0.,
    0.335607926804,0.671215853608,1.006823780412,1.342431707216),
  .UNSPECIFIED.);
#5465 = CARTESIAN_POINT('',(4.163336342344E-17,30.058602295486));
#5466 = CARTESIAN_POINT('',(3.067649897177E-02,30.058602295486));
#5467 = CARTESIAN_POINT('',(6.08400412911E-02,30.058602295486));
#5468 = CARTESIAN_POINT('',(9.054661959917E-02,30.058602295486));
#5469 = CARTESIAN_POINT('',(0.119847945189,30.058602295486));
#5470 = CARTESIAN_POINT('',(0.148792072711,30.058602295486));
#5471 = CARTESIAN_POINT('',(0.17742402488,30.058602295486));
#5472 = CARTESIAN_POINT('',(0.205786417178,30.058602295486));
#5473 = CARTESIAN_POINT('',(0.262053747946,30.058602295486));
#5474 = CARTESIAN_POINT('',(0.289958896547,30.058602295487));
#5475 = CARTESIAN_POINT('',(0.317679712113,30.058602295484));
#5476 = CARTESIAN_POINT('',(0.345244538995,30.058602295488));
#5477 = CARTESIAN_POINT('',(0.372707476227,30.058602295484));
#5478 = CARTESIAN_POINT('',(0.400091592068,30.058602295487));
#5479 = CARTESIAN_POINT('',(0.427441025893,30.058602295486));
#5480 = CARTESIAN_POINT('',(0.482139253484,30.058602295486));
#5481 = CARTESIAN_POINT('',(0.509488687308,30.058602295487));
#5482 = CARTESIAN_POINT('',(0.53687280315,30.058602295484));
#5483 = CARTESIAN_POINT('',(0.564335740382,30.058602295488));
#5484 = CARTESIAN_POINT('',(0.591900567264,30.058602295485));
#5485 = CARTESIAN_POINT('',(0.619621382829,30.058602295486));
#5486 = CARTESIAN_POINT('',(0.64752653143,30.058602295486));
#5487 = CARTESIAN_POINT('',(0.703793862199,30.058602295486));
#5488 = CARTESIAN_POINT('',(0.732156254497,30.058602295486));
#5489 = CARTESIAN_POINT('',(0.760788206665,30.058602295486));
#5490 = CARTESIAN_POINT('',(0.789732334188,30.058602295485));
#5491 = CARTESIAN_POINT('',(0.819033659777,30.058602295486));
#5492 = CARTESIAN_POINT('',(0.848740238085,30.058602295486));
#5493 = CARTESIAN_POINT('',(0.878903780405,30.058602295486));
#5494 = CARTESIAN_POINT('',(0.909580279377,30.058602295486));
#5495 = ( GEOMETRIC_REPRESENTATION_CONTEXT(2) 
PARAMETRIC_REPRESENTATION_CONTEXT() REPRESENTATION_CONTEXT('2D SPACE',''
  ) );
#5496 = ORIENTED_EDGE('',*,*,#5497,.T.);
#5497 = EDGE_CURVE('',#5448,#5498,#5500,.T.);
#5498 = VERTEX_POINT('',#5499);
#5499 = CARTESIAN_POINT('',(72.214231450277,4.53,11.345276980885));
#5500 = SURFACE_CURVE('',#5501,(#5505,#5512),.PCURVE_S1.);
#5501 = LINE('',#5502,#5503);
#5502 = CARTESIAN_POINT('',(72.214231450277,-4.53,11.345276980885));
#5503 = VECTOR('',#5504,1.);
#5504 = DIRECTION('',(-0.,1.,0.));
#5505 = PCURVE('',#4135,#5506);
#5506 = DEFINITIONAL_REPRESENTATION('',(#5507),#5511);
#5507 = LINE('',#5508,#5509);
#5508 = CARTESIAN_POINT('',(-1.342431707216,0.));
#5509 = VECTOR('',#5510,1.);
#5510 = DIRECTION('',(-0.,1.));
#5511 = ( GEOMETRIC_REPRESENTATION_CONTEXT(2) 
PARAMETRIC_REPRESENTATION_CONTEXT() REPRESENTATION_CONTEXT('2D SPACE',''
  ) );
#5512 = PCURVE('',#5513,#5518);
#5513 = PLANE('',#5514);
#5514 = AXIS2_PLACEMENT_3D('',#5515,#5516,#5517);
#5515 = CARTESIAN_POINT('',(73.00690273348,-5.73,14.755804251283));
#5516 = DIRECTION('',(0.974037922798,0.,-0.226384904426));
#5517 = DIRECTION('',(0.,1.,0.));
#5518 = DEFINITIONAL_REPRESENTATION('',(#5519),#5523);
#5519 = LINE('',#5520,#5521);
#5520 = CARTESIAN_POINT('',(1.2,-3.501431710792));
#5521 = VECTOR('',#5522,1.);
#5522 = DIRECTION('',(1.,0.));
#5523 = ( GEOMETRIC_REPRESENTATION_CONTEXT(2) 
PARAMETRIC_REPRESENTATION_CONTEXT() REPRESENTATION_CONTEXT('2D SPACE',''
  ) );
#5524 = ORIENTED_EDGE('',*,*,#5525,.F.);
#5525 = EDGE_CURVE('',#4120,#5498,#5526,.T.);
#5526 = SURFACE_CURVE('',#5527,(#5532,#5538),.PCURVE_S1.);
#5527 = CIRCLE('',#5528,0.2);
#5528 = AXIS2_PLACEMENT_3D('',#5529,#5530,#5531);
#5529 = CARTESIAN_POINT('',(72.409039034837,4.53,11.3));
#5530 = DIRECTION('',(0.,-1.,0.));
#5531 = DIRECTION('',(0.,0.,1.));
#5532 = PCURVE('',#4135,#5533);
#5533 = DEFINITIONAL_REPRESENTATION('',(#5534),#5537);
#5534 = B_SPLINE_CURVE_WITH_KNOTS('',1,(#5535,#5536),.UNSPECIFIED.,.F.,
  .F.,(2,2),(0.,1.342431707216),.PIECEWISE_BEZIER_KNOTS.);
#5535 = CARTESIAN_POINT('',(0.,9.06));
#5536 = CARTESIAN_POINT('',(-1.342431707216,9.06));
#5537 = ( GEOMETRIC_REPRESENTATION_CONTEXT(2) 
PARAMETRIC_REPRESENTATION_CONTEXT() REPRESENTATION_CONTEXT('2D SPACE',''
  ) );
#5538 = PCURVE('',#4447,#5539);
#5539 = DEFINITIONAL_REPRESENTATION('',(#5540),#5571);
#5540 = B_SPLINE_CURVE_WITH_KNOTS('',8,(#5541,#5542,#5543,#5544,#5545,
    #5546,#5547,#5548,#5549,#5550,#5551,#5552,#5553,#5554,#5555,#5556,
    #5557,#5558,#5559,#5560,#5561,#5562,#5563,#5564,#5565,#5566,#5567,
    #5568,#5569,#5570),.UNSPECIFIED.,.F.,.F.,(9,7,7,7,9),(0.,
    0.335607926804,0.671215853608,1.006823780412,1.342431707216),
  .UNSPECIFIED.);
#5541 = CARTESIAN_POINT('',(1.387778780781E-17,9.060000000001));
#5542 = CARTESIAN_POINT('',(3.067649897145E-02,9.060000000001));
#5543 = CARTESIAN_POINT('',(6.084004129051E-02,9.06));
#5544 = CARTESIAN_POINT('',(9.054661959824E-02,9.060000000001));
#5545 = CARTESIAN_POINT('',(0.119847945188,9.06));
#5546 = CARTESIAN_POINT('',(0.14879207271,9.060000000001));
#5547 = CARTESIAN_POINT('',(0.177424024878,9.06));
#5548 = CARTESIAN_POINT('',(0.205786417176,9.060000000001));
#5549 = CARTESIAN_POINT('',(0.262053747944,9.06));
#5550 = CARTESIAN_POINT('',(0.289958896544,9.060000000001));
#5551 = CARTESIAN_POINT('',(0.31767971211,9.06));
#5552 = CARTESIAN_POINT('',(0.345244538992,9.060000000001));
#5553 = CARTESIAN_POINT('',(0.372707476223,9.06));
#5554 = CARTESIAN_POINT('',(0.400091592064,9.060000000001));
#5555 = CARTESIAN_POINT('',(0.427441025888,9.060000000001));
#5556 = CARTESIAN_POINT('',(0.482139253479,9.06));
#5557 = CARTESIAN_POINT('',(0.509488687303,9.060000000001));
#5558 = CARTESIAN_POINT('',(0.536872803144,9.06));
#5559 = CARTESIAN_POINT('',(0.564335740376,9.060000000001));
#5560 = CARTESIAN_POINT('',(0.591900567257,9.06));
#5561 = CARTESIAN_POINT('',(0.619621382823,9.060000000001));
#5562 = CARTESIAN_POINT('',(0.647526531424,9.06));
#5563 = CARTESIAN_POINT('',(0.703793862192,9.060000000001));
#5564 = CARTESIAN_POINT('',(0.732156254489,9.06));
#5565 = CARTESIAN_POINT('',(0.760788206658,9.060000000001));
#5566 = CARTESIAN_POINT('',(0.789732334179,9.06));
#5567 = CARTESIAN_POINT('',(0.819033659769,9.060000000001));
#5568 = CARTESIAN_POINT('',(0.848740238077,9.060000000001));
#5569 = CARTESIAN_POINT('',(0.878903780396,9.060000000001));
#5570 = CARTESIAN_POINT('',(0.909580279367,9.060000000001));
#5571 = ( GEOMETRIC_REPRESENTATION_CONTEXT(2) 
PARAMETRIC_REPRESENTATION_CONTEXT() REPRESENTATION_CONTEXT('2D SPACE',''
  ) );
#5572 = ORIENTED_EDGE('',*,*,#4117,.F.);
#5573 = ADVANCED_FACE('',(#5574),#4181,.F.);
#5574 = FACE_BOUND('',#5575,.F.);
#5575 = EDGE_LOOP('',(#5576,#5626,#5740,#5741));
#5576 = ORIENTED_EDGE('',*,*,#5577,.T.);
#5577 = EDGE_CURVE('',#4148,#5578,#5580,.T.);
#5578 = VERTEX_POINT('',#5579);
#5579 = CARTESIAN_POINT('',(71.667036227417,-5.07068619461,
    11.337301360946));
#5580 = SURFACE_CURVE('',#5581,(#5586,#5620),.PCURVE_S1.);
#5581 = CIRCLE('',#5582,0.2);
#5582 = AXIS2_PLACEMENT_3D('',#5583,#5584,#5585);
#5583 = CARTESIAN_POINT('',(71.665520859628,-5.26717108495,11.3));
#5584 = DIRECTION('',(-0.999970260859,7.712159037143E-03,0.));
#5585 = DIRECTION('',(0.,0.,1.));
#5586 = PCURVE('',#4181,#5587);
#5587 = DEFINITIONAL_REPRESENTATION('',(#5588),#5619);
#5588 = B_SPLINE_CURVE_WITH_KNOTS('',8,(#5589,#5590,#5591,#5592,#5593,
    #5594,#5595,#5596,#5597,#5598,#5599,#5600,#5601,#5602,#5603,#5604,
    #5605,#5606,#5607,#5608,#5609,#5610,#5611,#5612,#5613,#5614,#5615,
    #5616,#5617,#5618),.UNSPECIFIED.,.F.,.F.,(9,7,7,7,9),(0.,
    0.345797742815,0.691595485629,1.037393228444,1.383190971258),
  .UNSPECIFIED.);
#5589 = CARTESIAN_POINT('',(1.387778780781E-17,29.149022016109));
#5590 = CARTESIAN_POINT('',(3.082344972705E-02,29.149022016109));
#5591 = CARTESIAN_POINT('',(6.109818339638E-02,29.14902201611));
#5592 = CARTESIAN_POINT('',(9.088588668646E-02,29.149022016108));
#5593 = CARTESIAN_POINT('',(0.120240882346,29.14902201611));
#5594 = CARTESIAN_POINT('',(0.149215747406,29.149022016109));
#5595 = CARTESIAN_POINT('',(0.177859583698,29.14902201611));
#5596 = CARTESIAN_POINT('',(0.206216321229,29.149022016109));
#5597 = CARTESIAN_POINT('',(0.262444546771,29.14902201611));
#5598 = CARTESIAN_POINT('',(0.290316078599,29.149022016108));
#5599 = CARTESIAN_POINT('',(0.317992585023,29.149022016112));
#5600 = CARTESIAN_POINT('',(0.345502660231,29.149022016106));
#5601 = CARTESIAN_POINT('',(0.372906056233,29.149022016112));
#5602 = CARTESIAN_POINT('',(0.400225171112,29.149022016108));
#5603 = CARTESIAN_POINT('',(0.427507848398,29.149022016109));
#5604 = CARTESIAN_POINT('',(0.482072430978,29.149022016109));
#5605 = CARTESIAN_POINT('',(0.509355108265,29.149022016108));
#5606 = CARTESIAN_POINT('',(0.536674223143,29.149022016111));
#5607 = CARTESIAN_POINT('',(0.564077619146,29.149022016107));
#5608 = CARTESIAN_POINT('',(0.591587694354,29.149022016111));
#5609 = CARTESIAN_POINT('',(0.619264200777,29.149022016108));
#5610 = CARTESIAN_POINT('',(0.647135732606,29.149022016109));
#5611 = CARTESIAN_POINT('',(0.703363958148,29.149022016109));
#5612 = CARTESIAN_POINT('',(0.731720695679,29.149022016109));
#5613 = CARTESIAN_POINT('',(0.76036453197,29.14902201611));
#5614 = CARTESIAN_POINT('',(0.789339397031,29.149022016109));
#5615 = CARTESIAN_POINT('',(0.81869439269,29.149022016109));
#5616 = CARTESIAN_POINT('',(0.84848209598,29.149022016109));
#5617 = CARTESIAN_POINT('',(0.87875682965,29.149022016109));
#5618 = CARTESIAN_POINT('',(0.909580279377,29.149022016109));
#5619 = ( GEOMETRIC_REPRESENTATION_CONTEXT(2) 
PARAMETRIC_REPRESENTATION_CONTEXT() REPRESENTATION_CONTEXT('2D SPACE',''
  ) );
#5620 = PCURVE('',#4241,#5621);
#5621 = DEFINITIONAL_REPRESENTATION('',(#5622),#5625);
#5622 = B_SPLINE_CURVE_WITH_KNOTS('',1,(#5623,#5624),.UNSPECIFIED.,.F.,
  .F.,(2,2),(0.,1.383190971258),.PIECEWISE_BEZIER_KNOTS.);
#5623 = CARTESIAN_POINT('',(0.,4.216758458759));
#5624 = CARTESIAN_POINT('',(-1.383190971258,4.216758458759));
#5625 = ( GEOMETRIC_REPRESENTATION_CONTEXT(2) 
PARAMETRIC_REPRESENTATION_CONTEXT() REPRESENTATION_CONTEXT('2D SPACE',''
  ) );
#5626 = ORIENTED_EDGE('',*,*,#5627,.T.);
#5627 = EDGE_CURVE('',#5578,#5448,#5628,.T.);
#5628 = SURFACE_CURVE('',#5629,(#5642,#5649),.PCURVE_S1.);
#5629 = ( BOUNDED_CURVE() B_SPLINE_CURVE(6,(#5630,#5631,#5632,#5633,
    #5634,#5635,#5636,#5637,#5638,#5639,#5640,#5641),.UNSPECIFIED.,.F.,
.F.) B_SPLINE_CURVE_WITH_KNOTS((7,5,7),(29.149022016109,29.155867197345,
30.058602295486),.UNSPECIFIED.) CURVE() GEOMETRIC_REPRESENTATION_ITEM() 
RATIONAL_B_SPLINE_CURVE((1.,1.,1.,1.,1.,1.,1.,1.,1.,1.,1.,1.)) 
REPRESENTATION_ITEM('') );
#5630 = CARTESIAN_POINT('',(71.667036227417,-5.07068619461,
    11.337301360946));
#5631 = CARTESIAN_POINT('',(71.668177508241,-5.070698188069,
    11.33731817195));
#5632 = CARTESIAN_POINT('',(71.669315218802,-5.0707073625,
    11.337335045994));
#5633 = CARTESIAN_POINT('',(71.670472870313,-5.070713555492,
    11.337352817496));
#5634 = CARTESIAN_POINT('',(71.671577060555,-5.070717192347,
    11.337368917618));
#5635 = CARTESIAN_POINT('',(71.672781075262,-5.070717690136,
    11.337388498991));
#5636 = CARTESIAN_POINT('',(71.816321704443,-5.070419685866,
    11.339503262932));
#5637 = CARTESIAN_POINT('',(71.958156269067,-5.02522144695,
    11.341576954344));
#5638 = CARTESIAN_POINT('',(72.081783337358,-4.935736903212,
    11.343368780912));
#5639 = CARTESIAN_POINT('',(72.170110163033,-4.811828940029,
    11.344641013971));
#5640 = CARTESIAN_POINT('',(72.214231450277,-4.670921318786,
    11.345276980885));
#5641 = CARTESIAN_POINT('',(72.214231450277,-4.53,11.345276980885));
#5642 = PCURVE('',#4181,#5643);
#5643 = DEFINITIONAL_REPRESENTATION('',(#5644),#5648);
#5644 = LINE('',#5645,#5646);
#5645 = CARTESIAN_POINT('',(0.909580279377,0.));
#5646 = VECTOR('',#5647,1.);
#5647 = DIRECTION('',(0.,1.));
#5648 = ( GEOMETRIC_REPRESENTATION_CONTEXT(2) 
PARAMETRIC_REPRESENTATION_CONTEXT() REPRESENTATION_CONTEXT('2D SPACE',''
  ) );
#5649 = PCURVE('',#5650,#5655);
#5650 = CONICAL_SURFACE('',#5651,0.25,0.187761946514);
#5651 = AXIS2_PLACEMENT_3D('',#5652,#5653,#5654);
#5652 = CARTESIAN_POINT('',(71.60493415444,-4.53,9.808634949209));
#5653 = DIRECTION('',(4.059151787867E-02,0.,0.999175824706));
#5654 = DIRECTION('',(0.,-1.,0.));
#5655 = DEFINITIONAL_REPRESENTATION('',(#5656),#5739);
#5656 = B_SPLINE_CURVE_WITH_KNOTS('',11,(#5657,#5658,#5659,#5660,#5661,
    #5662,#5663,#5664,#5665,#5666,#5667,#5668,#5669,#5670,#5671,#5672,
    #5673,#5674,#5675,#5676,#5677,#5678,#5679,#5680,#5681,#5682,#5683,
    #5684,#5685,#5686,#5687,#5688,#5689,#5690,#5691,#5692,#5693,#5694,
    #5695,#5696,#5697,#5698,#5699,#5700,#5701,#5702,#5703,#5704,#5705,
    #5706,#5707,#5708,#5709,#5710,#5711,#5712,#5713,#5714,#5715,#5716,
    #5717,#5718,#5719,#5720,#5721,#5722,#5723,#5724,#5725,#5726,#5727,
    #5728,#5729,#5730,#5731,#5732,#5733,#5734,#5735,#5736,#5737,#5738),
  .UNSPECIFIED.,.F.,.F.,(12,10,10,10,10,10,10,10,12),(29.149022016109,
    29.156128112042,29.163234207975,29.17744639984,29.20587078357,
    29.262719551031,29.376417085953,29.603812155798,30.058602295486),
  .UNSPECIFIED.);
#5657 = CARTESIAN_POINT('',(5.174653031218E-14,1.529927340053));
#5658 = CARTESIAN_POINT('',(1.193531473833E-03,1.529963083427));
#5659 = CARTESIAN_POINT('',(2.381037402714E-03,1.529998647263));
#5660 = CARTESIAN_POINT('',(3.605117131024E-03,1.530035682264));
#5661 = CARTESIAN_POINT('',(4.701789682409E-03,1.53006789143));
#5662 = CARTESIAN_POINT('',(6.113298908762E-03,1.53011221939));
#5663 = CARTESIAN_POINT('',(6.965580213126E-03,1.530135154721));
#5664 = CARTESIAN_POINT('',(8.538818539514E-03,1.530185771279));
#5665 = CARTESIAN_POINT('',(9.426027793315E-03,1.530210178669));
#5666 = CARTESIAN_POINT('',(1.082914465771E-02,1.530254424013));
#5667 = CARTESIAN_POINT('',(1.193022249816E-02,1.530287180339));
#5668 = CARTESIAN_POINT('',(1.418916012194E-02,1.530354846298));
#5669 = CARTESIAN_POINT('',(1.531859775704E-02,1.530388678401));
#5670 = CARTESIAN_POINT('',(1.644800422069E-02,1.530422509569));
#5671 = CARTESIAN_POINT('',(1.757737951821E-02,1.530456339746));
#5672 = CARTESIAN_POINT('',(1.870672365493E-02,1.530490168874));
#5673 = CARTESIAN_POINT('',(1.983603663617E-02,1.530523996895));
#5674 = CARTESIAN_POINT('',(2.096531846728E-02,1.530557823751));
#5675 = CARTESIAN_POINT('',(2.209456915356E-02,1.530591649386));
#5676 = CARTESIAN_POINT('',(2.322378870035E-02,1.530625473741));
#5677 = CARTESIAN_POINT('',(2.435297711298E-02,1.530659296759));
#5678 = CARTESIAN_POINT('',(2.774044896437E-02,1.53076076163));
#5679 = CARTESIAN_POINT('',(2.999863887182E-02,1.530828399293));
#5680 = CARTESIAN_POINT('',(3.225670423351E-02,1.530896030919));
#5681 = CARTESIAN_POINT('',(3.451464516362E-02,1.53096365604));
#5682 = CARTESIAN_POINT('',(3.677246177672E-02,1.531031274215));
#5683 = CARTESIAN_POINT('',(3.903015418683E-02,1.531098884966));
#5684 = CARTESIAN_POINT('',(4.128772250858E-02,1.531166487855));
#5685 = CARTESIAN_POINT('',(4.354516685604E-02,1.531234082409));
#5686 = CARTESIAN_POINT('',(4.580248734372E-02,1.531301668181));
#5687 = CARTESIAN_POINT('',(4.805968408584E-02,1.531369244707));
#5688 = CARTESIAN_POINT('',(5.483090341861E-02,1.531571945183));
#5689 = CARTESIAN_POINT('',(5.93445558661E-02,1.531707040038));
#5690 = CARTESIAN_POINT('',(6.385771578159E-02,1.531842092462));
#5691 = CARTESIAN_POINT('',(6.837038440732E-02,1.531977098815));
#5692 = CARTESIAN_POINT('',(7.288256298579E-02,1.532112055463));
#5693 = CARTESIAN_POINT('',(7.739425275906E-02,1.532246958766));
#5694 = CARTESIAN_POINT('',(8.190545496978E-02,1.532381805091));
#5695 = CARTESIAN_POINT('',(8.641617085997E-02,1.532516590797));
#5696 = CARTESIAN_POINT('',(9.092640167218E-02,1.53265131225));
#5697 = CARTESIAN_POINT('',(9.543614864861E-02,1.532785965811));
#5698 = CARTESIAN_POINT('',(0.108963941798,1.533189711911));
#5699 = CARTESIAN_POINT('',(0.117980539084,1.533458589498));
#5700 = CARTESIAN_POINT('',(0.12699521462,1.533727151851));
#5701 = CARTESIAN_POINT('',(0.136007978138,1.533995370218));
#5702 = CARTESIAN_POINT('',(0.145018839368,1.534263215844));
#5703 = CARTESIAN_POINT('',(0.15402780804,1.534530659977));
#5704 = CARTESIAN_POINT('',(0.163034893887,1.534797673864));
#5705 = CARTESIAN_POINT('',(0.172040106638,1.53506422875));
#5706 = CARTESIAN_POINT('',(0.181043456025,1.535330295883));
#5707 = CARTESIAN_POINT('',(0.190044951777,1.535595846509));
#5708 = CARTESIAN_POINT('',(0.217043907326,1.536390862607));
#5709 = CARTESIAN_POINT('',(0.235035827675,1.536918682794));
#5710 = CARTESIAN_POINT('',(0.253020448937,1.537444092035));
#5711 = CARTESIAN_POINT('',(0.270997855378,1.537966869933));
#5712 = CARTESIAN_POINT('',(0.28896813126,1.538486796084));
#5713 = CARTESIAN_POINT('',(0.30693136085,1.539003650096));
#5714 = CARTESIAN_POINT('',(0.32488762841,1.539517211561));
#5715 = CARTESIAN_POINT('',(0.342837018206,1.540027260086));
#5716 = CARTESIAN_POINT('',(0.360779614502,1.540533575267));
#5717 = CARTESIAN_POINT('',(0.378715501563,1.541035936707));
#5718 = CARTESIAN_POINT('',(0.432503287829,1.542530498604));
#5719 = CARTESIAN_POINT('',(0.468335340739,1.543510242276));
#5720 = CARTESIAN_POINT('',(0.504141664289,1.544471641505));
#5721 = CARTESIAN_POINT('',(0.539923028967,1.545413036505));
#5722 = CARTESIAN_POINT('',(0.575680233828,1.546332821197));
#5723 = CARTESIAN_POINT('',(0.611414106514,1.547229443244));
#5724 = CARTESIAN_POINT('',(0.647125503228,1.548101404012));
#5725 = CARTESIAN_POINT('',(0.682815308761,1.548947258607));
#5726 = CARTESIAN_POINT('',(0.718484436468,1.549765615844));
#5727 = CARTESIAN_POINT('',(0.754133828287,1.550555138269));
#5728 = CARTESIAN_POINT('',(0.861025707609,1.552833349904));
#5729 = CARTESIAN_POINT('',(0.9322115587,1.554231768244));
#5730 = CARTESIAN_POINT('',(1.003330179445,1.555499618566));
#5731 = CARTESIAN_POINT('',(1.074389271959,1.556627820132));
#5732 = CARTESIAN_POINT('',(1.145396310985,1.557608444276));
#5733 = CARTESIAN_POINT('',(1.216358785815,1.558434768555));
#5734 = CARTESIAN_POINT('',(1.287284442266,1.559101330979));
#5735 = CARTESIAN_POINT('',(1.358181524582,1.559603984145));
#5736 = CARTESIAN_POINT('',(1.429059017412,1.559939949474));
#5737 = CARTESIAN_POINT('',(1.499926887732,1.560107871355));
#5738 = CARTESIAN_POINT('',(1.570796326795,1.560107871355));
#5739 = ( GEOMETRIC_REPRESENTATION_CONTEXT(2) 
PARAMETRIC_REPRESENTATION_CONTEXT() REPRESENTATION_CONTEXT('2D SPACE',''
  ) );
#5740 = ORIENTED_EDGE('',*,*,#5447,.F.);
#5741 = ORIENTED_EDGE('',*,*,#4147,.F.);
#5742 = ADVANCED_FACE('',(#5743),#4447,.F.);
#5743 = FACE_BOUND('',#5744,.F.);
#5744 = EDGE_LOOP('',(#5745,#5746,#5862,#5887));
#5745 = ORIENTED_EDGE('',*,*,#5525,.T.);
#5746 = ORIENTED_EDGE('',*,*,#5747,.T.);
#5747 = EDGE_CURVE('',#5498,#5748,#5750,.T.);
#5748 = VERTEX_POINT('',#5749);
#5749 = CARTESIAN_POINT('',(71.667036227417,5.07068619461,
    11.337301360946));
#5750 = SURFACE_CURVE('',#5751,(#5764,#5771),.PCURVE_S1.);
#5751 = ( BOUNDED_CURVE() B_SPLINE_CURVE(6,(#5752,#5753,#5754,#5755,
    #5756,#5757,#5758,#5759,#5760,#5761,#5762,#5763),.UNSPECIFIED.,.F.,
.F.) B_SPLINE_CURVE_WITH_KNOTS((7,5,7),(9.060000000001,9.962735098132,
9.969580279368),.UNSPECIFIED.) CURVE() GEOMETRIC_REPRESENTATION_ITEM() 
RATIONAL_B_SPLINE_CURVE((1.,1.,1.,1.,1.,1.,1.,1.,1.,1.,1.,1.)) 
REPRESENTATION_ITEM('') );
#5752 = CARTESIAN_POINT('',(72.214231450277,4.53,11.345276980885));
#5753 = CARTESIAN_POINT('',(72.214231450277,4.67092131879,
    11.345276980885));
#5754 = CARTESIAN_POINT('',(72.170110163032,4.811828940023,
    11.344641013971));
#5755 = CARTESIAN_POINT('',(72.081783337357,4.935736903217,
    11.343368780912));
#5756 = CARTESIAN_POINT('',(71.958156269069,5.02522144695,
    11.341576954344));
#5757 = CARTESIAN_POINT('',(71.81632170444,5.070419685866,
    11.339503262932));
#5758 = CARTESIAN_POINT('',(71.672781075262,5.070717690136,
    11.337388498991));
#5759 = CARTESIAN_POINT('',(71.671577060555,5.070717192347,
    11.337368917618));
#5760 = CARTESIAN_POINT('',(71.670472870313,5.070713555492,
    11.337352817496));
#5761 = CARTESIAN_POINT('',(71.669315218802,5.0707073625,11.337335045994
    ));
#5762 = CARTESIAN_POINT('',(71.668177508241,5.070698188069,
    11.33731817195));
#5763 = CARTESIAN_POINT('',(71.667036227417,5.07068619461,
    11.337301360946));
#5764 = PCURVE('',#4447,#5765);
#5765 = DEFINITIONAL_REPRESENTATION('',(#5766),#5770);
#5766 = LINE('',#5767,#5768);
#5767 = CARTESIAN_POINT('',(0.909580279367,0.));
#5768 = VECTOR('',#5769,1.);
#5769 = DIRECTION('',(0.,1.));
#5770 = ( GEOMETRIC_REPRESENTATION_CONTEXT(2) 
PARAMETRIC_REPRESENTATION_CONTEXT() REPRESENTATION_CONTEXT('2D SPACE',''
  ) );
#5771 = PCURVE('',#5772,#5777);
#5772 = CONICAL_SURFACE('',#5773,0.25,0.187761946514);
#5773 = AXIS2_PLACEMENT_3D('',#5774,#5775,#5776);
#5774 = CARTESIAN_POINT('',(71.60493415444,4.53,9.808634949209));
#5775 = DIRECTION('',(4.059151787867E-02,0.,0.999175824706));
#5776 = DIRECTION('',(0.,1.,0.));
#5777 = DEFINITIONAL_REPRESENTATION('',(#5778),#5861);
#5778 = B_SPLINE_CURVE_WITH_KNOTS('',11,(#5779,#5780,#5781,#5782,#5783,
    #5784,#5785,#5786,#5787,#5788,#5789,#5790,#5791,#5792,#5793,#5794,
    #5795,#5796,#5797,#5798,#5799,#5800,#5801,#5802,#5803,#5804,#5805,
    #5806,#5807,#5808,#5809,#5810,#5811,#5812,#5813,#5814,#5815,#5816,
    #5817,#5818,#5819,#5820,#5821,#5822,#5823,#5824,#5825,#5826,#5827,
    #5828,#5829,#5830,#5831,#5832,#5833,#5834,#5835,#5836,#5837,#5838,
    #5839,#5840,#5841,#5842,#5843,#5844,#5845,#5846,#5847,#5848,#5849,
    #5850,#5851,#5852,#5853,#5854,#5855,#5856,#5857,#5858,#5859,#5860),
  .UNSPECIFIED.,.F.,.F.,(12,10,10,10,10,10,10,10,12),(9.060000000001,
    9.514790139684,9.742185209526,9.855882744447,9.912731511907,
    9.941155895638,9.955368087503,9.962474183435,9.969580279368),
  .UNSPECIFIED.);
#5779 = CARTESIAN_POINT('',(4.712388980385,1.560107871355));
#5780 = CARTESIAN_POINT('',(4.783258419449,1.560107871355));
#5781 = CARTESIAN_POINT('',(4.854126289771,1.559939949474));
#5782 = CARTESIAN_POINT('',(4.925003782596,1.559603984146));
#5783 = CARTESIAN_POINT('',(4.995900864921,1.559101330978));
#5784 = CARTESIAN_POINT('',(5.066826521356,1.558434768556));
#5785 = CARTESIAN_POINT('',(5.137788996203,1.557608444275));
#5786 = CARTESIAN_POINT('',(5.208796035215,1.556627820132));
#5787 = CARTESIAN_POINT('',(5.279855127738,1.555499618566));
#5788 = CARTESIAN_POINT('',(5.350973748478,1.554231768244));
#5789 = CARTESIAN_POINT('',(5.422159599572,1.552833349904));
#5790 = CARTESIAN_POINT('',(5.529051478893,1.550555138269));
#5791 = CARTESIAN_POINT('',(5.564700870714,1.549765615844));
#5792 = CARTESIAN_POINT('',(5.600369998416,1.548947258605));
#5793 = CARTESIAN_POINT('',(5.636059803959,1.548101404014));
#5794 = CARTESIAN_POINT('',(5.671771200658,1.547229443241));
#5795 = CARTESIAN_POINT('',(5.70750507336,1.5463328212));
#5796 = CARTESIAN_POINT('',(5.743262278208,1.545413036502));
#5797 = CARTESIAN_POINT('',(5.779043642895,1.544471641507));
#5798 = CARTESIAN_POINT('',(5.814849966441,1.543510242275));
#5799 = CARTESIAN_POINT('',(5.850682019352,1.542530498604));
#5800 = CARTESIAN_POINT('',(5.904469805619,1.541035936707));
#5801 = CARTESIAN_POINT('',(5.922405692679,1.540533575267));
#5802 = CARTESIAN_POINT('',(5.940348288976,1.540027260086));
#5803 = CARTESIAN_POINT('',(5.95829767877,1.539517211561));
#5804 = CARTESIAN_POINT('',(5.976253946332,1.539003650095));
#5805 = CARTESIAN_POINT('',(5.994217175921,1.538486796085));
#5806 = CARTESIAN_POINT('',(6.012187451804,1.537966869932));
#5807 = CARTESIAN_POINT('',(6.030164858245,1.537444092035));
#5808 = CARTESIAN_POINT('',(6.048149479506,1.536918682793));
#5809 = CARTESIAN_POINT('',(6.066141399855,1.536390862607));
#5810 = CARTESIAN_POINT('',(6.093140355404,1.535595846509));
#5811 = CARTESIAN_POINT('',(6.102141851157,1.535330295883));
#5812 = CARTESIAN_POINT('',(6.111145200542,1.535064228749));
#5813 = CARTESIAN_POINT('',(6.120150413296,1.534797673864));
#5814 = CARTESIAN_POINT('',(6.12915749914,1.534530659976));
#5815 = CARTESIAN_POINT('',(6.138166467814,1.534263215845));
#5816 = CARTESIAN_POINT('',(6.147177329044,1.533995370217));
#5817 = CARTESIAN_POINT('',(6.156190092561,1.533727151851));
#5818 = CARTESIAN_POINT('',(6.165204768098,1.533458589498));
#5819 = CARTESIAN_POINT('',(6.174221365383,1.533189711911));
#5820 = CARTESIAN_POINT('',(6.187749158533,1.532785965811));
#5821 = CARTESIAN_POINT('',(6.192258905507,1.532651312249));
#5822 = CARTESIAN_POINT('',(6.196769136324,1.532516590798));
#5823 = CARTESIAN_POINT('',(6.201279852206,1.532381805089));
#5824 = CARTESIAN_POINT('',(6.205791054427,1.532246958768));
#5825 = CARTESIAN_POINT('',(6.21030274419,1.532112055461));
#5826 = CARTESIAN_POINT('',(6.214814922776,1.531977098816));
#5827 = CARTESIAN_POINT('',(6.219327591398,1.531842092461));
#5828 = CARTESIAN_POINT('',(6.223840751315,1.531707040039));
#5829 = CARTESIAN_POINT('',(6.228354403762,1.531571945183));
#5830 = CARTESIAN_POINT('',(6.235125623094,1.531369244707));
#5831 = CARTESIAN_POINT('',(6.237382819838,1.531301668181));
#5832 = CARTESIAN_POINT('',(6.239640140321,1.531234082409));
#5833 = CARTESIAN_POINT('',(6.241897584677,1.531166487855));
#5834 = CARTESIAN_POINT('',(6.244155152988,1.531098884967));
#5835 = CARTESIAN_POINT('',(6.246412845408,1.531031274213));
#5836 = CARTESIAN_POINT('',(6.248670662014,1.530963656042));
#5837 = CARTESIAN_POINT('',(6.250928602948,1.530896030918));
#5838 = CARTESIAN_POINT('',(6.253186668308,1.530828399294));
#5839 = CARTESIAN_POINT('',(6.255444858216,1.53076076163));
#5840 = CARTESIAN_POINT('',(6.258832330067,1.530659296759));
#5841 = CARTESIAN_POINT('',(6.259961518479,1.530625473741));
#5842 = CARTESIAN_POINT('',(6.261090738029,1.530591649386));
#5843 = CARTESIAN_POINT('',(6.262219988709,1.530557823751));
#5844 = CARTESIAN_POINT('',(6.263349270549,1.530523996896));
#5845 = CARTESIAN_POINT('',(6.26447858352,1.530490168873));
#5846 = CARTESIAN_POINT('',(6.265607927665,1.530456339747));
#5847 = CARTESIAN_POINT('',(6.266737302958,1.530422509569));
#5848 = CARTESIAN_POINT('',(6.267866709423,1.530388678401));
#5849 = CARTESIAN_POINT('',(6.268996147058,1.530354846298));
#5850 = CARTESIAN_POINT('',(6.271255084682,1.530287180339));
#5851 = CARTESIAN_POINT('',(6.272356162523,1.530254424014));
#5852 = CARTESIAN_POINT('',(6.273759279385,1.530210178667));
#5853 = CARTESIAN_POINT('',(6.274646488644,1.530185771283));
#5854 = CARTESIAN_POINT('',(6.276219726961,1.530135154716));
#5855 = CARTESIAN_POINT('',(6.277072008276,1.530112219395));
#5856 = CARTESIAN_POINT('',(6.278483517493,1.530067891426));
#5857 = CARTESIAN_POINT('',(6.279580190051,1.530035682266));
#5858 = CARTESIAN_POINT('',(6.280804269776,1.529998647262));
#5859 = CARTESIAN_POINT('',(6.281991775706,1.529963083427));
#5860 = CARTESIAN_POINT('',(6.28318530718,1.529927340053));
#5861 = ( GEOMETRIC_REPRESENTATION_CONTEXT(2) 
PARAMETRIC_REPRESENTATION_CONTEXT() REPRESENTATION_CONTEXT('2D SPACE',''
  ) );
#5862 = ORIENTED_EDGE('',*,*,#5863,.F.);
#5863 = EDGE_CURVE('',#4388,#5748,#5864,.T.);
#5864 = SURFACE_CURVE('',#5865,(#5869,#5875),.PCURVE_S1.);
#5865 = ( BOUNDED_CURVE() B_SPLINE_CURVE(2,(#5866,#5867,#5868),
.UNSPECIFIED.,.F.,.F.) B_SPLINE_CURVE_WITH_KNOTS((3,3),(0.,
0.909580279367),.PIECEWISE_BEZIER_KNOTS.) CURVE() 
GEOMETRIC_REPRESENTATION_ITEM() RATIONAL_B_SPLINE_CURVE((1.,
0.770229447869,1.)) REPRESENTATION_ITEM('') );
#5866 = CARTESIAN_POINT('',(71.665520859628,5.26717108495,11.5));
#5867 = CARTESIAN_POINT('',(71.666798027009,5.101571621418,11.5));
#5868 = CARTESIAN_POINT('',(71.667036227417,5.07068619461,
    11.337301360946));
#5869 = PCURVE('',#4447,#5870);
#5870 = DEFINITIONAL_REPRESENTATION('',(#5871),#5874);
#5871 = B_SPLINE_CURVE_WITH_KNOTS('',1,(#5872,#5873),.UNSPECIFIED.,.F.,
  .F.,(2,2),(0.,0.909580279367),.PIECEWISE_BEZIER_KNOTS.);
#5872 = CARTESIAN_POINT('',(0.,9.969580279368));
#5873 = CARTESIAN_POINT('',(0.909580279367,9.969580279368));
#5874 = ( GEOMETRIC_REPRESENTATION_CONTEXT(2) 
PARAMETRIC_REPRESENTATION_CONTEXT() REPRESENTATION_CONTEXT('2D SPACE',''
  ) );
#5875 = PCURVE('',#4403,#5876);
#5876 = DEFINITIONAL_REPRESENTATION('',(#5877),#5886);
#5877 = B_SPLINE_CURVE_WITH_KNOTS('',7,(#5878,#5879,#5880,#5881,#5882,
    #5883,#5884,#5885),.UNSPECIFIED.,.F.,.F.,(8,8),(0.,0.909580279367),
  .PIECEWISE_BEZIER_KNOTS.);
#5878 = CARTESIAN_POINT('',(1.110223024625E-16,6.848036273631E-03));
#5879 = CARTESIAN_POINT('',(-0.182219109559,6.848036273631E-03));
#5880 = CARTESIAN_POINT('',(-0.378400099706,6.848036273631E-03));
#5881 = CARTESIAN_POINT('',(-0.585472611701,6.848036273631E-03));
#5882 = CARTESIAN_POINT('',(-0.797718359687,6.848036273631E-03));
#5883 = CARTESIAN_POINT('',(-1.004790871454,6.848036273631E-03));
#5884 = CARTESIAN_POINT('',(-1.200971861699,6.848036273631E-03));
#5885 = CARTESIAN_POINT('',(-1.383190971258,6.848036273631E-03));
#5886 = ( GEOMETRIC_REPRESENTATION_CONTEXT(2) 
PARAMETRIC_REPRESENTATION_CONTEXT() REPRESENTATION_CONTEXT('2D SPACE',''
  ) );
#5887 = ORIENTED_EDGE('',*,*,#4415,.F.);
#5888 = ADVANCED_FACE('',(#5889),#4241,.T.);
#5889 = FACE_BOUND('',#5890,.F.);
#5890 = EDGE_LOOP('',(#5891,#5916,#5937,#5938));
#5891 = ORIENTED_EDGE('',*,*,#5892,.T.);
#5892 = EDGE_CURVE('',#4226,#5893,#5895,.T.);
#5893 = VERTEX_POINT('',#5894);
#5894 = CARTESIAN_POINT('',(67.443555338866,-5.038113069863,
    11.337301362278));
#5895 = SURFACE_CURVE('',#5896,(#5900,#5910),.PCURVE_S1.);
#5896 = ( BOUNDED_CURVE() B_SPLINE_CURVE(2,(#5897,#5898,#5899),
.UNSPECIFIED.,.F.,.F.) B_SPLINE_CURVE_WITH_KNOTS((3,3),(0.,
0.836105792877),.PIECEWISE_BEZIER_KNOTS.) CURVE() 
GEOMETRIC_REPRESENTATION_ITEM() RATIONAL_B_SPLINE_CURVE((1.,
0.77022945003,1.)) REPRESENTATION_ITEM('') );
#5897 = CARTESIAN_POINT('',(67.441986535024,-5.234597540564,11.5));
#5898 = CARTESIAN_POINT('',(67.443308738847,-5.068998431638,11.5));
#5899 = CARTESIAN_POINT('',(67.443555338866,-5.038113069863,
    11.337301362278));
#5900 = PCURVE('',#4241,#5901);
#5901 = DEFINITIONAL_REPRESENTATION('',(#5902),#5909);
#5902 = B_SPLINE_CURVE_WITH_KNOTS('',5,(#5903,#5904,#5905,#5906,#5907,
    #5908),.UNSPECIFIED.,.F.,.F.,(6,6),(0.,0.836105792877),
  .PIECEWISE_BEZIER_KNOTS.);
#5903 = CARTESIAN_POINT('',(0.,-6.848036273622E-03));
#5904 = CARTESIAN_POINT('',(-0.255106752339,-6.848036273622E-03));
#5905 = CARTESIAN_POINT('',(-0.539317284933,-6.848036273623E-03));
#5906 = CARTESIAN_POINT('',(-0.843873624622,-6.848036273622E-03));
#5907 = CARTESIAN_POINT('',(-1.128084218919,-6.848036273623E-03));
#5908 = CARTESIAN_POINT('',(-1.383190971258,-6.848036273622E-03));
#5909 = ( GEOMETRIC_REPRESENTATION_CONTEXT(2) 
PARAMETRIC_REPRESENTATION_CONTEXT() REPRESENTATION_CONTEXT('2D SPACE',''
  ) );
#5910 = PCURVE('',#4277,#5911);
#5911 = DEFINITIONAL_REPRESENTATION('',(#5912),#5915);
#5912 = B_SPLINE_CURVE_WITH_KNOTS('',1,(#5913,#5914),.UNSPECIFIED.,.F.,
  .F.,(2,2),(0.,0.836105792877),.PIECEWISE_BEZIER_KNOTS.);
#5913 = CARTESIAN_POINT('',(0.,24.925406940616));
#5914 = CARTESIAN_POINT('',(0.836105792877,24.925406940616));
#5915 = ( GEOMETRIC_REPRESENTATION_CONTEXT(2) 
PARAMETRIC_REPRESENTATION_CONTEXT() REPRESENTATION_CONTEXT('2D SPACE',''
  ) );
#5916 = ORIENTED_EDGE('',*,*,#5917,.T.);
#5917 = EDGE_CURVE('',#5893,#5578,#5918,.T.);
#5918 = SURFACE_CURVE('',#5919,(#5923,#5930),.PCURVE_S1.);
#5919 = LINE('',#5920,#5921);
#5920 = CARTESIAN_POINT('',(67.450403171431,-5.038165882755,
    11.337301360946));
#5921 = VECTOR('',#5922,1.);
#5922 = DIRECTION('',(0.999970260859,-7.712159037143E-03,0.));
#5923 = PCURVE('',#4241,#5924);
#5924 = DEFINITIONAL_REPRESENTATION('',(#5925),#5929);
#5925 = LINE('',#5926,#5927);
#5926 = CARTESIAN_POINT('',(-1.383190971258,0.));
#5927 = VECTOR('',#5928,1.);
#5928 = DIRECTION('',(-0.,1.));
#5929 = ( GEOMETRIC_REPRESENTATION_CONTEXT(2) 
PARAMETRIC_REPRESENTATION_CONTEXT() REPRESENTATION_CONTEXT('2D SPACE',''
  ) );
#5930 = PCURVE('',#5241,#5931);
#5931 = DEFINITIONAL_REPRESENTATION('',(#5932),#5936);
#5932 = LINE('',#5933,#5934);
#5933 = CARTESIAN_POINT('',(1.206842188804,-3.706373746827));
#5934 = VECTOR('',#5935,1.);
#5935 = DIRECTION('',(0.999146110075,4.131647034183E-02));
#5936 = ( GEOMETRIC_REPRESENTATION_CONTEXT(2) 
PARAMETRIC_REPRESENTATION_CONTEXT() REPRESENTATION_CONTEXT('2D SPACE',''
  ) );
#5937 = ORIENTED_EDGE('',*,*,#5577,.F.);
#5938 = ORIENTED_EDGE('',*,*,#4225,.F.);
#5939 = ADVANCED_FACE('',(#5940),#4403,.T.);
#5940 = FACE_BOUND('',#5941,.F.);
#5941 = EDGE_LOOP('',(#5942,#5943,#5971,#5995));
#5942 = ORIENTED_EDGE('',*,*,#5863,.T.);
#5943 = ORIENTED_EDGE('',*,*,#5944,.T.);
#5944 = EDGE_CURVE('',#5748,#5945,#5947,.T.);
#5945 = VERTEX_POINT('',#5946);
#5946 = CARTESIAN_POINT('',(67.443555338812,5.03811306961,
    11.337301360946));
#5947 = SURFACE_CURVE('',#5948,(#5952,#5959),.PCURVE_S1.);
#5948 = LINE('',#5949,#5950);
#5949 = CARTESIAN_POINT('',(71.673884060036,5.070739007755,
    11.337301360946));
#5950 = VECTOR('',#5951,1.);
#5951 = DIRECTION('',(-0.999970260859,-7.712159037143E-03,0.));
#5952 = PCURVE('',#4403,#5953);
#5953 = DEFINITIONAL_REPRESENTATION('',(#5954),#5958);
#5954 = LINE('',#5955,#5956);
#5955 = CARTESIAN_POINT('',(-1.383190971258,0.));
#5956 = VECTOR('',#5957,1.);
#5957 = DIRECTION('',(-0.,1.));
#5958 = ( GEOMETRIC_REPRESENTATION_CONTEXT(2) 
PARAMETRIC_REPRESENTATION_CONTEXT() REPRESENTATION_CONTEXT('2D SPACE',''
  ) );
#5959 = PCURVE('',#5960,#5965);
#5960 = PLANE('',#5961);
#5961 = AXIS2_PLACEMENT_3D('',#5962,#5963,#5964);
#5962 = CARTESIAN_POINT('',(73.00690273348,5.73,14.755804251283));
#5963 = DIRECTION('',(-7.576838942179E-03,0.982424451701,-0.186506804731
    ));
#5964 = DIRECTION('',(-0.999175824706,0.,4.059151787867E-02));
#5965 = DEFINITIONAL_REPRESENTATION('',(#5966),#5970);
#5966 = LINE('',#5967,#5968);
#5967 = CARTESIAN_POINT('',(1.193157811196,-3.531869234339));
#5968 = VECTOR('',#5969,1.);
#5969 = DIRECTION('',(0.999146110075,-4.131647034183E-02));
#5970 = ( GEOMETRIC_REPRESENTATION_CONTEXT(2) 
PARAMETRIC_REPRESENTATION_CONTEXT() REPRESENTATION_CONTEXT('2D SPACE',''
  ) );
#5971 = ORIENTED_EDGE('',*,*,#5972,.F.);
#5972 = EDGE_CURVE('',#4335,#5945,#5973,.T.);
#5973 = SURFACE_CURVE('',#5974,(#5979,#5985),.PCURVE_S1.);
#5974 = CIRCLE('',#5975,0.2);
#5975 = AXIS2_PLACEMENT_3D('',#5976,#5977,#5978);
#5976 = CARTESIAN_POINT('',(67.442039971024,5.23459795995,11.3));
#5977 = DIRECTION('',(0.999970260859,7.712159037143E-03,-0.));
#5978 = DIRECTION('',(0.,0.,1.));
#5979 = PCURVE('',#4403,#5980);
#5980 = DEFINITIONAL_REPRESENTATION('',(#5981),#5984);
#5981 = B_SPLINE_CURVE_WITH_KNOTS('',1,(#5982,#5983),.UNSPECIFIED.,.F.,
  .F.,(2,2),(0.,1.383190971258),.PIECEWISE_BEZIER_KNOTS.);
#5982 = CARTESIAN_POINT('',(0.,4.230454531306));
#5983 = CARTESIAN_POINT('',(-1.383190971258,4.230454531306));
#5984 = ( GEOMETRIC_REPRESENTATION_CONTEXT(2) 
PARAMETRIC_REPRESENTATION_CONTEXT() REPRESENTATION_CONTEXT('2D SPACE',''
  ) );
#5985 = PCURVE('',#4358,#5986);
#5986 = DEFINITIONAL_REPRESENTATION('',(#5987),#5994);
#5987 = B_SPLINE_CURVE_WITH_KNOTS('',5,(#5988,#5989,#5990,#5991,#5992,
    #5993),.UNSPECIFIED.,.F.,.F.,(6,6),(0.,1.383190971258),
  .PIECEWISE_BEZIER_KNOTS.);
#5988 = CARTESIAN_POINT('',(5.551115123126E-17,14.193195354861));
#5989 = CARTESIAN_POINT('',(0.181334907543,14.193195354861));
#5990 = CARTESIAN_POINT('',(0.340132139735,14.193195354861));
#5991 = CARTESIAN_POINT('',(0.495973633622,14.193195354861));
#5992 = CARTESIAN_POINT('',(0.654770885334,14.193195354861));
#5993 = CARTESIAN_POINT('',(0.836105792877,14.193195354861));
#5994 = ( GEOMETRIC_REPRESENTATION_CONTEXT(2) 
PARAMETRIC_REPRESENTATION_CONTEXT() REPRESENTATION_CONTEXT('2D SPACE',''
  ) );
#5995 = ORIENTED_EDGE('',*,*,#4387,.F.);
#5996 = ADVANCED_FACE('',(#5997),#4277,.F.);
#5997 = FACE_BOUND('',#5998,.F.);
#5998 = EDGE_LOOP('',(#5999,#6027,#6062,#6063));
#5999 = ORIENTED_EDGE('',*,*,#6000,.T.);
#6000 = EDGE_CURVE('',#4254,#6001,#6003,.T.);
#6001 = VERTEX_POINT('',#6002);
#6002 = CARTESIAN_POINT('',(66.94010054942,-4.53,11.329325741007));
#6003 = SURFACE_CURVE('',#6004,(#6009,#6021),.PCURVE_S1.);
#6004 = CIRCLE('',#6005,0.2);
#6005 = AXIS2_PLACEMENT_3D('',#6006,#6007,#6008);
#6006 = CARTESIAN_POINT('',(66.742262229283,-4.53,11.3));
#6007 = DIRECTION('',(-0.,1.,0.));
#6008 = DIRECTION('',(0.,0.,1.));
#6009 = PCURVE('',#4277,#6010);
#6010 = DEFINITIONAL_REPRESENTATION('',(#6011),#6020);
#6011 = B_SPLINE_CURVE_WITH_KNOTS('',7,(#6012,#6013,#6014,#6015,#6016,
    #6017,#6018,#6019),.UNSPECIFIED.,.F.,.F.,(8,8),(0.,1.423637053346),
  .PIECEWISE_BEZIER_KNOTS.);
#6012 = CARTESIAN_POINT('',(0.,24.089301147739));
#6013 = CARTESIAN_POINT('',(0.130160276461,24.089301147738));
#6014 = CARTESIAN_POINT('',(0.248840911846,24.089301147739));
#6015 = CARTESIAN_POINT('',(0.362251811985,24.089301147739));
#6016 = CARTESIAN_POINT('',(0.473853980892,24.089301147738));
#6017 = CARTESIAN_POINT('',(0.587264881031,24.089301147739));
#6018 = CARTESIAN_POINT('',(0.705945516416,24.089301147739));
#6019 = CARTESIAN_POINT('',(0.836105792877,24.089301147739));
#6020 = ( GEOMETRIC_REPRESENTATION_CONTEXT(2) 
PARAMETRIC_REPRESENTATION_CONTEXT() REPRESENTATION_CONTEXT('2D SPACE',''
  ) );
#6021 = PCURVE('',#4322,#6022);
#6022 = DEFINITIONAL_REPRESENTATION('',(#6023),#6026);
#6023 = B_SPLINE_CURVE_WITH_KNOTS('',1,(#6024,#6025),.UNSPECIFIED.,.F.,
  .F.,(2,2),(0.,1.423637053346),.PIECEWISE_BEZIER_KNOTS.);
#6024 = CARTESIAN_POINT('',(0.,9.06));
#6025 = CARTESIAN_POINT('',(-1.423637053346,9.06));
#6026 = ( GEOMETRIC_REPRESENTATION_CONTEXT(2) 
PARAMETRIC_REPRESENTATION_CONTEXT() REPRESENTATION_CONTEXT('2D SPACE',''
  ) );
#6027 = ORIENTED_EDGE('',*,*,#6028,.T.);
#6028 = EDGE_CURVE('',#6001,#5893,#6029,.T.);
#6029 = SURFACE_CURVE('',#6030,(#6038,#6045),.PCURVE_S1.);
#6030 = ( BOUNDED_CURVE() B_SPLINE_CURVE(6,(#6031,#6032,#6033,#6034,
#6035,#6036,#6037),.UNSPECIFIED.,.F.,.F.) B_SPLINE_CURVE_WITH_KNOTS((7,7
),(24.089301147739,24.925406940616),.PIECEWISE_BEZIER_KNOTS.) CURVE() 
GEOMETRIC_REPRESENTATION_ITEM() RATIONAL_B_SPLINE_CURVE((1.,1.,1.,1.,1.,
1.,1.)) REPRESENTATION_ITEM('') );
#6031 = CARTESIAN_POINT('',(66.94010054942,-4.53,11.329325741007));
#6032 = CARTESIAN_POINT('',(66.94010054942,-4.662749698409,
    11.329325741007));
#6033 = CARTESIAN_POINT('',(66.981618306762,-4.796249172583,
    11.329989793181));
#6034 = CARTESIAN_POINT('',(67.066632136694,-4.913607600478,
    11.331359534591));
#6035 = CARTESIAN_POINT('',(67.182422850288,-4.994734536562,
    11.333199208201));
#6036 = CARTESIAN_POINT('',(67.312383437021,-5.036711130739,
    11.335245507523));
#6037 = CARTESIAN_POINT('',(67.443555338866,-5.038113069863,
    11.337301362278));
#6038 = PCURVE('',#4277,#6039);
#6039 = DEFINITIONAL_REPRESENTATION('',(#6040),#6044);
#6040 = LINE('',#6041,#6042);
#6041 = CARTESIAN_POINT('',(0.836105792877,0.));
#6042 = VECTOR('',#6043,1.);
#6043 = DIRECTION('',(0.,1.));
#6044 = ( GEOMETRIC_REPRESENTATION_CONTEXT(2) 
PARAMETRIC_REPRESENTATION_CONTEXT() REPRESENTATION_CONTEXT('2D SPACE',''
  ) );
#6045 = PCURVE('',#6046,#6051);
#6046 = CONICAL_SURFACE('',#6047,0.25,0.187761946514);
#6047 = AXIS2_PLACEMENT_3D('',#6048,#6049,#6050);
#6048 = CARTESIAN_POINT('',(67.388412174182,-4.53,9.979931154657));
#6049 = DIRECTION('',(4.059151787867E-02,0.,0.999175824706));
#6050 = DIRECTION('',(-0.999175824706,0.,4.059151787867E-02));
#6051 = DEFINITIONAL_REPRESENTATION('',(#6052),#6061);
#6052 = B_SPLINE_CURVE_WITH_KNOTS('',7,(#6053,#6054,#6055,#6056,#6057,
    #6058,#6059,#6060),.UNSPECIFIED.,.F.,.F.,(8,8),(24.089301147739,
    24.925406940616),.PIECEWISE_BEZIER_KNOTS.);
#6053 = CARTESIAN_POINT('',(3.793724160358E-16,1.330084799338));
#6054 = CARTESIAN_POINT('',(0.226341374568,1.330084799338));
#6055 = CARTESIAN_POINT('',(0.453667279596,1.331760872051));
#6056 = CARTESIAN_POINT('',(0.681510132845,1.335192855376));
#6057 = CARTESIAN_POINT('',(0.906472593401,1.34004849778));
#6058 = CARTESIAN_POINT('',(1.129313383451,1.345885888191));
#6059 = CARTESIAN_POINT('',(1.349843802573,1.352165303984));
#6060 = CARTESIAN_POINT('',(1.570796326795,1.358489841386));
#6061 = ( GEOMETRIC_REPRESENTATION_CONTEXT(2) 
PARAMETRIC_REPRESENTATION_CONTEXT() REPRESENTATION_CONTEXT('2D SPACE',''
  ) );
#6062 = ORIENTED_EDGE('',*,*,#5892,.F.);
#6063 = ORIENTED_EDGE('',*,*,#4253,.F.);
#6064 = ADVANCED_FACE('',(#6065),#4358,.F.);
#6065 = FACE_BOUND('',#6066,.F.);
#6066 = EDGE_LOOP('',(#6067,#6068,#6105,#6130));
#6067 = ORIENTED_EDGE('',*,*,#5972,.T.);
#6068 = ORIENTED_EDGE('',*,*,#6069,.T.);
#6069 = EDGE_CURVE('',#5945,#6070,#6072,.T.);
#6070 = VERTEX_POINT('',#6071);
#6071 = CARTESIAN_POINT('',(66.94010054942,4.53,11.329325741007));
#6072 = SURFACE_CURVE('',#6073,(#6081,#6088),.PCURVE_S1.);
#6073 = ( BOUNDED_CURVE() B_SPLINE_CURVE(6,(#6074,#6075,#6076,#6077,
#6078,#6079,#6080),.UNSPECIFIED.,.F.,.F.) B_SPLINE_CURVE_WITH_KNOTS((7,7
),(14.193195354861,15.029301147739),.PIECEWISE_BEZIER_KNOTS.) CURVE() 
GEOMETRIC_REPRESENTATION_ITEM() RATIONAL_B_SPLINE_CURVE((1.,1.,1.,1.,1.,
1.,1.)) REPRESENTATION_ITEM('') );
#6074 = CARTESIAN_POINT('',(67.443555338866,5.038113069863,
    11.337301362278));
#6075 = CARTESIAN_POINT('',(67.312383437021,5.036711130739,
    11.335245507523));
#6076 = CARTESIAN_POINT('',(67.182422850288,4.994734536562,
    11.333199208201));
#6077 = CARTESIAN_POINT('',(67.066632136694,4.913607600478,
    11.331359534591));
#6078 = CARTESIAN_POINT('',(66.981618306762,4.796249172583,
    11.329989793181));
#6079 = CARTESIAN_POINT('',(66.94010054942,4.662749698409,
    11.329325741007));
#6080 = CARTESIAN_POINT('',(66.94010054942,4.53,11.329325741007));
#6081 = PCURVE('',#4358,#6082);
#6082 = DEFINITIONAL_REPRESENTATION('',(#6083),#6087);
#6083 = LINE('',#6084,#6085);
#6084 = CARTESIAN_POINT('',(0.836105792877,0.));
#6085 = VECTOR('',#6086,1.);
#6086 = DIRECTION('',(0.,1.));
#6087 = ( GEOMETRIC_REPRESENTATION_CONTEXT(2) 
PARAMETRIC_REPRESENTATION_CONTEXT() REPRESENTATION_CONTEXT('2D SPACE',''
  ) );
#6088 = PCURVE('',#6089,#6094);
#6089 = CONICAL_SURFACE('',#6090,0.25,0.187761946514);
#6090 = AXIS2_PLACEMENT_3D('',#6091,#6092,#6093);
#6091 = CARTESIAN_POINT('',(67.388412174182,4.53,9.979931154657));
#6092 = DIRECTION('',(4.059151787867E-02,0.,0.999175824706));
#6093 = DIRECTION('',(-0.999175824706,0.,4.059151787867E-02));
#6094 = DEFINITIONAL_REPRESENTATION('',(#6095),#6104);
#6095 = B_SPLINE_CURVE_WITH_KNOTS('',7,(#6096,#6097,#6098,#6099,#6100,
    #6101,#6102,#6103),.UNSPECIFIED.,.F.,.F.,(8,8),(14.193195354861,
    15.029301147739),.PIECEWISE_BEZIER_KNOTS.);
#6096 = CARTESIAN_POINT('',(4.712388980385,1.358489841386));
#6097 = CARTESIAN_POINT('',(4.933341504607,1.352165303984));
#6098 = CARTESIAN_POINT('',(5.153871923729,1.345885888191));
#6099 = CARTESIAN_POINT('',(5.376712713778,1.34004849778));
#6100 = CARTESIAN_POINT('',(5.601675174335,1.335192855376));
#6101 = CARTESIAN_POINT('',(5.829518027584,1.331760872051));
#6102 = CARTESIAN_POINT('',(6.056843932611,1.330084799338));
#6103 = CARTESIAN_POINT('',(6.28318530718,1.330084799338));
#6104 = ( GEOMETRIC_REPRESENTATION_CONTEXT(2) 
PARAMETRIC_REPRESENTATION_CONTEXT() REPRESENTATION_CONTEXT('2D SPACE',''
  ) );
#6105 = ORIENTED_EDGE('',*,*,#6106,.F.);
#6106 = EDGE_CURVE('',#4307,#6070,#6107,.T.);
#6107 = SURFACE_CURVE('',#6108,(#6112,#6118),.PCURVE_S1.);
#6108 = ( BOUNDED_CURVE() B_SPLINE_CURVE(2,(#6109,#6110,#6111),
.UNSPECIFIED.,.F.,.F.) B_SPLINE_CURVE_WITH_KNOTS((3,3),(0.,
0.836105792877),.PIECEWISE_BEZIER_KNOTS.) CURVE() 
GEOMETRIC_REPRESENTATION_ITEM() RATIONAL_B_SPLINE_CURVE((1.,
0.757175245579,1.)) REPRESENTATION_ITEM('') );
#6109 = CARTESIAN_POINT('',(66.742262229283,4.53,11.5));
#6110 = CARTESIAN_POINT('',(66.9148013601,4.53,11.5));
#6111 = CARTESIAN_POINT('',(66.94010054942,4.53,11.329325741007));
#6112 = PCURVE('',#4358,#6113);
#6113 = DEFINITIONAL_REPRESENTATION('',(#6114),#6117);
#6114 = B_SPLINE_CURVE_WITH_KNOTS('',1,(#6115,#6116),.UNSPECIFIED.,.F.,
  .F.,(2,2),(0.,0.836105792877),.PIECEWISE_BEZIER_KNOTS.);
#6115 = CARTESIAN_POINT('',(0.,15.029301147739));
#6116 = CARTESIAN_POINT('',(0.836105792877,15.029301147739));
#6117 = ( GEOMETRIC_REPRESENTATION_CONTEXT(2) 
PARAMETRIC_REPRESENTATION_CONTEXT() REPRESENTATION_CONTEXT('2D SPACE',''
  ) );
#6118 = PCURVE('',#4322,#6119);
#6119 = DEFINITIONAL_REPRESENTATION('',(#6120),#6129);
#6120 = B_SPLINE_CURVE_WITH_KNOTS('',7,(#6121,#6122,#6123,#6124,#6125,
    #6126,#6127,#6128),.UNSPECIFIED.,.F.,.F.,(8,8),(0.,0.836105792877),
  .PIECEWISE_BEZIER_KNOTS.);
#6121 = CARTESIAN_POINT('',(0.,1.15463194561E-14));
#6122 = CARTESIAN_POINT('',(-0.186631941069,1.15463194561E-14));
#6123 = CARTESIAN_POINT('',(-0.388377545087,1.15463194561E-14));
#6124 = CARTESIAN_POINT('',(-0.602059845383,1.15463194561E-14));
#6125 = CARTESIAN_POINT('',(-0.821577208123,1.15463194561E-14));
#6126 = CARTESIAN_POINT('',(-1.035259508139,1.15463194561E-14));
#6127 = CARTESIAN_POINT('',(-1.237005112277,1.15463194561E-14));
#6128 = CARTESIAN_POINT('',(-1.423637053346,1.15463194561E-14));
#6129 = ( GEOMETRIC_REPRESENTATION_CONTEXT(2) 
PARAMETRIC_REPRESENTATION_CONTEXT() REPRESENTATION_CONTEXT('2D SPACE',''
  ) );
#6130 = ORIENTED_EDGE('',*,*,#4334,.F.);
#6131 = ADVANCED_FACE('',(#6132),#4322,.T.);
#6132 = FACE_BOUND('',#6133,.F.);
#6133 = EDGE_LOOP('',(#6134,#6135,#6161,#6162));
#6134 = ORIENTED_EDGE('',*,*,#6106,.T.);
#6135 = ORIENTED_EDGE('',*,*,#6136,.T.);
#6136 = EDGE_CURVE('',#6070,#6001,#6137,.T.);
#6137 = SURFACE_CURVE('',#6138,(#6142,#6149),.PCURVE_S1.);
#6138 = LINE('',#6139,#6140);
#6139 = CARTESIAN_POINT('',(66.94010054942,4.53,11.329325741007));
#6140 = VECTOR('',#6141,1.);
#6141 = DIRECTION('',(0.,-1.,0.));
#6142 = PCURVE('',#4322,#6143);
#6143 = DEFINITIONAL_REPRESENTATION('',(#6144),#6148);
#6144 = LINE('',#6145,#6146);
#6145 = CARTESIAN_POINT('',(-1.423637053346,0.));
#6146 = VECTOR('',#6147,1.);
#6147 = DIRECTION('',(-0.,1.));
#6148 = ( GEOMETRIC_REPRESENTATION_CONTEXT(2) 
PARAMETRIC_REPRESENTATION_CONTEXT() REPRESENTATION_CONTEXT('2D SPACE',''
  ) );
#6149 = PCURVE('',#6150,#6155);
#6150 = PLANE('',#6151);
#6151 = AXIS2_PLACEMENT_3D('',#6152,#6153,#6154);
#6152 = CARTESIAN_POINT('',(66.392358773928,5.73,15.02452009964));
#6153 = DIRECTION('',(-0.989191600682,-0.,-0.146628705035));
#6154 = DIRECTION('',(0.,-1.,0.));
#6155 = DEFINITIONAL_REPRESENTATION('',(#6156),#6160);
#6156 = LINE('',#6157,#6158);
#6157 = CARTESIAN_POINT('',(1.2,-3.735569889681));
#6158 = VECTOR('',#6159,1.);
#6159 = DIRECTION('',(1.,0.));
#6160 = ( GEOMETRIC_REPRESENTATION_CONTEXT(2) 
PARAMETRIC_REPRESENTATION_CONTEXT() REPRESENTATION_CONTEXT('2D SPACE',''
  ) );
#6161 = ORIENTED_EDGE('',*,*,#6000,.F.);
#6162 = ORIENTED_EDGE('',*,*,#4306,.F.);
#6163 = ADVANCED_FACE('',(#6164),#4854,.F.);
#6164 = FACE_BOUND('',#6165,.T.);
#6165 = EDGE_LOOP('',(#6166,#6167,#6193,#6194));
#6166 = ORIENTED_EDGE('',*,*,#5398,.T.);
#6167 = ORIENTED_EDGE('',*,*,#6168,.T.);
#6168 = EDGE_CURVE('',#5399,#4892,#6169,.T.);
#6169 = SURFACE_CURVE('',#6170,(#6174,#6181),.PCURVE_S1.);
#6170 = LINE('',#6171,#6172);
#6171 = CARTESIAN_POINT('',(66.8,4.78,-9.));
#6172 = VECTOR('',#6173,1.);
#6173 = DIRECTION('',(0.,0.,1.));
#6174 = PCURVE('',#4854,#6175);
#6175 = DEFINITIONAL_REPRESENTATION('',(#6176),#6180);
#6176 = LINE('',#6177,#6178);
#6177 = CARTESIAN_POINT('',(-1.570796326795,0.));
#6178 = VECTOR('',#6179,1.);
#6179 = DIRECTION('',(-0.,1.));
#6180 = ( GEOMETRIC_REPRESENTATION_CONTEXT(2) 
PARAMETRIC_REPRESENTATION_CONTEXT() REPRESENTATION_CONTEXT('2D SPACE',''
  ) );
#6181 = PCURVE('',#6182,#6187);
#6182 = PLANE('',#6183);
#6183 = AXIS2_PLACEMENT_3D('',#6184,#6185,#6186);
#6184 = CARTESIAN_POINT('',(66.6,4.78,-4.5));
#6185 = DIRECTION('',(0.,1.,0.));
#6186 = DIRECTION('',(4.059151787867E-02,0.,0.999175824706));
#6187 = DEFINITIONAL_REPRESENTATION('',(#6188),#6192);
#6188 = LINE('',#6189,#6190);
#6189 = CARTESIAN_POINT('',(-4.4881729076,0.382496995395));
#6190 = VECTOR('',#6191,1.);
#6191 = DIRECTION('',(0.999175824706,-4.059151787867E-02));
#6192 = ( GEOMETRIC_REPRESENTATION_CONTEXT(2) 
PARAMETRIC_REPRESENTATION_CONTEXT() REPRESENTATION_CONTEXT('2D SPACE',''
  ) );
#6193 = ORIENTED_EDGE('',*,*,#4891,.F.);
#6194 = ORIENTED_EDGE('',*,*,#4838,.F.);
#6195 = ADVANCED_FACE('',(#6196),#4932,.F.);
#6196 = FACE_BOUND('',#6197,.F.);
#6197 = EDGE_LOOP('',(#6198,#6221,#6222,#6223,#6251));
#6198 = ORIENTED_EDGE('',*,*,#6199,.F.);
#6199 = EDGE_CURVE('',#4892,#6200,#6202,.T.);
#6200 = VERTEX_POINT('',#6201);
#6201 = CARTESIAN_POINT('',(67.348602471024,4.78,9.));
#6202 = SURFACE_CURVE('',#6203,(#6207,#6214),.PCURVE_S1.);
#6203 = LINE('',#6204,#6205);
#6204 = CARTESIAN_POINT('',(66.6,4.78,9.));
#6205 = VECTOR('',#6206,1.);
#6206 = DIRECTION('',(1.,0.,0.));
#6207 = PCURVE('',#4932,#6208);
#6208 = DEFINITIONAL_REPRESENTATION('',(#6209),#6213);
#6209 = LINE('',#6210,#6211);
#6210 = CARTESIAN_POINT('',(0.,0.));
#6211 = VECTOR('',#6212,1.);
#6212 = DIRECTION('',(0.,1.));
#6213 = ( GEOMETRIC_REPRESENTATION_CONTEXT(2) 
PARAMETRIC_REPRESENTATION_CONTEXT() REPRESENTATION_CONTEXT('2D SPACE',''
  ) );
#6214 = PCURVE('',#6182,#6215);
#6215 = DEFINITIONAL_REPRESENTATION('',(#6216),#6220);
#6216 = LINE('',#6217,#6218);
#6217 = CARTESIAN_POINT('',(13.488873633527,-0.547985491362));
#6218 = VECTOR('',#6219,1.);
#6219 = DIRECTION('',(4.059151787867E-02,0.999175824706));
#6220 = ( GEOMETRIC_REPRESENTATION_CONTEXT(2) 
PARAMETRIC_REPRESENTATION_CONTEXT() REPRESENTATION_CONTEXT('2D SPACE',''
  ) );
#6221 = ORIENTED_EDGE('',*,*,#4917,.T.);
#6222 = ORIENTED_EDGE('',*,*,#4997,.T.);
#6223 = ORIENTED_EDGE('',*,*,#6224,.F.);
#6224 = EDGE_CURVE('',#6225,#4972,#6227,.T.);
#6225 = VERTEX_POINT('',#6226);
#6226 = CARTESIAN_POINT('',(67.117123456923,4.53,9.460977222865));
#6227 = SURFACE_CURVE('',#6228,(#6233,#6244),.PCURVE_S1.);
#6228 = ELLIPSE('',#6229,0.550453670316,0.55);
#6229 = AXIS2_PLACEMENT_3D('',#6230,#6231,#6232);
#6230 = CARTESIAN_POINT('',(67.098396257244,4.23,9.));
#6231 = DIRECTION('',(0.999175824706,0.,-4.059151787867E-02));
#6232 = DIRECTION('',(4.059151787867E-02,0.,0.999175824706));
#6233 = PCURVE('',#4932,#6234);
#6234 = DEFINITIONAL_REPRESENTATION('',(#6235),#6243);
#6235 = B_SPLINE_CURVE_WITH_KNOTS('',6,(#6236,#6237,#6238,#6239,#6240,
    #6241,#6242),.UNSPECIFIED.,.F.,.F.,(7,7),(4.712388980385,
    6.28318530718),.PIECEWISE_BEZIER_KNOTS.);
#6236 = CARTESIAN_POINT('',(0.,0.498396257244));
#6237 = CARTESIAN_POINT('',(0.261799387799,0.504245837315));
#6238 = CARTESIAN_POINT('',(0.523598775598,0.51009497057));
#6239 = CARTESIAN_POINT('',(0.785398163397,0.515225337784));
#6240 = CARTESIAN_POINT('',(1.047197551197,0.518902694492));
#6241 = CARTESIAN_POINT('',(1.308996938996,0.520740007244));
#6242 = CARTESIAN_POINT('',(1.570796326795,0.520740007244));
#6243 = ( GEOMETRIC_REPRESENTATION_CONTEXT(2) 
PARAMETRIC_REPRESENTATION_CONTEXT() REPRESENTATION_CONTEXT('2D SPACE',''
  ) );
#6244 = PCURVE('',#4986,#6245);
#6245 = DEFINITIONAL_REPRESENTATION('',(#6246),#6250);
#6246 = ELLIPSE('',#6247,0.550453670316,0.55);
#6247 = AXIS2_PLACEMENT_2D('',#6248,#6249);
#6248 = CARTESIAN_POINT('',(13.509104294113,-8.96));
#6249 = DIRECTION('',(1.,0.));
#6250 = ( GEOMETRIC_REPRESENTATION_CONTEXT(2) 
PARAMETRIC_REPRESENTATION_CONTEXT() REPRESENTATION_CONTEXT('2D SPACE',''
  ) );
#6251 = ORIENTED_EDGE('',*,*,#6252,.T.);
#6252 = EDGE_CURVE('',#6225,#6200,#6253,.T.);
#6253 = SURFACE_CURVE('',#6254,(#6264,#6277),.PCURVE_S1.);
#6254 = B_SPLINE_CURVE_WITH_KNOTS('',8,(#6255,#6256,#6257,#6258,#6259,
    #6260,#6261,#6262,#6263),.UNSPECIFIED.,.F.,.F.,(9,9),(0.,1.),
  .PIECEWISE_BEZIER_KNOTS.);
#6255 = CARTESIAN_POINT('',(67.117123456923,4.53,9.460977222865));
#6256 = CARTESIAN_POINT('',(67.115701931727,4.583767445081,
    9.425985833433));
#6257 = CARTESIAN_POINT('',(67.127154005772,4.635228049561,
    9.382292550596));
#6258 = CARTESIAN_POINT('',(67.149506035469,4.681353779489,
    9.330305394452));
#6259 = CARTESIAN_POINT('',(67.18070005249,4.720148106801,9.271219051927
    ));
#6260 = CARTESIAN_POINT('',(67.218562276846,4.750060676075,
    9.206641064776));
#6261 = CARTESIAN_POINT('',(67.260803615908,4.770170967253,
    9.138454361693));
#6262 = CARTESIAN_POINT('',(67.304987822951,4.779999892529,
    9.068778788646));
#6263 = CARTESIAN_POINT('',(67.348602471024,4.78,9.));
#6264 = PCURVE('',#4932,#6265);
#6265 = DEFINITIONAL_REPRESENTATION('',(#6266),#6276);
#6266 = B_SPLINE_CURVE_WITH_KNOTS('',8,(#6267,#6268,#6269,#6270,#6271,
    #6272,#6273,#6274,#6275),.UNSPECIFIED.,.F.,.F.,(9,9),(0.,1.),
  .PIECEWISE_BEZIER_KNOTS.);
#6267 = CARTESIAN_POINT('',(0.993864981558,0.517123456923));
#6268 = CARTESIAN_POINT('',(0.877227016787,0.515701931727));
#6269 = CARTESIAN_POINT('',(0.755474910684,0.527154005772));
#6270 = CARTESIAN_POINT('',(0.631205819752,0.549506035469));
#6271 = CARTESIAN_POINT('',(0.505355101369,0.58070005249));
#6272 = CARTESIAN_POINT('',(0.378698856249,0.618562276846));
#6273 = CARTESIAN_POINT('',(0.251732616299,0.660803615908));
#6274 = CARTESIAN_POINT('',(0.125052785068,0.704987822951));
#6275 = CARTESIAN_POINT('',(0.,0.748602471024));
#6276 = ( GEOMETRIC_REPRESENTATION_CONTEXT(2) 
PARAMETRIC_REPRESENTATION_CONTEXT() REPRESENTATION_CONTEXT('2D SPACE',''
  ) );
#6277 = PCURVE('',#6278,#6283);
#6278 = CYLINDRICAL_SURFACE('',#6279,0.25);
#6279 = AXIS2_PLACEMENT_3D('',#6280,#6281,#6282);
#6280 = CARTESIAN_POINT('',(66.82013092388,4.53,-4.008530391223));
#6281 = DIRECTION('',(4.059151787867E-02,0.,0.999175824706));
#6282 = DIRECTION('',(-0.999175824706,0.,4.059151787867E-02));
#6283 = DEFINITIONAL_REPRESENTATION('',(#6284),#6294);
#6284 = B_SPLINE_CURVE_WITH_KNOTS('',8,(#6285,#6286,#6287,#6288,#6289,
    #6290,#6291,#6292,#6293),.UNSPECIFIED.,.F.,.F.,(9,9),(0.,1.),
  .PIECEWISE_BEZIER_KNOTS.);
#6285 = CARTESIAN_POINT('',(0.,13.4704617564));
#6286 = CARTESIAN_POINT('',(-0.215069780324,13.435441504142));
#6287 = CARTESIAN_POINT('',(-0.420912970751,13.392249089298));
#6288 = CARTESIAN_POINT('',(-0.620569968069,13.341212082496));
#6289 = CARTESIAN_POINT('',(-0.815777348751,13.283440649976));
#6290 = CARTESIAN_POINT('',(-1.007773147667,13.220452771562));
#6291 = CARTESIAN_POINT('',(-1.197415116565,13.154036906345));
#6292 = CARTESIAN_POINT('',(-1.385313320574,13.086212262214));
#6293 = CARTESIAN_POINT('',(-1.570796326795,13.019260544113));
#6294 = ( GEOMETRIC_REPRESENTATION_CONTEXT(2) 
PARAMETRIC_REPRESENTATION_CONTEXT() REPRESENTATION_CONTEXT('2D SPACE',''
  ) );
#6295 = ADVANCED_FACE('',(#6296),#4986,.T.);
#6296 = FACE_BOUND('',#6297,.T.);
#6297 = EDGE_LOOP('',(#6298,#6321,#6322,#6323,#6324,#6347));
#6298 = ORIENTED_EDGE('',*,*,#6299,.T.);
#6299 = EDGE_CURVE('',#6300,#5047,#6302,.T.);
#6300 = VERTEX_POINT('',#6301);
#6301 = CARTESIAN_POINT('',(67.138618218005,-4.53,9.990079034127));
#6302 = SURFACE_CURVE('',#6303,(#6307,#6314),.PCURVE_S1.);
#6303 = LINE('',#6304,#6305);
#6304 = CARTESIAN_POINT('',(67.30098428952,-4.53,13.986782332949));
#6305 = VECTOR('',#6306,1.);
#6306 = DIRECTION('',(-4.059151787867E-02,-0.,-0.999175824706));
#6307 = PCURVE('',#4986,#6308);
#6308 = DEFINITIONAL_REPRESENTATION('',(#6309),#6313);
#6309 = LINE('',#6310,#6311);
#6310 = CARTESIAN_POINT('',(18.5,-0.2));
#6311 = VECTOR('',#6312,1.);
#6312 = DIRECTION('',(-1.,0.));
#6313 = ( GEOMETRIC_REPRESENTATION_CONTEXT(2) 
PARAMETRIC_REPRESENTATION_CONTEXT() REPRESENTATION_CONTEXT('2D SPACE',''
  ) );
#6314 = PCURVE('',#5100,#6315);
#6315 = DEFINITIONAL_REPRESENTATION('',(#6316),#6320);
#6316 = LINE('',#6317,#6318);
#6317 = CARTESIAN_POINT('',(-0.,0.));
#6318 = VECTOR('',#6319,1.);
#6319 = DIRECTION('',(-0.,1.));
#6320 = ( GEOMETRIC_REPRESENTATION_CONTEXT(2) 
PARAMETRIC_REPRESENTATION_CONTEXT() REPRESENTATION_CONTEXT('2D SPACE',''
  ) );
#6321 = ORIENTED_EDGE('',*,*,#5046,.F.);
#6322 = ORIENTED_EDGE('',*,*,#4971,.T.);
#6323 = ORIENTED_EDGE('',*,*,#6224,.F.);
#6324 = ORIENTED_EDGE('',*,*,#6325,.T.);
#6325 = EDGE_CURVE('',#6225,#6326,#6328,.T.);
#6326 = VERTEX_POINT('',#6327);
#6327 = CARTESIAN_POINT('',(67.138618218005,4.53,9.990079034127));
#6328 = SURFACE_CURVE('',#6329,(#6333,#6340),.PCURVE_S1.);
#6329 = LINE('',#6330,#6331);
#6330 = CARTESIAN_POINT('',(66.570336967704,4.53,-3.998382511753));
#6331 = VECTOR('',#6332,1.);
#6332 = DIRECTION('',(4.059151787867E-02,0.,0.999175824706));
#6333 = PCURVE('',#4986,#6334);
#6334 = DEFINITIONAL_REPRESENTATION('',(#6335),#6339);
#6335 = LINE('',#6336,#6337);
#6336 = CARTESIAN_POINT('',(0.5,-9.26));
#6337 = VECTOR('',#6338,1.);
#6338 = DIRECTION('',(1.,0.));
#6339 = ( GEOMETRIC_REPRESENTATION_CONTEXT(2) 
PARAMETRIC_REPRESENTATION_CONTEXT() REPRESENTATION_CONTEXT('2D SPACE',''
  ) );
#6340 = PCURVE('',#6278,#6341);
#6341 = DEFINITIONAL_REPRESENTATION('',(#6342),#6346);
#6342 = LINE('',#6343,#6344);
#6343 = CARTESIAN_POINT('',(-0.,0.));
#6344 = VECTOR('',#6345,1.);
#6345 = DIRECTION('',(-0.,1.));
#6346 = ( GEOMETRIC_REPRESENTATION_CONTEXT(2) 
PARAMETRIC_REPRESENTATION_CONTEXT() REPRESENTATION_CONTEXT('2D SPACE',''
  ) );
#6347 = ORIENTED_EDGE('',*,*,#6348,.T.);
#6348 = EDGE_CURVE('',#6326,#6300,#6349,.T.);
#6349 = SURFACE_CURVE('',#6350,(#6354,#6361),.PCURVE_S1.);
#6350 = LINE('',#6351,#6352);
#6351 = CARTESIAN_POINT('',(67.138618218005,-252.365,9.990079034127));
#6352 = VECTOR('',#6353,1.);
#6353 = DIRECTION('',(0.,-1.,0.));
#6354 = PCURVE('',#4986,#6355);
#6355 = DEFINITIONAL_REPRESENTATION('',(#6356),#6360);
#6356 = LINE('',#6357,#6358);
#6357 = CARTESIAN_POINT('',(14.5,247.635));
#6358 = VECTOR('',#6359,1.);
#6359 = DIRECTION('',(0.,1.));
#6360 = ( GEOMETRIC_REPRESENTATION_CONTEXT(2) 
PARAMETRIC_REPRESENTATION_CONTEXT() REPRESENTATION_CONTEXT('2D SPACE',''
  ) );
#6361 = PCURVE('',#6150,#6362);
#6362 = DEFINITIONAL_REPRESENTATION('',(#6363),#6367);
#6363 = LINE('',#6364,#6365);
#6364 = CARTESIAN_POINT('',(258.095,-5.089449872039));
#6365 = VECTOR('',#6366,1.);
#6366 = DIRECTION('',(1.,0.));
#6367 = ( GEOMETRIC_REPRESENTATION_CONTEXT(2) 
PARAMETRIC_REPRESENTATION_CONTEXT() REPRESENTATION_CONTEXT('2D SPACE',''
  ) );
#6368 = ADVANCED_FACE('',(#6369),#5100,.F.);
#6369 = FACE_BOUND('',#6370,.T.);
#6370 = EDGE_LOOP('',(#6371,#6372,#6394,#6395));
#6371 = ORIENTED_EDGE('',*,*,#6299,.F.);
#6372 = ORIENTED_EDGE('',*,*,#6373,.F.);
#6373 = EDGE_CURVE('',#5203,#6300,#6374,.T.);
#6374 = SURFACE_CURVE('',#6375,(#6380,#6387),.PCURVE_S1.);
#6375 = CIRCLE('',#6376,0.25);
#6376 = AXIS2_PLACEMENT_3D('',#6377,#6378,#6379);
#6377 = CARTESIAN_POINT('',(67.388412174182,-4.53,9.979931154657));
#6378 = DIRECTION('',(-4.059151787867E-02,0.,-0.999175824706));
#6379 = DIRECTION('',(-0.999175824706,0.,4.059151787867E-02));
#6380 = PCURVE('',#5100,#6381);
#6381 = DEFINITIONAL_REPRESENTATION('',(#6382),#6386);
#6382 = LINE('',#6383,#6384);
#6383 = CARTESIAN_POINT('',(-6.28318530718,4.));
#6384 = VECTOR('',#6385,1.);
#6385 = DIRECTION('',(1.,-0.));
#6386 = ( GEOMETRIC_REPRESENTATION_CONTEXT(2) 
PARAMETRIC_REPRESENTATION_CONTEXT() REPRESENTATION_CONTEXT('2D SPACE',''
  ) );
#6387 = PCURVE('',#6046,#6388);
#6388 = DEFINITIONAL_REPRESENTATION('',(#6389),#6393);
#6389 = LINE('',#6390,#6391);
#6390 = CARTESIAN_POINT('',(6.28318530718,0.));
#6391 = VECTOR('',#6392,1.);
#6392 = DIRECTION('',(-1.,0.));
#6393 = ( GEOMETRIC_REPRESENTATION_CONTEXT(2) 
PARAMETRIC_REPRESENTATION_CONTEXT() REPRESENTATION_CONTEXT('2D SPACE',''
  ) );
#6394 = ORIENTED_EDGE('',*,*,#5202,.T.);
#6395 = ORIENTED_EDGE('',*,*,#5074,.F.);
#6396 = ADVANCED_FACE('',(#6397),#5139,.F.);
#6397 = FACE_BOUND('',#6398,.F.);
#6398 = EDGE_LOOP('',(#6399,#6400,#6510));
#6399 = ORIENTED_EDGE('',*,*,#5121,.F.);
#6400 = ORIENTED_EDGE('',*,*,#6401,.T.);
#6401 = EDGE_CURVE('',#5122,#6402,#6404,.T.);
#6402 = VERTEX_POINT('',#6403);
#6403 = CARTESIAN_POINT('',(71.035706979794,-4.779506093682,
    -4.203110888226));
#6404 = SURFACE_CURVE('',#6405,(#6438,#6474),.PCURVE_S1.);
#6405 = B_SPLINE_CURVE_WITH_KNOTS('',4,(#6406,#6407,#6408,#6409,#6410,
    #6411,#6412,#6413,#6414,#6415,#6416,#6417,#6418,#6419,#6420,#6421,
    #6422,#6423,#6424,#6425,#6426,#6427,#6428,#6429,#6430,#6431,#6432,
    #6433,#6434,#6435,#6436,#6437),.UNSPECIFIED.,.F.,.F.,(5,3,3,3,3,3,3,
    3,3,3,5),(0.,8.790288605433E-03,1.758057676256E-02,
    2.637086404649E-02,3.516115002115E-02,4.395143424704E-02,
    5.274171628858E-02,6.153199570883E-02,7.032227207128E-02,
    7.72938681017E-02,1.),.UNSPECIFIED.);
#6406 = CARTESIAN_POINT('',(71.02,-4.78,-4.17915007244));
#6407 = CARTESIAN_POINT('',(71.02003453751,-4.78,-4.1792027452));
#6408 = CARTESIAN_POINT('',(71.020069075028,-4.779999993638,
    -4.179255417941));
#6409 = CARTESIAN_POINT('',(71.020103612538,-4.779999980915,
    -4.179308090697));
#6410 = CARTESIAN_POINT('',(71.020172687554,-4.779999942744,
    -4.179413436191));
#6411 = CARTESIAN_POINT('',(71.020207225058,-4.779999917296,
    -4.179466108935));
#6412 = CARTESIAN_POINT('',(71.020241762558,-4.779999885487,
    -4.179518781676));
#6413 = CARTESIAN_POINT('',(71.020310837542,-4.779999809146,
    -4.179624127141));
#6414 = CARTESIAN_POINT('',(71.020345375027,-4.779999764613,
    -4.179676799867));
#6415 = CARTESIAN_POINT('',(71.020379912504,-4.779999713718,
    -4.179729472587));
#6416 = CARTESIAN_POINT('',(71.020448987436,-4.779999599206,
    -4.179834818004));
#6417 = CARTESIAN_POINT('',(71.02048352489,-4.779999535588,
    -4.179887490702));
#6418 = CARTESIAN_POINT('',(71.020518062334,-4.779999465608,
    -4.179940163392));
#6419 = CARTESIAN_POINT('',(71.020587137192,-4.779999312925,
    -4.180045508742));
#6420 = CARTESIAN_POINT('',(71.020621674605,-4.779999230221,
    -4.180098181402));
#6421 = CARTESIAN_POINT('',(71.020656212006,-4.779999141156,
    -4.180150854051));
#6422 = CARTESIAN_POINT('',(71.020725286769,-4.779998950302,
    -4.180256199314));
#6423 = CARTESIAN_POINT('',(71.020759824131,-4.779998848513,
    -4.180308871927));
#6424 = CARTESIAN_POINT('',(71.020794361477,-4.779998740362,
    -4.180361544527));
#6425 = CARTESIAN_POINT('',(71.020863436124,-4.779998511337,
    -4.180466889683));
#6426 = CARTESIAN_POINT('',(71.020897973425,-4.779998390463,
    -4.18051956224));
#6427 = CARTESIAN_POINT('',(71.020932510706,-4.779998263227,
    -4.18057223478));
#6428 = CARTESIAN_POINT('',(71.021001585216,-4.779997996032,
    -4.180677579811));
#6429 = CARTESIAN_POINT('',(71.021036122444,-4.779997856072,
    -4.1807302523));
#6430 = CARTESIAN_POINT('',(71.02107065965,-4.779997709751,
    -4.180782924772));
#6431 = CARTESIAN_POINT('',(71.021132588382,-4.779997435975,
    -4.180877371915));
#6432 = CARTESIAN_POINT('',(71.021159979916,-4.77999731088,
    -4.180919146592));
#6433 = CARTESIAN_POINT('',(71.021187371434,-4.779997181783,
    -4.180960921257));
#6434 = CARTESIAN_POINT('',(71.024840088763,-4.779979432831,
    -4.186531663376));
#6435 = CARTESIAN_POINT('',(71.028465129325,-4.779891719956,
    -4.192060402701));
#6436 = CARTESIAN_POINT('',(71.03208818296,-4.779733913464,
    -4.197587552936));
#6437 = CARTESIAN_POINT('',(71.035707545231,-4.779506058088,
    -4.203111751191));
#6438 = PCURVE('',#5139,#6439);
#6439 = DEFINITIONAL_REPRESENTATION('',(#6440),#6473);
#6440 = B_SPLINE_CURVE_WITH_KNOTS('',4,(#6441,#6442,#6443,#6444,#6445,
    #6446,#6447,#6448,#6449,#6450,#6451,#6452,#6453,#6454,#6455,#6456,
    #6457,#6458,#6459,#6460,#6461,#6462,#6463,#6464,#6465,#6466,#6467,
    #6468,#6469,#6470,#6471,#6472),.UNSPECIFIED.,.F.,.F.,(5,3,3,3,3,3,3,
    3,3,3,5),(0.,8.790288605433E-03,1.758057676256E-02,
    2.637086404649E-02,3.516115002115E-02,4.395143424704E-02,
    5.274171628858E-02,6.153199570883E-02,7.032227207128E-02,
    7.72938681017E-02,1.),.UNSPECIFIED.);
#6441 = CARTESIAN_POINT('',(0.,4.403333359628));
#6442 = CARTESIAN_POINT('',(9.314076079007E-05,4.40337000674));
#6443 = CARTESIAN_POINT('',(1.862814865365E-04,4.40340665386));
#6444 = CARTESIAN_POINT('',(2.794222410945E-04,4.403443300972));
#6445 = CARTESIAN_POINT('',(4.65703730384E-04,4.403516595192));
#6446 = CARTESIAN_POINT('',(5.588444731055E-04,4.403553242298));
#6447 = CARTESIAN_POINT('',(6.519852160179E-04,4.403589889399));
#6448 = CARTESIAN_POINT('',(8.382666937496E-04,4.403663183586));
#6449 = CARTESIAN_POINT('',(9.314074285132E-04,4.403699830671));
#6450 = CARTESIAN_POINT('',(1.02454816389E-03,4.403736477749));
#6451 = CARTESIAN_POINT('',(1.210829622305E-03,4.403809771881));
#6452 = CARTESIAN_POINT('',(1.303970345302E-03,4.403846418936));
#6453 = CARTESIAN_POINT('',(1.397111069267E-03,4.403883065979));
#6454 = CARTESIAN_POINT('',(1.583392500553E-03,4.403956360035));
#6455 = CARTESIAN_POINT('',(1.676533207873E-03,4.403993007047));
#6456 = CARTESIAN_POINT('',(1.769673916439E-03,4.404029654045));
#6457 = CARTESIAN_POINT('',(1.955955312827E-03,4.404102948002));
#6458 = CARTESIAN_POINT('',(2.049096000699E-03,4.404139594961));
#6459 = CARTESIAN_POINT('',(2.142236689943E-03,4.404176241903));
#6460 = CARTESIAN_POINT('',(2.32851804368E-03,4.40424953574));
#6461 = CARTESIAN_POINT('',(2.421658708182E-03,4.404286182635));
#6462 = CARTESIAN_POINT('',(2.51479937429E-03,4.40432282951));
#6463 = CARTESIAN_POINT('',(2.70108067761E-03,4.404396123205));
#6464 = CARTESIAN_POINT('',(2.794221314804E-03,4.404432770025));
#6465 = CARTESIAN_POINT('',(2.887361953901E-03,4.404469416822));
#6466 = CARTESIAN_POINT('',(3.054372732508E-03,4.404535128266));
#6467 = CARTESIAN_POINT('',(3.128242871269E-03,4.404564192922));
#6468 = CARTESIAN_POINT('',(3.202113011398E-03,4.404593257563));
#6469 = CARTESIAN_POINT('',(1.305285952533E-02,4.40846908929));
#6470 = CARTESIAN_POINT('',(2.282975998488E-02,4.412315562104));
#6471 = CARTESIAN_POINT('',(3.260682998353E-02,4.416159985126));
#6472 = CARTESIAN_POINT('',(4.23842107058E-02,4.4200006));
#6473 = ( GEOMETRIC_REPRESENTATION_CONTEXT(2) 
PARAMETRIC_REPRESENTATION_CONTEXT() REPRESENTATION_CONTEXT('2D SPACE',''
  ) );
#6474 = PCURVE('',#5167,#6475);
#6475 = DEFINITIONAL_REPRESENTATION('',(#6476),#6509);
#6476 = B_SPLINE_CURVE_WITH_KNOTS('',4,(#6477,#6478,#6479,#6480,#6481,
    #6482,#6483,#6484,#6485,#6486,#6487,#6488,#6489,#6490,#6491,#6492,
    #6493,#6494,#6495,#6496,#6497,#6498,#6499,#6500,#6501,#6502,#6503,
    #6504,#6505,#6506,#6507,#6508),.UNSPECIFIED.,.F.,.F.,(5,3,3,3,3,3,3,
    3,3,3,5),(0.,8.790288605433E-03,1.758057676256E-02,
    2.637086404649E-02,3.516115002115E-02,4.395143424704E-02,
    5.274171628858E-02,6.153199570883E-02,7.032227207128E-02,
    7.72938681017E-02,1.),.UNSPECIFIED.);
#6477 = CARTESIAN_POINT('',(0.,13.17915007244));
#6478 = CARTESIAN_POINT('',(-1.381500394958E-04,13.1792027452));
#6479 = CARTESIAN_POINT('',(-2.763001129072E-04,13.179255417941));
#6480 = CARTESIAN_POINT('',(-4.144501596989E-04,13.179308090697));
#6481 = CARTESIAN_POINT('',(-6.907502658949E-04,13.179413436191));
#6482 = CARTESIAN_POINT('',(-8.289003175658E-04,13.179466108935));
#6483 = CARTESIAN_POINT('',(-9.670503728488E-04,13.179518781676));
#6484 = CARTESIAN_POINT('',(-1.243350478717E-03,13.179624127141));
#6485 = CARTESIAN_POINT('',(-1.381500529356E-03,13.179676799867));
#6486 = CARTESIAN_POINT('',(-1.519650585731E-03,13.179729472587));
#6487 = CARTESIAN_POINT('',(-1.795950691603E-03,13.179834818004));
#6488 = CARTESIAN_POINT('',(-1.934100741137E-03,13.179887490702));
#6489 = CARTESIAN_POINT('',(-2.0722507986E-03,13.179940163392));
#6490 = CARTESIAN_POINT('',(-2.348550904477E-03,13.180045508742));
#6491 = CARTESIAN_POINT('',(-2.486700952893E-03,13.180098181402));
#6492 = CARTESIAN_POINT('',(-2.624851011497E-03,13.180150854051));
#6493 = CARTESIAN_POINT('',(-2.901151117361E-03,13.180256199314));
#6494 = CARTESIAN_POINT('',(-3.039301164574E-03,13.180308871927));
#6495 = CARTESIAN_POINT('',(-3.177451224381E-03,13.180361544527));
#6496 = CARTESIAN_POINT('',(-3.453751330251E-03,13.180466889683));
#6497 = CARTESIAN_POINT('',(-3.591901376305E-03,13.18051956224));
#6498 = CARTESIAN_POINT('',(-3.73005143726E-03,13.18057223478));
#6499 = CARTESIAN_POINT('',(-4.006351543133E-03,13.180677579811));
#6500 = CARTESIAN_POINT('',(-4.144501588069E-03,13.1807302523));
#6501 = CARTESIAN_POINT('',(-4.28265165015E-03,13.180782924772));
#6502 = CARTESIAN_POINT('',(-4.530368996975E-03,13.180877371915));
#6503 = CARTESIAN_POINT('',(-4.639936274934E-03,13.180919146592));
#6504 = CARTESIAN_POINT('',(-4.749503564938E-03,13.180960921257));
#6505 = CARTESIAN_POINT('',(-1.936054536531E-02,13.186531663376));
#6506 = CARTESIAN_POINT('',(-3.386224152568E-02,13.192060402701));
#6507 = CARTESIAN_POINT('',(-4.83654831492E-02,13.197587552936));
#6508 = CARTESIAN_POINT('',(-6.287159293369E-02,13.203111751191));
#6509 = ( GEOMETRIC_REPRESENTATION_CONTEXT(2) 
PARAMETRIC_REPRESENTATION_CONTEXT() REPRESENTATION_CONTEXT('2D SPACE',''
  ) );
#6510 = ORIENTED_EDGE('',*,*,#6511,.F.);
#6511 = EDGE_CURVE('',#5124,#6402,#6512,.T.);
#6512 = SURFACE_CURVE('',#6513,(#6518,#6525),.PCURVE_S1.);
#6513 = CIRCLE('',#6514,0.55);
#6514 = AXIS2_PLACEMENT_3D('',#6515,#6516,#6517);
#6515 = CARTESIAN_POINT('',(71.036652904138,-4.23,-4.179826596671));
#6516 = DIRECTION('',(0.999175824706,0.,-4.059151787867E-02));
#6517 = DIRECTION('',(0.,-1.,0.));
#6518 = PCURVE('',#5139,#6519);
#6519 = DEFINITIONAL_REPRESENTATION('',(#6520),#6524);
#6520 = LINE('',#6521,#6522);
#6521 = CARTESIAN_POINT('',(0.,4.42));
#6522 = VECTOR('',#6523,1.);
#6523 = DIRECTION('',(1.,0.));
#6524 = ( GEOMETRIC_REPRESENTATION_CONTEXT(2) 
PARAMETRIC_REPRESENTATION_CONTEXT() REPRESENTATION_CONTEXT('2D SPACE',''
  ) );
#6525 = PCURVE('',#6526,#6531);
#6526 = TOROIDAL_SURFACE('',#6527,0.3,0.25);
#6527 = AXIS2_PLACEMENT_3D('',#6528,#6529,#6530);
#6528 = CARTESIAN_POINT('',(71.036652904138,-4.23,-4.179826596671));
#6529 = DIRECTION('',(0.999175824706,0.,-4.059151787867E-02));
#6530 = DIRECTION('',(0.,-1.,0.));
#6531 = DEFINITIONAL_REPRESENTATION('',(#6532),#6536);
#6532 = LINE('',#6533,#6534);
#6533 = CARTESIAN_POINT('',(0.,0.));
#6534 = VECTOR('',#6535,1.);
#6535 = DIRECTION('',(1.,0.));
#6536 = ( GEOMETRIC_REPRESENTATION_CONTEXT(2) 
PARAMETRIC_REPRESENTATION_CONTEXT() REPRESENTATION_CONTEXT('2D SPACE',''
  ) );
#6537 = ADVANCED_FACE('',(#6538),#5167,.F.);
#6538 = FACE_BOUND('',#6539,.T.);
#6539 = EDGE_LOOP('',(#6540,#6541,#6542,#6712,#6740));
#6540 = ORIENTED_EDGE('',*,*,#5151,.F.);
#6541 = ORIENTED_EDGE('',*,*,#6401,.T.);
#6542 = ORIENTED_EDGE('',*,*,#6543,.T.);
#6543 = EDGE_CURVE('',#6402,#6544,#6546,.T.);
#6544 = VERTEX_POINT('',#6545);
#6545 = CARTESIAN_POINT('',(71.27,-4.53,-4.394326886437));
#6546 = SURFACE_CURVE('',#6547,(#6600,#6656),.PCURVE_S1.);
#6547 = B_SPLINE_CURVE_WITH_KNOTS('',6,(#6548,#6549,#6550,#6551,#6552,
    #6553,#6554,#6555,#6556,#6557,#6558,#6559,#6560,#6561,#6562,#6563,
    #6564,#6565,#6566,#6567,#6568,#6569,#6570,#6571,#6572,#6573,#6574,
    #6575,#6576,#6577,#6578,#6579,#6580,#6581,#6582,#6583,#6584,#6585,
    #6586,#6587,#6588,#6589,#6590,#6591,#6592,#6593,#6594,#6595,#6596,
    #6597,#6598,#6599),.UNSPECIFIED.,.F.,.F.,(7,5,5,5,5,5,5,5,5,5,7),(0.
    ,3.567745493613E-02,0.100823548486,0.167368610315,0.251787085055,
    0.330104847756,0.520741263383,0.684011330689,0.845799594082,
    0.930810275373,1.),.UNSPECIFIED.);
#6548 = CARTESIAN_POINT('',(71.035706979794,-4.779506093682,
    -4.203110888226));
#6549 = CARTESIAN_POINT('',(71.037591444351,-4.779387462324,
    -4.20598712841));
#6550 = CARTESIAN_POINT('',(71.039556624878,-4.779246596536,
    -4.208534665467));
#6551 = CARTESIAN_POINT('',(71.041564343784,-4.779083149333,
    -4.210876775253));
#6552 = CARTESIAN_POINT('',(71.043601497132,-4.778897115498,
    -4.213045223536));
#6553 = CARTESIAN_POINT('',(71.045658100234,-4.778688606104,
    -4.215079832067));
#6554 = CARTESIAN_POINT('',(71.051523099647,-4.778033937714,
    -4.220517346034));
#6555 = CARTESIAN_POINT('',(71.055365760271,-4.777534773768,
    -4.223655576685));
#6556 = CARTESIAN_POINT('',(71.059233534345,-4.776958410445,
    -4.226555313919));
#6557 = CARTESIAN_POINT('',(71.063115256542,-4.776304783186,
    -4.229256498658));
#6558 = CARTESIAN_POINT('',(71.067002120505,-4.775573978109,
    -4.231802365837));
#6559 = CARTESIAN_POINT('',(71.074863612456,-4.77393943307,
    -4.236684615595));
#6560 = CARTESIAN_POINT('',(71.078836697261,-4.773032641889,
    -4.239014838326));
#6561 = CARTESIAN_POINT('',(71.082804546101,-4.772044970665,
    -4.241234977376));
#6562 = CARTESIAN_POINT('',(71.086762708332,-4.770976593946,
    -4.243362221703));
#6563 = CARTESIAN_POINT('',(71.090707645559,-4.769827799137,
    -4.245408314017));
#6564 = CARTESIAN_POINT('',(71.099620102718,-4.767039887424,
    -4.249889580799));
#6565 = CARTESIAN_POINT('',(71.104577513408,-4.765352008491,
    -4.252281447455));
#6566 = CARTESIAN_POINT('',(71.10950212185,-4.76353594738,
    -4.254579076698));
#6567 = CARTESIAN_POINT('',(71.114388299396,-4.76159269512,
    -4.256796261144));
#6568 = CARTESIAN_POINT('',(71.119230957274,-4.75952345472,
    -4.258943178677));
#6569 = CARTESIAN_POINT('',(71.128473222416,-4.755294221853,
    -4.262963689951));
#6570 = CARTESIAN_POINT('',(71.132879517842,-4.753151607554,
    -4.264845860332));
#6571 = CARTESIAN_POINT('',(71.137240406571,-4.75090282641,
    -4.266681950016));
#6572 = CARTESIAN_POINT('',(71.141552239982,-4.748549112237,
    -4.268477756882));
#6573 = CARTESIAN_POINT('',(71.145811528987,-4.746091828173,
    -4.270238233276));
#6574 = CARTESIAN_POINT('',(71.160246645637,-4.737302621958,
    -4.276176729656));
#6575 = CARTESIAN_POINT('',(71.170146881159,-4.730468190004,
    -4.280201464453));
#6576 = CARTESIAN_POINT('',(71.179668060079,-4.72305016176,
    -4.284103794943));
#6577 = CARTESIAN_POINT('',(71.188765514033,-4.715074419992,
    -4.287931403406));
#6578 = CARTESIAN_POINT('',(71.197397865135,-4.706570382463,
    -4.29173118756));
#6579 = CARTESIAN_POINT('',(71.212489908644,-4.689860986764,
    -4.298844557019));
#6580 = CARTESIAN_POINT('',(71.219082615028,-4.681789060046,
    -4.302149156767));
#6581 = CARTESIAN_POINT('',(71.225283190198,-4.673372613545,
    -4.305514463767));
#6582 = CARTESIAN_POINT('',(71.23106849537,-4.664633204959,
    -4.308984784075));
#6583 = CARTESIAN_POINT('',(71.236416526175,-4.655596507218,
    -4.312615313651));
#6584 = CARTESIAN_POINT('',(71.246155529558,-4.637062007765,
    -4.320334532524));
#6585 = CARTESIAN_POINT('',(71.250550338263,-4.627577419469,
    -4.324415203259));
#6586 = CARTESIAN_POINT('',(71.254481925105,-4.617846499146,
    -4.328823678127));
#6587 = CARTESIAN_POINT('',(71.257925348485,-4.607901217863,
    -4.333668401557));
#6588 = CARTESIAN_POINT('',(71.260858854456,-4.59780023551,
    -4.339106294022));
#6589 = CARTESIAN_POINT('',(71.264542724379,-4.582241624013,
    -4.348625910907));
#6590 = CARTESIAN_POINT('',(71.265667830032,-4.576857916454,
    -4.352124890572));
#6591 = CARTESIAN_POINT('',(71.266647270372,-4.57146150014,
    -4.355871439616));
#6592 = CARTESIAN_POINT('',(71.267479583748,-4.566068980296,
    -4.359892642677));
#6593 = CARTESIAN_POINT('',(71.268165670705,-4.560699542234,
    -4.364211493353));
#6594 = CARTESIAN_POINT('',(71.269151281956,-4.551038657505,
    -4.372593406721));
#6595 = CARTESIAN_POINT('',(71.269499051804,-4.546731820254,
    -4.376555057628));
#6596 = CARTESIAN_POINT('',(71.269754003964,-4.542466120949,
    -4.380718450472));
#6597 = CARTESIAN_POINT('',(71.269919530386,-4.538251265445,
    -4.385078338213));
#6598 = CARTESIAN_POINT('',(71.27,-4.534094236352,-4.389621802725));
#6599 = CARTESIAN_POINT('',(71.27,-4.53,-4.394326886437));
#6600 = PCURVE('',#5167,#6601);
#6601 = DEFINITIONAL_REPRESENTATION('',(#6602),#6655);
#6602 = B_SPLINE_CURVE_WITH_KNOTS('',6,(#6603,#6604,#6605,#6606,#6607,
    #6608,#6609,#6610,#6611,#6612,#6613,#6614,#6615,#6616,#6617,#6618,
    #6619,#6620,#6621,#6622,#6623,#6624,#6625,#6626,#6627,#6628,#6629,
    #6630,#6631,#6632,#6633,#6634,#6635,#6636,#6637,#6638,#6639,#6640,
    #6641,#6642,#6643,#6644,#6645,#6646,#6647,#6648,#6649,#6650,#6651,
    #6652,#6653,#6654),.UNSPECIFIED.,.F.,.F.,(7,5,5,5,5,5,5,5,5,5,7),(0.
    ,3.567745493613E-02,0.100823548486,0.167368610315,0.251787085055,
    0.330104847756,0.520741263383,0.684011330689,0.845799594082,
    0.930810275373,1.),.UNSPECIFIED.);
#6603 = CARTESIAN_POINT('',(-6.286932670913E-02,13.203110888226));
#6604 = CARTESIAN_POINT('',(-7.042210640109E-02,13.20598712841));
#6605 = CARTESIAN_POINT('',(-7.830269953486E-02,13.208534665467));
#6606 = CARTESIAN_POINT('',(-8.635956293579E-02,13.210876775253));
#6607 = CARTESIAN_POINT('',(-9.454148591069E-02,13.213045223536));
#6608 = CARTESIAN_POINT('',(-0.10280964491,13.215079832067));
#6609 = CARTESIAN_POINT('',(-0.126415342127,13.220517346034));
#6610 = CARTESIAN_POINT('',(-0.141912608649,13.223655576685));
#6611 = CARTESIAN_POINT('',(-0.157550364887,13.226555313919));
#6612 = CARTESIAN_POINT('',(-0.173291604763,13.229256498658));
#6613 = CARTESIAN_POINT('',(-0.189108580423,13.231802365837));
#6614 = CARTESIAN_POINT('',(-0.221227059385,13.236684615595));
#6615 = CARTESIAN_POINT('',(-0.237524996326,13.239014838326));
#6616 = CARTESIAN_POINT('',(-0.253875993117,13.241234977376));
#6617 = CARTESIAN_POINT('',(-0.270270460516,13.243362221703));
#6618 = CARTESIAN_POINT('',(-0.286702455073,13.245408314017));
#6619 = CARTESIAN_POINT('',(-0.324055761611,13.249889580799));
#6620 = CARTESIAN_POINT('',(-0.344996712791,13.252281447455));
#6621 = CARTESIAN_POINT('',(-0.365981927958,13.254579076698));
#6622 = CARTESIAN_POINT('',(-0.387005523921,13.256796261144));
#6623 = CARTESIAN_POINT('',(-0.40806365124,13.258943178677));
#6624 = CARTESIAN_POINT('',(-0.448719450454,13.262963689951));
#6625 = CARTESIAN_POINT('',(-0.468312516578,13.264845860332));
#6626 = CARTESIAN_POINT('',(-0.487930638337,13.266681950016));
#6627 = CARTESIAN_POINT('',(-0.507572132114,13.268477756882));
#6628 = CARTESIAN_POINT('',(-0.52723580085,13.270238233276));
#6629 = CARTESIAN_POINT('',(-0.594837308358,13.276176729656));
#6630 = CARTESIAN_POINT('',(-0.64287885223,13.280201464453));
#6631 = CARTESIAN_POINT('',(-0.691037594071,13.284103794943));
#6632 = CARTESIAN_POINT('',(-0.739309806357,13.287931403406));
#6633 = CARTESIAN_POINT('',(-0.787697882395,13.29173118756));
#6634 = CARTESIAN_POINT('',(-0.877762186703,13.298844557019));
#6635 = CARTESIAN_POINT('',(-0.919399018655,13.302149156767));
#6636 = CARTESIAN_POINT('',(-0.961136217068,13.305514463767));
#6637 = CARTESIAN_POINT('',(-1.002979895047,13.308984784075));
#6638 = CARTESIAN_POINT('',(-1.044928736863,13.312615313651));
#6639 = CARTESIAN_POINT('',(-1.128678445579,13.320334532524));
#6640 = CARTESIAN_POINT('',(-1.170439744596,13.324415203259));
#6641 = CARTESIAN_POINT('',(-1.212341375569,13.328823678127));
#6642 = CARTESIAN_POINT('',(-1.254358093007,13.333668401557));
#6643 = CARTESIAN_POINT('',(-1.296378571102,13.339106294022));
#6644 = CARTESIAN_POINT('',(-1.36033371655,13.348625910907));
#6645 = CARTESIAN_POINT('',(-1.382326071996,13.352124890572));
#6646 = CARTESIAN_POINT('',(-1.404252874953,13.355871439616));
#6647 = CARTESIAN_POINT('',(-1.426067131645,13.359892642677));
#6648 = CARTESIAN_POINT('',(-1.447712513815,13.364211493353));
#6649 = CARTESIAN_POINT('',(-1.486556637857,13.372593406721));
#6650 = CARTESIAN_POINT('',(-1.503836200146,13.376555057628));
#6651 = CARTESIAN_POINT('',(-1.520923962179,13.380718450472));
#6652 = CARTESIAN_POINT('',(-1.537791250086,13.385078338213));
#6653 = CARTESIAN_POINT('',(-1.554419381388,13.389621802725));
#6654 = CARTESIAN_POINT('',(-1.570796326795,13.394326886437));
#6655 = ( GEOMETRIC_REPRESENTATION_CONTEXT(2) 
PARAMETRIC_REPRESENTATION_CONTEXT() REPRESENTATION_CONTEXT('2D SPACE',''
  ) );
#6656 = PCURVE('',#6526,#6657);
#6657 = DEFINITIONAL_REPRESENTATION('',(#6658),#6711);
#6658 = B_SPLINE_CURVE_WITH_KNOTS('',6,(#6659,#6660,#6661,#6662,#6663,
    #6664,#6665,#6666,#6667,#6668,#6669,#6670,#6671,#6672,#6673,#6674,
    #6675,#6676,#6677,#6678,#6679,#6680,#6681,#6682,#6683,#6684,#6685,
    #6686,#6687,#6688,#6689,#6690,#6691,#6692,#6693,#6694,#6695,#6696,
    #6697,#6698,#6699,#6700,#6701,#6702,#6703,#6704,#6705,#6706,#6707,
    #6708,#6709,#6710),.UNSPECIFIED.,.F.,.F.,(7,5,5,5,5,5,5,5,5,5,7),(0.
    ,3.567745493613E-02,0.100823548486,0.167368610315,0.251787085055,
    0.330104847756,0.520741263383,0.684011330689,0.845799594082,
    0.930810275373,1.),.UNSPECIFIED.);
#6659 = CARTESIAN_POINT('',(4.238268333003E-02,0.));
#6660 = CARTESIAN_POINT('',(4.747339372154E-02,7.998649532515E-03));
#6661 = CARTESIAN_POINT('',(5.196325356527E-02,1.626652622739E-02));
#6662 = CARTESIAN_POINT('',(5.607988182218E-02,2.467198554441E-02));
#6663 = CARTESIAN_POINT('',(5.988257341411E-02,3.316903086745E-02));
#6664 = CARTESIAN_POINT('',(6.344489266267E-02,4.172537040334E-02));
#6665 = CARTESIAN_POINT('',(7.295414959425E-02,6.607975678089E-02));
#6666 = CARTESIAN_POINT('',(7.842868840898E-02,8.198237488505E-02));
#6667 = CARTESIAN_POINT('',(8.348666518182E-02,9.796930115721E-02));
#6668 = CARTESIAN_POINT('',(8.820365972761E-02,0.114010160517));
#6669 = CARTESIAN_POINT('',(9.266078733989E-02,0.130084276676));
#6670 = CARTESIAN_POINT('',(0.101240339334,0.162644355628));
#6671 = CARTESIAN_POINT('',(0.105352699564,0.179125063446));
#6672 = CARTESIAN_POINT('',(0.1092930604,0.19562270661));
#6673 = CARTESIAN_POINT('',(0.113094774717,0.212130319374));
#6674 = CARTESIAN_POINT('',(0.116781154203,0.228643601431));
#6675 = CARTESIAN_POINT('',(0.124929725216,0.266112013455));
#6676 = CARTESIAN_POINT('',(0.129333980608,0.287068148629));
#6677 = CARTESIAN_POINT('',(0.133625770153,0.308021819968));
#6678 = CARTESIAN_POINT('',(0.137833978721,0.328968378601));
#6679 = CARTESIAN_POINT('',(0.141980938083,0.349904328265));
#6680 = CARTESIAN_POINT('',(0.149896193186,0.390237219739));
#6681 = CARTESIAN_POINT('',(0.153670274197,0.409635868358));
#6682 = CARTESIAN_POINT('',(0.157424381533,0.429020358527));
#6683 = CARTESIAN_POINT('',(0.161172355841,0.448388367507));
#6684 = CARTESIAN_POINT('',(0.164926670454,0.467737617796));
#6685 = CARTESIAN_POINT('',(0.177879426347,0.534113570453));
#6686 = CARTESIAN_POINT('',(0.187164552306,0.581035306606));
#6687 = CARTESIAN_POINT('',(0.196720628463,0.627799343044));
#6688 = CARTESIAN_POINT('',(0.206694665588,0.674367453932));
#6689 = CARTESIAN_POINT('',(0.217248909851,0.720683014676));
#6690 = CARTESIAN_POINT('',(0.23831397576,0.806035174751));
#6691 = CARTESIAN_POINT('',(0.248612308541,0.845156358031));
#6692 = CARTESIAN_POINT('',(0.259625639363,0.883974063848));
#6693 = CARTESIAN_POINT('',(0.27151673926,0.922405170727));
#6694 = CARTESIAN_POINT('',(0.28448890187,0.960327763763));
#6695 = CARTESIAN_POINT('',(0.313070730038,1.034404271181));
#6696 = CARTESIAN_POINT('',(0.328642135871,1.070537971408));
#6697 = CARTESIAN_POINT('',(0.345870906103,1.105781592856));
#6698 = CARTESIAN_POINT('',(0.365126093294,1.139802660221));
#6699 = CARTESIAN_POINT('',(0.386912569684,1.172029734737));
#6700 = CARTESIAN_POINT('',(0.42485757014,1.217110909297));
#6701 = CARTESIAN_POINT('',(0.438773783778,1.231893279581));
#6702 = CARTESIAN_POINT('',(0.453605769359,1.245793431468));
#6703 = CARTESIAN_POINT('',(0.469410379856,1.25864352779));
#6704 = CARTESIAN_POINT('',(0.486212561597,1.270253156565));
#6705 = CARTESIAN_POINT('',(0.518411178515,1.288767325818));
#6706 = CARTESIAN_POINT('',(0.533489474959,1.296146923007));
#6707 = CARTESIAN_POINT('',(0.549167213379,1.30250635231));
#6708 = CARTESIAN_POINT('',(0.565388207983,1.307776672411));
#6709 = CARTESIAN_POINT('',(0.582072123687,1.311920320602));
#6710 = CARTESIAN_POINT('',(0.59911517807,1.314938975667));
#6711 = ( GEOMETRIC_REPRESENTATION_CONTEXT(2) 
PARAMETRIC_REPRESENTATION_CONTEXT() REPRESENTATION_CONTEXT('2D SPACE',''
  ) );
#6712 = ORIENTED_EDGE('',*,*,#6713,.T.);
#6713 = EDGE_CURVE('',#6544,#6714,#6716,.T.);
#6714 = VERTEX_POINT('',#6715);
#6715 = CARTESIAN_POINT('',(71.27,-4.53,-9.));
#6716 = SURFACE_CURVE('',#6717,(#6721,#6728),.PCURVE_S1.);
#6717 = LINE('',#6718,#6719);
#6718 = CARTESIAN_POINT('',(71.27,-4.53,9.));
#6719 = VECTOR('',#6720,1.);
#6720 = DIRECTION('',(-0.,-0.,-1.));
#6721 = PCURVE('',#5167,#6722);
#6722 = DEFINITIONAL_REPRESENTATION('',(#6723),#6727);
#6723 = LINE('',#6724,#6725);
#6724 = CARTESIAN_POINT('',(-1.570796326795,0.));
#6725 = VECTOR('',#6726,1.);
#6726 = DIRECTION('',(-0.,1.));
#6727 = ( GEOMETRIC_REPRESENTATION_CONTEXT(2) 
PARAMETRIC_REPRESENTATION_CONTEXT() REPRESENTATION_CONTEXT('2D SPACE',''
  ) );
#6728 = PCURVE('',#6729,#6734);
#6729 = PLANE('',#6730);
#6730 = AXIS2_PLACEMENT_3D('',#6731,#6732,#6733);
#6731 = CARTESIAN_POINT('',(71.27,-4.73,-9.5));
#6732 = DIRECTION('',(1.,0.,0.));
#6733 = DIRECTION('',(0.,0.,1.));
#6734 = DEFINITIONAL_REPRESENTATION('',(#6735),#6739);
#6735 = LINE('',#6736,#6737);
#6736 = CARTESIAN_POINT('',(18.5,-0.2));
#6737 = VECTOR('',#6738,1.);
#6738 = DIRECTION('',(-1.,0.));
#6739 = ( GEOMETRIC_REPRESENTATION_CONTEXT(2) 
PARAMETRIC_REPRESENTATION_CONTEXT() REPRESENTATION_CONTEXT('2D SPACE',''
  ) );
#6740 = ORIENTED_EDGE('',*,*,#6741,.F.);
#6741 = EDGE_CURVE('',#5152,#6714,#6742,.T.);
#6742 = SURFACE_CURVE('',#6743,(#6748,#6755),.PCURVE_S1.);
#6743 = CIRCLE('',#6744,0.25);
#6744 = AXIS2_PLACEMENT_3D('',#6745,#6746,#6747);
#6745 = CARTESIAN_POINT('',(71.02,-4.53,-9.));
#6746 = DIRECTION('',(-0.,0.,1.));
#6747 = DIRECTION('',(0.,-1.,0.));
#6748 = PCURVE('',#5167,#6749);
#6749 = DEFINITIONAL_REPRESENTATION('',(#6750),#6754);
#6750 = LINE('',#6751,#6752);
#6751 = CARTESIAN_POINT('',(-0.,18.));
#6752 = VECTOR('',#6753,1.);
#6753 = DIRECTION('',(-1.,0.));
#6754 = ( GEOMETRIC_REPRESENTATION_CONTEXT(2) 
PARAMETRIC_REPRESENTATION_CONTEXT() REPRESENTATION_CONTEXT('2D SPACE',''
  ) );
#6755 = PCURVE('',#5322,#6756);
#6756 = DEFINITIONAL_REPRESENTATION('',(#6757),#6761);
#6757 = LINE('',#6758,#6759);
#6758 = CARTESIAN_POINT('',(0.,0.));
#6759 = VECTOR('',#6760,1.);
#6760 = DIRECTION('',(0.,1.));
#6761 = ( GEOMETRIC_REPRESENTATION_CONTEXT(2) 
PARAMETRIC_REPRESENTATION_CONTEXT() REPRESENTATION_CONTEXT('2D SPACE',''
  ) );
#6762 = ADVANCED_FACE('',(#6763),#5241,.F.);
#6763 = FACE_BOUND('',#6764,.F.);
#6764 = EDGE_LOOP('',(#6765,#6783,#6784,#6802));
#6765 = ORIENTED_EDGE('',*,*,#6766,.F.);
#6766 = EDGE_CURVE('',#5203,#5893,#6767,.T.);
#6767 = SURFACE_CURVE('',#6768,(#6771,#6777),.PCURVE_S1.);
#6768 = B_SPLINE_CURVE_WITH_KNOTS('',1,(#6769,#6770),.UNSPECIFIED.,.F.,
  .F.,(2,2),(0.,1.),.PIECEWISE_BEZIER_KNOTS.);
#6769 = CARTESIAN_POINT('',(67.388412174182,-4.78,9.979931154657));
#6770 = CARTESIAN_POINT('',(67.591369763575,-5.73,14.975810278185));
#6771 = PCURVE('',#5241,#6772);
#6772 = DEFINITIONAL_REPRESENTATION('',(#6773),#6776);
#6773 = B_SPLINE_CURVE_WITH_KNOTS('',1,(#6774,#6775),.UNSPECIFIED.,.F.,
  .F.,(2,2),(0.,1.),.PIECEWISE_BEZIER_KNOTS.);
#6774 = CARTESIAN_POINT('',(1.2,-5.089449872039));
#6775 = CARTESIAN_POINT('',(1.2,0.));
#6776 = ( GEOMETRIC_REPRESENTATION_CONTEXT(2) 
PARAMETRIC_REPRESENTATION_CONTEXT() REPRESENTATION_CONTEXT('2D SPACE',''
  ) );
#6777 = PCURVE('',#6046,#6778);
#6778 = DEFINITIONAL_REPRESENTATION('',(#6779),#6782);
#6779 = B_SPLINE_CURVE_WITH_KNOTS('',1,(#6780,#6781),.UNSPECIFIED.,.F.,
  .F.,(2,2),(0.,1.),.PIECEWISE_BEZIER_KNOTS.);
#6780 = CARTESIAN_POINT('',(1.570796326795,0.));
#6781 = CARTESIAN_POINT('',(1.570796326795,5.));
#6782 = ( GEOMETRIC_REPRESENTATION_CONTEXT(2) 
PARAMETRIC_REPRESENTATION_CONTEXT() REPRESENTATION_CONTEXT('2D SPACE',''
  ) );
#6783 = ORIENTED_EDGE('',*,*,#5225,.T.);
#6784 = ORIENTED_EDGE('',*,*,#6785,.T.);
#6785 = EDGE_CURVE('',#5226,#5578,#6786,.T.);
#6786 = SURFACE_CURVE('',#6787,(#6790,#6796),.PCURVE_S1.);
#6787 = B_SPLINE_CURVE_WITH_KNOTS('',1,(#6788,#6789),.UNSPECIFIED.,.F.,
  .F.,(2,2),(0.,1.),.PIECEWISE_BEZIER_KNOTS.);
#6788 = CARTESIAN_POINT('',(71.60493415444,-4.78,9.808634949209));
#6789 = CARTESIAN_POINT('',(71.807891743833,-5.73,14.804514072737));
#6790 = PCURVE('',#5241,#6791);
#6791 = DEFINITIONAL_REPRESENTATION('',(#6792),#6795);
#6792 = B_SPLINE_CURVE_WITH_KNOTS('',1,(#6793,#6794),.UNSPECIFIED.,.F.,
  .F.,(2,2),(0.,1.),.PIECEWISE_BEZIER_KNOTS.);
#6793 = CARTESIAN_POINT('',(5.42,-5.089449872039));
#6794 = CARTESIAN_POINT('',(5.42,0.));
#6795 = ( GEOMETRIC_REPRESENTATION_CONTEXT(2) 
PARAMETRIC_REPRESENTATION_CONTEXT() REPRESENTATION_CONTEXT('2D SPACE',''
  ) );
#6796 = PCURVE('',#5650,#6797);
#6797 = DEFINITIONAL_REPRESENTATION('',(#6798),#6801);
#6798 = B_SPLINE_CURVE_WITH_KNOTS('',1,(#6799,#6800),.UNSPECIFIED.,.F.,
  .F.,(2,2),(0.,1.),.PIECEWISE_BEZIER_KNOTS.);
#6799 = CARTESIAN_POINT('',(0.,0.));
#6800 = CARTESIAN_POINT('',(0.,5.));
#6801 = ( GEOMETRIC_REPRESENTATION_CONTEXT(2) 
PARAMETRIC_REPRESENTATION_CONTEXT() REPRESENTATION_CONTEXT('2D SPACE',''
  ) );
#6802 = ORIENTED_EDGE('',*,*,#5917,.F.);
#6803 = ADVANCED_FACE('',(#6804),#5267,.F.);
#6804 = FACE_BOUND('',#6805,.T.);
#6805 = EDGE_LOOP('',(#6806,#6807,#6831,#6859));
#6806 = ORIENTED_EDGE('',*,*,#5253,.F.);
#6807 = ORIENTED_EDGE('',*,*,#6808,.F.);
#6808 = EDGE_CURVE('',#6809,#5226,#6811,.T.);
#6809 = VERTEX_POINT('',#6810);
#6810 = CARTESIAN_POINT('',(71.854728110616,-4.53,9.798487069739));
#6811 = SURFACE_CURVE('',#6812,(#6817,#6824),.PCURVE_S1.);
#6812 = CIRCLE('',#6813,0.25);
#6813 = AXIS2_PLACEMENT_3D('',#6814,#6815,#6816);
#6814 = CARTESIAN_POINT('',(71.60493415444,-4.53,9.808634949209));
#6815 = DIRECTION('',(-4.059151787867E-02,-0.,-0.999175824706));
#6816 = DIRECTION('',(0.,-1.,0.));
#6817 = PCURVE('',#5267,#6818);
#6818 = DEFINITIONAL_REPRESENTATION('',(#6819),#6823);
#6819 = LINE('',#6820,#6821);
#6820 = CARTESIAN_POINT('',(-6.28318530718,4.));
#6821 = VECTOR('',#6822,1.);
#6822 = DIRECTION('',(1.,-0.));
#6823 = ( GEOMETRIC_REPRESENTATION_CONTEXT(2) 
PARAMETRIC_REPRESENTATION_CONTEXT() REPRESENTATION_CONTEXT('2D SPACE',''
  ) );
#6824 = PCURVE('',#5650,#6825);
#6825 = DEFINITIONAL_REPRESENTATION('',(#6826),#6830);
#6826 = LINE('',#6827,#6828);
#6827 = CARTESIAN_POINT('',(6.28318530718,0.));
#6828 = VECTOR('',#6829,1.);
#6829 = DIRECTION('',(-1.,0.));
#6830 = ( GEOMETRIC_REPRESENTATION_CONTEXT(2) 
PARAMETRIC_REPRESENTATION_CONTEXT() REPRESENTATION_CONTEXT('2D SPACE',''
  ) );
#6831 = ORIENTED_EDGE('',*,*,#6832,.T.);
#6832 = EDGE_CURVE('',#6809,#6833,#6835,.T.);
#6833 = VERTEX_POINT('',#6834);
#6834 = CARTESIAN_POINT('',(71.286446860315,-4.53,-4.189974476141));
#6835 = SURFACE_CURVE('',#6836,(#6840,#6847),.PCURVE_S1.);
#6836 = LINE('',#6837,#6838);
#6837 = CARTESIAN_POINT('',(72.017094182131,-4.53,13.795190368562));
#6838 = VECTOR('',#6839,1.);
#6839 = DIRECTION('',(-4.059151787867E-02,-0.,-0.999175824706));
#6840 = PCURVE('',#5267,#6841);
#6841 = DEFINITIONAL_REPRESENTATION('',(#6842),#6846);
#6842 = LINE('',#6843,#6844);
#6843 = CARTESIAN_POINT('',(-1.570796326795,0.));
#6844 = VECTOR('',#6845,1.);
#6845 = DIRECTION('',(-0.,1.));
#6846 = ( GEOMETRIC_REPRESENTATION_CONTEXT(2) 
PARAMETRIC_REPRESENTATION_CONTEXT() REPRESENTATION_CONTEXT('2D SPACE',''
  ) );
#6847 = PCURVE('',#6848,#6853);
#6848 = PLANE('',#6849);
#6849 = AXIS2_PLACEMENT_3D('',#6850,#6851,#6852);
#6850 = CARTESIAN_POINT('',(71.266151101376,-4.73,-4.689562388493));
#6851 = DIRECTION('',(0.999175824706,0.,-4.059151787867E-02));
#6852 = DIRECTION('',(4.059151787867E-02,0.,0.999175824706));
#6853 = DEFINITIONAL_REPRESENTATION('',(#6854),#6858);
#6854 = LINE('',#6855,#6856);
#6855 = CARTESIAN_POINT('',(18.5,-0.2));
#6856 = VECTOR('',#6857,1.);
#6857 = DIRECTION('',(-1.,0.));
#6858 = ( GEOMETRIC_REPRESENTATION_CONTEXT(2) 
PARAMETRIC_REPRESENTATION_CONTEXT() REPRESENTATION_CONTEXT('2D SPACE',''
  ) );
#6859 = ORIENTED_EDGE('',*,*,#6860,.F.);
#6860 = EDGE_CURVE('',#5124,#6833,#6861,.T.);
#6861 = SURFACE_CURVE('',#6862,(#6867,#6874),.PCURVE_S1.);
#6862 = CIRCLE('',#6863,0.25);
#6863 = AXIS2_PLACEMENT_3D('',#6864,#6865,#6866);
#6864 = CARTESIAN_POINT('',(71.036652904138,-4.53,-4.179826596671));
#6865 = DIRECTION('',(4.059151787867E-02,0.,0.999175824706));
#6866 = DIRECTION('',(0.,-1.,0.));
#6867 = PCURVE('',#5267,#6868);
#6868 = DEFINITIONAL_REPRESENTATION('',(#6869),#6873);
#6869 = LINE('',#6870,#6871);
#6870 = CARTESIAN_POINT('',(-0.,18.));
#6871 = VECTOR('',#6872,1.);
#6872 = DIRECTION('',(-1.,0.));
#6873 = ( GEOMETRIC_REPRESENTATION_CONTEXT(2) 
PARAMETRIC_REPRESENTATION_CONTEXT() REPRESENTATION_CONTEXT('2D SPACE',''
  ) );
#6874 = PCURVE('',#6526,#6875);
#6875 = DEFINITIONAL_REPRESENTATION('',(#6876),#6880);
#6876 = LINE('',#6877,#6878);
#6877 = CARTESIAN_POINT('',(0.,0.));
#6878 = VECTOR('',#6879,1.);
#6879 = DIRECTION('',(0.,1.));
#6880 = ( GEOMETRIC_REPRESENTATION_CONTEXT(2) 
PARAMETRIC_REPRESENTATION_CONTEXT() REPRESENTATION_CONTEXT('2D SPACE',''
  ) );
#6881 = ADVANCED_FACE('',(#6882),#5322,.F.);
#6882 = FACE_BOUND('',#6883,.F.);
#6883 = EDGE_LOOP('',(#6884,#6885,#6886,#6910));
#6884 = ORIENTED_EDGE('',*,*,#6741,.F.);
#6885 = ORIENTED_EDGE('',*,*,#5307,.T.);
#6886 = ORIENTED_EDGE('',*,*,#6887,.T.);
#6887 = EDGE_CURVE('',#5285,#6888,#6890,.T.);
#6888 = VERTEX_POINT('',#6889);
#6889 = CARTESIAN_POINT('',(71.27,-4.23,-9.3));
#6890 = SURFACE_CURVE('',#6891,(#6896,#6903),.PCURVE_S1.);
#6891 = CIRCLE('',#6892,0.25);
#6892 = AXIS2_PLACEMENT_3D('',#6893,#6894,#6895);
#6893 = CARTESIAN_POINT('',(71.02,-4.23,-9.3));
#6894 = DIRECTION('',(0.,-1.,6.123233995737E-17));
#6895 = DIRECTION('',(0.,-6.123233995737E-17,-1.));
#6896 = PCURVE('',#5322,#6897);
#6897 = DEFINITIONAL_REPRESENTATION('',(#6898),#6902);
#6898 = LINE('',#6899,#6900);
#6899 = CARTESIAN_POINT('',(1.570796326795,0.));
#6900 = VECTOR('',#6901,1.);
#6901 = DIRECTION('',(0.,1.));
#6902 = ( GEOMETRIC_REPRESENTATION_CONTEXT(2) 
PARAMETRIC_REPRESENTATION_CONTEXT() REPRESENTATION_CONTEXT('2D SPACE',''
  ) );
#6903 = PCURVE('',#5354,#6904);
#6904 = DEFINITIONAL_REPRESENTATION('',(#6905),#6909);
#6905 = LINE('',#6906,#6907);
#6906 = CARTESIAN_POINT('',(-0.,0.));
#6907 = VECTOR('',#6908,1.);
#6908 = DIRECTION('',(-1.,0.));
#6909 = ( GEOMETRIC_REPRESENTATION_CONTEXT(2) 
PARAMETRIC_REPRESENTATION_CONTEXT() REPRESENTATION_CONTEXT('2D SPACE',''
  ) );
#6910 = ORIENTED_EDGE('',*,*,#6911,.F.);
#6911 = EDGE_CURVE('',#6714,#6888,#6912,.T.);
#6912 = SURFACE_CURVE('',#6913,(#6918,#6925),.PCURVE_S1.);
#6913 = CIRCLE('',#6914,0.3);
#6914 = AXIS2_PLACEMENT_3D('',#6915,#6916,#6917);
#6915 = CARTESIAN_POINT('',(71.27,-4.23,-9.));
#6916 = DIRECTION('',(1.,0.,0.));
#6917 = DIRECTION('',(0.,-1.,0.));
#6918 = PCURVE('',#5322,#6919);
#6919 = DEFINITIONAL_REPRESENTATION('',(#6920),#6924);
#6920 = LINE('',#6921,#6922);
#6921 = CARTESIAN_POINT('',(0.,1.570796326795));
#6922 = VECTOR('',#6923,1.);
#6923 = DIRECTION('',(1.,0.));
#6924 = ( GEOMETRIC_REPRESENTATION_CONTEXT(2) 
PARAMETRIC_REPRESENTATION_CONTEXT() REPRESENTATION_CONTEXT('2D SPACE',''
  ) );
#6925 = PCURVE('',#6729,#6926);
#6926 = DEFINITIONAL_REPRESENTATION('',(#6927),#6931);
#6927 = CIRCLE('',#6928,0.3);
#6928 = AXIS2_PLACEMENT_2D('',#6929,#6930);
#6929 = CARTESIAN_POINT('',(0.5,-0.5));
#6930 = DIRECTION('',(0.,1.));
#6931 = ( GEOMETRIC_REPRESENTATION_CONTEXT(2) 
PARAMETRIC_REPRESENTATION_CONTEXT() REPRESENTATION_CONTEXT('2D SPACE',''
  ) );
#6932 = ADVANCED_FACE('',(#6933),#5354,.F.);
#6933 = FACE_BOUND('',#6934,.T.);
#6934 = EDGE_LOOP('',(#6935,#6936,#6959,#6986));
#6935 = ORIENTED_EDGE('',*,*,#6887,.T.);
#6936 = ORIENTED_EDGE('',*,*,#6937,.T.);
#6937 = EDGE_CURVE('',#6888,#6938,#6940,.T.);
#6938 = VERTEX_POINT('',#6939);
#6939 = CARTESIAN_POINT('',(71.27,4.23,-9.3));
#6940 = SURFACE_CURVE('',#6941,(#6945,#6952),.PCURVE_S1.);
#6941 = LINE('',#6942,#6943);
#6942 = CARTESIAN_POINT('',(71.27,-4.23,-9.3));
#6943 = VECTOR('',#6944,1.);
#6944 = DIRECTION('',(0.,1.,0.));
#6945 = PCURVE('',#5354,#6946);
#6946 = DEFINITIONAL_REPRESENTATION('',(#6947),#6951);
#6947 = LINE('',#6948,#6949);
#6948 = CARTESIAN_POINT('',(-1.570796326795,0.));
#6949 = VECTOR('',#6950,1.);
#6950 = DIRECTION('',(-0.,1.));
#6951 = ( GEOMETRIC_REPRESENTATION_CONTEXT(2) 
PARAMETRIC_REPRESENTATION_CONTEXT() REPRESENTATION_CONTEXT('2D SPACE',''
  ) );
#6952 = PCURVE('',#6729,#6953);
#6953 = DEFINITIONAL_REPRESENTATION('',(#6954),#6958);
#6954 = LINE('',#6955,#6956);
#6955 = CARTESIAN_POINT('',(0.2,-0.5));
#6956 = VECTOR('',#6957,1.);
#6957 = DIRECTION('',(0.,-1.));
#6958 = ( GEOMETRIC_REPRESENTATION_CONTEXT(2) 
PARAMETRIC_REPRESENTATION_CONTEXT() REPRESENTATION_CONTEXT('2D SPACE',''
  ) );
#6959 = ORIENTED_EDGE('',*,*,#6960,.F.);
#6960 = EDGE_CURVE('',#5339,#6938,#6961,.T.);
#6961 = SURFACE_CURVE('',#6962,(#6967,#6974),.PCURVE_S1.);
#6962 = CIRCLE('',#6963,0.25);
#6963 = AXIS2_PLACEMENT_3D('',#6964,#6965,#6966);
#6964 = CARTESIAN_POINT('',(71.02,4.23,-9.3));
#6965 = DIRECTION('',(0.,-1.,0.));
#6966 = DIRECTION('',(0.,0.,-1.));
#6967 = PCURVE('',#5354,#6968);
#6968 = DEFINITIONAL_REPRESENTATION('',(#6969),#6973);
#6969 = LINE('',#6970,#6971);
#6970 = CARTESIAN_POINT('',(-0.,8.46));
#6971 = VECTOR('',#6972,1.);
#6972 = DIRECTION('',(-1.,0.));
#6973 = ( GEOMETRIC_REPRESENTATION_CONTEXT(2) 
PARAMETRIC_REPRESENTATION_CONTEXT() REPRESENTATION_CONTEXT('2D SPACE',''
  ) );
#6974 = PCURVE('',#6975,#6980);
#6975 = TOROIDAL_SURFACE('',#6976,0.3,0.25);
#6976 = AXIS2_PLACEMENT_3D('',#6977,#6978,#6979);
#6977 = CARTESIAN_POINT('',(71.02,4.23,-9.));
#6978 = DIRECTION('',(1.,0.,0.));
#6979 = DIRECTION('',(0.,0.,-1.));
#6980 = DEFINITIONAL_REPRESENTATION('',(#6981),#6985);
#6981 = LINE('',#6982,#6983);
#6982 = CARTESIAN_POINT('',(0.,0.));
#6983 = VECTOR('',#6984,1.);
#6984 = DIRECTION('',(0.,1.));
#6985 = ( GEOMETRIC_REPRESENTATION_CONTEXT(2) 
PARAMETRIC_REPRESENTATION_CONTEXT() REPRESENTATION_CONTEXT('2D SPACE',''
  ) );
#6986 = ORIENTED_EDGE('',*,*,#5338,.F.);
#6987 = ADVANCED_FACE('',(#6988),#5380,.F.);
#6988 = FACE_BOUND('',#6989,.T.);
#6989 = EDGE_LOOP('',(#6990,#7013,#7014,#7015));
#6990 = ORIENTED_EDGE('',*,*,#6991,.F.);
#6991 = EDGE_CURVE('',#5399,#6992,#6994,.T.);
#6992 = VERTEX_POINT('',#6993);
#6993 = CARTESIAN_POINT('',(71.02,4.78,-9.));
#6994 = SURFACE_CURVE('',#6995,(#6999,#7006),.PCURVE_S1.);
#6995 = LINE('',#6996,#6997);
#6996 = CARTESIAN_POINT('',(66.6,4.78,-9.));
#6997 = VECTOR('',#6998,1.);
#6998 = DIRECTION('',(1.,0.,0.));
#6999 = PCURVE('',#5380,#7000);
#7000 = DEFINITIONAL_REPRESENTATION('',(#7001),#7005);
#7001 = LINE('',#7002,#7003);
#7002 = CARTESIAN_POINT('',(-0.,0.));
#7003 = VECTOR('',#7004,1.);
#7004 = DIRECTION('',(-0.,1.));
#7005 = ( GEOMETRIC_REPRESENTATION_CONTEXT(2) 
PARAMETRIC_REPRESENTATION_CONTEXT() REPRESENTATION_CONTEXT('2D SPACE',''
  ) );
#7006 = PCURVE('',#6182,#7007);
#7007 = DEFINITIONAL_REPRESENTATION('',(#7008),#7012);
#7008 = LINE('',#7009,#7010);
#7009 = CARTESIAN_POINT('',(-4.496291211176,0.182661830454));
#7010 = VECTOR('',#7011,1.);
#7011 = DIRECTION('',(4.059151787867E-02,0.999175824706));
#7012 = ( GEOMETRIC_REPRESENTATION_CONTEXT(2) 
PARAMETRIC_REPRESENTATION_CONTEXT() REPRESENTATION_CONTEXT('2D SPACE',''
  ) );
#7013 = ORIENTED_EDGE('',*,*,#5422,.F.);
#7014 = ORIENTED_EDGE('',*,*,#5366,.T.);
#7015 = ORIENTED_EDGE('',*,*,#7016,.T.);
#7016 = EDGE_CURVE('',#5339,#6992,#7017,.T.);
#7017 = SURFACE_CURVE('',#7018,(#7023,#7030),.PCURVE_S1.);
#7018 = CIRCLE('',#7019,0.55);
#7019 = AXIS2_PLACEMENT_3D('',#7020,#7021,#7022);
#7020 = CARTESIAN_POINT('',(71.02,4.23,-9.));
#7021 = DIRECTION('',(1.,-0.,0.));
#7022 = DIRECTION('',(0.,0.,-1.));
#7023 = PCURVE('',#5380,#7024);
#7024 = DEFINITIONAL_REPRESENTATION('',(#7025),#7029);
#7025 = LINE('',#7026,#7027);
#7026 = CARTESIAN_POINT('',(-1.570796326795,4.42));
#7027 = VECTOR('',#7028,1.);
#7028 = DIRECTION('',(1.,-0.));
#7029 = ( GEOMETRIC_REPRESENTATION_CONTEXT(2) 
PARAMETRIC_REPRESENTATION_CONTEXT() REPRESENTATION_CONTEXT('2D SPACE',''
  ) );
#7030 = PCURVE('',#6975,#7031);
#7031 = DEFINITIONAL_REPRESENTATION('',(#7032),#7036);
#7032 = LINE('',#7033,#7034);
#7033 = CARTESIAN_POINT('',(0.,0.));
#7034 = VECTOR('',#7035,1.);
#7035 = DIRECTION('',(1.,0.));
#7036 = ( GEOMETRIC_REPRESENTATION_CONTEXT(2) 
PARAMETRIC_REPRESENTATION_CONTEXT() REPRESENTATION_CONTEXT('2D SPACE',''
  ) );
#7037 = ADVANCED_FACE('',(#7038),#5513,.F.);
#7038 = FACE_BOUND('',#7039,.F.);
#7039 = EDGE_LOOP('',(#7040,#7058,#7081,#7099));
#7040 = ORIENTED_EDGE('',*,*,#7041,.F.);
#7041 = EDGE_CURVE('',#6809,#5448,#7042,.T.);
#7042 = SURFACE_CURVE('',#7043,(#7046,#7052),.PCURVE_S1.);
#7043 = B_SPLINE_CURVE_WITH_KNOTS('',1,(#7044,#7045),.UNSPECIFIED.,.F.,
  .F.,(2,2),(0.,1.),.PIECEWISE_BEZIER_KNOTS.);
#7044 = CARTESIAN_POINT('',(71.854728110616,-4.53,9.798487069739));
#7045 = CARTESIAN_POINT('',(73.00690273348,-4.53,14.755804251283));
#7046 = PCURVE('',#5513,#7047);
#7047 = DEFINITIONAL_REPRESENTATION('',(#7048),#7051);
#7048 = B_SPLINE_CURVE_WITH_KNOTS('',1,(#7049,#7050),.UNSPECIFIED.,.F.,
  .F.,(2,2),(0.,1.),.PIECEWISE_BEZIER_KNOTS.);
#7049 = CARTESIAN_POINT('',(1.2,-5.089449872039));
#7050 = CARTESIAN_POINT('',(1.2,0.));
#7051 = ( GEOMETRIC_REPRESENTATION_CONTEXT(2) 
PARAMETRIC_REPRESENTATION_CONTEXT() REPRESENTATION_CONTEXT('2D SPACE',''
  ) );
#7052 = PCURVE('',#5650,#7053);
#7053 = DEFINITIONAL_REPRESENTATION('',(#7054),#7057);
#7054 = B_SPLINE_CURVE_WITH_KNOTS('',1,(#7055,#7056),.UNSPECIFIED.,.F.,
  .F.,(2,2),(0.,1.),.PIECEWISE_BEZIER_KNOTS.);
#7055 = CARTESIAN_POINT('',(1.570796326795,0.));
#7056 = CARTESIAN_POINT('',(1.570796326795,5.));
#7057 = ( GEOMETRIC_REPRESENTATION_CONTEXT(2) 
PARAMETRIC_REPRESENTATION_CONTEXT() REPRESENTATION_CONTEXT('2D SPACE',''
  ) );
#7058 = ORIENTED_EDGE('',*,*,#7059,.F.);
#7059 = EDGE_CURVE('',#7060,#6809,#7062,.T.);
#7060 = VERTEX_POINT('',#7061);
#7061 = CARTESIAN_POINT('',(71.854728110616,4.53,9.798487069739));
#7062 = SURFACE_CURVE('',#7063,(#7067,#7074),.PCURVE_S1.);
#7063 = LINE('',#7064,#7065);
#7064 = CARTESIAN_POINT('',(71.854728110616,-252.365,9.798487069739));
#7065 = VECTOR('',#7066,1.);
#7066 = DIRECTION('',(0.,-1.,0.));
#7067 = PCURVE('',#5513,#7068);
#7068 = DEFINITIONAL_REPRESENTATION('',(#7069),#7073);
#7069 = LINE('',#7070,#7071);
#7070 = CARTESIAN_POINT('',(-246.635,-5.089449872039));
#7071 = VECTOR('',#7072,1.);
#7072 = DIRECTION('',(-1.,0.));
#7073 = ( GEOMETRIC_REPRESENTATION_CONTEXT(2) 
PARAMETRIC_REPRESENTATION_CONTEXT() REPRESENTATION_CONTEXT('2D SPACE',''
  ) );
#7074 = PCURVE('',#6848,#7075);
#7075 = DEFINITIONAL_REPRESENTATION('',(#7076),#7080);
#7076 = LINE('',#7077,#7078);
#7077 = CARTESIAN_POINT('',(14.5,247.635));
#7078 = VECTOR('',#7079,1.);
#7079 = DIRECTION('',(0.,1.));
#7080 = ( GEOMETRIC_REPRESENTATION_CONTEXT(2) 
PARAMETRIC_REPRESENTATION_CONTEXT() REPRESENTATION_CONTEXT('2D SPACE',''
  ) );
#7081 = ORIENTED_EDGE('',*,*,#7082,.T.);
#7082 = EDGE_CURVE('',#7060,#5498,#7083,.T.);
#7083 = SURFACE_CURVE('',#7084,(#7087,#7093),.PCURVE_S1.);
#7084 = B_SPLINE_CURVE_WITH_KNOTS('',1,(#7085,#7086),.UNSPECIFIED.,.F.,
  .F.,(2,2),(0.,1.),.PIECEWISE_BEZIER_KNOTS.);
#7085 = CARTESIAN_POINT('',(71.854728110616,4.53,9.798487069739));
#7086 = CARTESIAN_POINT('',(73.00690273348,4.53,14.755804251283));
#7087 = PCURVE('',#5513,#7088);
#7088 = DEFINITIONAL_REPRESENTATION('',(#7089),#7092);
#7089 = B_SPLINE_CURVE_WITH_KNOTS('',1,(#7090,#7091),.UNSPECIFIED.,.F.,
  .F.,(2,2),(0.,1.),.PIECEWISE_BEZIER_KNOTS.);
#7090 = CARTESIAN_POINT('',(10.26,-5.089449872039));
#7091 = CARTESIAN_POINT('',(10.26,0.));
#7092 = ( GEOMETRIC_REPRESENTATION_CONTEXT(2) 
PARAMETRIC_REPRESENTATION_CONTEXT() REPRESENTATION_CONTEXT('2D SPACE',''
  ) );
#7093 = PCURVE('',#5772,#7094);
#7094 = DEFINITIONAL_REPRESENTATION('',(#7095),#7098);
#7095 = B_SPLINE_CURVE_WITH_KNOTS('',1,(#7096,#7097),.UNSPECIFIED.,.F.,
  .F.,(2,2),(0.,1.),.PIECEWISE_BEZIER_KNOTS.);
#7096 = CARTESIAN_POINT('',(4.712388980385,0.));
#7097 = CARTESIAN_POINT('',(4.712388980385,5.));
#7098 = ( GEOMETRIC_REPRESENTATION_CONTEXT(2) 
PARAMETRIC_REPRESENTATION_CONTEXT() REPRESENTATION_CONTEXT('2D SPACE',''
  ) );
#7099 = ORIENTED_EDGE('',*,*,#5497,.F.);
#7100 = ADVANCED_FACE('',(#7101),#5650,.F.);
#7101 = FACE_BOUND('',#7102,.F.);
#7102 = EDGE_LOOP('',(#7103,#7104,#7105,#7106));
#7103 = ORIENTED_EDGE('',*,*,#6785,.F.);
#7104 = ORIENTED_EDGE('',*,*,#6808,.F.);
#7105 = ORIENTED_EDGE('',*,*,#7041,.T.);
#7106 = ORIENTED_EDGE('',*,*,#5627,.F.);
#7107 = ADVANCED_FACE('',(#7108),#5772,.F.);
#7108 = FACE_BOUND('',#7109,.F.);
#7109 = EDGE_LOOP('',(#7110,#7111,#7140,#7158));
#7110 = ORIENTED_EDGE('',*,*,#7082,.F.);
#7111 = ORIENTED_EDGE('',*,*,#7112,.T.);
#7112 = EDGE_CURVE('',#7060,#7113,#7115,.T.);
#7113 = VERTEX_POINT('',#7114);
#7114 = CARTESIAN_POINT('',(71.60493415444,4.78,9.808634949209));
#7115 = SURFACE_CURVE('',#7116,(#7121,#7128),.PCURVE_S1.);
#7116 = CIRCLE('',#7117,0.25);
#7117 = AXIS2_PLACEMENT_3D('',#7118,#7119,#7120);
#7118 = CARTESIAN_POINT('',(71.60493415444,4.53,9.808634949209));
#7119 = DIRECTION('',(4.059151787867E-02,-0.,0.999175824706));
#7120 = DIRECTION('',(0.,1.,0.));
#7121 = PCURVE('',#5772,#7122);
#7122 = DEFINITIONAL_REPRESENTATION('',(#7123),#7127);
#7123 = LINE('',#7124,#7125);
#7124 = CARTESIAN_POINT('',(0.,0.));
#7125 = VECTOR('',#7126,1.);
#7126 = DIRECTION('',(1.,0.));
#7127 = ( GEOMETRIC_REPRESENTATION_CONTEXT(2) 
PARAMETRIC_REPRESENTATION_CONTEXT() REPRESENTATION_CONTEXT('2D SPACE',''
  ) );
#7128 = PCURVE('',#7129,#7134);
#7129 = CYLINDRICAL_SURFACE('',#7130,0.25);
#7130 = AXIS2_PLACEMENT_3D('',#7131,#7132,#7133);
#7131 = CARTESIAN_POINT('',(71.036652904138,4.53,-4.179826596671));
#7132 = DIRECTION('',(4.059151787867E-02,0.,0.999175824706));
#7133 = DIRECTION('',(0.,1.,0.));
#7134 = DEFINITIONAL_REPRESENTATION('',(#7135),#7139);
#7135 = LINE('',#7136,#7137);
#7136 = CARTESIAN_POINT('',(-6.28318530718,14.));
#7137 = VECTOR('',#7138,1.);
#7138 = DIRECTION('',(1.,-0.));
#7139 = ( GEOMETRIC_REPRESENTATION_CONTEXT(2) 
PARAMETRIC_REPRESENTATION_CONTEXT() REPRESENTATION_CONTEXT('2D SPACE',''
  ) );
#7140 = ORIENTED_EDGE('',*,*,#7141,.T.);
#7141 = EDGE_CURVE('',#7113,#5748,#7142,.T.);
#7142 = SURFACE_CURVE('',#7143,(#7146,#7152),.PCURVE_S1.);
#7143 = B_SPLINE_CURVE_WITH_KNOTS('',1,(#7144,#7145),.UNSPECIFIED.,.F.,
  .F.,(2,2),(0.,1.),.PIECEWISE_BEZIER_KNOTS.);
#7144 = CARTESIAN_POINT('',(71.60493415444,4.78,9.808634949209));
#7145 = CARTESIAN_POINT('',(71.807891743833,5.73,14.804514072737));
#7146 = PCURVE('',#5772,#7147);
#7147 = DEFINITIONAL_REPRESENTATION('',(#7148),#7151);
#7148 = B_SPLINE_CURVE_WITH_KNOTS('',1,(#7149,#7150),.UNSPECIFIED.,.F.,
  .F.,(2,2),(0.,1.),.PIECEWISE_BEZIER_KNOTS.);
#7149 = CARTESIAN_POINT('',(6.28318530718,0.));
#7150 = CARTESIAN_POINT('',(6.28318530718,5.));
#7151 = ( GEOMETRIC_REPRESENTATION_CONTEXT(2) 
PARAMETRIC_REPRESENTATION_CONTEXT() REPRESENTATION_CONTEXT('2D SPACE',''
  ) );
#7152 = PCURVE('',#5960,#7153);
#7153 = DEFINITIONAL_REPRESENTATION('',(#7154),#7157);
#7154 = B_SPLINE_CURVE_WITH_KNOTS('',1,(#7155,#7156),.UNSPECIFIED.,.F.,
  .F.,(2,2),(0.,1.),.PIECEWISE_BEZIER_KNOTS.);
#7155 = CARTESIAN_POINT('',(1.2,-5.089449872039));
#7156 = CARTESIAN_POINT('',(1.2,0.));
#7157 = ( GEOMETRIC_REPRESENTATION_CONTEXT(2) 
PARAMETRIC_REPRESENTATION_CONTEXT() REPRESENTATION_CONTEXT('2D SPACE',''
  ) );
#7158 = ORIENTED_EDGE('',*,*,#5747,.F.);
#7159 = ADVANCED_FACE('',(#7160),#5960,.F.);
#7160 = FACE_BOUND('',#7161,.F.);
#7161 = EDGE_LOOP('',(#7162,#7163,#7186,#7204));
#7162 = ORIENTED_EDGE('',*,*,#7141,.F.);
#7163 = ORIENTED_EDGE('',*,*,#7164,.F.);
#7164 = EDGE_CURVE('',#7165,#7113,#7167,.T.);
#7165 = VERTEX_POINT('',#7166);
#7166 = CARTESIAN_POINT('',(67.388412174182,4.78,9.979931154657));
#7167 = SURFACE_CURVE('',#7168,(#7172,#7179),.PCURVE_S1.);
#7168 = LINE('',#7169,#7170);
#7169 = CARTESIAN_POINT('',(-181.4513310896,4.78,20.08904572475));
#7170 = VECTOR('',#7171,1.);
#7171 = DIRECTION('',(0.999175824706,0.,-4.059151787867E-02));
#7172 = PCURVE('',#5960,#7173);
#7173 = DEFINITIONAL_REPRESENTATION('',(#7174),#7178);
#7174 = LINE('',#7175,#7176);
#7175 = CARTESIAN_POINT('',(254.465,-5.089449872039));
#7176 = VECTOR('',#7177,1.);
#7177 = DIRECTION('',(-1.,0.));
#7178 = ( GEOMETRIC_REPRESENTATION_CONTEXT(2) 
PARAMETRIC_REPRESENTATION_CONTEXT() REPRESENTATION_CONTEXT('2D SPACE',''
  ) );
#7179 = PCURVE('',#6182,#7180);
#7180 = DEFINITIONAL_REPRESENTATION('',(#7181),#7185);
#7181 = LINE('',#7182,#7183);
#7182 = CARTESIAN_POINT('',(14.5,-248.845));
#7183 = VECTOR('',#7184,1.);
#7184 = DIRECTION('',(1.025713543303E-18,1.));
#7185 = ( GEOMETRIC_REPRESENTATION_CONTEXT(2) 
PARAMETRIC_REPRESENTATION_CONTEXT() REPRESENTATION_CONTEXT('2D SPACE',''
  ) );
#7186 = ORIENTED_EDGE('',*,*,#7187,.T.);
#7187 = EDGE_CURVE('',#7165,#5945,#7188,.T.);
#7188 = SURFACE_CURVE('',#7189,(#7192,#7198),.PCURVE_S1.);
#7189 = B_SPLINE_CURVE_WITH_KNOTS('',1,(#7190,#7191),.UNSPECIFIED.,.F.,
  .F.,(2,2),(0.,1.),.PIECEWISE_BEZIER_KNOTS.);
#7190 = CARTESIAN_POINT('',(67.388412174182,4.78,9.979931154657));
#7191 = CARTESIAN_POINT('',(67.591369763575,5.73,14.975810278185));
#7192 = PCURVE('',#5960,#7193);
#7193 = DEFINITIONAL_REPRESENTATION('',(#7194),#7197);
#7194 = B_SPLINE_CURVE_WITH_KNOTS('',1,(#7195,#7196),.UNSPECIFIED.,.F.,
  .F.,(2,2),(0.,1.),.PIECEWISE_BEZIER_KNOTS.);
#7195 = CARTESIAN_POINT('',(5.42,-5.089449872039));
#7196 = CARTESIAN_POINT('',(5.42,0.));
#7197 = ( GEOMETRIC_REPRESENTATION_CONTEXT(2) 
PARAMETRIC_REPRESENTATION_CONTEXT() REPRESENTATION_CONTEXT('2D SPACE',''
  ) );
#7198 = PCURVE('',#6089,#7199);
#7199 = DEFINITIONAL_REPRESENTATION('',(#7200),#7203);
#7200 = B_SPLINE_CURVE_WITH_KNOTS('',1,(#7201,#7202),.UNSPECIFIED.,.F.,
  .F.,(2,2),(0.,1.),.PIECEWISE_BEZIER_KNOTS.);
#7201 = CARTESIAN_POINT('',(4.712388980385,0.));
#7202 = CARTESIAN_POINT('',(4.712388980385,5.));
#7203 = ( GEOMETRIC_REPRESENTATION_CONTEXT(2) 
PARAMETRIC_REPRESENTATION_CONTEXT() REPRESENTATION_CONTEXT('2D SPACE',''
  ) );
#7204 = ORIENTED_EDGE('',*,*,#5944,.F.);
#7205 = ADVANCED_FACE('',(#7206),#6046,.F.);
#7206 = FACE_BOUND('',#7207,.F.);
#7207 = EDGE_LOOP('',(#7208,#7226,#7227,#7228));
#7208 = ORIENTED_EDGE('',*,*,#7209,.F.);
#7209 = EDGE_CURVE('',#6300,#6001,#7210,.T.);
#7210 = SURFACE_CURVE('',#7211,(#7214,#7220),.PCURVE_S1.);
#7211 = B_SPLINE_CURVE_WITH_KNOTS('',1,(#7212,#7213),.UNSPECIFIED.,.F.,
  .F.,(2,2),(0.,1.),.PIECEWISE_BEZIER_KNOTS.);
#7212 = CARTESIAN_POINT('',(67.138618218005,-4.53,9.990079034127));
#7213 = CARTESIAN_POINT('',(66.392358773928,-4.53,15.02452009964));
#7214 = PCURVE('',#6046,#7215);
#7215 = DEFINITIONAL_REPRESENTATION('',(#7216),#7219);
#7216 = B_SPLINE_CURVE_WITH_KNOTS('',1,(#7217,#7218),.UNSPECIFIED.,.F.,
  .F.,(2,2),(0.,1.),.PIECEWISE_BEZIER_KNOTS.);
#7217 = CARTESIAN_POINT('',(0.,0.));
#7218 = CARTESIAN_POINT('',(0.,5.));
#7219 = ( GEOMETRIC_REPRESENTATION_CONTEXT(2) 
PARAMETRIC_REPRESENTATION_CONTEXT() REPRESENTATION_CONTEXT('2D SPACE',''
  ) );
#7220 = PCURVE('',#6150,#7221);
#7221 = DEFINITIONAL_REPRESENTATION('',(#7222),#7225);
#7222 = B_SPLINE_CURVE_WITH_KNOTS('',1,(#7223,#7224),.UNSPECIFIED.,.F.,
  .F.,(2,2),(0.,1.),.PIECEWISE_BEZIER_KNOTS.);
#7223 = CARTESIAN_POINT('',(10.26,-5.089449872039));
#7224 = CARTESIAN_POINT('',(10.26,0.));
#7225 = ( GEOMETRIC_REPRESENTATION_CONTEXT(2) 
PARAMETRIC_REPRESENTATION_CONTEXT() REPRESENTATION_CONTEXT('2D SPACE',''
  ) );
#7226 = ORIENTED_EDGE('',*,*,#6373,.F.);
#7227 = ORIENTED_EDGE('',*,*,#6766,.T.);
#7228 = ORIENTED_EDGE('',*,*,#6028,.F.);
#7229 = ADVANCED_FACE('',(#7230),#6089,.F.);
#7230 = FACE_BOUND('',#7231,.F.);
#7231 = EDGE_LOOP('',(#7232,#7233,#7255,#7273));
#7232 = ORIENTED_EDGE('',*,*,#7187,.F.);
#7233 = ORIENTED_EDGE('',*,*,#7234,.T.);
#7234 = EDGE_CURVE('',#7165,#6326,#7235,.T.);
#7235 = SURFACE_CURVE('',#7236,(#7241,#7248),.PCURVE_S1.);
#7236 = CIRCLE('',#7237,0.25);
#7237 = AXIS2_PLACEMENT_3D('',#7238,#7239,#7240);
#7238 = CARTESIAN_POINT('',(67.388412174182,4.53,9.979931154657));
#7239 = DIRECTION('',(4.059151787867E-02,0.,0.999175824706));
#7240 = DIRECTION('',(-0.999175824706,0.,4.059151787867E-02));
#7241 = PCURVE('',#6089,#7242);
#7242 = DEFINITIONAL_REPRESENTATION('',(#7243),#7247);
#7243 = LINE('',#7244,#7245);
#7244 = CARTESIAN_POINT('',(0.,0.));
#7245 = VECTOR('',#7246,1.);
#7246 = DIRECTION('',(1.,0.));
#7247 = ( GEOMETRIC_REPRESENTATION_CONTEXT(2) 
PARAMETRIC_REPRESENTATION_CONTEXT() REPRESENTATION_CONTEXT('2D SPACE',''
  ) );
#7248 = PCURVE('',#6278,#7249);
#7249 = DEFINITIONAL_REPRESENTATION('',(#7250),#7254);
#7250 = LINE('',#7251,#7252);
#7251 = CARTESIAN_POINT('',(-6.28318530718,14.));
#7252 = VECTOR('',#7253,1.);
#7253 = DIRECTION('',(1.,-0.));
#7254 = ( GEOMETRIC_REPRESENTATION_CONTEXT(2) 
PARAMETRIC_REPRESENTATION_CONTEXT() REPRESENTATION_CONTEXT('2D SPACE',''
  ) );
#7255 = ORIENTED_EDGE('',*,*,#7256,.T.);
#7256 = EDGE_CURVE('',#6326,#6070,#7257,.T.);
#7257 = SURFACE_CURVE('',#7258,(#7261,#7267),.PCURVE_S1.);
#7258 = B_SPLINE_CURVE_WITH_KNOTS('',1,(#7259,#7260),.UNSPECIFIED.,.F.,
  .F.,(2,2),(0.,1.),.PIECEWISE_BEZIER_KNOTS.);
#7259 = CARTESIAN_POINT('',(67.138618218005,4.53,9.990079034127));
#7260 = CARTESIAN_POINT('',(66.392358773928,4.53,15.02452009964));
#7261 = PCURVE('',#6089,#7262);
#7262 = DEFINITIONAL_REPRESENTATION('',(#7263),#7266);
#7263 = B_SPLINE_CURVE_WITH_KNOTS('',1,(#7264,#7265),.UNSPECIFIED.,.F.,
  .F.,(2,2),(0.,1.),.PIECEWISE_BEZIER_KNOTS.);
#7264 = CARTESIAN_POINT('',(6.28318530718,0.));
#7265 = CARTESIAN_POINT('',(6.28318530718,5.));
#7266 = ( GEOMETRIC_REPRESENTATION_CONTEXT(2) 
PARAMETRIC_REPRESENTATION_CONTEXT() REPRESENTATION_CONTEXT('2D SPACE',''
  ) );
#7267 = PCURVE('',#6150,#7268);
#7268 = DEFINITIONAL_REPRESENTATION('',(#7269),#7272);
#7269 = B_SPLINE_CURVE_WITH_KNOTS('',1,(#7270,#7271),.UNSPECIFIED.,.F.,
  .F.,(2,2),(0.,1.),.PIECEWISE_BEZIER_KNOTS.);
#7270 = CARTESIAN_POINT('',(1.2,-5.089449872039));
#7271 = CARTESIAN_POINT('',(1.2,0.));
#7272 = ( GEOMETRIC_REPRESENTATION_CONTEXT(2) 
PARAMETRIC_REPRESENTATION_CONTEXT() REPRESENTATION_CONTEXT('2D SPACE',''
  ) );
#7273 = ORIENTED_EDGE('',*,*,#6069,.F.);
#7274 = ADVANCED_FACE('',(#7275),#6150,.F.);
#7275 = FACE_BOUND('',#7276,.F.);
#7276 = EDGE_LOOP('',(#7277,#7278,#7279,#7280));
#7277 = ORIENTED_EDGE('',*,*,#7256,.F.);
#7278 = ORIENTED_EDGE('',*,*,#6348,.T.);
#7279 = ORIENTED_EDGE('',*,*,#7209,.T.);
#7280 = ORIENTED_EDGE('',*,*,#6136,.F.);
#7281 = ADVANCED_FACE('',(#7282),#6182,.F.);
#7282 = FACE_BOUND('',#7283,.F.);
#7283 = EDGE_LOOP('',(#7284,#7314,#7340,#7341,#7342,#7343,#7364,#7365));
#7284 = ORIENTED_EDGE('',*,*,#7285,.F.);
#7285 = EDGE_CURVE('',#7286,#7288,#7290,.T.);
#7286 = VERTEX_POINT('',#7287);
#7287 = CARTESIAN_POINT('',(71.02,4.78,-4.17915007244));
#7288 = VERTEX_POINT('',#7289);
#7289 = CARTESIAN_POINT('',(71.036652904138,4.78,-4.179826596671));
#7290 = SURFACE_CURVE('',#7291,(#7295,#7302),.PCURVE_S1.);
#7291 = LINE('',#7292,#7293);
#7292 = CARTESIAN_POINT('',(66.620295758939,4.78,-4.000412087647));
#7293 = VECTOR('',#7294,1.);
#7294 = DIRECTION('',(0.999175824706,0.,-4.059151787867E-02));
#7295 = PCURVE('',#6182,#7296);
#7296 = DEFINITIONAL_REPRESENTATION('',(#7297),#7301);
#7297 = LINE('',#7298,#7299);
#7298 = CARTESIAN_POINT('',(0.5,-7.97574568577E-15));
#7299 = VECTOR('',#7300,1.);
#7300 = DIRECTION('',(1.025713543303E-18,1.));
#7301 = ( GEOMETRIC_REPRESENTATION_CONTEXT(2) 
PARAMETRIC_REPRESENTATION_CONTEXT() REPRESENTATION_CONTEXT('2D SPACE',''
  ) );
#7302 = PCURVE('',#7303,#7308);
#7303 = CYLINDRICAL_SURFACE('',#7304,0.55);
#7304 = AXIS2_PLACEMENT_3D('',#7305,#7306,#7307);
#7305 = CARTESIAN_POINT('',(66.620295758939,4.23,-4.000412087647));
#7306 = DIRECTION('',(0.999175824706,0.,-4.059151787867E-02));
#7307 = DIRECTION('',(0.,1.,0.));
#7308 = DEFINITIONAL_REPRESENTATION('',(#7309),#7313);
#7309 = LINE('',#7310,#7311);
#7310 = CARTESIAN_POINT('',(-0.,0.));
#7311 = VECTOR('',#7312,1.);
#7312 = DIRECTION('',(-0.,1.));
#7313 = ( GEOMETRIC_REPRESENTATION_CONTEXT(2) 
PARAMETRIC_REPRESENTATION_CONTEXT() REPRESENTATION_CONTEXT('2D SPACE',''
  ) );
#7314 = ORIENTED_EDGE('',*,*,#7315,.F.);
#7315 = EDGE_CURVE('',#6992,#7286,#7316,.T.);
#7316 = SURFACE_CURVE('',#7317,(#7321,#7328),.PCURVE_S1.);
#7317 = LINE('',#7318,#7319);
#7318 = CARTESIAN_POINT('',(71.02,4.78,-9.));
#7319 = VECTOR('',#7320,1.);
#7320 = DIRECTION('',(0.,0.,1.));
#7321 = PCURVE('',#6182,#7322);
#7322 = DEFINITIONAL_REPRESENTATION('',(#7323),#7327);
#7323 = LINE('',#7324,#7325);
#7324 = CARTESIAN_POINT('',(-4.316876702152,4.599018975653));
#7325 = VECTOR('',#7326,1.);
#7326 = DIRECTION('',(0.999175824706,-4.059151787867E-02));
#7327 = ( GEOMETRIC_REPRESENTATION_CONTEXT(2) 
PARAMETRIC_REPRESENTATION_CONTEXT() REPRESENTATION_CONTEXT('2D SPACE',''
  ) );
#7328 = PCURVE('',#7329,#7334);
#7329 = CYLINDRICAL_SURFACE('',#7330,0.25);
#7330 = AXIS2_PLACEMENT_3D('',#7331,#7332,#7333);
#7331 = CARTESIAN_POINT('',(71.02,4.53,-9.));
#7332 = DIRECTION('',(0.,0.,1.));
#7333 = DIRECTION('',(0.,1.,0.));
#7334 = DEFINITIONAL_REPRESENTATION('',(#7335),#7339);
#7335 = LINE('',#7336,#7337);
#7336 = CARTESIAN_POINT('',(-0.,0.));
#7337 = VECTOR('',#7338,1.);
#7338 = DIRECTION('',(-0.,1.));
#7339 = ( GEOMETRIC_REPRESENTATION_CONTEXT(2) 
PARAMETRIC_REPRESENTATION_CONTEXT() REPRESENTATION_CONTEXT('2D SPACE',''
  ) );
#7340 = ORIENTED_EDGE('',*,*,#6991,.F.);
#7341 = ORIENTED_EDGE('',*,*,#6168,.T.);
#7342 = ORIENTED_EDGE('',*,*,#6199,.T.);
#7343 = ORIENTED_EDGE('',*,*,#7344,.T.);
#7344 = EDGE_CURVE('',#6200,#7165,#7345,.T.);
#7345 = SURFACE_CURVE('',#7346,(#7350,#7357),.PCURVE_S1.);
#7346 = LINE('',#7347,#7348);
#7347 = CARTESIAN_POINT('',(66.82013092388,4.78,-4.008530391223));
#7348 = VECTOR('',#7349,1.);
#7349 = DIRECTION('',(4.059151787867E-02,0.,0.999175824706));
#7350 = PCURVE('',#6182,#7351);
#7351 = DEFINITIONAL_REPRESENTATION('',(#7352),#7356);
#7352 = LINE('',#7353,#7354);
#7353 = CARTESIAN_POINT('',(0.5,0.2));
#7354 = VECTOR('',#7355,1.);
#7355 = DIRECTION('',(1.,1.025713543303E-18));
#7356 = ( GEOMETRIC_REPRESENTATION_CONTEXT(2) 
PARAMETRIC_REPRESENTATION_CONTEXT() REPRESENTATION_CONTEXT('2D SPACE',''
  ) );
#7357 = PCURVE('',#6278,#7358);
#7358 = DEFINITIONAL_REPRESENTATION('',(#7359),#7363);
#7359 = LINE('',#7360,#7361);
#7360 = CARTESIAN_POINT('',(-1.570796326795,0.));
#7361 = VECTOR('',#7362,1.);
#7362 = DIRECTION('',(-0.,1.));
#7363 = ( GEOMETRIC_REPRESENTATION_CONTEXT(2) 
PARAMETRIC_REPRESENTATION_CONTEXT() REPRESENTATION_CONTEXT('2D SPACE',''
  ) );
#7364 = ORIENTED_EDGE('',*,*,#7164,.T.);
#7365 = ORIENTED_EDGE('',*,*,#7366,.F.);
#7366 = EDGE_CURVE('',#7288,#7113,#7367,.T.);
#7367 = SURFACE_CURVE('',#7368,(#7372,#7379),.PCURVE_S1.);
#7368 = LINE('',#7369,#7370);
#7369 = CARTESIAN_POINT('',(71.036652904138,4.78,-4.179826596671));
#7370 = VECTOR('',#7371,1.);
#7371 = DIRECTION('',(4.059151787867E-02,0.,0.999175824706));
#7372 = PCURVE('',#6182,#7373);
#7373 = DEFINITIONAL_REPRESENTATION('',(#7374),#7378);
#7374 = LINE('',#7375,#7376);
#7375 = CARTESIAN_POINT('',(0.5,4.42));
#7376 = VECTOR('',#7377,1.);
#7377 = DIRECTION('',(1.,1.025713543303E-18));
#7378 = ( GEOMETRIC_REPRESENTATION_CONTEXT(2) 
PARAMETRIC_REPRESENTATION_CONTEXT() REPRESENTATION_CONTEXT('2D SPACE',''
  ) );
#7379 = PCURVE('',#7129,#7380);
#7380 = DEFINITIONAL_REPRESENTATION('',(#7381),#7385);
#7381 = LINE('',#7382,#7383);
#7382 = CARTESIAN_POINT('',(-0.,0.));
#7383 = VECTOR('',#7384,1.);
#7384 = DIRECTION('',(-0.,1.));
#7385 = ( GEOMETRIC_REPRESENTATION_CONTEXT(2) 
PARAMETRIC_REPRESENTATION_CONTEXT() REPRESENTATION_CONTEXT('2D SPACE',''
  ) );
#7386 = ADVANCED_FACE('',(#7387),#6278,.F.);
#7387 = FACE_BOUND('',#7388,.T.);
#7388 = EDGE_LOOP('',(#7389,#7390,#7391,#7392));
#7389 = ORIENTED_EDGE('',*,*,#6325,.F.);
#7390 = ORIENTED_EDGE('',*,*,#6252,.T.);
#7391 = ORIENTED_EDGE('',*,*,#7344,.T.);
#7392 = ORIENTED_EDGE('',*,*,#7234,.T.);
#7393 = ADVANCED_FACE('',(#7394),#6526,.F.);
#7394 = FACE_BOUND('',#7395,.F.);
#7395 = EDGE_LOOP('',(#7396,#7458,#7487,#7509,#7510,#7511));
#7396 = ORIENTED_EDGE('',*,*,#7397,.F.);
#7397 = EDGE_CURVE('',#7398,#6544,#7400,.T.);
#7398 = VERTEX_POINT('',#7399);
#7399 = CARTESIAN_POINT('',(71.27,-4.23,-4.526671750537));
#7400 = SURFACE_CURVE('',#7401,(#7418,#7438),.PCURVE_S1.);
#7401 = B_SPLINE_CURVE_WITH_KNOTS('',8,(#7402,#7403,#7404,#7405,#7406,
    #7407,#7408,#7409,#7410,#7411,#7412,#7413,#7414,#7415,#7416,#7417),
  .UNSPECIFIED.,.F.,.F.,(9,7,9),(0.,0.441004748121,1.),.UNSPECIFIED.);
#7402 = CARTESIAN_POINT('',(71.27,-4.23,-4.526671750537));
#7403 = CARTESIAN_POINT('',(71.27,-4.259681393973,-4.526671750537));
#7404 = CARTESIAN_POINT('',(71.27,-4.289361928997,-4.524319477996));
#7405 = CARTESIAN_POINT('',(71.27,-4.318875650956,-4.519614890576));
#7406 = CARTESIAN_POINT('',(71.27,-4.348068257735,-4.512516957302));
#7407 = CARTESIAN_POINT('',(71.27,-4.376741879811,-4.502928234469));
#7408 = CARTESIAN_POINT('',(71.27,-4.404633278175,-4.49079490827));
#7409 = CARTESIAN_POINT('',(71.27,-4.43145602807,-4.47611110693));
#7410 = CARTESIAN_POINT('',(71.27,-4.48916979255,-4.437148171633));
#7411 = CARTESIAN_POINT('',(71.27,-4.519234191651,-4.411349783034));
#7412 = CARTESIAN_POINT('',(71.27,-4.546479606921,-4.381638800196));
#7413 = CARTESIAN_POINT('',(71.27,-4.570243189642,-4.348281592968));
#7414 = CARTESIAN_POINT('',(71.27,-4.589891322518,-4.311715562616));
#7415 = CARTESIAN_POINT('',(71.27,-4.604868353582,-4.272533873219));
#7416 = CARTESIAN_POINT('',(71.27,-4.614735869061,-4.23145734778));
#7417 = CARTESIAN_POINT('',(71.27,-4.619214727777,-4.18930632244));
#7418 = PCURVE('',#6526,#7419);
#7419 = DEFINITIONAL_REPRESENTATION('',(#7420),#7437);
#7420 = B_SPLINE_CURVE_WITH_KNOTS('',8,(#7421,#7422,#7423,#7424,#7425,
    #7426,#7427,#7428,#7429,#7430,#7431,#7432,#7433,#7434,#7435,#7436),
  .UNSPECIFIED.,.F.,.F.,(9,7,9),(0.,0.441004748121,1.),.UNSPECIFIED.);
#7421 = CARTESIAN_POINT('',(1.570796326795,1.421897211294));
#7422 = CARTESIAN_POINT('',(1.482743804665,1.421897211294));
#7423 = CARTESIAN_POINT('',(1.394694104592,1.419322603451));
#7424 = CARTESIAN_POINT('',(1.306762148955,1.41417424126));
#7425 = CARTESIAN_POINT('',(1.219038941868,1.40664962281));
#7426 = CARTESIAN_POINT('',(1.131575747676,1.397157580077));
#7427 = CARTESIAN_POINT('',(1.044389546838,1.38606182495));
#7428 = CARTESIAN_POINT('',(0.957474641583,1.373695165638));
#7429 = CARTESIAN_POINT('',(0.760947919334,1.343412348657));
#7430 = CARTESIAN_POINT('',(0.651468646887,1.324893866587));
#7431 = CARTESIAN_POINT('',(0.54233849968,1.305366903587));
#7432 = CARTESIAN_POINT('',(0.433508612639,1.285290680817));
#7433 = CARTESIAN_POINT('',(0.324918578816,1.265023039525));
#7434 = CARTESIAN_POINT('',(0.216504148944,1.244860579246));
#7435 = CARTESIAN_POINT('',(0.108208355185,1.225071239866));
#7436 = CARTESIAN_POINT('',(0.,1.205893082387));
#7437 = ( GEOMETRIC_REPRESENTATION_CONTEXT(2) 
PARAMETRIC_REPRESENTATION_CONTEXT() REPRESENTATION_CONTEXT('2D SPACE',''
  ) );
#7438 = PCURVE('',#6729,#7439);
#7439 = DEFINITIONAL_REPRESENTATION('',(#7440),#7457);
#7440 = B_SPLINE_CURVE_WITH_KNOTS('',8,(#7441,#7442,#7443,#7444,#7445,
    #7446,#7447,#7448,#7449,#7450,#7451,#7452,#7453,#7454,#7455,#7456),
  .UNSPECIFIED.,.F.,.F.,(9,7,9),(0.,0.441004748121,1.),.UNSPECIFIED.);
#7441 = CARTESIAN_POINT('',(4.973328249463,-0.5));
#7442 = CARTESIAN_POINT('',(4.973328249463,-0.470318606027));
#7443 = CARTESIAN_POINT('',(4.975680522004,-0.440638071003));
#7444 = CARTESIAN_POINT('',(4.980385109424,-0.411124349044));
#7445 = CARTESIAN_POINT('',(4.987483042698,-0.381931742265));
#7446 = CARTESIAN_POINT('',(4.997071765531,-0.353258120189));
#7447 = CARTESIAN_POINT('',(5.00920509173,-0.325366721825));
#7448 = CARTESIAN_POINT('',(5.02388889307,-0.29854397193));
#7449 = CARTESIAN_POINT('',(5.062851828367,-0.24083020745));
#7450 = CARTESIAN_POINT('',(5.088650216966,-0.210765808349));
#7451 = CARTESIAN_POINT('',(5.118361199804,-0.183520393079));
#7452 = CARTESIAN_POINT('',(5.151718407032,-0.159756810358));
#7453 = CARTESIAN_POINT('',(5.188284437384,-0.140108677482));
#7454 = CARTESIAN_POINT('',(5.227466126781,-0.125131646418));
#7455 = CARTESIAN_POINT('',(5.26854265222,-0.115264130939));
#7456 = CARTESIAN_POINT('',(5.31069367756,-0.110785272223));
#7457 = ( GEOMETRIC_REPRESENTATION_CONTEXT(2) 
PARAMETRIC_REPRESENTATION_CONTEXT() REPRESENTATION_CONTEXT('2D SPACE',''
  ) );
#7458 = ORIENTED_EDGE('',*,*,#7459,.T.);
#7459 = EDGE_CURVE('',#7398,#7460,#7462,.T.);
#7460 = VERTEX_POINT('',#7461);
#7461 = CARTESIAN_POINT('',(71.274269404951,-4.23,-4.489727223552));
#7462 = SURFACE_CURVE('',#7463,(#7468,#7475),.PCURVE_S1.);
#7463 = CIRCLE('',#7464,0.25);
#7464 = AXIS2_PLACEMENT_3D('',#7465,#7466,#7467);
#7465 = CARTESIAN_POINT('',(71.024475448775,-4.23,-4.479579344083));
#7466 = DIRECTION('',(2.485513622132E-18,-1.,6.118187377556E-17));
#7467 = DIRECTION('',(-4.059151787867E-02,-6.123233995737E-17,
    -0.999175824706));
#7468 = PCURVE('',#6526,#7469);
#7469 = DEFINITIONAL_REPRESENTATION('',(#7470),#7474);
#7470 = LINE('',#7471,#7472);
#7471 = CARTESIAN_POINT('',(1.570796326795,0.));
#7472 = VECTOR('',#7473,1.);
#7473 = DIRECTION('',(0.,1.));
#7474 = ( GEOMETRIC_REPRESENTATION_CONTEXT(2) 
PARAMETRIC_REPRESENTATION_CONTEXT() REPRESENTATION_CONTEXT('2D SPACE',''
  ) );
#7475 = PCURVE('',#7476,#7481);
#7476 = CYLINDRICAL_SURFACE('',#7477,0.25);
#7477 = AXIS2_PLACEMENT_3D('',#7478,#7479,#7480);
#7478 = CARTESIAN_POINT('',(71.024475448775,-4.23,-4.479579344083));
#7479 = DIRECTION('',(0.,1.,0.));
#7480 = DIRECTION('',(-4.059151787867E-02,0.,-0.999175824706));
#7481 = DEFINITIONAL_REPRESENTATION('',(#7482),#7486);
#7482 = LINE('',#7483,#7484);
#7483 = CARTESIAN_POINT('',(-0.,0.));
#7484 = VECTOR('',#7485,1.);
#7485 = DIRECTION('',(-1.,0.));
#7486 = ( GEOMETRIC_REPRESENTATION_CONTEXT(2) 
PARAMETRIC_REPRESENTATION_CONTEXT() REPRESENTATION_CONTEXT('2D SPACE',''
  ) );
#7487 = ORIENTED_EDGE('',*,*,#7488,.F.);
#7488 = EDGE_CURVE('',#6833,#7460,#7489,.T.);
#7489 = SURFACE_CURVE('',#7490,(#7495,#7502),.PCURVE_S1.);
#7490 = CIRCLE('',#7491,0.3);
#7491 = AXIS2_PLACEMENT_3D('',#7492,#7493,#7494);
#7492 = CARTESIAN_POINT('',(71.286446860315,-4.23,-4.189974476141));
#7493 = DIRECTION('',(0.999175824706,0.,-4.059151787867E-02));
#7494 = DIRECTION('',(0.,-1.,0.));
#7495 = PCURVE('',#6526,#7496);
#7496 = DEFINITIONAL_REPRESENTATION('',(#7497),#7501);
#7497 = LINE('',#7498,#7499);
#7498 = CARTESIAN_POINT('',(0.,1.570796326795));
#7499 = VECTOR('',#7500,1.);
#7500 = DIRECTION('',(1.,0.));
#7501 = ( GEOMETRIC_REPRESENTATION_CONTEXT(2) 
PARAMETRIC_REPRESENTATION_CONTEXT() REPRESENTATION_CONTEXT('2D SPACE',''
  ) );
#7502 = PCURVE('',#6848,#7503);
#7503 = DEFINITIONAL_REPRESENTATION('',(#7504),#7508);
#7504 = CIRCLE('',#7505,0.3);
#7505 = AXIS2_PLACEMENT_2D('',#7506,#7507);
#7506 = CARTESIAN_POINT('',(0.5,-0.5));
#7507 = DIRECTION('',(0.,1.));
#7508 = ( GEOMETRIC_REPRESENTATION_CONTEXT(2) 
PARAMETRIC_REPRESENTATION_CONTEXT() REPRESENTATION_CONTEXT('2D SPACE',''
  ) );
#7509 = ORIENTED_EDGE('',*,*,#6860,.F.);
#7510 = ORIENTED_EDGE('',*,*,#6511,.T.);
#7511 = ORIENTED_EDGE('',*,*,#6543,.T.);
#7512 = ADVANCED_FACE('',(#7513),#6729,.F.);
#7513 = FACE_BOUND('',#7514,.F.);
#7514 = EDGE_LOOP('',(#7515,#7516,#7517,#7541,#7564,#7631,#7650,#7651));
#7515 = ORIENTED_EDGE('',*,*,#6911,.T.);
#7516 = ORIENTED_EDGE('',*,*,#6937,.T.);
#7517 = ORIENTED_EDGE('',*,*,#7518,.T.);
#7518 = EDGE_CURVE('',#6938,#7519,#7521,.T.);
#7519 = VERTEX_POINT('',#7520);
#7520 = CARTESIAN_POINT('',(71.27,4.53,-9.));
#7521 = SURFACE_CURVE('',#7522,(#7527,#7534),.PCURVE_S1.);
#7522 = CIRCLE('',#7523,0.3);
#7523 = AXIS2_PLACEMENT_3D('',#7524,#7525,#7526);
#7524 = CARTESIAN_POINT('',(71.27,4.23,-9.));
#7525 = DIRECTION('',(1.,-0.,0.));
#7526 = DIRECTION('',(0.,0.,-1.));
#7527 = PCURVE('',#6729,#7528);
#7528 = DEFINITIONAL_REPRESENTATION('',(#7529),#7533);
#7529 = CIRCLE('',#7530,0.3);
#7530 = AXIS2_PLACEMENT_2D('',#7531,#7532);
#7531 = CARTESIAN_POINT('',(0.5,-8.96));
#7532 = DIRECTION('',(-1.,0.));
#7533 = ( GEOMETRIC_REPRESENTATION_CONTEXT(2) 
PARAMETRIC_REPRESENTATION_CONTEXT() REPRESENTATION_CONTEXT('2D SPACE',''
  ) );
#7534 = PCURVE('',#6975,#7535);
#7535 = DEFINITIONAL_REPRESENTATION('',(#7536),#7540);
#7536 = LINE('',#7537,#7538);
#7537 = CARTESIAN_POINT('',(0.,1.570796326795));
#7538 = VECTOR('',#7539,1.);
#7539 = DIRECTION('',(1.,0.));
#7540 = ( GEOMETRIC_REPRESENTATION_CONTEXT(2) 
PARAMETRIC_REPRESENTATION_CONTEXT() REPRESENTATION_CONTEXT('2D SPACE',''
  ) );
#7541 = ORIENTED_EDGE('',*,*,#7542,.T.);
#7542 = EDGE_CURVE('',#7519,#7543,#7545,.T.);
#7543 = VERTEX_POINT('',#7544);
#7544 = CARTESIAN_POINT('',(71.27,4.53,-4.394326886437));
#7545 = SURFACE_CURVE('',#7546,(#7550,#7557),.PCURVE_S1.);
#7546 = LINE('',#7547,#7548);
#7547 = CARTESIAN_POINT('',(71.27,4.53,-9.));
#7548 = VECTOR('',#7549,1.);
#7549 = DIRECTION('',(0.,0.,1.));
#7550 = PCURVE('',#6729,#7551);
#7551 = DEFINITIONAL_REPRESENTATION('',(#7552),#7556);
#7552 = LINE('',#7553,#7554);
#7553 = CARTESIAN_POINT('',(0.5,-9.26));
#7554 = VECTOR('',#7555,1.);
#7555 = DIRECTION('',(1.,0.));
#7556 = ( GEOMETRIC_REPRESENTATION_CONTEXT(2) 
PARAMETRIC_REPRESENTATION_CONTEXT() REPRESENTATION_CONTEXT('2D SPACE',''
  ) );
#7557 = PCURVE('',#7329,#7558);
#7558 = DEFINITIONAL_REPRESENTATION('',(#7559),#7563);
#7559 = LINE('',#7560,#7561);
#7560 = CARTESIAN_POINT('',(-1.570796326795,0.));
#7561 = VECTOR('',#7562,1.);
#7562 = DIRECTION('',(-0.,1.));
#7563 = ( GEOMETRIC_REPRESENTATION_CONTEXT(2) 
PARAMETRIC_REPRESENTATION_CONTEXT() REPRESENTATION_CONTEXT('2D SPACE',''
  ) );
#7564 = ORIENTED_EDGE('',*,*,#7565,.T.);
#7565 = EDGE_CURVE('',#7543,#7566,#7568,.T.);
#7566 = VERTEX_POINT('',#7567);
#7567 = CARTESIAN_POINT('',(71.27,4.23,-4.526671750537));
#7568 = SURFACE_CURVE('',#7569,(#7586,#7606),.PCURVE_S1.);
#7569 = B_SPLINE_CURVE_WITH_KNOTS('',8,(#7570,#7571,#7572,#7573,#7574,
    #7575,#7576,#7577,#7578,#7579,#7580,#7581,#7582,#7583,#7584,#7585),
  .UNSPECIFIED.,.F.,.F.,(9,7,9),(0.,0.558625530202,1.),.UNSPECIFIED.);
#7570 = CARTESIAN_POINT('',(71.27,4.619214727777,-4.18930632244));
#7571 = CARTESIAN_POINT('',(71.27,4.614738832147,-4.231429461854));
#7572 = CARTESIAN_POINT('',(71.27,4.604881406748,-4.272479528233));
#7573 = CARTESIAN_POINT('',(71.27,4.589921036308,-4.311637813078));
#7574 = CARTESIAN_POINT('',(71.27,4.570295159599,-4.348184847247));
#7575 = CARTESIAN_POINT('',(71.27,4.546558172987,-4.381528475965));
#7576 = CARTESIAN_POINT('',(71.27,4.519342286182,-4.411231857428));
#7577 = CARTESIAN_POINT('',(71.27,4.489308961658,-4.437028688552));
#7578 = CARTESIAN_POINT('',(71.27,4.43161343811,-4.476024888479));
#7579 = CARTESIAN_POINT('',(71.27,4.404773580431,-4.490733844788));
#7580 = CARTESIAN_POINT('',(71.27,4.37686207304,-4.502888021998));
#7581 = CARTESIAN_POINT('',(71.27,4.348166159842,-4.512493142563));
#7582 = CARTESIAN_POINT('',(71.27,4.318949885289,-4.519603051452));
#7583 = CARTESIAN_POINT('',(71.27,4.289411705293,-4.524315530753));
#7584 = CARTESIAN_POINT('',(71.27,4.259706286583,-4.526671750537));
#7585 = CARTESIAN_POINT('',(71.27,4.23,-4.526671750537));
#7586 = PCURVE('',#6729,#7587);
#7587 = DEFINITIONAL_REPRESENTATION('',(#7588),#7605);
#7588 = B_SPLINE_CURVE_WITH_KNOTS('',8,(#7589,#7590,#7591,#7592,#7593,
    #7594,#7595,#7596,#7597,#7598,#7599,#7600,#7601,#7602,#7603,#7604),
  .UNSPECIFIED.,.F.,.F.,(9,7,9),(0.,0.558625530202,1.),.UNSPECIFIED.);
#7589 = CARTESIAN_POINT('',(5.31069367756,-9.349214727777));
#7590 = CARTESIAN_POINT('',(5.268570538146,-9.344738832147));
#7591 = CARTESIAN_POINT('',(5.227520471767,-9.334881406748));
#7592 = CARTESIAN_POINT('',(5.188362186922,-9.319921036308));
#7593 = CARTESIAN_POINT('',(5.151815152753,-9.300295159599));
#7594 = CARTESIAN_POINT('',(5.118471524035,-9.276558172987));
#7595 = CARTESIAN_POINT('',(5.088768142572,-9.249342286182));
#7596 = CARTESIAN_POINT('',(5.062971311448,-9.219308961658));
#7597 = CARTESIAN_POINT('',(5.023975111521,-9.16161343811));
#7598 = CARTESIAN_POINT('',(5.009266155212,-9.134773580431));
#7599 = CARTESIAN_POINT('',(4.997111978002,-9.10686207304));
#7600 = CARTESIAN_POINT('',(4.987506857437,-9.078166159842));
#7601 = CARTESIAN_POINT('',(4.980396948548,-9.048949885289));
#7602 = CARTESIAN_POINT('',(4.975684469247,-9.019411705293));
#7603 = CARTESIAN_POINT('',(4.973328249463,-8.989706286583));
#7604 = CARTESIAN_POINT('',(4.973328249463,-8.96));
#7605 = ( GEOMETRIC_REPRESENTATION_CONTEXT(2) 
PARAMETRIC_REPRESENTATION_CONTEXT() REPRESENTATION_CONTEXT('2D SPACE',''
  ) );
#7606 = PCURVE('',#7607,#7612);
#7607 = TOROIDAL_SURFACE('',#7608,0.3,0.25);
#7608 = AXIS2_PLACEMENT_3D('',#7609,#7610,#7611);
#7609 = CARTESIAN_POINT('',(71.036652904138,4.23,-4.179826596671));
#7610 = DIRECTION('',(0.999175824706,0.,-4.059151787867E-02));
#7611 = DIRECTION('',(-4.059151787867E-02,0.,-0.999175824706));
#7612 = DEFINITIONAL_REPRESENTATION('',(#7613),#7630);
#7613 = B_SPLINE_CURVE_WITH_KNOTS('',8,(#7614,#7615,#7616,#7617,#7618,
    #7619,#7620,#7621,#7622,#7623,#7624,#7625,#7626,#7627,#7628,#7629),
  .UNSPECIFIED.,.F.,.F.,(9,7,9),(0.,0.558625530202,1.),.UNSPECIFIED.);
#7614 = CARTESIAN_POINT('',(1.570796326795,1.205893082387));
#7615 = CARTESIAN_POINT('',(1.462659559198,1.225058552139));
#7616 = CARTESIAN_POINT('',(1.354435452799,1.244834399424));
#7617 = CARTESIAN_POINT('',(1.246092876699,1.264983028366));
#7618 = CARTESIAN_POINT('',(1.13757499977,1.285237062256));
#7619 = CARTESIAN_POINT('',(1.028817716555,1.305300515441));
#7620 = CARTESIAN_POINT('',(0.919760740701,1.324816369837));
#7621 = CARTESIAN_POINT('',(0.810355284946,1.343326601172));
#7622 = CARTESIAN_POINT('',(0.613831796029,1.373622565043));
#7623 = CARTESIAN_POINT('',(0.526845369335,1.386005992384));
#7624 = CARTESIAN_POINT('',(0.439587224032,1.397117773354));
#7625 = CARTESIAN_POINT('',(0.352051572447,1.406624380553));
#7626 = CARTESIAN_POINT('',(0.264255355106,1.414161283642));
#7627 = CARTESIAN_POINT('',(0.176249886169,1.419318283557));
#7628 = CARTESIAN_POINT('',(8.812636829207E-02,1.421897211294));
#7629 = CARTESIAN_POINT('',(0.,1.421897211294));
#7630 = ( GEOMETRIC_REPRESENTATION_CONTEXT(2) 
PARAMETRIC_REPRESENTATION_CONTEXT() REPRESENTATION_CONTEXT('2D SPACE',''
  ) );
#7631 = ORIENTED_EDGE('',*,*,#7632,.F.);
#7632 = EDGE_CURVE('',#7398,#7566,#7633,.T.);
#7633 = SURFACE_CURVE('',#7634,(#7638,#7644),.PCURVE_S1.);
#7634 = LINE('',#7635,#7636);
#7635 = CARTESIAN_POINT('',(71.27,-4.23,-4.526671750537));
#7636 = VECTOR('',#7637,1.);
#7637 = DIRECTION('',(0.,1.,0.));
#7638 = PCURVE('',#6729,#7639);
#7639 = DEFINITIONAL_REPRESENTATION('',(#7640),#7643);
#7640 = B_SPLINE_CURVE_WITH_KNOTS('',1,(#7641,#7642),.UNSPECIFIED.,.F.,
  .F.,(2,2),(-5.999999999062E-07,8.4600006),.PIECEWISE_BEZIER_KNOTS.);
#7641 = CARTESIAN_POINT('',(4.973328249463,-0.4999994));
#7642 = CARTESIAN_POINT('',(4.973328249463,-8.9600006));
#7643 = ( GEOMETRIC_REPRESENTATION_CONTEXT(2) 
PARAMETRIC_REPRESENTATION_CONTEXT() REPRESENTATION_CONTEXT('2D SPACE',''
  ) );
#7644 = PCURVE('',#7476,#7645);
#7645 = DEFINITIONAL_REPRESENTATION('',(#7646),#7649);
#7646 = B_SPLINE_CURVE_WITH_KNOTS('',1,(#7647,#7648),.UNSPECIFIED.,.F.,
  .F.,(2,2),(-5.999999999062E-07,8.4600006),.PIECEWISE_BEZIER_KNOTS.);
#7647 = CARTESIAN_POINT('',(-1.421897211294,-5.999999999062E-07));
#7648 = CARTESIAN_POINT('',(-1.421897211294,8.4600006));
#7649 = ( GEOMETRIC_REPRESENTATION_CONTEXT(2) 
PARAMETRIC_REPRESENTATION_CONTEXT() REPRESENTATION_CONTEXT('2D SPACE',''
  ) );
#7650 = ORIENTED_EDGE('',*,*,#7397,.T.);
#7651 = ORIENTED_EDGE('',*,*,#6713,.T.);
#7652 = ADVANCED_FACE('',(#7653),#6848,.F.);
#7653 = FACE_BOUND('',#7654,.F.);
#7654 = EDGE_LOOP('',(#7655,#7656,#7679,#7703,#7724,#7725));
#7655 = ORIENTED_EDGE('',*,*,#7488,.T.);
#7656 = ORIENTED_EDGE('',*,*,#7657,.T.);
#7657 = EDGE_CURVE('',#7460,#7658,#7660,.T.);
#7658 = VERTEX_POINT('',#7659);
#7659 = CARTESIAN_POINT('',(71.274269404951,4.23,-4.489727223552));
#7660 = SURFACE_CURVE('',#7661,(#7665,#7672),.PCURVE_S1.);
#7661 = LINE('',#7662,#7663);
#7662 = CARTESIAN_POINT('',(71.274269404951,-4.23,-4.489727223552));
#7663 = VECTOR('',#7664,1.);
#7664 = DIRECTION('',(0.,1.,0.));
#7665 = PCURVE('',#6848,#7666);
#7666 = DEFINITIONAL_REPRESENTATION('',(#7667),#7671);
#7667 = LINE('',#7668,#7669);
#7668 = CARTESIAN_POINT('',(0.2,-0.5));
#7669 = VECTOR('',#7670,1.);
#7670 = DIRECTION('',(0.,-1.));
#7671 = ( GEOMETRIC_REPRESENTATION_CONTEXT(2) 
PARAMETRIC_REPRESENTATION_CONTEXT() REPRESENTATION_CONTEXT('2D SPACE',''
  ) );
#7672 = PCURVE('',#7476,#7673);
#7673 = DEFINITIONAL_REPRESENTATION('',(#7674),#7678);
#7674 = LINE('',#7675,#7676);
#7675 = CARTESIAN_POINT('',(-1.570796326795,0.));
#7676 = VECTOR('',#7677,1.);
#7677 = DIRECTION('',(-0.,1.));
#7678 = ( GEOMETRIC_REPRESENTATION_CONTEXT(2) 
PARAMETRIC_REPRESENTATION_CONTEXT() REPRESENTATION_CONTEXT('2D SPACE',''
  ) );
#7679 = ORIENTED_EDGE('',*,*,#7680,.T.);
#7680 = EDGE_CURVE('',#7658,#7681,#7683,.T.);
#7681 = VERTEX_POINT('',#7682);
#7682 = CARTESIAN_POINT('',(71.286446860315,4.53,-4.189974476141));
#7683 = SURFACE_CURVE('',#7684,(#7689,#7696),.PCURVE_S1.);
#7684 = CIRCLE('',#7685,0.3);
#7685 = AXIS2_PLACEMENT_3D('',#7686,#7687,#7688);
#7686 = CARTESIAN_POINT('',(71.286446860315,4.23,-4.189974476141));
#7687 = DIRECTION('',(0.999175824706,0.,-4.059151787867E-02));
#7688 = DIRECTION('',(-4.059151787867E-02,0.,-0.999175824706));
#7689 = PCURVE('',#6848,#7690);
#7690 = DEFINITIONAL_REPRESENTATION('',(#7691),#7695);
#7691 = CIRCLE('',#7692,0.3);
#7692 = AXIS2_PLACEMENT_2D('',#7693,#7694);
#7693 = CARTESIAN_POINT('',(0.5,-8.96));
#7694 = DIRECTION('',(-1.,0.));
#7695 = ( GEOMETRIC_REPRESENTATION_CONTEXT(2) 
PARAMETRIC_REPRESENTATION_CONTEXT() REPRESENTATION_CONTEXT('2D SPACE',''
  ) );
#7696 = PCURVE('',#7607,#7697);
#7697 = DEFINITIONAL_REPRESENTATION('',(#7698),#7702);
#7698 = LINE('',#7699,#7700);
#7699 = CARTESIAN_POINT('',(0.,1.570796326795));
#7700 = VECTOR('',#7701,1.);
#7701 = DIRECTION('',(1.,0.));
#7702 = ( GEOMETRIC_REPRESENTATION_CONTEXT(2) 
PARAMETRIC_REPRESENTATION_CONTEXT() REPRESENTATION_CONTEXT('2D SPACE',''
  ) );
#7703 = ORIENTED_EDGE('',*,*,#7704,.T.);
#7704 = EDGE_CURVE('',#7681,#7060,#7705,.T.);
#7705 = SURFACE_CURVE('',#7706,(#7710,#7717),.PCURVE_S1.);
#7706 = LINE('',#7707,#7708);
#7707 = CARTESIAN_POINT('',(71.286446860315,4.53,-4.189974476141));
#7708 = VECTOR('',#7709,1.);
#7709 = DIRECTION('',(4.059151787867E-02,0.,0.999175824706));
#7710 = PCURVE('',#6848,#7711);
#7711 = DEFINITIONAL_REPRESENTATION('',(#7712),#7716);
#7712 = LINE('',#7713,#7714);
#7713 = CARTESIAN_POINT('',(0.5,-9.26));
#7714 = VECTOR('',#7715,1.);
#7715 = DIRECTION('',(1.,0.));
#7716 = ( GEOMETRIC_REPRESENTATION_CONTEXT(2) 
PARAMETRIC_REPRESENTATION_CONTEXT() REPRESENTATION_CONTEXT('2D SPACE',''
  ) );
#7717 = PCURVE('',#7129,#7718);
#7718 = DEFINITIONAL_REPRESENTATION('',(#7719),#7723);
#7719 = LINE('',#7720,#7721);
#7720 = CARTESIAN_POINT('',(-1.570796326795,0.));
#7721 = VECTOR('',#7722,1.);
#7722 = DIRECTION('',(-0.,1.));
#7723 = ( GEOMETRIC_REPRESENTATION_CONTEXT(2) 
PARAMETRIC_REPRESENTATION_CONTEXT() REPRESENTATION_CONTEXT('2D SPACE',''
  ) );
#7724 = ORIENTED_EDGE('',*,*,#7059,.T.);
#7725 = ORIENTED_EDGE('',*,*,#6832,.T.);
#7726 = ADVANCED_FACE('',(#7727),#6975,.F.);
#7727 = FACE_BOUND('',#7728,.F.);
#7728 = EDGE_LOOP('',(#7729,#7730,#7731,#7753));
#7729 = ORIENTED_EDGE('',*,*,#6960,.F.);
#7730 = ORIENTED_EDGE('',*,*,#7016,.T.);
#7731 = ORIENTED_EDGE('',*,*,#7732,.T.);
#7732 = EDGE_CURVE('',#6992,#7519,#7733,.T.);
#7733 = SURFACE_CURVE('',#7734,(#7739,#7746),.PCURVE_S1.);
#7734 = CIRCLE('',#7735,0.25);
#7735 = AXIS2_PLACEMENT_3D('',#7736,#7737,#7738);
#7736 = CARTESIAN_POINT('',(71.02,4.53,-9.));
#7737 = DIRECTION('',(0.,-6.123233995737E-17,-1.));
#7738 = DIRECTION('',(0.,1.,-6.123233995737E-17));
#7739 = PCURVE('',#6975,#7740);
#7740 = DEFINITIONAL_REPRESENTATION('',(#7741),#7745);
#7741 = LINE('',#7742,#7743);
#7742 = CARTESIAN_POINT('',(1.570796326795,0.));
#7743 = VECTOR('',#7744,1.);
#7744 = DIRECTION('',(0.,1.));
#7745 = ( GEOMETRIC_REPRESENTATION_CONTEXT(2) 
PARAMETRIC_REPRESENTATION_CONTEXT() REPRESENTATION_CONTEXT('2D SPACE',''
  ) );
#7746 = PCURVE('',#7329,#7747);
#7747 = DEFINITIONAL_REPRESENTATION('',(#7748),#7752);
#7748 = LINE('',#7749,#7750);
#7749 = CARTESIAN_POINT('',(-0.,0.));
#7750 = VECTOR('',#7751,1.);
#7751 = DIRECTION('',(-1.,0.));
#7752 = ( GEOMETRIC_REPRESENTATION_CONTEXT(2) 
PARAMETRIC_REPRESENTATION_CONTEXT() REPRESENTATION_CONTEXT('2D SPACE',''
  ) );
#7753 = ORIENTED_EDGE('',*,*,#7518,.F.);
#7754 = ADVANCED_FACE('',(#7755),#7129,.F.);
#7755 = FACE_BOUND('',#7756,.T.);
#7756 = EDGE_LOOP('',(#7757,#7758,#7780,#7781));
#7757 = ORIENTED_EDGE('',*,*,#7366,.F.);
#7758 = ORIENTED_EDGE('',*,*,#7759,.T.);
#7759 = EDGE_CURVE('',#7288,#7681,#7760,.T.);
#7760 = SURFACE_CURVE('',#7761,(#7766,#7773),.PCURVE_S1.);
#7761 = CIRCLE('',#7762,0.25);
#7762 = AXIS2_PLACEMENT_3D('',#7763,#7764,#7765);
#7763 = CARTESIAN_POINT('',(71.036652904138,4.53,-4.179826596671));
#7764 = DIRECTION('',(-4.059151787867E-02,-6.123233995737E-17,
    -0.999175824706));
#7765 = DIRECTION('',(-2.485513622132E-18,1.,-6.118187377556E-17));
#7766 = PCURVE('',#7129,#7767);
#7767 = DEFINITIONAL_REPRESENTATION('',(#7768),#7772);
#7768 = LINE('',#7769,#7770);
#7769 = CARTESIAN_POINT('',(-0.,0.));
#7770 = VECTOR('',#7771,1.);
#7771 = DIRECTION('',(-1.,0.));
#7772 = ( GEOMETRIC_REPRESENTATION_CONTEXT(2) 
PARAMETRIC_REPRESENTATION_CONTEXT() REPRESENTATION_CONTEXT('2D SPACE',''
  ) );
#7773 = PCURVE('',#7607,#7774);
#7774 = DEFINITIONAL_REPRESENTATION('',(#7775),#7779);
#7775 = LINE('',#7776,#7777);
#7776 = CARTESIAN_POINT('',(1.570796326795,0.));
#7777 = VECTOR('',#7778,1.);
#7778 = DIRECTION('',(0.,1.));
#7779 = ( GEOMETRIC_REPRESENTATION_CONTEXT(2) 
PARAMETRIC_REPRESENTATION_CONTEXT() REPRESENTATION_CONTEXT('2D SPACE',''
  ) );
#7780 = ORIENTED_EDGE('',*,*,#7704,.T.);
#7781 = ORIENTED_EDGE('',*,*,#7112,.T.);
#7782 = ADVANCED_FACE('',(#7783),#7303,.F.);
#7783 = FACE_BOUND('',#7784,.T.);
#7784 = EDGE_LOOP('',(#7785,#7786,#7896));
#7785 = ORIENTED_EDGE('',*,*,#7285,.F.);
#7786 = ORIENTED_EDGE('',*,*,#7787,.T.);
#7787 = EDGE_CURVE('',#7286,#7788,#7790,.T.);
#7788 = VERTEX_POINT('',#7789);
#7789 = CARTESIAN_POINT('',(71.035706979794,4.779506093682,
    -4.203110888226));
#7790 = SURFACE_CURVE('',#7791,(#7824,#7860),.PCURVE_S1.);
#7791 = B_SPLINE_CURVE_WITH_KNOTS('',4,(#7792,#7793,#7794,#7795,#7796,
    #7797,#7798,#7799,#7800,#7801,#7802,#7803,#7804,#7805,#7806,#7807,
    #7808,#7809,#7810,#7811,#7812,#7813,#7814,#7815,#7816,#7817,#7818,
    #7819,#7820,#7821,#7822,#7823),.UNSPECIFIED.,.F.,.F.,(5,3,3,3,3,3,3,
    3,3,3,5),(0.,1.207346579016E-02,2.414693043747E-02,
    3.622039282372E-02,4.787752571083E-02,5.953465441367E-02,
    7.160810364279E-02,8.368154615717E-02,9.575498082594E-02,
    0.106163106997,1.),.UNSPECIFIED.);
#7792 = CARTESIAN_POINT('',(71.02,4.78,-4.17915007244));
#7793 = CARTESIAN_POINT('',(71.020047437289,4.78,-4.179222418498));
#7794 = CARTESIAN_POINT('',(71.020094874585,4.779999987998,
    -4.179294764541));
#7795 = CARTESIAN_POINT('',(71.020142311871,4.779999963995,
    -4.179367110593));
#7796 = CARTESIAN_POINT('',(71.020237186427,4.779999891986,
    -4.179511802671));
#7797 = CARTESIAN_POINT('',(71.020284623695,4.779999843979,-4.1795841487
    ));
#7798 = CARTESIAN_POINT('',(71.020332060952,4.779999783972,
    -4.179656494721));
#7799 = CARTESIAN_POINT('',(71.020426935426,4.779999639953,
    -4.179801186724));
#7800 = CARTESIAN_POINT('',(71.020474372644,4.779999555942,
    -4.179873532706));
#7801 = CARTESIAN_POINT('',(71.020521809842,4.779999459929,
    -4.179945878674));
#7802 = CARTESIAN_POINT('',(71.020615048415,4.779999247625,
    -4.180088075864));
#7803 = CARTESIAN_POINT('',(71.020660849792,4.779999132148,
    -4.180157927089));
#7804 = CARTESIAN_POINT('',(71.020706651144,4.779999005482,
    -4.180227778294));
#7805 = CARTESIAN_POINT('',(71.020798253775,4.779998729774,
    -4.180367480634));
#7806 = CARTESIAN_POINT('',(71.020844055055,4.779998580732,
    -4.180437331769));
#7807 = CARTESIAN_POINT('',(71.020889856302,4.779998420502,
    -4.180507182878));
#7808 = CARTESIAN_POINT('',(71.020983094463,4.779998071544,
    -4.18064937969));
#7809 = CARTESIAN_POINT('',(71.021030531374,4.779997882002,
    -4.18072172539));
#7810 = CARTESIAN_POINT('',(71.021077968243,4.779997680459,
    -4.180794071057));
#7811 = CARTESIAN_POINT('',(71.021172841866,4.779997253369,
    -4.180938762278));
#7812 = CARTESIAN_POINT('',(71.021220278618,4.779997027823,
    -4.181011107832));
#7813 = CARTESIAN_POINT('',(71.021267715322,4.779996790276,
    -4.181083453347));
#7814 = CARTESIAN_POINT('',(71.021362588592,4.779996291178,
    -4.181228144245));
#7815 = CARTESIAN_POINT('',(71.021410025159,4.779996029627,
    -4.181300489629));
#7816 = CARTESIAN_POINT('',(71.02145746167,4.779995756076,
    -4.181372834967));
#7817 = CARTESIAN_POINT('',(71.021545791583,4.779995224356,
    -4.181507546843));
#7818 = CARTESIAN_POINT('',(71.021586685001,4.77999496927,
    -4.181569913393));
#7819 = CARTESIAN_POINT('',(71.021627578372,4.779994705266,
    -4.181632279905));
#7820 = CARTESIAN_POINT('',(71.025180339086,4.779970994015,
    -4.187050601239));
#7821 = CARTESIAN_POINT('',(71.028691838842,4.779881776619,
    -4.192406262082));
#7822 = CARTESIAN_POINT('',(71.032201424036,4.779726784421,
    -4.197760391714));
#7823 = CARTESIAN_POINT('',(71.035707545231,4.779506058088,
    -4.203111751191));
#7824 = PCURVE('',#7303,#7825);
#7825 = DEFINITIONAL_REPRESENTATION('',(#7826),#7859);
#7826 = B_SPLINE_CURVE_WITH_KNOTS('',4,(#7827,#7828,#7829,#7830,#7831,
    #7832,#7833,#7834,#7835,#7836,#7837,#7838,#7839,#7840,#7841,#7842,
    #7843,#7844,#7845,#7846,#7847,#7848,#7849,#7850,#7851,#7852,#7853,
    #7854,#7855,#7856,#7857,#7858),.UNSPECIFIED.,.F.,.F.,(5,3,3,3,3,3,3,
    3,3,3,5),(0.,1.207346579016E-02,2.414693043747E-02,
    3.622039282372E-02,4.787752571083E-02,5.953465441367E-02,
    7.160810364279E-02,8.368154615717E-02,9.575498082594E-02,
    0.106163106997,1.),.UNSPECIFIED.);
#7827 = CARTESIAN_POINT('',(0.,4.403333359628));
#7828 = CARTESIAN_POINT('',(-1.279288725638E-04,4.403383694457));
#7829 = CARTESIAN_POINT('',(-2.558577190855E-04,4.403434029292));
#7830 = CARTESIAN_POINT('',(-3.837865875071E-04,4.403484364118));
#7831 = CARTESIAN_POINT('',(-6.396443015211E-04,4.403585033752));
#7832 = CARTESIAN_POINT('',(-7.675731532313E-04,4.403635368558));
#7833 = CARTESIAN_POINT('',(-8.955020058265E-04,4.403685703353));
#7834 = CARTESIAN_POINT('',(-1.151359689782E-03,4.403786372902));
#7835 = CARTESIAN_POINT('',(-1.279288521092E-03,4.403836707656));
#7836 = CARTESIAN_POINT('',(-1.407217354023E-03,4.40388704239));
#7837 = CARTESIAN_POINT('',(-1.658663650625E-03,4.403985976119));
#7838 = CARTESIAN_POINT('',(-1.782181114168E-03,4.404034575114));
#7839 = CARTESIAN_POINT('',(-1.905698579802E-03,4.404083174084));
#7840 = CARTESIAN_POINT('',(-2.152733471567E-03,4.404180371949));
#7841 = CARTESIAN_POINT('',(-2.276250897683E-03,4.404228970844));
#7842 = CARTESIAN_POINT('',(-2.399768326504E-03,4.404277569705));
#7843 = CARTESIAN_POINT('',(-2.651214468655E-03,4.404376503006));
#7844 = CARTESIAN_POINT('',(-2.779143182198E-03,4.404426837443));
#7845 = CARTESIAN_POINT('',(-2.907071899303E-03,4.404477171836));
#7846 = CARTESIAN_POINT('',(-3.162929270031E-03,4.404577840502));
#7847 = CARTESIAN_POINT('',(-3.290857923671E-03,4.404628174774));
#7848 = CARTESIAN_POINT('',(-3.418786581469E-03,4.404678508996));
#7849 = CARTESIAN_POINT('',(-3.674643822943E-03,4.404779177298));
#7850 = CARTESIAN_POINT('',(-3.802572406619E-03,4.404829511377));
#7851 = CARTESIAN_POINT('',(-3.930500995092E-03,4.404879845399));
#7852 = CARTESIAN_POINT('',(-4.168712783172E-03,4.404973570672));
#7853 = CARTESIAN_POINT('',(-4.278995981456E-03,4.40501696194));
#7854 = CARTESIAN_POINT('',(-4.389279183751E-03,4.405060353159));
#7855 = CARTESIAN_POINT('',(-1.397054660679E-02,4.408830123662));
#7856 = CARTESIAN_POINT('',(-2.344156193575E-02,4.41255612373));
#7857 = CARTESIAN_POINT('',(-3.291274053489E-02,4.416280148659));
#7858 = CARTESIAN_POINT('',(-4.23842107058E-02,4.4200006));
#7859 = ( GEOMETRIC_REPRESENTATION_CONTEXT(2) 
PARAMETRIC_REPRESENTATION_CONTEXT() REPRESENTATION_CONTEXT('2D SPACE',''
  ) );
#7860 = PCURVE('',#7329,#7861);
#7861 = DEFINITIONAL_REPRESENTATION('',(#7862),#7895);
#7862 = B_SPLINE_CURVE_WITH_KNOTS('',4,(#7863,#7864,#7865,#7866,#7867,
    #7868,#7869,#7870,#7871,#7872,#7873,#7874,#7875,#7876,#7877,#7878,
    #7879,#7880,#7881,#7882,#7883,#7884,#7885,#7886,#7887,#7888,#7889,
    #7890,#7891,#7892,#7893,#7894),.UNSPECIFIED.,.F.,.F.,(5,3,3,3,3,3,3,
    3,3,3,5),(0.,1.207346579016E-02,2.414693043747E-02,
    3.622039282372E-02,4.787752571083E-02,5.953465441367E-02,
    7.160810364279E-02,8.368154615717E-02,9.575498082594E-02,
    0.106163106997,1.),.UNSPECIFIED.);
#7863 = CARTESIAN_POINT('',(0.,4.82084992756));
#7864 = CARTESIAN_POINT('',(-1.897491568367E-04,4.820777581502));
#7865 = CARTESIAN_POINT('',(-3.794983388809E-04,4.820705235459));
#7866 = CARTESIAN_POINT('',(-5.692475030048E-04,4.820632889407));
#7867 = CARTESIAN_POINT('',(-9.487458367874E-04,4.820488197329));
#7868 = CARTESIAN_POINT('',(-1.138495000525E-03,4.8204158513));
#7869 = CARTESIAN_POINT('',(-1.328244173239E-03,4.820343505279));
#7870 = CARTESIAN_POINT('',(-1.707742506726E-03,4.820198813276));
#7871 = CARTESIAN_POINT('',(-1.897491667549E-03,4.820126467294));
#7872 = CARTESIAN_POINT('',(-2.08724084319E-03,4.820054121326));
#7873 = CARTESIAN_POINT('',(-2.460196103981E-03,4.819911924136));
#7874 = CARTESIAN_POINT('',(-2.64340218792E-03,4.819842072911));
#7875 = CARTESIAN_POINT('',(-2.826608291123E-03,4.819772221706));
#7876 = CARTESIAN_POINT('',(-3.193020475587E-03,4.819632519366));
#7877 = CARTESIAN_POINT('',(-3.376226556858E-03,4.819562668231));
#7878 = CARTESIAN_POINT('',(-3.55943266271E-03,4.819492817122));
#7879 = CARTESIAN_POINT('',(-3.932387918728E-03,4.81935062031));
#7880 = CARTESIAN_POINT('',(-4.12213707088E-03,4.81927827461));
#7881 = CARTESIAN_POINT('',(-4.311886255202E-03,4.819205928943));
#7882 = CARTESIAN_POINT('',(-4.691384588706E-03,4.819061237722));
#7883 = CARTESIAN_POINT('',(-4.881133737871E-03,4.818988892168));
#7884 = CARTESIAN_POINT('',(-5.070882925184E-03,4.818916546653));
#7885 = CARTESIAN_POINT('',(-5.45038125869E-03,4.818771855755));
#7886 = CARTESIAN_POINT('',(-5.640130404885E-03,4.818699510371));
#7887 = CARTESIAN_POINT('',(-5.829879595162E-03,4.818627165033));
#7888 = CARTESIAN_POINT('',(-6.183205648582E-03,4.818492453157));
#7889 = CARTESIAN_POINT('',(-6.34678249965E-03,4.818430086607));
#7890 = CARTESIAN_POINT('',(-6.51035938758E-03,4.818367720095));
#7891 = CARTESIAN_POINT('',(-2.072171874008E-02,4.812949398761));
#7892 = CARTESIAN_POINT('',(-3.476978690359E-02,4.807593737918));
#7893 = CARTESIAN_POINT('',(-4.881934417479E-02,4.802239608286));
#7894 = CARTESIAN_POINT('',(-6.28715929337E-02,4.796888248809));
#7895 = ( GEOMETRIC_REPRESENTATION_CONTEXT(2) 
PARAMETRIC_REPRESENTATION_CONTEXT() REPRESENTATION_CONTEXT('2D SPACE',''
  ) );
#7896 = ORIENTED_EDGE('',*,*,#7897,.T.);
#7897 = EDGE_CURVE('',#7788,#7288,#7898,.T.);
#7898 = SURFACE_CURVE('',#7899,(#7904,#7911),.PCURVE_S1.);
#7899 = CIRCLE('',#7900,0.55);
#7900 = AXIS2_PLACEMENT_3D('',#7901,#7902,#7903);
#7901 = CARTESIAN_POINT('',(71.036652904138,4.23,-4.179826596671));
#7902 = DIRECTION('',(0.999175824706,0.,-4.059151787867E-02));
#7903 = DIRECTION('',(-4.059151787867E-02,0.,-0.999175824706));
#7904 = PCURVE('',#7303,#7905);
#7905 = DEFINITIONAL_REPRESENTATION('',(#7906),#7910);
#7906 = LINE('',#7907,#7908);
#7907 = CARTESIAN_POINT('',(-1.570796326795,4.42));
#7908 = VECTOR('',#7909,1.);
#7909 = DIRECTION('',(1.,-0.));
#7910 = ( GEOMETRIC_REPRESENTATION_CONTEXT(2) 
PARAMETRIC_REPRESENTATION_CONTEXT() REPRESENTATION_CONTEXT('2D SPACE',''
  ) );
#7911 = PCURVE('',#7607,#7912);
#7912 = DEFINITIONAL_REPRESENTATION('',(#7913),#7917);
#7913 = LINE('',#7914,#7915);
#7914 = CARTESIAN_POINT('',(0.,0.));
#7915 = VECTOR('',#7916,1.);
#7916 = DIRECTION('',(1.,0.));
#7917 = ( GEOMETRIC_REPRESENTATION_CONTEXT(2) 
PARAMETRIC_REPRESENTATION_CONTEXT() REPRESENTATION_CONTEXT('2D SPACE',''
  ) );
#7918 = ADVANCED_FACE('',(#7919),#7329,.F.);
#7919 = FACE_BOUND('',#7920,.T.);
#7920 = EDGE_LOOP('',(#7921,#7922,#7923,#7924,#8107));
#7921 = ORIENTED_EDGE('',*,*,#7315,.F.);
#7922 = ORIENTED_EDGE('',*,*,#7732,.T.);
#7923 = ORIENTED_EDGE('',*,*,#7542,.T.);
#7924 = ORIENTED_EDGE('',*,*,#7925,.T.);
#7925 = EDGE_CURVE('',#7543,#7788,#7926,.T.);
#7926 = SURFACE_CURVE('',#7927,(#7985,#8046),.PCURVE_S1.);
#7927 = B_SPLINE_CURVE_WITH_KNOTS('',6,(#7928,#7929,#7930,#7931,#7932,
    #7933,#7934,#7935,#7936,#7937,#7938,#7939,#7940,#7941,#7942,#7943,
    #7944,#7945,#7946,#7947,#7948,#7949,#7950,#7951,#7952,#7953,#7954,
    #7955,#7956,#7957,#7958,#7959,#7960,#7961,#7962,#7963,#7964,#7965,
    #7966,#7967,#7968,#7969,#7970,#7971,#7972,#7973,#7974,#7975,#7976,
    #7977,#7978,#7979,#7980,#7981,#7982,#7983,#7984),.UNSPECIFIED.,.F.,
  .F.,(7,5,5,5,5,5,5,5,5,5,5,7),(0.,2.336863977501E-02,
    9.383859464435E-02,0.177604266662,0.374881194416,0.52366039629,
    0.67102767033,0.783116667833,0.889700975447,0.960003417162,
    0.979607023953,1.),.UNSPECIFIED.);
#7928 = CARTESIAN_POINT('',(71.27,4.53,-4.394326886437));
#7929 = CARTESIAN_POINT('',(71.27,4.531382705877,-4.392737885133));
#7930 = CARTESIAN_POINT('',(71.269990823843,4.532772488263,
    -4.391167423453));
#7931 = CARTESIAN_POINT('',(71.269972292877,4.534169214403,
    -4.389616264082));
#7932 = CARTESIAN_POINT('',(71.269944234475,4.535572700573,
    -4.388085091528));
#7933 = CARTESIAN_POINT('',(71.269906482041,4.536982712074,
    -4.386574512122));
#7934 = CARTESIAN_POINT('',(71.26971531226,4.542669779019,
    -4.380593477021));
#7935 = CARTESIAN_POINT('',(71.269482125022,4.546997899331,
    -4.376293294141));
#7936 = CARTESIAN_POINT('',(71.269154972435,4.551374229417,
    -4.372200596818));
#7937 = CARTESIAN_POINT('',(71.268730466148,4.555788222892,
    -4.368319672147));
#7938 = CARTESIAN_POINT('',(71.268206525889,4.560228131179,
    -4.364646567871));
#7939 = CARTESIAN_POINT('',(71.266841252255,4.56997455473,
    -4.357043316728));
#7940 = CARTESIAN_POINT('',(71.265958601057,4.575287126748,
    -4.353195014794));
#7941 = CARTESIAN_POINT('',(71.264933467212,4.580601521765,
    -4.349610613492));
#7942 = CARTESIAN_POINT('',(71.263766650174,4.585901946009,
    -4.346263055256));
#7943 = CARTESIAN_POINT('',(71.262460404952,4.591175855941,
    -4.343125504168));
#7944 = CARTESIAN_POINT('',(71.257616578152,4.608753849937,
    -4.333216919534));
#7945 = CARTESIAN_POINT('',(71.253458947979,4.620882428845,
    -4.327293785722));
#7946 = CARTESIAN_POINT('',(71.248564059495,4.632725303414,
    -4.322042725952));
#7947 = CARTESIAN_POINT('',(71.242973389531,4.644195183999,
    -4.317253584041));
#7948 = CARTESIAN_POINT('',(71.236731587625,4.655249258659,
    -4.312782191935));
#7949 = CARTESIAN_POINT('',(71.224674466191,4.673872655901,
    -4.305295523718));
#7950 = CARTESIAN_POINT('',(71.219136505106,4.681623069244,
    -4.302195507231));
#7951 = CARTESIAN_POINT('',(71.213259960261,4.689099929426,
    -4.299168918516));
#7952 = CARTESIAN_POINT('',(71.207062121676,4.696286372714,
    -4.296182412753));
#7953 = CARTESIAN_POINT('',(71.200561248542,4.703166734404,
    -4.29320916319));
#7954 = CARTESIAN_POINT('',(71.187055009122,4.716225732728,
    -4.287266052319));
#7955 = CARTESIAN_POINT('',(71.180055338753,4.722410072536,
    -4.284296669411));
#7956 = CARTESIAN_POINT('',(71.172795423474,4.728266670229,
    -4.281290621596));
#7957 = CARTESIAN_POINT('',(71.165295024114,4.733782775342,
    -4.27822581997));
#7958 = CARTESIAN_POINT('',(71.157575133047,4.738946951052,
    -4.275078771787));
#7959 = CARTESIAN_POINT('',(71.143636057955,4.747402233976,
    -4.269342394562));
#7960 = CARTESIAN_POINT('',(71.137500108952,4.750845734339,
    -4.266799985505));
#7961 = CARTESIAN_POINT('',(71.131259908456,4.754075633158,
    -4.264180195558));
#7962 = CARTESIAN_POINT('',(71.124925794967,4.757088060202,
    -4.261468769853));
#7963 = CARTESIAN_POINT('',(71.118508899037,4.759879708503,
    -4.258646835122));
#7964 = CARTESIAN_POINT('',(71.105852511748,4.764890113697,
    -4.252873231319));
#7965 = CARTESIAN_POINT('',(71.099620281053,4.767130085439,
    -4.24993473067));
#7966 = CARTESIAN_POINT('',(71.09333450785,4.769165965095,
    -4.246848811088));
#7967 = CARTESIAN_POINT('',(71.087007307612,4.770995885625,
    -4.243581122336));
#7968 = CARTESIAN_POINT('',(71.080652537717,4.772618518476,
    -4.240092237935));
#7969 = CARTESIAN_POINT('',(71.070094503372,4.774967386582,
    -4.233779822705));
#7970 = CARTESIAN_POINT('',(71.065896943169,4.775810367706,
    -4.231134601117));
#7971 = CARTESIAN_POINT('',(71.061701500328,4.776563388637,
    -4.228327157893));
#7972 = CARTESIAN_POINT('',(71.05751764102,4.777226299705,
    -4.225311390198));
#7973 = CARTESIAN_POINT('',(71.053357143415,4.777799129922,
    -4.22204547641));
#7974 = CARTESIAN_POINT('',(71.048103957912,4.778417990041,
    -4.217360580926));
#7975 = CARTESIAN_POINT('',(71.046962755687,4.77854600173,-4.21630823398
    ));
#7976 = CARTESIAN_POINT('',(71.045826475372,4.778667110141,
    -4.215221739331));
#7977 = CARTESIAN_POINT('',(71.04469604331,4.778781331798,
    -4.214097300673));
#7978 = CARTESIAN_POINT('',(71.04357274431,4.778888685392,
    -4.212929953052));
#7979 = CARTESIAN_POINT('',(71.041299071878,4.779093766249,
    -4.21044677825));
#7980 = CARTESIAN_POINT('',(71.040149698514,4.77919090601,-4.20912728022
    ));
#7981 = CARTESIAN_POINT('',(71.039011960575,4.779280695058,
    -4.207745705877));
#7982 = CARTESIAN_POINT('',(71.03788862063,4.779363147606,
    -4.206292933142));
#7983 = CARTESIAN_POINT('',(71.036784411465,4.779438266892,
    -4.204755361854));
#7984 = CARTESIAN_POINT('',(71.035706979794,4.779506093682,
    -4.203110888226));
#7985 = PCURVE('',#7329,#7986);
#7986 = DEFINITIONAL_REPRESENTATION('',(#7987),#8045);
#7987 = B_SPLINE_CURVE_WITH_KNOTS('',6,(#7988,#7989,#7990,#7991,#7992,
    #7993,#7994,#7995,#7996,#7997,#7998,#7999,#8000,#8001,#8002,#8003,
    #8004,#8005,#8006,#8007,#8008,#8009,#8010,#8011,#8012,#8013,#8014,
    #8015,#8016,#8017,#8018,#8019,#8020,#8021,#8022,#8023,#8024,#8025,
    #8026,#8027,#8028,#8029,#8030,#8031,#8032,#8033,#8034,#8035,#8036,
    #8037,#8038,#8039,#8040,#8041,#8042,#8043,#8044),.UNSPECIFIED.,.F.,
  .F.,(7,5,5,5,5,5,5,5,5,5,5,7),(0.,2.336863977501E-02,
    9.383859464435E-02,0.177604266662,0.374881194416,0.52366039629,
    0.67102767033,0.783116667833,0.889700975447,0.960003417162,
    0.979607023953,1.),.UNSPECIFIED.);
#7988 = CARTESIAN_POINT('',(-1.570796326795,4.605673113563));
#7989 = CARTESIAN_POINT('',(-1.565265503286,4.607262114867));
#7990 = CARTESIAN_POINT('',(-1.559706373883,4.608832576547));
#7991 = CARTESIAN_POINT('',(-1.554119164692,4.610383735918));
#7992 = CARTESIAN_POINT('',(-1.548504290575,4.611914908472));
#7993 = CARTESIAN_POINT('',(-1.542862355152,4.613425487878));
#7994 = CARTESIAN_POINT('',(-1.520101238723,4.619406522979));
#7995 = CARTESIAN_POINT('',(-1.502767185821,4.623706705859));
#7996 = CARTESIAN_POINT('',(-1.485218817205,4.627799403182));
#7997 = CARTESIAN_POINT('',(-1.467487503698,4.631680327853));
#7998 = CARTESIAN_POINT('',(-1.449608863702,4.635353432129));
#7999 = CARTESIAN_POINT('',(-1.410242534101,4.642956683272));
#8000 = CARTESIAN_POINT('',(-1.388707931085,4.646804985206));
#8001 = CARTESIAN_POINT('',(-1.367069464186,4.650389386508));
#8002 = CARTESIAN_POINT('',(-1.345371226977,4.653736944744));
#8003 = CARTESIAN_POINT('',(-1.323645550997,4.656874495832));
#8004 = CARTESIAN_POINT('',(-1.250712866306,4.666783080466));
#8005 = CARTESIAN_POINT('',(-1.199523645292,4.672706214278));
#8006 = CARTESIAN_POINT('',(-1.148411968168,4.677957274048));
#8007 = CARTESIAN_POINT('',(-1.097513769729,4.682746415959));
#8008 = CARTESIAN_POINT('',(-1.046828187113,4.687217808065));
#8009 = CARTESIAN_POINT('',(-0.958085403554,4.694704476282));
#8010 = CARTESIAN_POINT('',(-0.920022881196,4.697804492769));
#8011 = CARTESIAN_POINT('',(-0.882042878253,4.700831081484));
#8012 = CARTESIAN_POINT('',(-0.844141970422,4.703817587247));
#8013 = CARTESIAN_POINT('',(-0.806317561901,4.70679083681));
#8014 = CARTESIAN_POINT('',(-0.731169075238,4.712733947681));
#8015 = CARTESIAN_POINT('',(-0.693845515889,4.715703330589));
#8016 = CARTESIAN_POINT('',(-0.656590763239,4.718709378404));
#8017 = CARTESIAN_POINT('',(-0.619404653344,4.72177418003));
#8018 = CARTESIAN_POINT('',(-0.582289486838,4.724921228213));
#8019 = CARTESIAN_POINT('',(-0.517077264214,4.730657605438));
#8020 = CARTESIAN_POINT('',(-0.488948731627,4.733200014495));
#8021 = CARTESIAN_POINT('',(-0.46086656383,4.735819804442));
#8022 = CARTESIAN_POINT('',(-0.432834457707,4.738531230147));
#8023 = CARTESIAN_POINT('',(-0.4048586909,4.741353164878));
#8024 = CARTESIAN_POINT('',(-0.350410432981,4.747126768681));
#8025 = CARTESIAN_POINT('',(-0.323933721803,4.75006526933));
#8026 = CARTESIAN_POINT('',(-0.297524699051,4.753151188912));
#8027 = CARTESIAN_POINT('',(-0.271198414153,4.756418877664));
#8028 = CARTESIAN_POINT('',(-0.24497645141,4.759907762065));
#8029 = CARTESIAN_POINT('',(-0.201711820012,4.766220177295));
#8030 = CARTESIAN_POINT('',(-0.184590020425,4.768865398883));
#8031 = CARTESIAN_POINT('',(-0.167545451315,4.771672842107));
#8032 = CARTESIAN_POINT('',(-0.150606548516,4.774688609802));
#8033 = CARTESIAN_POINT('',(-0.133810775391,4.77795452359));
#8034 = CARTESIAN_POINT('',(-0.112652724151,4.782639419074));
#8035 = CARTESIAN_POINT('',(-0.108059357095,4.78369176602));
#8036 = CARTESIAN_POINT('',(-0.103488596829,4.784778260669));
#8037 = CARTESIAN_POINT('',(-9.894394545946E-02,4.785902699327));
#8038 = CARTESIAN_POINT('',(-9.443034066624E-02,4.787070046948));
#8039 = CARTESIAN_POINT('',(-8.529873008522E-02,4.78955322175));
#8040 = CARTESIAN_POINT('',(-8.068491901009E-02,4.79087271978));
#8041 = CARTESIAN_POINT('',(-7.611992334656E-02,4.792254294123));
#8042 = CARTESIAN_POINT('',(-7.161457318467E-02,4.793707066858));
#8043 = CARTESIAN_POINT('',(-6.718758465332E-02,4.795244638146));
#8044 = CARTESIAN_POINT('',(-6.286932670913E-02,4.796889111774));
#8045 = ( GEOMETRIC_REPRESENTATION_CONTEXT(2) 
PARAMETRIC_REPRESENTATION_CONTEXT() REPRESENTATION_CONTEXT('2D SPACE',''
  ) );
#8046 = PCURVE('',#7607,#8047);
#8047 = DEFINITIONAL_REPRESENTATION('',(#8048),#8106);
#8048 = B_SPLINE_CURVE_WITH_KNOTS('',6,(#8049,#8050,#8051,#8052,#8053,
    #8054,#8055,#8056,#8057,#8058,#8059,#8060,#8061,#8062,#8063,#8064,
    #8065,#8066,#8067,#8068,#8069,#8070,#8071,#8072,#8073,#8074,#8075,
    #8076,#8077,#8078,#8079,#8080,#8081,#8082,#8083,#8084,#8085,#8086,
    #8087,#8088,#8089,#8090,#8091,#8092,#8093,#8094,#8095,#8096,#8097,
    #8098,#8099,#8100,#8101,#8102,#8103,#8104,#8105),.UNSPECIFIED.,.F.,
  .F.,(7,5,5,5,5,5,5,5,5,5,5,7),(0.,2.336863977501E-02,
    9.383859464435E-02,0.177604266662,0.374881194416,0.52366039629,
    0.67102767033,0.783116667833,0.889700975447,0.960003417162,
    0.979607023953,1.),.UNSPECIFIED.);
#8049 = CARTESIAN_POINT('',(0.971681148725,1.314938975667));
#8050 = CARTESIAN_POINT('',(0.977436930619,1.313919515201));
#8051 = CARTESIAN_POINT('',(0.983151369557,1.312771791652));
#8052 = CARTESIAN_POINT('',(0.988820752305,1.311495749383));
#8053 = CARTESIAN_POINT('',(0.994441554296,1.310091805465));
#8054 = CARTESIAN_POINT('',(1.000010439627,1.30856084967));
#8055 = CARTESIAN_POINT('',(1.02215161941,1.301908622386));
#8056 = CARTESIAN_POINT('',(1.03828086213,1.295769705811));
#8057 = CARTESIAN_POINT('',(1.05381978365,1.288525808415));
#8058 = CARTESIAN_POINT('',(1.06871369084,1.280253392136));
#8059 = CARTESIAN_POINT('',(1.08293824429,1.27105084299));
#8060 = CARTESIAN_POINT('',(1.112603627467,1.249101534069));
#8061 = CARTESIAN_POINT('',(1.127769076781,1.236012408397));
#8062 = CARTESIAN_POINT('',(1.141996250229,1.221921574999));
#8063 = CARTESIAN_POINT('',(1.155340005405,1.206996043992));
#8064 = CARTESIAN_POINT('',(1.167868442087,1.191372488433));
#8065 = CARTESIAN_POINT('',(1.207410367249,1.136966084654));
#8066 = CARTESIAN_POINT('',(1.231005860476,1.095544464907));
#8067 = CARTESIAN_POINT('',(1.251486652627,1.052185575479));
#8068 = CARTESIAN_POINT('',(1.269582194899,1.007571543424));
#8069 = CARTESIAN_POINT('',(1.285804152276,0.96208394547));
#8070 = CARTESIAN_POINT('',(1.311693000487,0.880976162245));
#8071 = CARTESIAN_POINT('',(1.321980405212,0.845712865618));
#8072 = CARTESIAN_POINT('',(1.331588558932,0.810150322454));
#8073 = CARTESIAN_POINT('',(1.340639953209,0.774351381173));
#8074 = CARTESIAN_POINT('',(1.349232048721,0.738357834266));
#8075 = CARTESIAN_POINT('',(1.36559680254,0.666385428618));
#8076 = CARTESIAN_POINT('',(1.373375822538,0.630411262176));
#8077 = CARTESIAN_POINT('',(1.380875263999,0.594307975456));
#8078 = CARTESIAN_POINT('',(1.388167619553,0.558098015955));
#8079 = CARTESIAN_POINT('',(1.395322833619,0.52179869747));
#8080 = CARTESIAN_POINT('',(1.40781470452,0.45775886528));
#8081 = CARTESIAN_POINT('',(1.413176478842,0.430050042848));
#8082 = CARTESIAN_POINT('',(1.418538076099,0.402305137159));
#8083 = CARTESIAN_POINT('',(1.423935173538,0.37453050525));
#8084 = CARTESIAN_POINT('',(1.42941126661,0.346733158143));
#8085 = CARTESIAN_POINT('',(1.440362133834,0.292475925356));
#8086 = CARTESIAN_POINT('',(1.445823766097,0.266019484841));
#8087 = CARTESIAN_POINT('',(1.451459151522,0.239556733991));
#8088 = CARTESIAN_POINT('',(1.45733837851,0.213098853329));
#8089 = CARTESIAN_POINT('',(1.463541016009,0.186662101484));
#8090 = CARTESIAN_POINT('',(1.474669002512,0.142878659749));
#8091 = CARTESIAN_POINT('',(1.479309523116,0.125508108387));
#8092 = CARTESIAN_POINT('',(1.484217365422,0.108168329052));
#8093 = CARTESIAN_POINT('',(1.4894793078,9.08802494782E-02));
#8094 = CARTESIAN_POINT('',(1.495174835192,7.367439298401E-02));
#8095 = CARTESIAN_POINT('',(1.503362444577,5.188336305425E-02));
#8096 = CARTESIAN_POINT('',(1.505202540386,4.714538784886E-02));
#8097 = CARTESIAN_POINT('',(1.507103619892,4.242288910093E-02));
#8098 = CARTESIAN_POINT('',(1.509072726528,3.77187488726E-02));
#8099 = CARTESIAN_POINT('',(1.511119059907,3.303709530449E-02));
#8100 = CARTESIAN_POINT('',(1.515477452197,2.354289368948E-02));
#8101 = CARTESIAN_POINT('',(1.517796156791,1.873380821737E-02));
#8102 = CARTESIAN_POINT('',(1.520227349409,1.396173783408E-02));
#8103 = CARTESIAN_POINT('',(1.522787920968,9.23602675297E-03));
#8104 = CARTESIAN_POINT('',(1.525503059351,4.573181437205E-03));
#8105 = CARTESIAN_POINT('',(1.528413643465,0.));
#8106 = ( GEOMETRIC_REPRESENTATION_CONTEXT(2) 
PARAMETRIC_REPRESENTATION_CONTEXT() REPRESENTATION_CONTEXT('2D SPACE',''
  ) );
#8107 = ORIENTED_EDGE('',*,*,#7787,.F.);
#8108 = ADVANCED_FACE('',(#8109),#7476,.F.);
#8109 = FACE_BOUND('',#8110,.T.);
#8110 = EDGE_LOOP('',(#8111,#8112,#8113,#8114));
#8111 = ORIENTED_EDGE('',*,*,#7632,.F.);
#8112 = ORIENTED_EDGE('',*,*,#7459,.T.);
#8113 = ORIENTED_EDGE('',*,*,#7657,.T.);
#8114 = ORIENTED_EDGE('',*,*,#8115,.F.);
#8115 = EDGE_CURVE('',#7566,#7658,#8116,.T.);
#8116 = SURFACE_CURVE('',#8117,(#8122,#8129),.PCURVE_S1.);
#8117 = CIRCLE('',#8118,0.25);
#8118 = AXIS2_PLACEMENT_3D('',#8119,#8120,#8121);
#8119 = CARTESIAN_POINT('',(71.024475448775,4.23,-4.479579344083));
#8120 = DIRECTION('',(0.,-1.,-0.));
#8121 = DIRECTION('',(-4.059151787867E-02,0.,-0.999175824706));
#8122 = PCURVE('',#7476,#8123);
#8123 = DEFINITIONAL_REPRESENTATION('',(#8124),#8128);
#8124 = LINE('',#8125,#8126);
#8125 = CARTESIAN_POINT('',(-0.,8.46));
#8126 = VECTOR('',#8127,1.);
#8127 = DIRECTION('',(-1.,0.));
#8128 = ( GEOMETRIC_REPRESENTATION_CONTEXT(2) 
PARAMETRIC_REPRESENTATION_CONTEXT() REPRESENTATION_CONTEXT('2D SPACE',''
  ) );
#8129 = PCURVE('',#7607,#8130);
#8130 = DEFINITIONAL_REPRESENTATION('',(#8131),#8135);
#8131 = LINE('',#8132,#8133);
#8132 = CARTESIAN_POINT('',(0.,0.));
#8133 = VECTOR('',#8134,1.);
#8134 = DIRECTION('',(0.,1.));
#8135 = ( GEOMETRIC_REPRESENTATION_CONTEXT(2) 
PARAMETRIC_REPRESENTATION_CONTEXT() REPRESENTATION_CONTEXT('2D SPACE',''
  ) );
#8136 = ADVANCED_FACE('',(#8137),#7607,.F.);
#8137 = FACE_BOUND('',#8138,.F.);
#8138 = EDGE_LOOP('',(#8139,#8140,#8141,#8142,#8143,#8144));
#8139 = ORIENTED_EDGE('',*,*,#7925,.T.);
#8140 = ORIENTED_EDGE('',*,*,#7897,.T.);
#8141 = ORIENTED_EDGE('',*,*,#7759,.T.);
#8142 = ORIENTED_EDGE('',*,*,#7680,.F.);
#8143 = ORIENTED_EDGE('',*,*,#8115,.F.);
#8144 = ORIENTED_EDGE('',*,*,#7565,.F.);
#8145 = ( GEOMETRIC_REPRESENTATION_CONTEXT(3) 
GLOBAL_UNCERTAINTY_ASSIGNED_CONTEXT((#8149)) 
GLOBAL_UNIT_ASSIGNED_CONTEXT((#8146,#8147,#8148)) REPRESENTATION_CONTEXT
('Context #1','3D Context with UNIT and UNCERTAINTY') );
#8146 = ( LENGTH_UNIT() NAMED_UNIT(*) SI_UNIT(.MILLI.,.METRE.) );
#8147 = ( NAMED_UNIT(*) PLANE_ANGLE_UNIT() SI_UNIT($,.RADIAN.) );
#8148 = ( NAMED_UNIT(*) SI_UNIT($,.STERADIAN.) SOLID_ANGLE_UNIT() );
#8149 = UNCERTAINTY_MEASURE_WITH_UNIT(LENGTH_MEASURE(2.E-05),#8146,
  'distance_accuracy_value','confusion accuracy');
#8150 = CONTEXT_DEPENDENT_SHAPE_REPRESENTATION(#8151,#8153);
#8151 = ( REPRESENTATION_RELATIONSHIP('','',#90,#63) 
REPRESENTATION_RELATIONSHIP_WITH_TRANSFORMATION(#8152) 
SHAPE_REPRESENTATION_RELATIONSHIP() );
#8152 = ITEM_DEFINED_TRANSFORMATION('','',#11,#64);
#8153 = PRODUCT_DEFINITION_SHAPE('Placement','Placement of an item',
  #8154);
#8154 = NEXT_ASSEMBLY_USAGE_OCCURRENCE('1','=>[0:1:1:4]','',#58,#85,$);
#8155 = PRODUCT_RELATED_PRODUCT_CATEGORY('part',$,(#87));
#8156 = SHAPE_DEFINITION_REPRESENTATION(#8157,#8163);
#8157 = PRODUCT_DEFINITION_SHAPE('','',#8158);
#8158 = PRODUCT_DEFINITION('design','',#8159,#8162);
#8159 = PRODUCT_DEFINITION_FORMATION('','',#8160);
#8160 = PRODUCT('SOLID','SOLID','',(#8161));
#8161 = PRODUCT_CONTEXT('',#2,'mechanical');
#8162 = PRODUCT_DEFINITION_CONTEXT('part definition',#2,'design');
#8163 = ADVANCED_BREP_SHAPE_REPRESENTATION('',(#11,#8164),#8494);
#8164 = MANIFOLD_SOLID_BREP('',#8165);
#8165 = CLOSED_SHELL('',(#8166,#8286,#8386,#8433,#8480,#8487));
#8166 = ADVANCED_FACE('',(#8167),#8181,.F.);
#8167 = FACE_BOUND('',#8168,.F.);
#8168 = EDGE_LOOP('',(#8169,#8204,#8232,#8260));
#8169 = ORIENTED_EDGE('',*,*,#8170,.F.);
#8170 = EDGE_CURVE('',#8171,#8173,#8175,.T.);
#8171 = VERTEX_POINT('',#8172);
#8172 = CARTESIAN_POINT('',(0.,0.,0.));
#8173 = VERTEX_POINT('',#8174);
#8174 = CARTESIAN_POINT('',(0.,0.,8.));
#8175 = SURFACE_CURVE('',#8176,(#8180,#8192),.PCURVE_S1.);
#8176 = LINE('',#8177,#8178);
#8177 = CARTESIAN_POINT('',(0.,0.,0.));
#8178 = VECTOR('',#8179,1.);
#8179 = DIRECTION('',(0.,0.,1.));
#8180 = PCURVE('',#8181,#8186);
#8181 = PLANE('',#8182);
#8182 = AXIS2_PLACEMENT_3D('',#8183,#8184,#8185);
#8183 = CARTESIAN_POINT('',(0.,0.,0.));
#8184 = DIRECTION('',(1.,0.,-0.));
#8185 = DIRECTION('',(0.,0.,1.));
#8186 = DEFINITIONAL_REPRESENTATION('',(#8187),#8191);
#8187 = LINE('',#8188,#8189);
#8188 = CARTESIAN_POINT('',(0.,0.));
#8189 = VECTOR('',#8190,1.);
#8190 = DIRECTION('',(1.,0.));
#8191 = ( GEOMETRIC_REPRESENTATION_CONTEXT(2) 
PARAMETRIC_REPRESENTATION_CONTEXT() REPRESENTATION_CONTEXT('2D SPACE',''
  ) );
#8192 = PCURVE('',#8193,#8198);
#8193 = PLANE('',#8194);
#8194 = AXIS2_PLACEMENT_3D('',#8195,#8196,#8197);
#8195 = CARTESIAN_POINT('',(0.,0.,0.));
#8196 = DIRECTION('',(-0.,1.,0.));
#8197 = DIRECTION('',(0.,0.,1.));
#8198 = DEFINITIONAL_REPRESENTATION('',(#8199),#8203);
#8199 = LINE('',#8200,#8201);
#8200 = CARTESIAN_POINT('',(0.,0.));
#8201 = VECTOR('',#8202,1.);
#8202 = DIRECTION('',(1.,0.));
#8203 = ( GEOMETRIC_REPRESENTATION_CONTEXT(2) 
PARAMETRIC_REPRESENTATION_CONTEXT() REPRESENTATION_CONTEXT('2D SPACE',''
  ) );
#8204 = ORIENTED_EDGE('',*,*,#8205,.T.);
#8205 = EDGE_CURVE('',#8171,#8206,#8208,.T.);
#8206 = VERTEX_POINT('',#8207);
#8207 = CARTESIAN_POINT('',(0.,148.4,0.));
#8208 = SURFACE_CURVE('',#8209,(#8213,#8220),.PCURVE_S1.);
#8209 = LINE('',#8210,#8211);
#8210 = CARTESIAN_POINT('',(0.,0.,0.));
#8211 = VECTOR('',#8212,1.);
#8212 = DIRECTION('',(-0.,1.,0.));
#8213 = PCURVE('',#8181,#8214);
#8214 = DEFINITIONAL_REPRESENTATION('',(#8215),#8219);
#8215 = LINE('',#8216,#8217);
#8216 = CARTESIAN_POINT('',(0.,0.));
#8217 = VECTOR('',#8218,1.);
#8218 = DIRECTION('',(0.,-1.));
#8219 = ( GEOMETRIC_REPRESENTATION_CONTEXT(2) 
PARAMETRIC_REPRESENTATION_CONTEXT() REPRESENTATION_CONTEXT('2D SPACE',''
  ) );
#8220 = PCURVE('',#8221,#8226);
#8221 = PLANE('',#8222);
#8222 = AXIS2_PLACEMENT_3D('',#8223,#8224,#8225);
#8223 = CARTESIAN_POINT('',(0.,0.,0.));
#8224 = DIRECTION('',(0.,0.,1.));
#8225 = DIRECTION('',(1.,0.,-0.));
#8226 = DEFINITIONAL_REPRESENTATION('',(#8227),#8231);
#8227 = LINE('',#8228,#8229);
#8228 = CARTESIAN_POINT('',(0.,0.));
#8229 = VECTOR('',#8230,1.);
#8230 = DIRECTION('',(0.,1.));
#8231 = ( GEOMETRIC_REPRESENTATION_CONTEXT(2) 
PARAMETRIC_REPRESENTATION_CONTEXT() REPRESENTATION_CONTEXT('2D SPACE',''
  ) );
#8232 = ORIENTED_EDGE('',*,*,#8233,.T.);
#8233 = EDGE_CURVE('',#8206,#8234,#8236,.T.);
#8234 = VERTEX_POINT('',#8235);
#8235 = CARTESIAN_POINT('',(0.,148.4,8.));
#8236 = SURFACE_CURVE('',#8237,(#8241,#8248),.PCURVE_S1.);
#8237 = LINE('',#8238,#8239);
#8238 = CARTESIAN_POINT('',(0.,148.4,0.));
#8239 = VECTOR('',#8240,1.);
#8240 = DIRECTION('',(0.,0.,1.));
#8241 = PCURVE('',#8181,#8242);
#8242 = DEFINITIONAL_REPRESENTATION('',(#8243),#8247);
#8243 = LINE('',#8244,#8245);
#8244 = CARTESIAN_POINT('',(0.,-148.4));
#8245 = VECTOR('',#8246,1.);
#8246 = DIRECTION('',(1.,0.));
#8247 = ( GEOMETRIC_REPRESENTATION_CONTEXT(2) 
PARAMETRIC_REPRESENTATION_CONTEXT() REPRESENTATION_CONTEXT('2D SPACE',''
  ) );
#8248 = PCURVE('',#8249,#8254);
#8249 = PLANE('',#8250);
#8250 = AXIS2_PLACEMENT_3D('',#8251,#8252,#8253);
#8251 = CARTESIAN_POINT('',(0.,148.4,0.));
#8252 = DIRECTION('',(-0.,1.,0.));
#8253 = DIRECTION('',(0.,0.,1.));
#8254 = DEFINITIONAL_REPRESENTATION('',(#8255),#8259);
#8255 = LINE('',#8256,#8257);
#8256 = CARTESIAN_POINT('',(0.,0.));
#8257 = VECTOR('',#8258,1.);
#8258 = DIRECTION('',(1.,0.));
#8259 = ( GEOMETRIC_REPRESENTATION_CONTEXT(2) 
PARAMETRIC_REPRESENTATION_CONTEXT() REPRESENTATION_CONTEXT('2D SPACE',''
  ) );
#8260 = ORIENTED_EDGE('',*,*,#8261,.F.);
#8261 = EDGE_CURVE('',#8173,#8234,#8262,.T.);
#8262 = SURFACE_CURVE('',#8263,(#8267,#8274),.PCURVE_S1.);
#8263 = LINE('',#8264,#8265);
#8264 = CARTESIAN_POINT('',(0.,0.,8.));
#8265 = VECTOR('',#8266,1.);
#8266 = DIRECTION('',(-0.,1.,0.));
#8267 = PCURVE('',#8181,#8268);
#8268 = DEFINITIONAL_REPRESENTATION('',(#8269),#8273);
#8269 = LINE('',#8270,#8271);
#8270 = CARTESIAN_POINT('',(8.,0.));
#8271 = VECTOR('',#8272,1.);
#8272 = DIRECTION('',(0.,-1.));
#8273 = ( GEOMETRIC_REPRESENTATION_CONTEXT(2) 
PARAMETRIC_REPRESENTATION_CONTEXT() REPRESENTATION_CONTEXT('2D SPACE',''
  ) );
#8274 = PCURVE('',#8275,#8280);
#8275 = PLANE('',#8276);
#8276 = AXIS2_PLACEMENT_3D('',#8277,#8278,#8279);
#8277 = CARTESIAN_POINT('',(0.,0.,8.));
#8278 = DIRECTION('',(0.,0.,1.));
#8279 = DIRECTION('',(1.,0.,-0.));
#8280 = DEFINITIONAL_REPRESENTATION('',(#8281),#8285);
#8281 = LINE('',#8282,#8283);
#8282 = CARTESIAN_POINT('',(0.,0.));
#8283 = VECTOR('',#8284,1.);
#8284 = DIRECTION('',(0.,1.));
#8285 = ( GEOMETRIC_REPRESENTATION_CONTEXT(2) 
PARAMETRIC_REPRESENTATION_CONTEXT() REPRESENTATION_CONTEXT('2D SPACE',''
  ) );
#8286 = ADVANCED_FACE('',(#8287),#8301,.T.);
#8287 = FACE_BOUND('',#8288,.T.);
#8288 = EDGE_LOOP('',(#8289,#8319,#8342,#8365));
#8289 = ORIENTED_EDGE('',*,*,#8290,.F.);
#8290 = EDGE_CURVE('',#8291,#8293,#8295,.T.);
#8291 = VERTEX_POINT('',#8292);
#8292 = CARTESIAN_POINT('',(7.53,0.,0.));
#8293 = VERTEX_POINT('',#8294);
#8294 = CARTESIAN_POINT('',(7.53,0.,8.));
#8295 = SURFACE_CURVE('',#8296,(#8300,#8312),.PCURVE_S1.);
#8296 = LINE('',#8297,#8298);
#8297 = CARTESIAN_POINT('',(7.53,0.,0.));
#8298 = VECTOR('',#8299,1.);
#8299 = DIRECTION('',(0.,0.,1.));
#8300 = PCURVE('',#8301,#8306);
#8301 = PLANE('',#8302);
#8302 = AXIS2_PLACEMENT_3D('',#8303,#8304,#8305);
#8303 = CARTESIAN_POINT('',(7.53,0.,0.));
#8304 = DIRECTION('',(1.,0.,-0.));
#8305 = DIRECTION('',(0.,0.,1.));
#8306 = DEFINITIONAL_REPRESENTATION('',(#8307),#8311);
#8307 = LINE('',#8308,#8309);
#8308 = CARTESIAN_POINT('',(0.,0.));
#8309 = VECTOR('',#8310,1.);
#8310 = DIRECTION('',(1.,0.));
#8311 = ( GEOMETRIC_REPRESENTATION_CONTEXT(2) 
PARAMETRIC_REPRESENTATION_CONTEXT() REPRESENTATION_CONTEXT('2D SPACE',''
  ) );
#8312 = PCURVE('',#8193,#8313);
#8313 = DEFINITIONAL_REPRESENTATION('',(#8314),#8318);
#8314 = LINE('',#8315,#8316);
#8315 = CARTESIAN_POINT('',(0.,7.53));
#8316 = VECTOR('',#8317,1.);
#8317 = DIRECTION('',(1.,0.));
#8318 = ( GEOMETRIC_REPRESENTATION_CONTEXT(2) 
PARAMETRIC_REPRESENTATION_CONTEXT() REPRESENTATION_CONTEXT('2D SPACE',''
  ) );
#8319 = ORIENTED_EDGE('',*,*,#8320,.T.);
#8320 = EDGE_CURVE('',#8291,#8321,#8323,.T.);
#8321 = VERTEX_POINT('',#8322);
#8322 = CARTESIAN_POINT('',(7.53,148.4,0.));
#8323 = SURFACE_CURVE('',#8324,(#8328,#8335),.PCURVE_S1.);
#8324 = LINE('',#8325,#8326);
#8325 = CARTESIAN_POINT('',(7.53,0.,0.));
#8326 = VECTOR('',#8327,1.);
#8327 = DIRECTION('',(-0.,1.,0.));
#8328 = PCURVE('',#8301,#8329);
#8329 = DEFINITIONAL_REPRESENTATION('',(#8330),#8334);
#8330 = LINE('',#8331,#8332);
#8331 = CARTESIAN_POINT('',(0.,0.));
#8332 = VECTOR('',#8333,1.);
#8333 = DIRECTION('',(0.,-1.));
#8334 = ( GEOMETRIC_REPRESENTATION_CONTEXT(2) 
PARAMETRIC_REPRESENTATION_CONTEXT() REPRESENTATION_CONTEXT('2D SPACE',''
  ) );
#8335 = PCURVE('',#8221,#8336);
#8336 = DEFINITIONAL_REPRESENTATION('',(#8337),#8341);
#8337 = LINE('',#8338,#8339);
#8338 = CARTESIAN_POINT('',(7.53,0.));
#8339 = VECTOR('',#8340,1.);
#8340 = DIRECTION('',(0.,1.));
#8341 = ( GEOMETRIC_REPRESENTATION_CONTEXT(2) 
PARAMETRIC_REPRESENTATION_CONTEXT() REPRESENTATION_CONTEXT('2D SPACE',''
  ) );
#8342 = ORIENTED_EDGE('',*,*,#8343,.T.);
#8343 = EDGE_CURVE('',#8321,#8344,#8346,.T.);
#8344 = VERTEX_POINT('',#8345);
#8345 = CARTESIAN_POINT('',(7.53,148.4,8.));
#8346 = SURFACE_CURVE('',#8347,(#8351,#8358),.PCURVE_S1.);
#8347 = LINE('',#8348,#8349);
#8348 = CARTESIAN_POINT('',(7.53,148.4,0.));
#8349 = VECTOR('',#8350,1.);
#8350 = DIRECTION('',(0.,0.,1.));
#8351 = PCURVE('',#8301,#8352);
#8352 = DEFINITIONAL_REPRESENTATION('',(#8353),#8357);
#8353 = LINE('',#8354,#8355);
#8354 = CARTESIAN_POINT('',(0.,-148.4));
#8355 = VECTOR('',#8356,1.);
#8356 = DIRECTION('',(1.,0.));
#8357 = ( GEOMETRIC_REPRESENTATION_CONTEXT(2) 
PARAMETRIC_REPRESENTATION_CONTEXT() REPRESENTATION_CONTEXT('2D SPACE',''
  ) );
#8358 = PCURVE('',#8249,#8359);
#8359 = DEFINITIONAL_REPRESENTATION('',(#8360),#8364);
#8360 = LINE('',#8361,#8362);
#8361 = CARTESIAN_POINT('',(0.,7.53));
#8362 = VECTOR('',#8363,1.);
#8363 = DIRECTION('',(1.,0.));
#8364 = ( GEOMETRIC_REPRESENTATION_CONTEXT(2) 
PARAMETRIC_REPRESENTATION_CONTEXT() REPRESENTATION_CONTEXT('2D SPACE',''
  ) );
#8365 = ORIENTED_EDGE('',*,*,#8366,.F.);
#8366 = EDGE_CURVE('',#8293,#8344,#8367,.T.);
#8367 = SURFACE_CURVE('',#8368,(#8372,#8379),.PCURVE_S1.);
#8368 = LINE('',#8369,#8370);
#8369 = CARTESIAN_POINT('',(7.53,0.,8.));
#8370 = VECTOR('',#8371,1.);
#8371 = DIRECTION('',(-0.,1.,0.));
#8372 = PCURVE('',#8301,#8373);
#8373 = DEFINITIONAL_REPRESENTATION('',(#8374),#8378);
#8374 = LINE('',#8375,#8376);
#8375 = CARTESIAN_POINT('',(8.,0.));
#8376 = VECTOR('',#8377,1.);
#8377 = DIRECTION('',(0.,-1.));
#8378 = ( GEOMETRIC_REPRESENTATION_CONTEXT(2) 
PARAMETRIC_REPRESENTATION_CONTEXT() REPRESENTATION_CONTEXT('2D SPACE',''
  ) );
#8379 = PCURVE('',#8275,#8380);
#8380 = DEFINITIONAL_REPRESENTATION('',(#8381),#8385);
#8381 = LINE('',#8382,#8383);
#8382 = CARTESIAN_POINT('',(7.53,0.));
#8383 = VECTOR('',#8384,1.);
#8384 = DIRECTION('',(0.,1.));
#8385 = ( GEOMETRIC_REPRESENTATION_CONTEXT(2) 
PARAMETRIC_REPRESENTATION_CONTEXT() REPRESENTATION_CONTEXT('2D SPACE',''
  ) );
#8386 = ADVANCED_FACE('',(#8387),#8193,.F.);
#8387 = FACE_BOUND('',#8388,.F.);
#8388 = EDGE_LOOP('',(#8389,#8410,#8411,#8432));
#8389 = ORIENTED_EDGE('',*,*,#8390,.F.);
#8390 = EDGE_CURVE('',#8171,#8291,#8391,.T.);
#8391 = SURFACE_CURVE('',#8392,(#8396,#8403),.PCURVE_S1.);
#8392 = LINE('',#8393,#8394);
#8393 = CARTESIAN_POINT('',(0.,0.,0.));
#8394 = VECTOR('',#8395,1.);
#8395 = DIRECTION('',(1.,0.,-0.));
#8396 = PCURVE('',#8193,#8397);
#8397 = DEFINITIONAL_REPRESENTATION('',(#8398),#8402);
#8398 = LINE('',#8399,#8400);
#8399 = CARTESIAN_POINT('',(0.,0.));
#8400 = VECTOR('',#8401,1.);
#8401 = DIRECTION('',(0.,1.));
#8402 = ( GEOMETRIC_REPRESENTATION_CONTEXT(2) 
PARAMETRIC_REPRESENTATION_CONTEXT() REPRESENTATION_CONTEXT('2D SPACE',''
  ) );
#8403 = PCURVE('',#8221,#8404);
#8404 = DEFINITIONAL_REPRESENTATION('',(#8405),#8409);
#8405 = LINE('',#8406,#8407);
#8406 = CARTESIAN_POINT('',(0.,0.));
#8407 = VECTOR('',#8408,1.);
#8408 = DIRECTION('',(1.,0.));
#8409 = ( GEOMETRIC_REPRESENTATION_CONTEXT(2) 
PARAMETRIC_REPRESENTATION_CONTEXT() REPRESENTATION_CONTEXT('2D SPACE',''
  ) );
#8410 = ORIENTED_EDGE('',*,*,#8170,.T.);
#8411 = ORIENTED_EDGE('',*,*,#8412,.T.);
#8412 = EDGE_CURVE('',#8173,#8293,#8413,.T.);
#8413 = SURFACE_CURVE('',#8414,(#8418,#8425),.PCURVE_S1.);
#8414 = LINE('',#8415,#8416);
#8415 = CARTESIAN_POINT('',(0.,0.,8.));
#8416 = VECTOR('',#8417,1.);
#8417 = DIRECTION('',(1.,0.,-0.));
#8418 = PCURVE('',#8193,#8419);
#8419 = DEFINITIONAL_REPRESENTATION('',(#8420),#8424);
#8420 = LINE('',#8421,#8422);
#8421 = CARTESIAN_POINT('',(8.,0.));
#8422 = VECTOR('',#8423,1.);
#8423 = DIRECTION('',(0.,1.));
#8424 = ( GEOMETRIC_REPRESENTATION_CONTEXT(2) 
PARAMETRIC_REPRESENTATION_CONTEXT() REPRESENTATION_CONTEXT('2D SPACE',''
  ) );
#8425 = PCURVE('',#8275,#8426);
#8426 = DEFINITIONAL_REPRESENTATION('',(#8427),#8431);
#8427 = LINE('',#8428,#8429);
#8428 = CARTESIAN_POINT('',(0.,0.));
#8429 = VECTOR('',#8430,1.);
#8430 = DIRECTION('',(1.,0.));
#8431 = ( GEOMETRIC_REPRESENTATION_CONTEXT(2) 
PARAMETRIC_REPRESENTATION_CONTEXT() REPRESENTATION_CONTEXT('2D SPACE',''
  ) );
#8432 = ORIENTED_EDGE('',*,*,#8290,.F.);
#8433 = ADVANCED_FACE('',(#8434),#8249,.T.);
#8434 = FACE_BOUND('',#8435,.T.);
#8435 = EDGE_LOOP('',(#8436,#8457,#8458,#8479));
#8436 = ORIENTED_EDGE('',*,*,#8437,.F.);
#8437 = EDGE_CURVE('',#8206,#8321,#8438,.T.);
#8438 = SURFACE_CURVE('',#8439,(#8443,#8450),.PCURVE_S1.);
#8439 = LINE('',#8440,#8441);
#8440 = CARTESIAN_POINT('',(0.,148.4,0.));
#8441 = VECTOR('',#8442,1.);
#8442 = DIRECTION('',(1.,0.,-0.));
#8443 = PCURVE('',#8249,#8444);
#8444 = DEFINITIONAL_REPRESENTATION('',(#8445),#8449);
#8445 = LINE('',#8446,#8447);
#8446 = CARTESIAN_POINT('',(0.,0.));
#8447 = VECTOR('',#8448,1.);
#8448 = DIRECTION('',(0.,1.));
#8449 = ( GEOMETRIC_REPRESENTATION_CONTEXT(2) 
PARAMETRIC_REPRESENTATION_CONTEXT() REPRESENTATION_CONTEXT('2D SPACE',''
  ) );
#8450 = PCURVE('',#8221,#8451);
#8451 = DEFINITIONAL_REPRESENTATION('',(#8452),#8456);
#8452 = LINE('',#8453,#8454);
#8453 = CARTESIAN_POINT('',(0.,148.4));
#8454 = VECTOR('',#8455,1.);
#8455 = DIRECTION('',(1.,0.));
#8456 = ( GEOMETRIC_REPRESENTATION_CONTEXT(2) 
PARAMETRIC_REPRESENTATION_CONTEXT() REPRESENTATION_CONTEXT('2D SPACE',''
  ) );
#8457 = ORIENTED_EDGE('',*,*,#8233,.T.);
#8458 = ORIENTED_EDGE('',*,*,#8459,.T.);
#8459 = EDGE_CURVE('',#8234,#8344,#8460,.T.);
#8460 = SURFACE_CURVE('',#8461,(#8465,#8472),.PCURVE_S1.);
#8461 = LINE('',#8462,#8463);
#8462 = CARTESIAN_POINT('',(0.,148.4,8.));
#8463 = VECTOR('',#8464,1.);
#8464 = DIRECTION('',(1.,0.,-0.));
#8465 = PCURVE('',#8249,#8466);
#8466 = DEFINITIONAL_REPRESENTATION('',(#8467),#8471);
#8467 = LINE('',#8468,#8469);
#8468 = CARTESIAN_POINT('',(8.,0.));
#8469 = VECTOR('',#8470,1.);
#8470 = DIRECTION('',(0.,1.));
#8471 = ( GEOMETRIC_REPRESENTATION_CONTEXT(2) 
PARAMETRIC_REPRESENTATION_CONTEXT() REPRESENTATION_CONTEXT('2D SPACE',''
  ) );
#8472 = PCURVE('',#8275,#8473);
#8473 = DEFINITIONAL_REPRESENTATION('',(#8474),#8478);
#8474 = LINE('',#8475,#8476);
#8475 = CARTESIAN_POINT('',(0.,148.4));
#8476 = VECTOR('',#8477,1.);
#8477 = DIRECTION('',(1.,0.));
#8478 = ( GEOMETRIC_REPRESENTATION_CONTEXT(2) 
PARAMETRIC_REPRESENTATION_CONTEXT() REPRESENTATION_CONTEXT('2D SPACE',''
  ) );
#8479 = ORIENTED_EDGE('',*,*,#8343,.F.);
#8480 = ADVANCED_FACE('',(#8481),#8221,.F.);
#8481 = FACE_BOUND('',#8482,.F.);
#8482 = EDGE_LOOP('',(#8483,#8484,#8485,#8486));
#8483 = ORIENTED_EDGE('',*,*,#8205,.F.);
#8484 = ORIENTED_EDGE('',*,*,#8390,.T.);
#8485 = ORIENTED_EDGE('',*,*,#8320,.T.);
#8486 = ORIENTED_EDGE('',*,*,#8437,.F.);
#8487 = ADVANCED_FACE('',(#8488),#8275,.T.);
#8488 = FACE_BOUND('',#8489,.T.);
#8489 = EDGE_LOOP('',(#8490,#8491,#8492,#8493));
#8490 = ORIENTED_EDGE('',*,*,#8261,.F.);
#8491 = ORIENTED_EDGE('',*,*,#8412,.T.);
#8492 = ORIENTED_EDGE('',*,*,#8366,.T.);
#8493 = ORIENTED_EDGE('',*,*,#8459,.F.);
#8494 = ( GEOMETRIC_REPRESENTATION_CONTEXT(3) 
GLOBAL_UNCERTAINTY_ASSIGNED_CONTEXT((#8498)) 
GLOBAL_UNIT_ASSIGNED_CONTEXT((#8495,#8496,#8497)) REPRESENTATION_CONTEXT
('Context #1','3D Context with UNIT and UNCERTAINTY') );
#8495 = ( LENGTH_UNIT() NAMED_UNIT(*) SI_UNIT(.MILLI.,.METRE.) );
#8496 = ( NAMED_UNIT(*) PLANE_ANGLE_UNIT() SI_UNIT($,.RADIAN.) );
#8497 = ( NAMED_UNIT(*) SI_UNIT($,.STERADIAN.) SOLID_ANGLE_UNIT() );
#8498 = UNCERTAINTY_MEASURE_WITH_UNIT(LENGTH_MEASURE(1.E-07),#8495,
  'distance_accuracy_value','confusion accuracy');
#8499 = CONTEXT_DEPENDENT_SHAPE_REPRESENTATION(#8500,#8502);
#8500 = ( REPRESENTATION_RELATIONSHIP('','',#8163,#63) 
REPRESENTATION_RELATIONSHIP_WITH_TRANSFORMATION(#8501) 
SHAPE_REPRESENTATION_RELATIONSHIP() );
#8501 = ITEM_DEFINED_TRANSFORMATION('','',#11,#68);
#8502 = PRODUCT_DEFINITION_SHAPE('Placement','Placement of an item',
  #8503);
#8503 = NEXT_ASSEMBLY_USAGE_OCCURRENCE('2','=>[0:1:1:5]','',#58,#8158,$
  );
#8504 = PRODUCT_RELATED_PRODUCT_CATEGORY('part',$,(#8160));
#8505 = CONTEXT_DEPENDENT_SHAPE_REPRESENTATION(#8506,#8508);
#8506 = ( REPRESENTATION_RELATIONSHIP('','',#63,#36) 
REPRESENTATION_RELATIONSHIP_WITH_TRANSFORMATION(#8507) 
SHAPE_REPRESENTATION_RELATIONSHIP() );
#8507 = ITEM_DEFINED_TRANSFORMATION('','',#11,#41);
#8508 = PRODUCT_DEFINITION_SHAPE('Placement','Placement of an item',
  #8509);
#8509 = NEXT_ASSEMBLY_USAGE_OCCURRENCE('4','=>[0:1:1:3]','',#31,#58,$);
#8510 = SHAPE_DEFINITION_REPRESENTATION(#8511,#8517);
#8511 = PRODUCT_DEFINITION_SHAPE('','',#8512);
#8512 = PRODUCT_DEFINITION('design','',#8513,#8516);
#8513 = PRODUCT_DEFINITION_FORMATION('','',#8514);
#8514 = PRODUCT('South','South','',(#8515));
#8515 = PRODUCT_CONTEXT('',#2,'mechanical');
#8516 = PRODUCT_DEFINITION_CONTEXT('part definition',#2,'design');
#8517 = SHAPE_REPRESENTATION('',(#11,#8518,#8522),#8526);
#8518 = AXIS2_PLACEMENT_3D('',#8519,#8520,#8521);
#8519 = CARTESIAN_POINT('',(0.,0.,0.));
#8520 = DIRECTION('',(0.,-0.,1.));
#8521 = DIRECTION('',(0.980785280403,0.195090322016,0.));
#8522 = AXIS2_PLACEMENT_3D('',#8523,#8524,#8525);
#8523 = CARTESIAN_POINT('',(0.,0.,0.));
#8524 = DIRECTION('',(0.,-0.,1.));
#8525 = DIRECTION('',(0.831469612303,0.55557023302,0.));
#8526 = ( GEOMETRIC_REPRESENTATION_CONTEXT(3) 
GLOBAL_UNCERTAINTY_ASSIGNED_CONTEXT((#8530)) 
GLOBAL_UNIT_ASSIGNED_CONTEXT((#8527,#8528,#8529)) REPRESENTATION_CONTEXT
('Context #1','3D Context with UNIT and UNCERTAINTY') );
#8527 = ( LENGTH_UNIT() NAMED_UNIT(*) SI_UNIT(.MILLI.,.METRE.) );
#8528 = ( NAMED_UNIT(*) PLANE_ANGLE_UNIT() SI_UNIT($,.RADIAN.) );
#8529 = ( NAMED_UNIT(*) SI_UNIT($,.STERADIAN.) SOLID_ANGLE_UNIT() );
#8530 = UNCERTAINTY_MEASURE_WITH_UNIT(LENGTH_MEASURE(2.E-05),#8527,
  'distance_accuracy_value','confusion accuracy');
#8531 = CONTEXT_DEPENDENT_SHAPE_REPRESENTATION(#8532,#8534);
#8532 = ( REPRESENTATION_RELATIONSHIP('','',#8517,#10) 
REPRESENTATION_RELATIONSHIP_WITH_TRANSFORMATION(#8533) 
SHAPE_REPRESENTATION_RELATIONSHIP() );
#8533 = ITEM_DEFINED_TRANSFORMATION('','',#11,#19);
#8534 = PRODUCT_DEFINITION_SHAPE('Placement','Placement of an item',
  #8535);
#8535 = NEXT_ASSEMBLY_USAGE_OCCURRENCE('8','=>[0:1:1:6]','',#5,#8512,$);
#8536 = PRODUCT_RELATED_PRODUCT_CATEGORY('part',$,(#8514));
#8537 = CONTEXT_DEPENDENT_SHAPE_REPRESENTATION(#8538,#8540);
#8538 = ( REPRESENTATION_RELATIONSHIP('','',#63,#8517) 
REPRESENTATION_RELATIONSHIP_WITH_TRANSFORMATION(#8539) 
SHAPE_REPRESENTATION_RELATIONSHIP() );
#8539 = ITEM_DEFINED_TRANSFORMATION('','',#11,#8518);
#8540 = PRODUCT_DEFINITION_SHAPE('Placement','Placement of an item',
  #8541);
#8541 = NEXT_ASSEMBLY_USAGE_OCCURRENCE('6','=>[0:1:1:3]','',#8512,#58,$
  );
#8542 = CONTEXT_DEPENDENT_SHAPE_REPRESENTATION(#8543,#8545);
#8543 = ( REPRESENTATION_RELATIONSHIP('','',#63,#8517) 
REPRESENTATION_RELATIONSHIP_WITH_TRANSFORMATION(#8544) 
SHAPE_REPRESENTATION_RELATIONSHIP() );
#8544 = ITEM_DEFINED_TRANSFORMATION('','',#11,#8522);
#8545 = PRODUCT_DEFINITION_SHAPE('Placement','Placement of an item',
  #8546);
#8546 = NEXT_ASSEMBLY_USAGE_OCCURRENCE('7','=>[0:1:1:3]','',#8512,#58,$
  );
ENDSEC;
END-ISO-10303-21;
