ISO-10303-21;
HEADER;
FILE_DESCRIPTION(('Open CASCADE Model'),'2;1');
FILE_NAME('Open CASCADE Shape Model','2026-05-26T14:45:58',('Author'),(
    'Open CASCADE'),'Open CASCADE STEP processor 7.8','build123d',
  'Unknown');
FILE_SCHEMA(('AUTOMOTIVE_DESIGN { 1 0 10303 214 1 1 1 1 }'));
ENDSEC;
DATA;
#1 = APPLICATION_PROTOCOL_DEFINITION('international standard',
  'automotive_design',2000,#2);
#2 = APPLICATION_CONTEXT(
  'core data for automotive mechanical design processes');
#3 = SHAPE_DEFINITION_REPRESENTATION(#4,#10);
#4 = PRODUCT_DEFINITION_SHAPE('','',#5);
#5 = PRODUCT_DEFINITION('design','',#6,#9);
#6 = PRODUCT_DEFINITION_FORMATION('','',#7);
#7 = PRODUCT('COMPOUND','COMPOUND','',(#8));
#8 = PRODUCT_CONTEXT('',#2,'mechanical');
#9 = PRODUCT_DEFINITION_CONTEXT('part definition',#2,'design');
#10 = ADVANCED_BREP_SHAPE_REPRESENTATION('',(#11,#15),#8675);
#11 = AXIS2_PLACEMENT_3D('',#12,#13,#14);
#12 = CARTESIAN_POINT('',(0.,0.,0.));
#13 = DIRECTION('',(0.,0.,1.));
#14 = DIRECTION('',(1.,0.,-0.));
#15 = MANIFOLD_SOLID_BREP('',#16);
#16 = CLOSED_SHELL('',(#17,#395,#474,#554,#920,#1078,#1127,#1412,#1460,
    #1624,#2278,#2328,#2378,#2807,#3092,#3146,#3431,#3463,#3514,#3746,
    #3778,#3925,#3981,#4036,#4092,#4318,#4387,#4425,#4463,#4491,#4529,
    #4557,#4595,#4978,#5016,#5054,#5082,#5110,#5117,#5191,#5198,#5246,
    #5298,#5328,#5335,#5417,#5473,#5547,#5647,#5808,#5863,#5922,#5973,
    #6103,#6272,#6418,#6469,#6526,#6594,#6661,#6693,#6725,#6825,#6898,
    #6926,#7067,#7292,#7333,#7411,#7462,#7517,#7567,#7630,#7637,#7689,
    #7735,#7759,#7804,#7811,#7916,#7923,#8042,#8182,#8256,#8284,#8312,
    #8448,#8638,#8666));
#17 = ADVANCED_FACE('',(#18),#32,.F.);
#18 = FACE_BOUND('',#19,.T.);
#19 = EDGE_LOOP('',(#20,#55,#110,#138,#368));
#20 = ORIENTED_EDGE('',*,*,#21,.F.);
#21 = EDGE_CURVE('',#22,#24,#26,.T.);
#22 = VERTEX_POINT('',#23);
#23 = CARTESIAN_POINT('',(66.169781622732,-2.,9.));
#24 = VERTEX_POINT('',#25);
#25 = CARTESIAN_POINT('',(66.45,-2.,9.));
#26 = SURFACE_CURVE('',#27,(#31,#43),.PCURVE_S1.);
#27 = LINE('',#28,#29);
#28 = CARTESIAN_POINT('',(62.2,-2.,9.));
#29 = VECTOR('',#30,1.);
#30 = DIRECTION('',(1.,0.,0.));
#31 = PCURVE('',#32,#37);
#32 = CYLINDRICAL_SURFACE('',#33,0.5);
#33 = AXIS2_PLACEMENT_3D('',#34,#35,#36);
#34 = CARTESIAN_POINT('',(62.2,-1.5,9.));
#35 = DIRECTION('',(1.,0.,0.));
#36 = DIRECTION('',(0.,-1.,0.));
#37 = DEFINITIONAL_REPRESENTATION('',(#38),#42);
#38 = LINE('',#39,#40);
#39 = CARTESIAN_POINT('',(-0.,0.));
#40 = VECTOR('',#41,1.);
#41 = DIRECTION('',(-0.,1.));
#42 = ( GEOMETRIC_REPRESENTATION_CONTEXT(2) 
PARAMETRIC_REPRESENTATION_CONTEXT() REPRESENTATION_CONTEXT('2D SPACE',''
  ) );
#43 = PCURVE('',#44,#49);
#44 = PLANE('',#45);
#45 = AXIS2_PLACEMENT_3D('',#46,#47,#48);
#46 = CARTESIAN_POINT('',(62.2,-2.,-9.5));
#47 = DIRECTION('',(0.,1.,0.));
#48 = DIRECTION('',(0.,0.,1.));
#49 = DEFINITIONAL_REPRESENTATION('',(#50),#54);
#50 = LINE('',#51,#52);
#51 = CARTESIAN_POINT('',(18.5,0.));
#52 = VECTOR('',#53,1.);
#53 = DIRECTION('',(0.,1.));
#54 = ( GEOMETRIC_REPRESENTATION_CONTEXT(2) 
PARAMETRIC_REPRESENTATION_CONTEXT() REPRESENTATION_CONTEXT('2D SPACE',''
  ) );
#55 = ORIENTED_EDGE('',*,*,#56,.T.);
#56 = EDGE_CURVE('',#22,#57,#59,.T.);
#57 = VERTEX_POINT('',#58);
#58 = CARTESIAN_POINT('',(66.183003860508,-1.5,9.5));
#59 = SURFACE_CURVE('',#60,(#73,#89),.PCURVE_S1.);
#60 = B_SPLINE_CURVE_WITH_KNOTS('',6,(#61,#62,#63,#64,#65,#66,#67,#68,
    #69,#70,#71,#72),.UNSPECIFIED.,.F.,.F.,(7,5,7),(0.,0.545305349235,1.
    ),.UNSPECIFIED.);
#61 = CARTESIAN_POINT('',(66.169781622732,-2.,9.));
#62 = CARTESIAN_POINT('',(66.169781622732,-2.,9.068119376161));
#63 = CARTESIAN_POINT('',(66.170118221149,-1.988863649483,9.136395722617
    ));
#64 = CARTESIAN_POINT('',(66.170794384115,-1.966493012654,9.202789094054
    ));
#65 = CARTESIAN_POINT('',(66.171787784134,-1.93316059428,9.265218930947)
  );
#66 = CARTESIAN_POINT('',(66.173050841738,-1.889484357611,9.321609184803
    ));
#67 = CARTESIAN_POINT('',(66.175747079786,-1.792331265439,9.410011696815
    ));
#68 = CARTESIAN_POINT('',(66.177120165988,-1.741578330017,9.44461854994)
  );
#69 = CARTESIAN_POINT('',(66.178592079757,-1.685279911944,9.471893552846
    ));
#70 = CARTESIAN_POINT('',(66.180099269164,-1.625018233971,9.490588158686
    ));
#71 = CARTESIAN_POINT('',(66.181584576375,-1.562621658181,9.5));
#72 = CARTESIAN_POINT('',(66.183003860508,-1.5,9.5));
#73 = PCURVE('',#32,#74);
#74 = DEFINITIONAL_REPRESENTATION('',(#75),#88);
#75 = B_SPLINE_CURVE_WITH_KNOTS('',6,(#76,#77,#78,#79,#80,#81,#82,#83,
    #84,#85,#86,#87),.UNSPECIFIED.,.F.,.F.,(7,5,7),(0.,0.545305349235,1.
    ),.UNSPECIFIED.);
#76 = CARTESIAN_POINT('',(0.,3.969781622732));
#77 = CARTESIAN_POINT('',(-0.136238752321,3.969781622732));
#78 = CARTESIAN_POINT('',(-0.272792062734,3.970118221149));
#79 = CARTESIAN_POINT('',(-0.410127687531,3.970794384115));
#80 = CARTESIAN_POINT('',(-0.548754429764,3.971787784134));
#81 = CARTESIAN_POINT('',(-0.689266581072,3.973050841738));
#82 = CARTESIAN_POINT('',(-0.951973470579,3.975747079786));
#83 = CARTESIAN_POINT('',(-1.073630985839,3.977120165988));
#84 = CARTESIAN_POINT('',(-1.196696964044,3.978592079757));
#85 = CARTESIAN_POINT('',(-1.320760671066,3.980099269164));
#86 = CARTESIAN_POINT('',(-1.445553010434,3.981584576375));
#87 = CARTESIAN_POINT('',(-1.570796326795,3.983003860508));
#88 = ( GEOMETRIC_REPRESENTATION_CONTEXT(2) 
PARAMETRIC_REPRESENTATION_CONTEXT() REPRESENTATION_CONTEXT('2D SPACE',''
  ) );
#89 = PCURVE('',#90,#95);
#90 = CYLINDRICAL_SURFACE('',#91,66.2);
#91 = AXIS2_PLACEMENT_3D('',#92,#93,#94);
#92 = CARTESIAN_POINT('',(0.,0.,11.5));
#93 = DIRECTION('',(-0.,0.,-1.));
#94 = DIRECTION('',(0.995184726672,-9.801714032956E-02,0.));
#95 = DEFINITIONAL_REPRESENTATION('',(#96),#109);
#96 = B_SPLINE_CURVE_WITH_KNOTS('',6,(#97,#98,#99,#100,#101,#102,#103,
    #104,#105,#106,#107,#108),.UNSPECIFIED.,.F.,.F.,(7,5,7),(0.,
    0.545305349235,1.),.UNSPECIFIED.);
#97 = CARTESIAN_POINT('',(-6.795869233487E-02,2.5));
#98 = CARTESIAN_POINT('',(-6.795869233487E-02,2.431880623839));
#99 = CARTESIAN_POINT('',(-6.812699197009E-02,2.363604277383));
#100 = CARTESIAN_POINT('',(-6.846507134868E-02,2.297210905946));
#101 = CARTESIAN_POINT('',(-6.896880565861E-02,2.234781069053));
#102 = CARTESIAN_POINT('',(-6.962884290587E-02,2.178390815197));
#103 = CARTESIAN_POINT('',(-7.109697732582E-02,2.089988303185));
#104 = CARTESIAN_POINT('',(-7.186391831989E-02,2.05538145006));
#105 = CARTESIAN_POINT('',(-7.271463762966E-02,2.028106447154));
#106 = CARTESIAN_POINT('',(-7.362521855319E-02,2.009411841314));
#107 = CARTESIAN_POINT('',(-7.456803141311E-02,2.));
#108 = CARTESIAN_POINT('',(-7.551422083528E-02,2.));
#109 = ( GEOMETRIC_REPRESENTATION_CONTEXT(2) 
PARAMETRIC_REPRESENTATION_CONTEXT() REPRESENTATION_CONTEXT('2D SPACE',''
  ) );
#110 = ORIENTED_EDGE('',*,*,#111,.T.);
#111 = EDGE_CURVE('',#57,#112,#114,.T.);
#112 = VERTEX_POINT('',#113);
#113 = CARTESIAN_POINT('',(66.619722436227,-1.5,9.5));
#114 = SURFACE_CURVE('',#115,(#119,#126),.PCURVE_S1.);
#115 = LINE('',#116,#117);
#116 = CARTESIAN_POINT('',(62.2,-1.5,9.5));
#117 = VECTOR('',#118,1.);
#118 = DIRECTION('',(1.,0.,0.));
#119 = PCURVE('',#32,#120);
#120 = DEFINITIONAL_REPRESENTATION('',(#121),#125);
#121 = LINE('',#122,#123);
#122 = CARTESIAN_POINT('',(-1.570796326795,0.));
#123 = VECTOR('',#124,1.);
#124 = DIRECTION('',(-0.,1.));
#125 = ( GEOMETRIC_REPRESENTATION_CONTEXT(2) 
PARAMETRIC_REPRESENTATION_CONTEXT() REPRESENTATION_CONTEXT('2D SPACE',''
  ) );
#126 = PCURVE('',#127,#132);
#127 = PLANE('',#128);
#128 = AXIS2_PLACEMENT_3D('',#129,#130,#131);
#129 = CARTESIAN_POINT('',(62.2,-2.,9.5));
#130 = DIRECTION('',(0.,0.,1.));
#131 = DIRECTION('',(1.,0.,0.));
#132 = DEFINITIONAL_REPRESENTATION('',(#133),#137);
#133 = LINE('',#134,#135);
#134 = CARTESIAN_POINT('',(0.,0.5));
#135 = VECTOR('',#136,1.);
#136 = DIRECTION('',(1.,0.));
#137 = ( GEOMETRIC_REPRESENTATION_CONTEXT(2) 
PARAMETRIC_REPRESENTATION_CONTEXT() REPRESENTATION_CONTEXT('2D SPACE',''
  ) );
#138 = ORIENTED_EDGE('',*,*,#139,.T.);
#139 = EDGE_CURVE('',#112,#140,#142,.T.);
#140 = VERTEX_POINT('',#141);
#141 = CARTESIAN_POINT('',(66.45,-1.933012701889,9.250000000005));
#142 = SURFACE_CURVE('',#143,(#174,#270),.PCURVE_S1.);
#143 = ( BOUNDED_CURVE() B_SPLINE_CURVE(8,(#144,#145,#146,#147,#148,#149
    ,#150,#151,#152,#153,#154,#155,#156,#157,#158,#159,#160,#161,#162,
    #163,#164,#165,#166,#167,#168,#169,#170,#171,#172,#173),
.UNSPECIFIED.,.F.,.F.) B_SPLINE_CURVE_WITH_KNOTS((9,7,7,7,9),(
    21.798187131229,21.902186188886,22.144608387389,22.262491387059,
22.33457487466),.UNSPECIFIED.) CURVE() GEOMETRIC_REPRESENTATION_ITEM() 
RATIONAL_B_SPLINE_CURVE((1.,1.,1.,1.,1.,1.,1.,1.,1.,1.,1.,1.,1.,1.,1.,1.
,1.,1.,1.,1.,1.,1.,1.,1.,1.,1.,1.,1.,1.,1.)) REPRESENTATION_ITEM('') );
#144 = CARTESIAN_POINT('',(66.619722436227,-1.5,9.5));
#145 = CARTESIAN_POINT('',(66.619722436227,-1.515487821197,9.5));
#146 = CARTESIAN_POINT('',(66.618612245694,-1.530917627013,
    9.499442222365));
#147 = CARTESIAN_POINT('',(66.616544155385,-1.545857878203,
    9.498409279855));
#148 = CARTESIAN_POINT('',(66.613192924236,-1.561428695078,
    9.496694303391));
#149 = CARTESIAN_POINT('',(66.609578000971,-1.574868033585,
    9.494788873891));
#150 = CARTESIAN_POINT('',(66.605115565339,-1.589032514119,
    9.492335033007));
#151 = CARTESIAN_POINT('',(66.600381942236,-1.602235155086,9.48961717329
    ));
#152 = CARTESIAN_POINT('',(66.583428280312,-1.645359787844,
    9.479408274362));
#153 = CARTESIAN_POINT('',(66.569586125783,-1.674074638398,
    9.470371346232));
#154 = CARTESIAN_POINT('',(66.554958918413,-1.701469871086,
    9.459566167185));
#155 = CARTESIAN_POINT('',(66.540529101599,-1.727290384665,
    9.447359018182));
#156 = CARTESIAN_POINT('',(66.5267927721,-1.751535335962,9.433983783278)
  );
#157 = CARTESIAN_POINT('',(66.513781800079,-1.774655176018,
    9.419353595322));
#158 = CARTESIAN_POINT('',(66.50138376393,-1.797292636308,9.40305821539)
  );
#159 = CARTESIAN_POINT('',(66.484404503437,-1.830399376084,
    9.375545740942));
#160 = CARTESIAN_POINT('',(66.479111356587,-1.841123715082,
    9.366019976133));
#161 = CARTESIAN_POINT('',(66.474154913937,-1.851451440111,
    9.356318747283));
#162 = CARTESIAN_POINT('',(66.469630294563,-1.861810616284,
    9.345762428187));
#163 = CARTESIAN_POINT('',(66.465503921078,-1.8717555709,9.335035459643)
  );
#164 = CARTESIAN_POINT('',(66.461825215878,-1.881266836259,
    9.324152765374));
#165 = CARTESIAN_POINT('',(66.458816148779,-1.891273918847,
    9.311613548843));
#166 = CARTESIAN_POINT('',(66.454851064156,-1.904905157687,
    9.293472236825));
#167 = CARTESIAN_POINT('',(66.453527775424,-1.908702149254,
    9.288150711865));
#168 = CARTESIAN_POINT('',(66.452387357904,-1.91320581918,9.281763659275
    ));
#169 = CARTESIAN_POINT('',(66.45145841869,-1.917438129943,9.275476194427
    ));
#170 = CARTESIAN_POINT('',(66.450745438094,-1.921363315831,
    9.269361589977));
#171 = CARTESIAN_POINT('',(66.450250801383,-1.925434433693,
    9.262885768531));
#172 = CARTESIAN_POINT('',(66.45,-1.929265753984,9.25648990415));
#173 = CARTESIAN_POINT('',(66.45,-1.933012701889,9.250000000005));
#174 = PCURVE('',#32,#175);
#175 = DEFINITIONAL_REPRESENTATION('',(#176),#269);
#176 = B_SPLINE_CURVE_WITH_KNOTS('',11,(#177,#178,#179,#180,#181,#182,
    #183,#184,#185,#186,#187,#188,#189,#190,#191,#192,#193,#194,#195,
    #196,#197,#198,#199,#200,#201,#202,#203,#204,#205,#206,#207,#208,
    #209,#210,#211,#212,#213,#214,#215,#216,#217,#218,#219,#220,#221,
    #222,#223,#224,#225,#226,#227,#228,#229,#230,#231,#232,#233,#234,
    #235,#236,#237,#238,#239,#240,#241,#242,#243,#244,#245,#246,#247,
    #248,#249,#250,#251,#252,#253,#254,#255,#256,#257,#258,#259,#260,
    #261,#262,#263,#264,#265,#266,#267,#268),.UNSPECIFIED.,.F.,.F.,(12,
    10,10,10,10,10,10,10,10,12),(21.798187131229,21.865235599158,
    21.932284067087,22.066381002945,22.133429470873,22.200477938802,
    22.234002172767,22.250764289749,22.267526406731,22.33457487466),
  .UNSPECIFIED.);
#177 = CARTESIAN_POINT('',(-1.570796326795,4.419722436227));
#178 = CARTESIAN_POINT('',(-1.556272633198,4.419722436226));
#179 = CARTESIAN_POINT('',(-1.541791390969,4.419490406006));
#180 = CARTESIAN_POINT('',(-1.527368905425,4.419030885968));
#181 = CARTESIAN_POINT('',(-1.513013882473,4.418347786561));
#182 = CARTESIAN_POINT('',(-1.498739414226,4.417447772625));
#183 = CARTESIAN_POINT('',(-1.484568905078,4.416342096765));
#184 = CARTESIAN_POINT('',(-1.470535938122,4.415046881064));
#185 = CARTESIAN_POINT('',(-1.456678082059,4.413581848026));
#186 = CARTESIAN_POINT('',(-1.443024638436,4.411967499786));
#187 = CARTESIAN_POINT('',(-1.429578329364,4.410220746457));
#188 = CARTESIAN_POINT('',(-1.40300352183,4.406477219471));
#189 = CARTESIAN_POINT('',(-1.389869063842,4.40447896978));
#190 = CARTESIAN_POINT('',(-1.376994768472,4.402389691095));
#191 = CARTESIAN_POINT('',(-1.364028791607,4.400162988341));
#192 = CARTESIAN_POINT('',(-1.351388298105,4.397878738942));
#193 = CARTESIAN_POINT('',(-1.339071397108,4.39555147624));
#194 = CARTESIAN_POINT('',(-1.326658385768,4.393124202884));
#195 = CARTESIAN_POINT('',(-1.314146710609,4.390600576854));
#196 = CARTESIAN_POINT('',(-1.301947797452,4.388052086127));
#197 = CARTESIAN_POINT('',(-1.289702418415,4.38543640548));
#198 = CARTESIAN_POINT('',(-1.253228835912,4.377463014341));
#199 = CARTESIAN_POINT('',(-1.22917683247,4.371967695054));
#200 = CARTESIAN_POINT('',(-1.205384017363,4.36635364545));
#201 = CARTESIAN_POINT('',(-1.181845866996,4.360673182543));
#202 = CARTESIAN_POINT('',(-1.158555526445,4.354970457762));
#203 = CARTESIAN_POINT('',(-1.135501471886,4.349281969488));
#204 = CARTESIAN_POINT('',(-1.112665172947,4.343637075225));
#205 = CARTESIAN_POINT('',(-1.090018755142,4.338058504199));
#206 = CARTESIAN_POINT('',(-1.067522662235,4.332562869542));
#207 = CARTESIAN_POINT('',(-1.045123318652,4.327161180806));
#208 = CARTESIAN_POINT('',(-1.011564528473,4.319208443991));
#209 = CARTESIAN_POINT('',(-1.000386279489,4.316583100453));
#210 = CARTESIAN_POINT('',(-0.989207428834,4.313983877245));
#211 = CARTESIAN_POINT('',(-0.978019185236,4.311411427799));
#212 = CARTESIAN_POINT('',(-0.966812582235,4.308866507392));
#213 = CARTESIAN_POINT('',(-0.95557847817,4.30634997312));
#214 = CARTESIAN_POINT('',(-0.944307556203,4.303862783945));
#215 = CARTESIAN_POINT('',(-0.93299032429,4.301406000633));
#216 = CARTESIAN_POINT('',(-0.921617115207,4.298980785817));
#217 = CARTESIAN_POINT('',(-0.910178086532,4.296588403948));
#218 = CARTESIAN_POINT('',(-0.887148354776,4.291872038697));
#219 = CARTESIAN_POINT('',(-0.875564195631,4.289547360299));
#220 = CARTESIAN_POINT('',(-0.863860144335,4.287258510963));
#221 = CARTESIAN_POINT('',(-0.852094626454,4.285014548064));
#222 = CARTESIAN_POINT('',(-0.84031438191,4.282823309124));
#223 = CARTESIAN_POINT('',(-0.828518428836,4.280689042027));
#224 = CARTESIAN_POINT('',(-0.816675044024,4.278613536271));
#225 = CARTESIAN_POINT('',(-0.804760102713,4.276598673647));
#226 = CARTESIAN_POINT('',(-0.792785120332,4.274648316789));
#227 = CARTESIAN_POINT('',(-0.780783338941,4.272767453964));
#228 = CARTESIAN_POINT('',(-0.762691632064,4.270051050853));
#229 = CARTESIAN_POINT('',(-0.756649363588,4.269163242588));
#230 = CARTESIAN_POINT('',(-0.750593844037,4.268293505955));
#231 = CARTESIAN_POINT('',(-0.744523825551,4.267442279195));
#232 = CARTESIAN_POINT('',(-0.738438363972,4.266610026634));
#233 = CARTESIAN_POINT('',(-0.732336818837,4.265797238617));
#234 = CARTESIAN_POINT('',(-0.726218853388,4.265004431605));
#235 = CARTESIAN_POINT('',(-0.720084434562,4.26423214806));
#236 = CARTESIAN_POINT('',(-0.713933832999,4.263480956556));
#237 = CARTESIAN_POINT('',(-0.707767623036,4.26275145169));
#238 = CARTESIAN_POINT('',(-0.698496212546,4.261690655367));
#239 = CARTESIAN_POINT('',(-0.695402726081,4.261342614146));
#240 = CARTESIAN_POINT('',(-0.692306427546,4.261000207084));
#241 = CARTESIAN_POINT('',(-0.68920783062,4.260663503036));
#242 = CARTESIAN_POINT('',(-0.686107758435,4.26033256319));
#243 = CARTESIAN_POINT('',(-0.683007343571,4.260007440926));
#244 = CARTESIAN_POINT('',(-0.67990802806,4.259688182008));
#245 = CARTESIAN_POINT('',(-0.676811563382,4.259374824373));
#246 = CARTESIAN_POINT('',(-0.673720010468,4.259067398318));
#247 = CARTESIAN_POINT('',(-0.6706357397,4.258765926367));
#248 = CARTESIAN_POINT('',(-0.664487122117,4.258174920322));
#249 = CARTESIAN_POINT('',(-0.661449977336,4.257885147394));
#250 = CARTESIAN_POINT('',(-0.658220623856,4.257603084368));
#251 = CARTESIAN_POINT('',(-0.655746186798,4.257320788125));
#252 = CARTESIAN_POINT('',(-0.651675515657,4.257057707083));
#253 = CARTESIAN_POINT('',(-0.649938714091,4.256782155436));
#254 = CARTESIAN_POINT('',(-0.646140810803,4.256527955592));
#255 = CARTESIAN_POINT('',(-0.643376895949,4.25627351706));
#256 = CARTESIAN_POINT('',(-0.64062657964,4.256023361636));
#257 = CARTESIAN_POINT('',(-0.637889935386,4.255779100755));
#258 = CARTESIAN_POINT('',(-0.624552492821,4.254582180761));
#259 = CARTESIAN_POINT('',(-0.614750268094,4.253705502111));
#260 = CARTESIAN_POINT('',(-0.604757749924,4.252912100531));
#261 = CARTESIAN_POINT('',(-0.594565348172,4.252206706476));
#262 = CARTESIAN_POINT('',(-0.58438056956,4.251593288793));
#263 = CARTESIAN_POINT('',(-0.574282079869,4.251074445214));
#264 = CARTESIAN_POINT('',(-0.56419684576,4.250652242756));
#265 = CARTESIAN_POINT('',(-0.554038038082,4.250329496091));
#266 = CARTESIAN_POINT('',(-0.543841378269,4.250110470874));
#267 = CARTESIAN_POINT('',(-0.533737609689,4.25));
#268 = CARTESIAN_POINT('',(-0.52359877561,4.25));
#269 = ( GEOMETRIC_REPRESENTATION_CONTEXT(2) 
PARAMETRIC_REPRESENTATION_CONTEXT() REPRESENTATION_CONTEXT('2D SPACE',''
  ) );
#270 = PCURVE('',#271,#362);
#271 = ( BOUNDED_SURFACE() B_SPLINE_SURFACE(2,8,(
    (#272,#273,#274,#275,#276,#277,#278,#279,#280,#281,#282,#283,#284
      ,#285,#286,#287,#288,#289,#290,#291,#292,#293,#294,#295,#296,#297
      ,#298,#299,#300,#301)
    ,(#302,#303,#304,#305,#306,#307,#308,#309,#310,#311,#312,#313,#314
      ,#315,#316,#317,#318,#319,#320,#321,#322,#323,#324,#325,#326,#327
      ,#328,#329,#330,#331)
    ,(#332,#333,#334,#335,#336,#337,#338,#339,#340,#341,#342,#343,#344
      ,#345,#346,#347,#348,#349,#350,#351,#352,#353,#354,#355,#356,#357
      ,#358,#359,#360,#361
)),.UNSPECIFIED.,.F.,.F.,.F.) B_SPLINE_SURFACE_WITH_KNOTS((3,3),(9,7,7,7
    ,9),(0.,0.53638774343),(21.798187131229,21.902186188886,
    22.144608387389,22.262491387059,22.33457487466),.UNSPECIFIED.) 
GEOMETRIC_REPRESENTATION_ITEM() RATIONAL_B_SPLINE_SURFACE((
    (1.,1.,1.,1.,1.,1.,1.,1.,1.,1.,1.,1.,1.,1.,1.,1.,1.,1.,1.,1.,1.,1.
      ,1.,1.,1.,1.,1.,1.,1.,1.)
    ,(0.963624111659,0.963624111659,0.962897165657,0.961547050987
      ,0.959320946965,0.956833197527,0.953669148688,0.950160498302
      ,0.937085071863,0.925602339453,0.912086547341,0.897143912279
      ,0.881203021238,0.864326709958,0.846320049083,0.817805022473
      ,0.80826657347,0.798615391319,0.788937312651,0.779206528229
      ,0.769518786224,0.760130173325,0.745050706748,0.739182968112
      ,0.733578616424,0.728028612374,0.722555612607,0.717279330188
      ,0.712113023284,0.707106781187)
    ,(1.,1.,1.,1.,1.,1.,1.,1.,1.,1.,1.,1.,1.,1.,1.,1.,1.,1.,1.,1.,1.,1.
,1.,1.,1.,1.,1.,1.,1.,1.))) REPRESENTATION_ITEM('') SURFACE() );
#272 = CARTESIAN_POINT('',(66.619722436227,-1.5,9.5));
#273 = CARTESIAN_POINT('',(66.619722436227,-1.515487821197,9.5));
#274 = CARTESIAN_POINT('',(66.618612245694,-1.530917627013,
    9.499442222365));
#275 = CARTESIAN_POINT('',(66.616544155385,-1.545857878203,
    9.498409279855));
#276 = CARTESIAN_POINT('',(66.613192924236,-1.561428695078,
    9.496694303391));
#277 = CARTESIAN_POINT('',(66.609578000971,-1.574868033585,
    9.494788873891));
#278 = CARTESIAN_POINT('',(66.605115565339,-1.589032514119,
    9.492335033007));
#279 = CARTESIAN_POINT('',(66.600381942236,-1.602235155086,9.48961717329
    ));
#280 = CARTESIAN_POINT('',(66.583428280312,-1.645359787844,
    9.479408274362));
#281 = CARTESIAN_POINT('',(66.569586125783,-1.674074638398,
    9.470371346232));
#282 = CARTESIAN_POINT('',(66.554958918413,-1.701469871086,
    9.459566167185));
#283 = CARTESIAN_POINT('',(66.540529101599,-1.727290384665,
    9.447359018182));
#284 = CARTESIAN_POINT('',(66.5267927721,-1.751535335962,9.433983783278)
  );
#285 = CARTESIAN_POINT('',(66.513781800079,-1.774655176018,
    9.419353595322));
#286 = CARTESIAN_POINT('',(66.50138376393,-1.797292636308,9.40305821539)
  );
#287 = CARTESIAN_POINT('',(66.484404503437,-1.830399376084,
    9.375545740942));
#288 = CARTESIAN_POINT('',(66.479111356587,-1.841123715082,
    9.366019976133));
#289 = CARTESIAN_POINT('',(66.474154913937,-1.851451440111,
    9.356318747283));
#290 = CARTESIAN_POINT('',(66.469630294563,-1.861810616284,
    9.345762428187));
#291 = CARTESIAN_POINT('',(66.465503921078,-1.8717555709,9.335035459643)
  );
#292 = CARTESIAN_POINT('',(66.461825215878,-1.881266836259,
    9.324152765374));
#293 = CARTESIAN_POINT('',(66.458816148779,-1.891273918847,
    9.311613548843));
#294 = CARTESIAN_POINT('',(66.454851064156,-1.904905157687,
    9.293472236825));
#295 = CARTESIAN_POINT('',(66.453527775424,-1.908702149254,
    9.288150711865));
#296 = CARTESIAN_POINT('',(66.452387357904,-1.91320581918,9.281763659275
    ));
#297 = CARTESIAN_POINT('',(66.45145841869,-1.917438129943,9.275476194427
    ));
#298 = CARTESIAN_POINT('',(66.450745438094,-1.921363315831,
    9.269361589977));
#299 = CARTESIAN_POINT('',(66.450250801383,-1.925434433693,
    9.262885768531));
#300 = CARTESIAN_POINT('',(66.45,-1.929265753984,9.25648990415));
#301 = CARTESIAN_POINT('',(66.45,-1.933012701889,9.250000000005));
#302 = CARTESIAN_POINT('',(66.647457446038,-1.5,9.5));
#303 = CARTESIAN_POINT('',(66.647457446038,-1.51673359131,9.5));
#304 = CARTESIAN_POINT('',(66.646574550495,-1.533430004987,
    9.499352276071));
#305 = CARTESIAN_POINT('',(66.644924212931,-1.54959926085,9.49814798121)
  );
#306 = CARTESIAN_POINT('',(66.642257809402,-1.566411921947,
    9.496154897102));
#307 = CARTESIAN_POINT('',(66.639394689631,-1.580890180209,
    9.493939134786));
#308 = CARTESIAN_POINT('',(66.635889766931,-1.596066750768,
    9.491108530779));
#309 = CARTESIAN_POINT('',(66.632203260134,-1.610166690433,
    9.487983625178));
#310 = CARTESIAN_POINT('',(66.619014743673,-1.656372615442,
    9.476224304297));
#311 = CARTESIAN_POINT('',(66.608315844725,-1.687058779173,
    9.465791564961));
#312 = CARTESIAN_POINT('',(66.597360721114,-1.715822417748,
    9.453450437287));
#313 = CARTESIAN_POINT('',(66.587021650884,-1.742319189572,
    9.439797611782));
#314 = CARTESIAN_POINT('',(66.577732736151,-1.766532486168,
    9.425259673781));
#315 = CARTESIAN_POINT('',(66.569530147624,-1.788939618233,
    9.409865286183));
#316 = CARTESIAN_POINT('',(66.562326837883,-1.810194769947,
    9.393353929763));
#317 = CARTESIAN_POINT('',(66.553543931726,-1.840268469181,
    9.366832165722));
#318 = CARTESIAN_POINT('',(66.550936479266,-1.850040349771,
    9.357658858362));
#319 = CARTESIAN_POINT('',(66.548750039802,-1.85931771432,9.348375925335
    ));
#320 = CARTESIAN_POINT('',(66.54696859477,-1.868239636815,9.338904557849
    ));
#321 = CARTESIAN_POINT('',(66.545613774701,-1.876777776844,
    9.329292591059));
#322 = CARTESIAN_POINT('',(66.544718508465,-1.884876652512,
    9.319609282718));
#323 = CARTESIAN_POINT('',(66.54427870866,-1.892644413867,9.309808975481
    ));
#324 = CARTESIAN_POINT('',(66.544376206327,-1.904562856203,
    9.293915710429));
#325 = CARTESIAN_POINT('',(66.544631793798,-1.908932040361,
    9.287872869796));
#326 = CARTESIAN_POINT('',(66.545030327347,-1.913251712063,
    9.281681019587));
#327 = CARTESIAN_POINT('',(66.545625769281,-1.917440526572,
    9.275449568288));
#328 = CARTESIAN_POINT('',(66.546421720992,-1.921497003154,
    9.269182428039));
#329 = CARTESIAN_POINT('',(66.547400980198,-1.925457750289,
    9.262833335142));
#330 = CARTESIAN_POINT('',(66.548593975413,-1.929292095482,
    9.256444279337));
#331 = CARTESIAN_POINT('',(66.55,-1.93301270189,9.250000000003));
#332 = CARTESIAN_POINT('',(66.671230311591,-1.5,9.514285714286));
#333 = CARTESIAN_POINT('',(66.671230311591,-1.518282966142,
    9.514285714286));
#334 = CARTESIAN_POINT('',(66.670461318921,-1.536500035441,
    9.513822969246));
#335 = CARTESIAN_POINT('',(66.669027776817,-1.554135966765,
    9.512964496503));
#336 = CARTESIAN_POINT('',(66.666708393111,-1.57251209563,9.511544830792
    ));
#337 = CARTESIAN_POINT('',(66.664192276416,-1.588416611611,
    9.509956396873));
#338 = CARTESIAN_POINT('',(66.661100453258,-1.605099014048,
    9.507927058528));
#339 = CARTESIAN_POINT('',(66.657804964117,-1.620714026608,
    9.505668542691));
#340 = CARTESIAN_POINT('',(66.646014557625,-1.671595316673,
    9.497209533919));
#341 = CARTESIAN_POINT('',(66.636368425607,-1.705496192155,
    9.489724037049));
#342 = CARTESIAN_POINT('',(66.626171665887,-1.737750037372,
    9.480799295134));
#343 = CARTESIAN_POINT('',(66.616111452722,-1.768072195169,
    9.470758454444));
#344 = CARTESIAN_POINT('',(66.606530010779,-1.796488855818,
    9.459812903362));
#345 = CARTESIAN_POINT('',(66.597438650631,-1.823522920467,
    9.447909641637));
#346 = CARTESIAN_POINT('',(66.588733270158,-1.849911901311,
    9.434734202572));
#347 = CARTESIAN_POINT('',(66.576661850059,-1.888474637273,
    9.412640666572));
#348 = CARTESIAN_POINT('',(66.572863282612,-1.900932039712,
    9.405040127274));
#349 = CARTESIAN_POINT('',(66.569299749338,-1.913064871281,
    9.397160025214));
#350 = CARTESIAN_POINT('',(66.565956062343,-1.924964374001,
    9.388926209433));
#351 = CARTESIAN_POINT('',(66.562866771135,-1.936626939954,
    9.380328829466));
#352 = CARTESIAN_POINT('',(66.560085556398,-1.947975381916,
    9.371394895744));
#353 = CARTESIAN_POINT('',(66.557627943842,-1.959007971645,9.36209039173
    ));
#354 = CARTESIAN_POINT('',(66.554263772213,-1.976448225162,
    9.346377629729));
#355 = CARTESIAN_POINT('',(66.55311452243,-1.983084033423,9.340195942356
    ));
#356 = CARTESIAN_POINT('',(66.552131246272,-1.989486808126,
    9.333901941711));
#357 = CARTESIAN_POINT('',(66.551310710899,-1.995797301914,
    9.327430533026));
#358 = CARTESIAN_POINT('',(66.550669128152,-2.00199738415,9.320789960122
    ));
#359 = CARTESIAN_POINT('',(66.550229801247,-2.008008280266,9.31401582539
    ));
#360 = CARTESIAN_POINT('',(66.55,-2.013892630893,9.307079895471));
#361 = CARTESIAN_POINT('',(66.55,-2.019615242271,9.3));
#362 = DEFINITIONAL_REPRESENTATION('',(#363),#367);
#363 = LINE('',#364,#365);
#364 = CARTESIAN_POINT('',(0.,0.));
#365 = VECTOR('',#366,1.);
#366 = DIRECTION('',(0.,1.));
#367 = ( GEOMETRIC_REPRESENTATION_CONTEXT(2) 
PARAMETRIC_REPRESENTATION_CONTEXT() REPRESENTATION_CONTEXT('2D SPACE',''
  ) );
#368 = ORIENTED_EDGE('',*,*,#369,.T.);
#369 = EDGE_CURVE('',#140,#24,#370,.T.);
#370 = SURFACE_CURVE('',#371,(#376,#383),.PCURVE_S1.);
#371 = CIRCLE('',#372,0.5);
#372 = AXIS2_PLACEMENT_3D('',#373,#374,#375);
#373 = CARTESIAN_POINT('',(66.45,-1.5,9.));
#374 = DIRECTION('',(1.,0.,0.));
#375 = DIRECTION('',(0.,-0.8,0.6));
#376 = PCURVE('',#32,#377);
#377 = DEFINITIONAL_REPRESENTATION('',(#378),#382);
#378 = LINE('',#379,#380);
#379 = CARTESIAN_POINT('',(-0.643501108793,4.25));
#380 = VECTOR('',#381,1.);
#381 = DIRECTION('',(1.,-0.));
#382 = ( GEOMETRIC_REPRESENTATION_CONTEXT(2) 
PARAMETRIC_REPRESENTATION_CONTEXT() REPRESENTATION_CONTEXT('2D SPACE',''
  ) );
#383 = PCURVE('',#384,#389);
#384 = TOROIDAL_SURFACE('',#385,0.6,0.1);
#385 = AXIS2_PLACEMENT_3D('',#386,#387,#388);
#386 = CARTESIAN_POINT('',(66.45,-1.5,9.));
#387 = DIRECTION('',(-1.,-0.,0.));
#388 = DIRECTION('',(0.,-0.8,0.6));
#389 = DEFINITIONAL_REPRESENTATION('',(#390),#394);
#390 = LINE('',#391,#392);
#391 = CARTESIAN_POINT('',(-0.,3.14159265359));
#392 = VECTOR('',#393,1.);
#393 = DIRECTION('',(-1.,0.));
#394 = ( GEOMETRIC_REPRESENTATION_CONTEXT(2) 
PARAMETRIC_REPRESENTATION_CONTEXT() REPRESENTATION_CONTEXT('2D SPACE',''
  ) );
#395 = ADVANCED_FACE('',(#396),#44,.T.);
#396 = FACE_BOUND('',#397,.T.);
#397 = EDGE_LOOP('',(#398,#428,#447,#448));
#398 = ORIENTED_EDGE('',*,*,#399,.F.);
#399 = EDGE_CURVE('',#400,#402,#404,.T.);
#400 = VERTEX_POINT('',#401);
#401 = CARTESIAN_POINT('',(66.169781622732,-2.,-9.));
#402 = VERTEX_POINT('',#403);
#403 = CARTESIAN_POINT('',(66.45,-2.,-9.));
#404 = SURFACE_CURVE('',#405,(#409,#416),.PCURVE_S1.);
#405 = LINE('',#406,#407);
#406 = CARTESIAN_POINT('',(62.2,-2.,-9.));
#407 = VECTOR('',#408,1.);
#408 = DIRECTION('',(1.,0.,0.));
#409 = PCURVE('',#44,#410);
#410 = DEFINITIONAL_REPRESENTATION('',(#411),#415);
#411 = LINE('',#412,#413);
#412 = CARTESIAN_POINT('',(0.5,0.));
#413 = VECTOR('',#414,1.);
#414 = DIRECTION('',(0.,1.));
#415 = ( GEOMETRIC_REPRESENTATION_CONTEXT(2) 
PARAMETRIC_REPRESENTATION_CONTEXT() REPRESENTATION_CONTEXT('2D SPACE',''
  ) );
#416 = PCURVE('',#417,#422);
#417 = CYLINDRICAL_SURFACE('',#418,0.5);
#418 = AXIS2_PLACEMENT_3D('',#419,#420,#421);
#419 = CARTESIAN_POINT('',(62.2,-1.5,-9.));
#420 = DIRECTION('',(1.,0.,0.));
#421 = DIRECTION('',(0.,-1.,0.));
#422 = DEFINITIONAL_REPRESENTATION('',(#423),#427);
#423 = LINE('',#424,#425);
#424 = CARTESIAN_POINT('',(0.,0.));
#425 = VECTOR('',#426,1.);
#426 = DIRECTION('',(0.,1.));
#427 = ( GEOMETRIC_REPRESENTATION_CONTEXT(2) 
PARAMETRIC_REPRESENTATION_CONTEXT() REPRESENTATION_CONTEXT('2D SPACE',''
  ) );
#428 = ORIENTED_EDGE('',*,*,#429,.F.);
#429 = EDGE_CURVE('',#22,#400,#430,.T.);
#430 = SURFACE_CURVE('',#431,(#435,#441),.PCURVE_S1.);
#431 = LINE('',#432,#433);
#432 = CARTESIAN_POINT('',(66.169781622732,-2.,11.5));
#433 = VECTOR('',#434,1.);
#434 = DIRECTION('',(-0.,0.,-1.));
#435 = PCURVE('',#44,#436);
#436 = DEFINITIONAL_REPRESENTATION('',(#437),#440);
#437 = B_SPLINE_CURVE_WITH_KNOTS('',1,(#438,#439),.UNSPECIFIED.,.F.,.F.,
  (2,2),(0.7,22.3),.PIECEWISE_BEZIER_KNOTS.);
#438 = CARTESIAN_POINT('',(20.3,3.969781622732));
#439 = CARTESIAN_POINT('',(-1.3,3.969781622732));
#440 = ( GEOMETRIC_REPRESENTATION_CONTEXT(2) 
PARAMETRIC_REPRESENTATION_CONTEXT() REPRESENTATION_CONTEXT('2D SPACE',''
  ) );
#441 = PCURVE('',#90,#442);
#442 = DEFINITIONAL_REPRESENTATION('',(#443),#446);
#443 = B_SPLINE_CURVE_WITH_KNOTS('',1,(#444,#445),.UNSPECIFIED.,.F.,.F.,
  (2,2),(0.7,22.3),.PIECEWISE_BEZIER_KNOTS.);
#444 = CARTESIAN_POINT('',(-6.795869233487E-02,0.7));
#445 = CARTESIAN_POINT('',(-6.795869233487E-02,22.3));
#446 = ( GEOMETRIC_REPRESENTATION_CONTEXT(2) 
PARAMETRIC_REPRESENTATION_CONTEXT() REPRESENTATION_CONTEXT('2D SPACE',''
  ) );
#447 = ORIENTED_EDGE('',*,*,#21,.T.);
#448 = ORIENTED_EDGE('',*,*,#449,.T.);
#449 = EDGE_CURVE('',#24,#402,#450,.T.);
#450 = SURFACE_CURVE('',#451,(#455,#462),.PCURVE_S1.);
#451 = LINE('',#452,#453);
#452 = CARTESIAN_POINT('',(66.45,-2.,9.));
#453 = VECTOR('',#454,1.);
#454 = DIRECTION('',(-0.,-0.,-1.));
#455 = PCURVE('',#44,#456);
#456 = DEFINITIONAL_REPRESENTATION('',(#457),#461);
#457 = LINE('',#458,#459);
#458 = CARTESIAN_POINT('',(18.5,4.25));
#459 = VECTOR('',#460,1.);
#460 = DIRECTION('',(-1.,-0.));
#461 = ( GEOMETRIC_REPRESENTATION_CONTEXT(2) 
PARAMETRIC_REPRESENTATION_CONTEXT() REPRESENTATION_CONTEXT('2D SPACE',''
  ) );
#462 = PCURVE('',#463,#468);
#463 = CYLINDRICAL_SURFACE('',#464,0.1);
#464 = AXIS2_PLACEMENT_3D('',#465,#466,#467);
#465 = CARTESIAN_POINT('',(66.45,-2.1,9.));
#466 = DIRECTION('',(-0.,-0.,-1.));
#467 = DIRECTION('',(0.,1.,-0.));
#468 = DEFINITIONAL_REPRESENTATION('',(#469),#473);
#469 = LINE('',#470,#471);
#470 = CARTESIAN_POINT('',(0.,0.));
#471 = VECTOR('',#472,1.);
#472 = DIRECTION('',(0.,1.));
#473 = ( GEOMETRIC_REPRESENTATION_CONTEXT(2) 
PARAMETRIC_REPRESENTATION_CONTEXT() REPRESENTATION_CONTEXT('2D SPACE',''
  ) );
#474 = ADVANCED_FACE('',(#475),#384,.T.);
#475 = FACE_BOUND('',#476,.F.);
#476 = EDGE_LOOP('',(#477,#504,#505,#527));
#477 = ORIENTED_EDGE('',*,*,#478,.F.);
#478 = EDGE_CURVE('',#140,#479,#481,.T.);
#479 = VERTEX_POINT('',#480);
#480 = CARTESIAN_POINT('',(66.55,-2.019615242271,9.3));
#481 = SURFACE_CURVE('',#482,(#486,#498),.PCURVE_S1.);
#482 = ( BOUNDED_CURVE() B_SPLINE_CURVE(2,(#483,#484,#485),
.UNSPECIFIED.,.F.,.F.) B_SPLINE_CURVE_WITH_KNOTS((3,3),(0.,0.53638774343
),.PIECEWISE_BEZIER_KNOTS.) CURVE() GEOMETRIC_REPRESENTATION_ITEM() 
RATIONAL_B_SPLINE_CURVE((1.,0.707106781187,1.)) REPRESENTATION_ITEM('') 
  );
#483 = CARTESIAN_POINT('',(66.45,-1.933012701889,9.250000000005));
#484 = CARTESIAN_POINT('',(66.55,-1.93301270189,9.250000000003));
#485 = CARTESIAN_POINT('',(66.55,-2.019615242271,9.3));
#486 = PCURVE('',#384,#487);
#487 = DEFINITIONAL_REPRESENTATION('',(#488),#497);
#488 = B_SPLINE_CURVE_WITH_KNOTS('',7,(#489,#490,#491,#492,#493,#494,
    #495,#496),.UNSPECIFIED.,.F.,.F.,(8,8),(0.,0.53638774343),
  .PIECEWISE_BEZIER_KNOTS.);
#489 = CARTESIAN_POINT('',(-0.119902333195,3.14159265359));
#490 = CARTESIAN_POINT('',(-0.119902333195,3.3436231625));
#491 = CARTESIAN_POINT('',(-0.119902333195,3.56539608683));
#492 = CARTESIAN_POINT('',(-0.119902333195,3.803476480193));
#493 = CARTESIAN_POINT('',(-0.119902333195,4.050505154527));
#494 = CARTESIAN_POINT('',(-0.119902333195,4.28858554658));
#495 = CARTESIAN_POINT('',(-0.119902333195,4.510358471474));
#496 = CARTESIAN_POINT('',(-0.119902333195,4.712388980385));
#497 = ( GEOMETRIC_REPRESENTATION_CONTEXT(2) 
PARAMETRIC_REPRESENTATION_CONTEXT() REPRESENTATION_CONTEXT('2D SPACE',''
  ) );
#498 = PCURVE('',#271,#499);
#499 = DEFINITIONAL_REPRESENTATION('',(#500),#503);
#500 = B_SPLINE_CURVE_WITH_KNOTS('',1,(#501,#502),.UNSPECIFIED.,.F.,.F.,
  (2,2),(0.,0.53638774343),.PIECEWISE_BEZIER_KNOTS.);
#501 = CARTESIAN_POINT('',(0.,22.33457487466));
#502 = CARTESIAN_POINT('',(0.53638774343,22.33457487466));
#503 = ( GEOMETRIC_REPRESENTATION_CONTEXT(2) 
PARAMETRIC_REPRESENTATION_CONTEXT() REPRESENTATION_CONTEXT('2D SPACE',''
  ) );
#504 = ORIENTED_EDGE('',*,*,#369,.T.);
#505 = ORIENTED_EDGE('',*,*,#506,.T.);
#506 = EDGE_CURVE('',#24,#507,#509,.T.);
#507 = VERTEX_POINT('',#508);
#508 = CARTESIAN_POINT('',(66.55,-2.1,9.));
#509 = SURFACE_CURVE('',#510,(#515,#521),.PCURVE_S1.);
#510 = CIRCLE('',#511,0.1);
#511 = AXIS2_PLACEMENT_3D('',#512,#513,#514);
#512 = CARTESIAN_POINT('',(66.45,-2.1,9.));
#513 = DIRECTION('',(-0.,3.330669073875E-16,-1.));
#514 = DIRECTION('',(0.,-1.,-3.330669073875E-16));
#515 = PCURVE('',#384,#516);
#516 = DEFINITIONAL_REPRESENTATION('',(#517),#520);
#517 = B_SPLINE_CURVE_WITH_KNOTS('',1,(#518,#519),.UNSPECIFIED.,.F.,.F.,
  (2,2),(3.14159265359,4.712388980385),.PIECEWISE_BEZIER_KNOTS.);
#518 = CARTESIAN_POINT('',(-0.643501108793,3.14159265359));
#519 = CARTESIAN_POINT('',(-0.643501108793,4.712388980385));
#520 = ( GEOMETRIC_REPRESENTATION_CONTEXT(2) 
PARAMETRIC_REPRESENTATION_CONTEXT() REPRESENTATION_CONTEXT('2D SPACE',''
  ) );
#521 = PCURVE('',#463,#522);
#522 = DEFINITIONAL_REPRESENTATION('',(#523),#526);
#523 = B_SPLINE_CURVE_WITH_KNOTS('',1,(#524,#525),.UNSPECIFIED.,.F.,.F.,
  (2,2),(3.14159265359,4.712388980385),.PIECEWISE_BEZIER_KNOTS.);
#524 = CARTESIAN_POINT('',(0.,0.));
#525 = CARTESIAN_POINT('',(1.570796326795,0.));
#526 = ( GEOMETRIC_REPRESENTATION_CONTEXT(2) 
PARAMETRIC_REPRESENTATION_CONTEXT() REPRESENTATION_CONTEXT('2D SPACE',''
  ) );
#527 = ORIENTED_EDGE('',*,*,#528,.F.);
#528 = EDGE_CURVE('',#479,#507,#529,.T.);
#529 = SURFACE_CURVE('',#530,(#535,#542),.PCURVE_S1.);
#530 = CIRCLE('',#531,0.6);
#531 = AXIS2_PLACEMENT_3D('',#532,#533,#534);
#532 = CARTESIAN_POINT('',(66.55,-1.5,9.));
#533 = DIRECTION('',(1.,0.,0.));
#534 = DIRECTION('',(0.,-0.8,0.6));
#535 = PCURVE('',#384,#536);
#536 = DEFINITIONAL_REPRESENTATION('',(#537),#541);
#537 = LINE('',#538,#539);
#538 = CARTESIAN_POINT('',(-0.,4.712388980385));
#539 = VECTOR('',#540,1.);
#540 = DIRECTION('',(-1.,0.));
#541 = ( GEOMETRIC_REPRESENTATION_CONTEXT(2) 
PARAMETRIC_REPRESENTATION_CONTEXT() REPRESENTATION_CONTEXT('2D SPACE',''
  ) );
#542 = PCURVE('',#543,#548);
#543 = PLANE('',#544);
#544 = AXIS2_PLACEMENT_3D('',#545,#546,#547);
#545 = CARTESIAN_POINT('',(66.55,-4.73,-9.5));
#546 = DIRECTION('',(1.,0.,0.));
#547 = DIRECTION('',(0.,0.,1.));
#548 = DEFINITIONAL_REPRESENTATION('',(#549),#553);
#549 = CIRCLE('',#550,0.6);
#550 = AXIS2_PLACEMENT_2D('',#551,#552);
#551 = CARTESIAN_POINT('',(18.5,-3.23));
#552 = DIRECTION('',(0.6,0.8));
#553 = ( GEOMETRIC_REPRESENTATION_CONTEXT(2) 
PARAMETRIC_REPRESENTATION_CONTEXT() REPRESENTATION_CONTEXT('2D SPACE',''
  ) );
#554 = ADVANCED_FACE('',(#555,#671),#90,.F.);
#555 = FACE_BOUND('',#556,.T.);
#556 = EDGE_LOOP('',(#557,#587,#616,#644));
#557 = ORIENTED_EDGE('',*,*,#558,.F.);
#558 = EDGE_CURVE('',#559,#561,#563,.T.);
#559 = VERTEX_POINT('',#560);
#560 = CARTESIAN_POINT('',(65.881228905699,-6.488734689817,11.));
#561 = VERTEX_POINT('',#562);
#562 = CARTESIAN_POINT('',(65.881228905699,-6.488734689817,-11.));
#563 = SURFACE_CURVE('',#564,(#568,#575),.PCURVE_S1.);
#564 = LINE('',#565,#566);
#565 = CARTESIAN_POINT('',(65.881228905699,-6.488734689817,11.5));
#566 = VECTOR('',#567,1.);
#567 = DIRECTION('',(0.,0.,-1.));
#568 = PCURVE('',#90,#569);
#569 = DEFINITIONAL_REPRESENTATION('',(#570),#574);
#570 = LINE('',#571,#572);
#571 = CARTESIAN_POINT('',(-0.,0.));
#572 = VECTOR('',#573,1.);
#573 = DIRECTION('',(-0.,1.));
#574 = ( GEOMETRIC_REPRESENTATION_CONTEXT(2) 
PARAMETRIC_REPRESENTATION_CONTEXT() REPRESENTATION_CONTEXT('2D SPACE',''
  ) );
#575 = PCURVE('',#576,#581);
#576 = PLANE('',#577);
#577 = AXIS2_PLACEMENT_3D('',#578,#579,#580);
#578 = CARTESIAN_POINT('',(69.861967812388,-6.880803251135,0.));
#579 = DIRECTION('',(-9.801714032956E-02,-0.995184726672,-0.));
#580 = DIRECTION('',(0.,0.,-1.));
#581 = DEFINITIONAL_REPRESENTATION('',(#582),#586);
#582 = LINE('',#583,#584);
#583 = CARTESIAN_POINT('',(-11.5,-4.));
#584 = VECTOR('',#585,1.);
#585 = DIRECTION('',(1.,0.));
#586 = ( GEOMETRIC_REPRESENTATION_CONTEXT(2) 
PARAMETRIC_REPRESENTATION_CONTEXT() REPRESENTATION_CONTEXT('2D SPACE',''
  ) );
#587 = ORIENTED_EDGE('',*,*,#588,.T.);
#588 = EDGE_CURVE('',#559,#589,#591,.T.);
#589 = VERTEX_POINT('',#590);
#590 = CARTESIAN_POINT('',(65.881228905699,6.488734689817,11.));
#591 = SURFACE_CURVE('',#592,(#597,#604),.PCURVE_S1.);
#592 = CIRCLE('',#593,66.2);
#593 = AXIS2_PLACEMENT_3D('',#594,#595,#596);
#594 = CARTESIAN_POINT('',(0.,0.,11.));
#595 = DIRECTION('',(-0.,0.,1.));
#596 = DIRECTION('',(0.995184726672,-9.801714032956E-02,0.));
#597 = PCURVE('',#90,#598);
#598 = DEFINITIONAL_REPRESENTATION('',(#599),#603);
#599 = LINE('',#600,#601);
#600 = CARTESIAN_POINT('',(-3.984205478453E-17,0.5));
#601 = VECTOR('',#602,1.);
#602 = DIRECTION('',(-1.,0.));
#603 = ( GEOMETRIC_REPRESENTATION_CONTEXT(2) 
PARAMETRIC_REPRESENTATION_CONTEXT() REPRESENTATION_CONTEXT('2D SPACE',''
  ) );
#604 = PCURVE('',#605,#610);
#605 = TOROIDAL_SURFACE('',#606,66.7,0.5);
#606 = AXIS2_PLACEMENT_3D('',#607,#608,#609);
#607 = CARTESIAN_POINT('',(0.,0.,11.));
#608 = DIRECTION('',(-0.,0.,1.));
#609 = DIRECTION('',(0.995184726672,-9.801714032956E-02,0.));
#610 = DEFINITIONAL_REPRESENTATION('',(#611),#615);
#611 = LINE('',#612,#613);
#612 = CARTESIAN_POINT('',(0.,3.14159265359));
#613 = VECTOR('',#614,1.);
#614 = DIRECTION('',(1.,0.));
#615 = ( GEOMETRIC_REPRESENTATION_CONTEXT(2) 
PARAMETRIC_REPRESENTATION_CONTEXT() REPRESENTATION_CONTEXT('2D SPACE',''
  ) );
#616 = ORIENTED_EDGE('',*,*,#617,.T.);
#617 = EDGE_CURVE('',#589,#618,#620,.T.);
#618 = VERTEX_POINT('',#619);
#619 = CARTESIAN_POINT('',(65.881228905699,6.488734689817,-11.));
#620 = SURFACE_CURVE('',#621,(#625,#632),.PCURVE_S1.);
#621 = LINE('',#622,#623);
#622 = CARTESIAN_POINT('',(65.881228905699,6.488734689817,11.5));
#623 = VECTOR('',#624,1.);
#624 = DIRECTION('',(0.,0.,-1.));
#625 = PCURVE('',#90,#626);
#626 = DEFINITIONAL_REPRESENTATION('',(#627),#631);
#627 = LINE('',#628,#629);
#628 = CARTESIAN_POINT('',(-0.196349540849,0.));
#629 = VECTOR('',#630,1.);
#630 = DIRECTION('',(-0.,1.));
#631 = ( GEOMETRIC_REPRESENTATION_CONTEXT(2) 
PARAMETRIC_REPRESENTATION_CONTEXT() REPRESENTATION_CONTEXT('2D SPACE',''
  ) );
#632 = PCURVE('',#633,#638);
#633 = PLANE('',#634);
#634 = AXIS2_PLACEMENT_3D('',#635,#636,#637);
#635 = CARTESIAN_POINT('',(69.861967812388,6.880803251135,0.));
#636 = DIRECTION('',(9.801714032956E-02,-0.995184726672,0.));
#637 = DIRECTION('',(0.,0.,-1.));
#638 = DEFINITIONAL_REPRESENTATION('',(#639),#643);
#639 = LINE('',#640,#641);
#640 = CARTESIAN_POINT('',(-11.5,-4.));
#641 = VECTOR('',#642,1.);
#642 = DIRECTION('',(1.,0.));
#643 = ( GEOMETRIC_REPRESENTATION_CONTEXT(2) 
PARAMETRIC_REPRESENTATION_CONTEXT() REPRESENTATION_CONTEXT('2D SPACE',''
  ) );
#644 = ORIENTED_EDGE('',*,*,#645,.F.);
#645 = EDGE_CURVE('',#561,#618,#646,.T.);
#646 = SURFACE_CURVE('',#647,(#652,#659),.PCURVE_S1.);
#647 = CIRCLE('',#648,66.2);
#648 = AXIS2_PLACEMENT_3D('',#649,#650,#651);
#649 = CARTESIAN_POINT('',(0.,0.,-11.));
#650 = DIRECTION('',(-0.,0.,1.));
#651 = DIRECTION('',(0.995184726672,-9.801714032956E-02,0.));
#652 = PCURVE('',#90,#653);
#653 = DEFINITIONAL_REPRESENTATION('',(#654),#658);
#654 = LINE('',#655,#656);
#655 = CARTESIAN_POINT('',(-3.984205478453E-17,22.5));
#656 = VECTOR('',#657,1.);
#657 = DIRECTION('',(-1.,0.));
#658 = ( GEOMETRIC_REPRESENTATION_CONTEXT(2) 
PARAMETRIC_REPRESENTATION_CONTEXT() REPRESENTATION_CONTEXT('2D SPACE',''
  ) );
#659 = PCURVE('',#660,#665);
#660 = TOROIDAL_SURFACE('',#661,66.7,0.5);
#661 = AXIS2_PLACEMENT_3D('',#662,#663,#664);
#662 = CARTESIAN_POINT('',(0.,0.,-11.));
#663 = DIRECTION('',(0.,0.,-1.));
#664 = DIRECTION('',(0.995184726672,-9.801714032956E-02,0.));
#665 = DEFINITIONAL_REPRESENTATION('',(#666),#670);
#666 = LINE('',#667,#668);
#667 = CARTESIAN_POINT('',(-0.,3.14159265359));
#668 = VECTOR('',#669,1.);
#669 = DIRECTION('',(-1.,0.));
#670 = ( GEOMETRIC_REPRESENTATION_CONTEXT(2) 
PARAMETRIC_REPRESENTATION_CONTEXT() REPRESENTATION_CONTEXT('2D SPACE',''
  ) );
#671 = FACE_BOUND('',#672,.T.);
#672 = EDGE_LOOP('',(#673,#674,#675,#725,#758,#813,#839,#894));
#673 = ORIENTED_EDGE('',*,*,#56,.F.);
#674 = ORIENTED_EDGE('',*,*,#429,.T.);
#675 = ORIENTED_EDGE('',*,*,#676,.T.);
#676 = EDGE_CURVE('',#400,#677,#679,.T.);
#677 = VERTEX_POINT('',#678);
#678 = CARTESIAN_POINT('',(66.183003860508,-1.5,-9.5));
#679 = SURFACE_CURVE('',#680,(#693,#709),.PCURVE_S1.);
#680 = B_SPLINE_CURVE_WITH_KNOTS('',6,(#681,#682,#683,#684,#685,#686,
    #687,#688,#689,#690,#691,#692),.UNSPECIFIED.,.F.,.F.,(7,5,7),(0.,
    0.545305349235,1.),.UNSPECIFIED.);
#681 = CARTESIAN_POINT('',(66.169781622732,-2.,-9.));
#682 = CARTESIAN_POINT('',(66.169781622732,-2.,-9.068119376161));
#683 = CARTESIAN_POINT('',(66.170118221149,-1.988863649484,
    -9.136395722617));
#684 = CARTESIAN_POINT('',(66.170794384115,-1.966493012654,
    -9.202789094055));
#685 = CARTESIAN_POINT('',(66.171787784134,-1.93316059428,
    -9.265218930947));
#686 = CARTESIAN_POINT('',(66.173050841738,-1.889484357611,
    -9.321609184803));
#687 = CARTESIAN_POINT('',(66.175747079786,-1.792331265439,
    -9.410011696815));
#688 = CARTESIAN_POINT('',(66.177120165988,-1.741578330017,
    -9.44461854994));
#689 = CARTESIAN_POINT('',(66.178592079757,-1.685279911944,
    -9.471893552846));
#690 = CARTESIAN_POINT('',(66.180099269164,-1.625018233971,
    -9.490588158686));
#691 = CARTESIAN_POINT('',(66.181584576375,-1.562621658181,-9.5));
#692 = CARTESIAN_POINT('',(66.183003860508,-1.5,-9.5));
#693 = PCURVE('',#90,#694);
#694 = DEFINITIONAL_REPRESENTATION('',(#695),#708);
#695 = B_SPLINE_CURVE_WITH_KNOTS('',6,(#696,#697,#698,#699,#700,#701,
    #702,#703,#704,#705,#706,#707),.UNSPECIFIED.,.F.,.F.,(7,5,7),(0.,
    0.545305349235,1.),.UNSPECIFIED.);
#696 = CARTESIAN_POINT('',(-6.795869233487E-02,20.5));
#697 = CARTESIAN_POINT('',(-6.795869233487E-02,20.568119376161));
#698 = CARTESIAN_POINT('',(-6.812699197009E-02,20.636395722617));
#699 = CARTESIAN_POINT('',(-6.846507134868E-02,20.702789094055));
#700 = CARTESIAN_POINT('',(-6.896880565861E-02,20.765218930947));
#701 = CARTESIAN_POINT('',(-6.962884290587E-02,20.821609184803));
#702 = CARTESIAN_POINT('',(-7.109697732582E-02,20.910011696815));
#703 = CARTESIAN_POINT('',(-7.186391831989E-02,20.94461854994));
#704 = CARTESIAN_POINT('',(-7.271463762967E-02,20.971893552846));
#705 = CARTESIAN_POINT('',(-7.362521855319E-02,20.990588158686));
#706 = CARTESIAN_POINT('',(-7.456803141311E-02,21.));
#707 = CARTESIAN_POINT('',(-7.551422083528E-02,21.));
#708 = ( GEOMETRIC_REPRESENTATION_CONTEXT(2) 
PARAMETRIC_REPRESENTATION_CONTEXT() REPRESENTATION_CONTEXT('2D SPACE',''
  ) );
#709 = PCURVE('',#417,#710);
#710 = DEFINITIONAL_REPRESENTATION('',(#711),#724);
#711 = B_SPLINE_CURVE_WITH_KNOTS('',6,(#712,#713,#714,#715,#716,#717,
    #718,#719,#720,#721,#722,#723),.UNSPECIFIED.,.F.,.F.,(7,5,7),(0.,
    0.545305349235,1.),.UNSPECIFIED.);
#712 = CARTESIAN_POINT('',(0.,3.969781622732));
#713 = CARTESIAN_POINT('',(0.136238752321,3.969781622732));
#714 = CARTESIAN_POINT('',(0.272792062734,3.970118221149));
#715 = CARTESIAN_POINT('',(0.410127687531,3.970794384115));
#716 = CARTESIAN_POINT('',(0.548754429764,3.971787784134));
#717 = CARTESIAN_POINT('',(0.689266581072,3.973050841738));
#718 = CARTESIAN_POINT('',(0.951973470579,3.975747079786));
#719 = CARTESIAN_POINT('',(1.073630985839,3.977120165988));
#720 = CARTESIAN_POINT('',(1.196696964044,3.978592079757));
#721 = CARTESIAN_POINT('',(1.320760671066,3.980099269164));
#722 = CARTESIAN_POINT('',(1.445553010434,3.981584576375));
#723 = CARTESIAN_POINT('',(1.570796326795,3.983003860508));
#724 = ( GEOMETRIC_REPRESENTATION_CONTEXT(2) 
PARAMETRIC_REPRESENTATION_CONTEXT() REPRESENTATION_CONTEXT('2D SPACE',''
  ) );
#725 = ORIENTED_EDGE('',*,*,#726,.F.);
#726 = EDGE_CURVE('',#727,#677,#729,.T.);
#727 = VERTEX_POINT('',#728);
#728 = CARTESIAN_POINT('',(66.183003860508,1.5,-9.5));
#729 = SURFACE_CURVE('',#730,(#735,#742),.PCURVE_S1.);
#730 = CIRCLE('',#731,66.2);
#731 = AXIS2_PLACEMENT_3D('',#732,#733,#734);
#732 = CARTESIAN_POINT('',(0.,0.,-9.5));
#733 = DIRECTION('',(-0.,0.,-1.));
#734 = DIRECTION('',(0.995184726672,-9.801714032956E-02,-0.));
#735 = PCURVE('',#90,#736);
#736 = DEFINITIONAL_REPRESENTATION('',(#737),#741);
#737 = LINE('',#738,#739);
#738 = CARTESIAN_POINT('',(-6.28318530718,21.));
#739 = VECTOR('',#740,1.);
#740 = DIRECTION('',(1.,-0.));
#741 = ( GEOMETRIC_REPRESENTATION_CONTEXT(2) 
PARAMETRIC_REPRESENTATION_CONTEXT() REPRESENTATION_CONTEXT('2D SPACE',''
  ) );
#742 = PCURVE('',#743,#748);
#743 = PLANE('',#744);
#744 = AXIS2_PLACEMENT_3D('',#745,#746,#747);
#745 = CARTESIAN_POINT('',(62.2,-2.,-9.5));
#746 = DIRECTION('',(0.,0.,1.));
#747 = DIRECTION('',(1.,0.,0.));
#748 = DEFINITIONAL_REPRESENTATION('',(#749),#757);
#749 = ( BOUNDED_CURVE() B_SPLINE_CURVE(2,(#750,#751,#752,#753,#754,#755
,#756),.UNSPECIFIED.,.T.,.F.) B_SPLINE_CURVE_WITH_KNOTS((1,2,2,2,2,1),(
    -2.094395102393,0.,2.094395102393,4.188790204786,6.28318530718,
8.377580409573),.UNSPECIFIED.) CURVE() GEOMETRIC_REPRESENTATION_ITEM() 
RATIONAL_B_SPLINE_CURVE((1.,0.5,1.,0.5,1.,0.5,1.)) REPRESENTATION_ITEM(
  '') );
#750 = CARTESIAN_POINT('',(3.681228905699,-4.488734689817));
#751 = CARTESIAN_POINT('',(-7.557589253898,-118.5983704195));
#752 = CARTESIAN_POINT('',(-100.7600235326,-51.81045051996));
#753 = CARTESIAN_POINT('',(-193.9624578113,14.977469379634));
#754 = CARTESIAN_POINT('',(-89.52120537305,62.299185209782));
#755 = CARTESIAN_POINT('',(14.920047065297,109.62090103993));
#756 = CARTESIAN_POINT('',(3.681228905699,-4.488734689817));
#757 = ( GEOMETRIC_REPRESENTATION_CONTEXT(2) 
PARAMETRIC_REPRESENTATION_CONTEXT() REPRESENTATION_CONTEXT('2D SPACE',''
  ) );
#758 = ORIENTED_EDGE('',*,*,#759,.F.);
#759 = EDGE_CURVE('',#760,#727,#762,.T.);
#760 = VERTEX_POINT('',#761);
#761 = CARTESIAN_POINT('',(66.169781622732,2.,-9.));
#762 = SURFACE_CURVE('',#763,(#776,#792),.PCURVE_S1.);
#763 = B_SPLINE_CURVE_WITH_KNOTS('',6,(#764,#765,#766,#767,#768,#769,
    #770,#771,#772,#773,#774,#775),.UNSPECIFIED.,.F.,.F.,(7,5,7),(0.,
    0.55526983896,1.),.UNSPECIFIED.);
#764 = CARTESIAN_POINT('',(66.169781622732,2.,-9.));
#765 = CARTESIAN_POINT('',(66.169781622732,2.,-9.069367138131));
#766 = CARTESIAN_POINT('',(66.170130665257,1.988451939029,
    -9.138895032378));
#767 = CARTESIAN_POINT('',(66.170831844498,1.965253640764,
    -9.206429877193));
#768 = CARTESIAN_POINT('',(66.171861064767,1.930701036695,-9.2697749809)
  );
#769 = CARTESIAN_POINT('',(66.173167120569,1.885459892398,
    -9.326739344977));
#770 = CARTESIAN_POINT('',(66.175897498159,1.786762005549,-9.41375323705
    ));
#771 = CARTESIAN_POINT('',(66.177248722294,1.736653381214,
    -9.446974300333));
#772 = CARTESIAN_POINT('',(66.178690781535,1.681329836888,-9.47310623949
    ));
#773 = CARTESIAN_POINT('',(66.180164240729,1.622287749008,
    -9.490996826159));
#774 = CARTESIAN_POINT('',(66.181615729353,1.561247126387,-9.5));
#775 = CARTESIAN_POINT('',(66.183003860508,1.5,-9.5));
#776 = PCURVE('',#90,#777);
#777 = DEFINITIONAL_REPRESENTATION('',(#778),#791);
#778 = B_SPLINE_CURVE_WITH_KNOTS('',6,(#779,#780,#781,#782,#783,#784,
    #785,#786,#787,#788,#789,#790),.UNSPECIFIED.,.F.,.F.,(7,5,7),(0.,
    0.55526983896,1.),.UNSPECIFIED.);
#779 = CARTESIAN_POINT('',(-0.128390848514,20.5));
#780 = CARTESIAN_POINT('',(-0.128390848514,20.569367138131));
#781 = CARTESIAN_POINT('',(-0.128216326848,20.638895032378));
#782 = CARTESIAN_POINT('',(-0.127865739319,20.706429877193));
#783 = CARTESIAN_POINT('',(-0.127343565275,20.7697749809));
#784 = CARTESIAN_POINT('',(-0.126659880091,20.826739344977));
#785 = CARTESIAN_POINT('',(-0.125168405072,20.91375323705));
#786 = CARTESIAN_POINT('',(-0.12441120224,20.946974300333));
#787 = CARTESIAN_POINT('',(-0.123575215851,20.97310623949));
#788 = CARTESIAN_POINT('',(-0.122683064651,20.990996826159));
#789 = CARTESIAN_POINT('',(-0.121760740784,21.));
#790 = CARTESIAN_POINT('',(-0.120835320014,21.));
#791 = ( GEOMETRIC_REPRESENTATION_CONTEXT(2) 
PARAMETRIC_REPRESENTATION_CONTEXT() REPRESENTATION_CONTEXT('2D SPACE',''
  ) );
#792 = PCURVE('',#793,#798);
#793 = CYLINDRICAL_SURFACE('',#794,0.5);
#794 = AXIS2_PLACEMENT_3D('',#795,#796,#797);
#795 = CARTESIAN_POINT('',(62.2,1.5,-9.));
#796 = DIRECTION('',(1.,0.,0.));
#797 = DIRECTION('',(0.,1.,0.));
#798 = DEFINITIONAL_REPRESENTATION('',(#799),#812);
#799 = B_SPLINE_CURVE_WITH_KNOTS('',6,(#800,#801,#802,#803,#804,#805,
    #806,#807,#808,#809,#810,#811),.UNSPECIFIED.,.F.,.F.,(7,5,7),(0.,
    0.55526983896,1.),.UNSPECIFIED.);
#800 = CARTESIAN_POINT('',(0.,3.969781622732));
#801 = CARTESIAN_POINT('',(-0.138734276262,3.969781622732));
#802 = CARTESIAN_POINT('',(-0.277790695293,3.970130665257));
#803 = CARTESIAN_POINT('',(-0.41766383656,3.970831844498));
#804 = CARTESIAN_POINT('',(-0.558892499462,3.971861064767));
#805 = CARTESIAN_POINT('',(-0.702107763499,3.973167120569));
#806 = CARTESIAN_POINT('',(-0.965263156999,3.975897498159));
#807 = CARTESIAN_POINT('',(-1.084375284142,3.977248722294));
#808 = CARTESIAN_POINT('',(-1.204825315585,3.978690781535));
#809 = CARTESIAN_POINT('',(-1.326221542466,3.980164240729));
#810 = CARTESIAN_POINT('',(-1.448302074021,3.981615729353));
#811 = CARTESIAN_POINT('',(-1.570796326795,3.983003860508));
#812 = ( GEOMETRIC_REPRESENTATION_CONTEXT(2) 
PARAMETRIC_REPRESENTATION_CONTEXT() REPRESENTATION_CONTEXT('2D SPACE',''
  ) );
#813 = ORIENTED_EDGE('',*,*,#814,.F.);
#814 = EDGE_CURVE('',#815,#760,#817,.T.);
#815 = VERTEX_POINT('',#816);
#816 = CARTESIAN_POINT('',(66.169781622732,2.,9.));
#817 = SURFACE_CURVE('',#818,(#822,#828),.PCURVE_S1.);
#818 = LINE('',#819,#820);
#819 = CARTESIAN_POINT('',(66.169781622732,2.,11.5));
#820 = VECTOR('',#821,1.);
#821 = DIRECTION('',(-0.,0.,-1.));
#822 = PCURVE('',#90,#823);
#823 = DEFINITIONAL_REPRESENTATION('',(#824),#827);
#824 = B_SPLINE_CURVE_WITH_KNOTS('',1,(#825,#826),.UNSPECIFIED.,.F.,.F.,
  (2,2),(0.7,22.3),.PIECEWISE_BEZIER_KNOTS.);
#825 = CARTESIAN_POINT('',(-0.128390848514,0.7));
#826 = CARTESIAN_POINT('',(-0.128390848514,22.3));
#827 = ( GEOMETRIC_REPRESENTATION_CONTEXT(2) 
PARAMETRIC_REPRESENTATION_CONTEXT() REPRESENTATION_CONTEXT('2D SPACE',''
  ) );
#828 = PCURVE('',#829,#834);
#829 = PLANE('',#830);
#830 = AXIS2_PLACEMENT_3D('',#831,#832,#833);
#831 = CARTESIAN_POINT('',(62.2,2.,-9.5));
#832 = DIRECTION('',(0.,1.,0.));
#833 = DIRECTION('',(0.,0.,1.));
#834 = DEFINITIONAL_REPRESENTATION('',(#835),#838);
#835 = B_SPLINE_CURVE_WITH_KNOTS('',1,(#836,#837),.UNSPECIFIED.,.F.,.F.,
  (2,2),(0.7,22.3),.PIECEWISE_BEZIER_KNOTS.);
#836 = CARTESIAN_POINT('',(20.3,3.969781622732));
#837 = CARTESIAN_POINT('',(-1.3,3.969781622732));
#838 = ( GEOMETRIC_REPRESENTATION_CONTEXT(2) 
PARAMETRIC_REPRESENTATION_CONTEXT() REPRESENTATION_CONTEXT('2D SPACE',''
  ) );
#839 = ORIENTED_EDGE('',*,*,#840,.T.);
#840 = EDGE_CURVE('',#815,#841,#843,.T.);
#841 = VERTEX_POINT('',#842);
#842 = CARTESIAN_POINT('',(66.183003860508,1.5,9.5));
#843 = SURFACE_CURVE('',#844,(#857,#873),.PCURVE_S1.);
#844 = B_SPLINE_CURVE_WITH_KNOTS('',6,(#845,#846,#847,#848,#849,#850,
    #851,#852,#853,#854,#855,#856),.UNSPECIFIED.,.F.,.F.,(7,5,7),(0.,
    0.55526983896,1.),.UNSPECIFIED.);
#845 = CARTESIAN_POINT('',(66.169781622732,2.,9.));
#846 = CARTESIAN_POINT('',(66.169781622732,2.,9.069367138131));
#847 = CARTESIAN_POINT('',(66.170130665257,1.988451939029,9.138895032378
    ));
#848 = CARTESIAN_POINT('',(66.170831844498,1.965253640764,9.206429877193
    ));
#849 = CARTESIAN_POINT('',(66.171861064767,1.930701036695,9.2697749809)
  );
#850 = CARTESIAN_POINT('',(66.173167120569,1.885459892398,9.326739344977
    ));
#851 = CARTESIAN_POINT('',(66.175897498159,1.786762005549,9.41375323705)
  );
#852 = CARTESIAN_POINT('',(66.177248722294,1.736653381214,9.446974300333
    ));
#853 = CARTESIAN_POINT('',(66.178690781535,1.681329836888,9.47310623949)
  );
#854 = CARTESIAN_POINT('',(66.180164240729,1.622287749008,9.490996826159
    ));
#855 = CARTESIAN_POINT('',(66.181615729353,1.561247126387,9.5));
#856 = CARTESIAN_POINT('',(66.183003860508,1.5,9.5));
#857 = PCURVE('',#90,#858);
#858 = DEFINITIONAL_REPRESENTATION('',(#859),#872);
#859 = B_SPLINE_CURVE_WITH_KNOTS('',6,(#860,#861,#862,#863,#864,#865,
    #866,#867,#868,#869,#870,#871),.UNSPECIFIED.,.F.,.F.,(7,5,7),(0.,
    0.55526983896,1.),.UNSPECIFIED.);
#860 = CARTESIAN_POINT('',(-0.128390848514,2.5));
#861 = CARTESIAN_POINT('',(-0.128390848514,2.430632861869));
#862 = CARTESIAN_POINT('',(-0.128216326848,2.361104967622));
#863 = CARTESIAN_POINT('',(-0.127865739319,2.293570122807));
#864 = CARTESIAN_POINT('',(-0.127343565275,2.2302250191));
#865 = CARTESIAN_POINT('',(-0.126659880091,2.173260655023));
#866 = CARTESIAN_POINT('',(-0.125168405072,2.08624676295));
#867 = CARTESIAN_POINT('',(-0.12441120224,2.053025699667));
#868 = CARTESIAN_POINT('',(-0.123575215851,2.02689376051));
#869 = CARTESIAN_POINT('',(-0.122683064651,2.009003173841));
#870 = CARTESIAN_POINT('',(-0.121760740784,2.));
#871 = CARTESIAN_POINT('',(-0.120835320014,2.));
#872 = ( GEOMETRIC_REPRESENTATION_CONTEXT(2) 
PARAMETRIC_REPRESENTATION_CONTEXT() REPRESENTATION_CONTEXT('2D SPACE',''
  ) );
#873 = PCURVE('',#874,#879);
#874 = CYLINDRICAL_SURFACE('',#875,0.5);
#875 = AXIS2_PLACEMENT_3D('',#876,#877,#878);
#876 = CARTESIAN_POINT('',(62.2,1.5,9.));
#877 = DIRECTION('',(1.,0.,0.));
#878 = DIRECTION('',(0.,1.,0.));
#879 = DEFINITIONAL_REPRESENTATION('',(#880),#893);
#880 = B_SPLINE_CURVE_WITH_KNOTS('',6,(#881,#882,#883,#884,#885,#886,
    #887,#888,#889,#890,#891,#892),.UNSPECIFIED.,.F.,.F.,(7,5,7),(0.,
    0.55526983896,1.),.UNSPECIFIED.);
#881 = CARTESIAN_POINT('',(0.,3.969781622732));
#882 = CARTESIAN_POINT('',(0.138734276262,3.969781622732));
#883 = CARTESIAN_POINT('',(0.277790695293,3.970130665257));
#884 = CARTESIAN_POINT('',(0.41766383656,3.970831844498));
#885 = CARTESIAN_POINT('',(0.558892499462,3.971861064767));
#886 = CARTESIAN_POINT('',(0.702107763499,3.973167120569));
#887 = CARTESIAN_POINT('',(0.965263156999,3.975897498159));
#888 = CARTESIAN_POINT('',(1.084375284142,3.977248722294));
#889 = CARTESIAN_POINT('',(1.204825315585,3.978690781535));
#890 = CARTESIAN_POINT('',(1.326221542466,3.980164240729));
#891 = CARTESIAN_POINT('',(1.448302074021,3.981615729353));
#892 = CARTESIAN_POINT('',(1.570796326795,3.983003860508));
#893 = ( GEOMETRIC_REPRESENTATION_CONTEXT(2) 
PARAMETRIC_REPRESENTATION_CONTEXT() REPRESENTATION_CONTEXT('2D SPACE',''
  ) );
#894 = ORIENTED_EDGE('',*,*,#895,.T.);
#895 = EDGE_CURVE('',#841,#57,#896,.T.);
#896 = SURFACE_CURVE('',#897,(#902,#909),.PCURVE_S1.);
#897 = CIRCLE('',#898,66.2);
#898 = AXIS2_PLACEMENT_3D('',#899,#900,#901);
#899 = CARTESIAN_POINT('',(0.,0.,9.5));
#900 = DIRECTION('',(-0.,0.,-1.));
#901 = DIRECTION('',(0.995184726672,-9.801714032956E-02,-0.));
#902 = PCURVE('',#90,#903);
#903 = DEFINITIONAL_REPRESENTATION('',(#904),#908);
#904 = LINE('',#905,#906);
#905 = CARTESIAN_POINT('',(-6.28318530718,2.));
#906 = VECTOR('',#907,1.);
#907 = DIRECTION('',(1.,-0.));
#908 = ( GEOMETRIC_REPRESENTATION_CONTEXT(2) 
PARAMETRIC_REPRESENTATION_CONTEXT() REPRESENTATION_CONTEXT('2D SPACE',''
  ) );
#909 = PCURVE('',#127,#910);
#910 = DEFINITIONAL_REPRESENTATION('',(#911),#919);
#911 = ( BOUNDED_CURVE() B_SPLINE_CURVE(2,(#912,#913,#914,#915,#916,#917
,#918),.UNSPECIFIED.,.T.,.F.) B_SPLINE_CURVE_WITH_KNOTS((1,2,2,2,2,1),(
    -2.094395102393,0.,2.094395102393,4.188790204786,6.28318530718,
8.377580409573),.UNSPECIFIED.) CURVE() GEOMETRIC_REPRESENTATION_ITEM() 
RATIONAL_B_SPLINE_CURVE((1.,0.5,1.,0.5,1.,0.5,1.)) REPRESENTATION_ITEM(
  '') );
#912 = CARTESIAN_POINT('',(3.681228905699,-4.488734689817));
#913 = CARTESIAN_POINT('',(-7.557589253898,-118.5983704195));
#914 = CARTESIAN_POINT('',(-100.7600235326,-51.81045051996));
#915 = CARTESIAN_POINT('',(-193.9624578113,14.977469379634));
#916 = CARTESIAN_POINT('',(-89.52120537305,62.299185209782));
#917 = CARTESIAN_POINT('',(14.920047065297,109.62090103993));
#918 = CARTESIAN_POINT('',(3.681228905699,-4.488734689817));
#919 = ( GEOMETRIC_REPRESENTATION_CONTEXT(2) 
PARAMETRIC_REPRESENTATION_CONTEXT() REPRESENTATION_CONTEXT('2D SPACE',''
  ) );
#920 = ADVANCED_FACE('',(#921),#271,.T.);
#921 = FACE_BOUND('',#922,.T.);
#922 = EDGE_LOOP('',(#923,#954,#1076,#1077));
#923 = ORIENTED_EDGE('',*,*,#924,.T.);
#924 = EDGE_CURVE('',#112,#925,#927,.T.);
#925 = VERTEX_POINT('',#926);
#926 = CARTESIAN_POINT('',(66.671230311591,-1.5,9.514285714286));
#927 = SURFACE_CURVE('',#928,(#933,#943),.PCURVE_S1.);
#928 = CIRCLE('',#929,0.1);
#929 = AXIS2_PLACEMENT_3D('',#930,#931,#932);
#930 = CARTESIAN_POINT('',(66.619722436227,-1.5,9.6));
#931 = DIRECTION('',(0.,-1.,-0.));
#932 = DIRECTION('',(0.,0.,-1.));
#933 = PCURVE('',#271,#934);
#934 = DEFINITIONAL_REPRESENTATION('',(#935),#942);
#935 = B_SPLINE_CURVE_WITH_KNOTS('',5,(#936,#937,#938,#939,#940,#941),
  .UNSPECIFIED.,.F.,.F.,(6,6),(0.,0.541099525957),
  .PIECEWISE_BEZIER_KNOTS.);
#936 = CARTESIAN_POINT('',(5.551115123126E-17,21.798187131229));
#937 = CARTESIAN_POINT('',(0.108597547337,21.798187131229));
#938 = CARTESIAN_POINT('',(0.215195736505,21.798187131229));
#939 = CARTESIAN_POINT('',(0.321192006926,21.798187131229));
#940 = CARTESIAN_POINT('',(0.427790196093,21.798187131229));
#941 = CARTESIAN_POINT('',(0.53638774343,21.798187131229));
#942 = ( GEOMETRIC_REPRESENTATION_CONTEXT(2) 
PARAMETRIC_REPRESENTATION_CONTEXT() REPRESENTATION_CONTEXT('2D SPACE',''
  ) );
#943 = PCURVE('',#944,#949);
#944 = CYLINDRICAL_SURFACE('',#945,0.1);
#945 = AXIS2_PLACEMENT_3D('',#946,#947,#948);
#946 = CARTESIAN_POINT('',(66.619722436227,1.5,9.6));
#947 = DIRECTION('',(-0.,-1.,-0.));
#948 = DIRECTION('',(0.,0.,-1.));
#949 = DEFINITIONAL_REPRESENTATION('',(#950),#953);
#950 = B_SPLINE_CURVE_WITH_KNOTS('',1,(#951,#952),.UNSPECIFIED.,.F.,.F.,
  (2,2),(0.,0.541099525957),.PIECEWISE_BEZIER_KNOTS.);
#951 = CARTESIAN_POINT('',(0.,3.));
#952 = CARTESIAN_POINT('',(0.541099525957,3.));
#953 = ( GEOMETRIC_REPRESENTATION_CONTEXT(2) 
PARAMETRIC_REPRESENTATION_CONTEXT() REPRESENTATION_CONTEXT('2D SPACE',''
  ) );
#954 = ORIENTED_EDGE('',*,*,#955,.T.);
#955 = EDGE_CURVE('',#925,#479,#956,.T.);
#956 = SURFACE_CURVE('',#957,(#988,#995),.PCURVE_S1.);
#957 = ( BOUNDED_CURVE() B_SPLINE_CURVE(8,(#958,#959,#960,#961,#962,#963
    ,#964,#965,#966,#967,#968,#969,#970,#971,#972,#973,#974,#975,#976,
    #977,#978,#979,#980,#981,#982,#983,#984,#985,#986,#987),
.UNSPECIFIED.,.F.,.F.) B_SPLINE_CURVE_WITH_KNOTS((9,7,7,7,9),(
    21.798187131229,21.902186188886,22.144608387389,22.262491387059,
22.33457487466),.UNSPECIFIED.) CURVE() GEOMETRIC_REPRESENTATION_ITEM() 
RATIONAL_B_SPLINE_CURVE((1.,1.,1.,1.,1.,1.,1.,1.,1.,1.,1.,1.,1.,1.,1.,1.
,1.,1.,1.,1.,1.,1.,1.,1.,1.,1.,1.,1.,1.,1.)) REPRESENTATION_ITEM('') );
#958 = CARTESIAN_POINT('',(66.671230311591,-1.5,9.514285714286));
#959 = CARTESIAN_POINT('',(66.671230311591,-1.518282966142,
    9.514285714286));
#960 = CARTESIAN_POINT('',(66.670461318921,-1.536500035441,
    9.513822969246));
#961 = CARTESIAN_POINT('',(66.669027776817,-1.554135966765,
    9.512964496503));
#962 = CARTESIAN_POINT('',(66.666708393111,-1.57251209563,9.511544830792
    ));
#963 = CARTESIAN_POINT('',(66.664192276416,-1.588416611611,
    9.509956396873));
#964 = CARTESIAN_POINT('',(66.661100453258,-1.605099014048,
    9.507927058528));
#965 = CARTESIAN_POINT('',(66.657804964117,-1.620714026608,
    9.505668542691));
#966 = CARTESIAN_POINT('',(66.646014557625,-1.671595316673,
    9.497209533919));
#967 = CARTESIAN_POINT('',(66.636368425607,-1.705496192155,
    9.489724037049));
#968 = CARTESIAN_POINT('',(66.626171665887,-1.737750037372,
    9.480799295134));
#969 = CARTESIAN_POINT('',(66.616111452722,-1.768072195169,
    9.470758454444));
#970 = CARTESIAN_POINT('',(66.606530010779,-1.796488855818,
    9.459812903362));
#971 = CARTESIAN_POINT('',(66.597438650631,-1.823522920467,
    9.447909641637));
#972 = CARTESIAN_POINT('',(66.588733270158,-1.849911901311,
    9.434734202572));
#973 = CARTESIAN_POINT('',(66.576661850059,-1.888474637273,
    9.412640666572));
#974 = CARTESIAN_POINT('',(66.572863282612,-1.900932039712,
    9.405040127274));
#975 = CARTESIAN_POINT('',(66.569299749338,-1.913064871281,
    9.397160025214));
#976 = CARTESIAN_POINT('',(66.565956062343,-1.924964374001,
    9.388926209433));
#977 = CARTESIAN_POINT('',(66.562866771135,-1.936626939954,
    9.380328829466));
#978 = CARTESIAN_POINT('',(66.560085556398,-1.947975381916,
    9.371394895744));
#979 = CARTESIAN_POINT('',(66.557627943842,-1.959007971645,9.36209039173
    ));
#980 = CARTESIAN_POINT('',(66.554263772213,-1.976448225162,
    9.346377629729));
#981 = CARTESIAN_POINT('',(66.55311452243,-1.983084033423,9.340195942356
    ));
#982 = CARTESIAN_POINT('',(66.552131246272,-1.989486808126,
    9.333901941711));
#983 = CARTESIAN_POINT('',(66.551310710899,-1.995797301914,
    9.327430533026));
#984 = CARTESIAN_POINT('',(66.550669128152,-2.00199738415,9.320789960122
    ));
#985 = CARTESIAN_POINT('',(66.550229801247,-2.008008280266,9.31401582539
    ));
#986 = CARTESIAN_POINT('',(66.55,-2.013892630893,9.307079895471));
#987 = CARTESIAN_POINT('',(66.55,-2.019615242271,9.3));
#988 = PCURVE('',#271,#989);
#989 = DEFINITIONAL_REPRESENTATION('',(#990),#994);
#990 = LINE('',#991,#992);
#991 = CARTESIAN_POINT('',(0.53638774343,0.));
#992 = VECTOR('',#993,1.);
#993 = DIRECTION('',(0.,1.));
#994 = ( GEOMETRIC_REPRESENTATION_CONTEXT(2) 
PARAMETRIC_REPRESENTATION_CONTEXT() REPRESENTATION_CONTEXT('2D SPACE',''
  ) );
#995 = PCURVE('',#996,#1001);
#996 = CYLINDRICAL_SURFACE('',#997,0.25);
#997 = AXIS2_PLACEMENT_3D('',#998,#999,#1000);
#998 = CARTESIAN_POINT('',(66.8,4.23,9.3));
#999 = DIRECTION('',(-0.,-1.,-0.));
#1000 = DIRECTION('',(-1.,0.,0.));
#1001 = DEFINITIONAL_REPRESENTATION('',(#1002),#1075);
#1002 = B_SPLINE_CURVE_WITH_KNOTS('',11,(#1003,#1004,#1005,#1006,#1007,
    #1008,#1009,#1010,#1011,#1012,#1013,#1014,#1015,#1016,#1017,#1018,
    #1019,#1020,#1021,#1022,#1023,#1024,#1025,#1026,#1027,#1028,#1029,
    #1030,#1031,#1032,#1033,#1034,#1035,#1036,#1037,#1038,#1039,#1040,
    #1041,#1042,#1043,#1044,#1045,#1046,#1047,#1048,#1049,#1050,#1051,
    #1052,#1053,#1054,#1055,#1056,#1057,#1058,#1059,#1060,#1061,#1062,
    #1063,#1064,#1065,#1066,#1067,#1068,#1069,#1070,#1071,#1072,#1073,
    #1074),.UNSPECIFIED.,.F.,.F.,(12,10,10,10,10,10,10,12),(
    21.798187131229,21.865235599158,21.932284067087,22.066381002945,
    22.133429470873,22.200477938802,22.267526406731,22.33457487466),
  .UNSPECIFIED.);
#1003 = CARTESIAN_POINT('',(-1.029696800838,5.73));
#1004 = CARTESIAN_POINT('',(-1.029696800838,5.738572419416));
#1005 = CARTESIAN_POINT('',(-1.028938523287,5.747129190155));
#1006 = CARTESIAN_POINT('',(-1.027461491244,5.755630500278));
#1007 = CARTESIAN_POINT('',(-1.025259910047,5.764087302564));
#1008 = CARTESIAN_POINT('',(-1.022340013379,5.772502762367));
#1009 = CARTESIAN_POINT('',(-1.018738280064,5.780855498234));
#1010 = CARTESIAN_POINT('',(-1.014514099772,5.789109371949));
#1011 = CARTESIAN_POINT('',(-1.009730466116,5.797234586126));
#1012 = CARTESIAN_POINT('',(-1.004436275225,5.80522484575));
#1013 = CARTESIAN_POINT('',(-0.998663808285,5.81309534176));
#1014 = CARTESIAN_POINT('',(-0.98624614414,5.828597285002));
#1015 = CARTESIAN_POINT('',(-0.979614125306,5.836216338297));
#1016 = CARTESIAN_POINT('',(-0.972463714772,5.843841975805));
#1017 = CARTESIAN_POINT('',(-0.965391603772,5.850900714563));
#1018 = CARTESIAN_POINT('',(-0.956941491702,5.858995385897));
#1019 = CARTESIAN_POINT('',(-0.949768953692,5.865163290854));
#1020 = CARTESIAN_POINT('',(-0.940887443873,5.872992607339));
#1021 = CARTESIAN_POINT('',(-0.932441243605,5.879762011937));
#1022 = CARTESIAN_POINT('',(-0.923476068532,5.886833783061));
#1023 = CARTESIAN_POINT('',(-0.914302662638,5.893755890741));
#1024 = CARTESIAN_POINT('',(-0.886057365205,5.914348432433));
#1025 = CARTESIAN_POINT('',(-0.866275168972,5.92781079006));
#1026 = CARTESIAN_POINT('',(-0.845696763773,5.941000200633));
#1027 = CARTESIAN_POINT('',(-0.82445649273,5.953912177713));
#1028 = CARTESIAN_POINT('',(-0.802666433228,5.966545264391));
#1029 = CARTESIAN_POINT('',(-0.780415577057,5.978901605952));
#1030 = CARTESIAN_POINT('',(-0.757769010508,5.99098752217));
#1031 = CARTESIAN_POINT('',(-0.734767094528,6.002814080043));
#1032 = CARTESIAN_POINT('',(-0.711424644819,6.014397666099));
#1033 = CARTESIAN_POINT('',(-0.687730111983,6.025760559047));
#1034 = CARTESIAN_POINT('',(-0.651602086455,6.04251697378));
#1035 = CARTESIAN_POINT('',(-0.639462986759,6.048053693159));
#1036 = CARTESIAN_POINT('',(-0.627222509998,6.053545312175));
#1037 = CARTESIAN_POINT('',(-0.614874860394,6.058995378844));
#1038 = CARTESIAN_POINT('',(-0.602413398945,6.064407337443));
#1039 = CARTESIAN_POINT('',(-0.589830643413,6.069784528362));
#1040 = CARTESIAN_POINT('',(-0.577118268337,6.07513018831));
#1041 = CARTESIAN_POINT('',(-0.564267105021,6.080447450087));
#1042 = CARTESIAN_POINT('',(-0.551267141542,6.08573934279));
#1043 = CARTESIAN_POINT('',(-0.538107522749,6.09100879166));
#1044 = CARTESIAN_POINT('',(-0.511445577769,6.101508444687));
#1045 = CARTESIAN_POINT('',(-0.497944669833,6.106738969463));
#1046 = CARTESIAN_POINT('',(-0.484239895682,6.111958013574));
#1047 = CARTESIAN_POINT('',(-0.470375563741,6.117147295153));
#1048 = CARTESIAN_POINT('',(-0.456390120654,6.122291792925));
#1049 = CARTESIAN_POINT('',(-0.442289087882,6.127388689329));
#1050 = CARTESIAN_POINT('',(-0.428054234098,6.132443460215));
#1051 = CARTESIAN_POINT('',(-0.413668181631,6.137460678574));
#1052 = CARTESIAN_POINT('',(-0.399133645178,6.142437099148));
#1053 = CARTESIAN_POINT('',(-0.384466501047,6.147364591395));
#1054 = CARTESIAN_POINT('',(-0.354817269221,6.157136384129));
#1055 = CARTESIAN_POINT('',(-0.339836207952,6.161980867204));
#1056 = CARTESIAN_POINT('',(-0.324720929301,6.166769229014));
#1057 = CARTESIAN_POINT('',(-0.309407573074,6.171532616892));
#1058 = CARTESIAN_POINT('',(-0.293949059381,6.176237838651));
#1059 = CARTESIAN_POINT('',(-0.278345206653,6.180882956425));
#1060 = CARTESIAN_POINT('',(-0.262534699365,6.185497089096));
#1061 = CARTESIAN_POINT('',(-0.246511796335,6.190074243032));
#1062 = CARTESIAN_POINT('',(-0.230329322238,6.1945802053));
#1063 = CARTESIAN_POINT('',(-0.213918497674,6.199058560349));
#1064 = CARTESIAN_POINT('',(-0.18047257616,6.207994905117));
#1065 = CARTESIAN_POINT('',(-0.163486182913,6.21243116085));
#1066 = CARTESIAN_POINT('',(-0.146271679483,6.216811631779));
#1067 = CARTESIAN_POINT('',(-0.12883495233,6.221129404083));
#1068 = CARTESIAN_POINT('',(-0.111168078897,6.225385524746));
#1069 = CARTESIAN_POINT('',(-9.326043468325E-02,6.229582589025));
#1070 = CARTESIAN_POINT('',(-7.510528055077E-02,6.233720908429));
#1071 = CARTESIAN_POINT('',(-5.670183028925E-02,6.237797259805));
#1072 = CARTESIAN_POINT('',(-3.8052798412E-02,6.241806214918));
#1073 = CARTESIAN_POINT('',(-1.915742820234E-02,6.245744051056));
#1074 = CARTESIAN_POINT('',(1.765254609154E-14,6.249615242271));
#1075 = ( GEOMETRIC_REPRESENTATION_CONTEXT(2) 
PARAMETRIC_REPRESENTATION_CONTEXT() REPRESENTATION_CONTEXT('2D SPACE',''
  ) );
#1076 = ORIENTED_EDGE('',*,*,#478,.F.);
#1077 = ORIENTED_EDGE('',*,*,#139,.F.);
#1078 = ADVANCED_FACE('',(#1079),#127,.F.);
#1079 = FACE_BOUND('',#1080,.F.);
#1080 = EDGE_LOOP('',(#1081,#1104,#1105,#1106));
#1081 = ORIENTED_EDGE('',*,*,#1082,.F.);
#1082 = EDGE_CURVE('',#841,#1083,#1085,.T.);
#1083 = VERTEX_POINT('',#1084);
#1084 = CARTESIAN_POINT('',(66.619722436227,1.5,9.5));
#1085 = SURFACE_CURVE('',#1086,(#1090,#1097),.PCURVE_S1.);
#1086 = LINE('',#1087,#1088);
#1087 = CARTESIAN_POINT('',(62.2,1.5,9.5));
#1088 = VECTOR('',#1089,1.);
#1089 = DIRECTION('',(1.,0.,0.));
#1090 = PCURVE('',#127,#1091);
#1091 = DEFINITIONAL_REPRESENTATION('',(#1092),#1096);
#1092 = LINE('',#1093,#1094);
#1093 = CARTESIAN_POINT('',(0.,3.5));
#1094 = VECTOR('',#1095,1.);
#1095 = DIRECTION('',(1.,0.));
#1096 = ( GEOMETRIC_REPRESENTATION_CONTEXT(2) 
PARAMETRIC_REPRESENTATION_CONTEXT() REPRESENTATION_CONTEXT('2D SPACE',''
  ) );
#1097 = PCURVE('',#874,#1098);
#1098 = DEFINITIONAL_REPRESENTATION('',(#1099),#1103);
#1099 = LINE('',#1100,#1101);
#1100 = CARTESIAN_POINT('',(1.570796326795,0.));
#1101 = VECTOR('',#1102,1.);
#1102 = DIRECTION('',(0.,1.));
#1103 = ( GEOMETRIC_REPRESENTATION_CONTEXT(2) 
PARAMETRIC_REPRESENTATION_CONTEXT() REPRESENTATION_CONTEXT('2D SPACE',''
  ) );
#1104 = ORIENTED_EDGE('',*,*,#895,.T.);
#1105 = ORIENTED_EDGE('',*,*,#111,.T.);
#1106 = ORIENTED_EDGE('',*,*,#1107,.F.);
#1107 = EDGE_CURVE('',#1083,#112,#1108,.T.);
#1108 = SURFACE_CURVE('',#1109,(#1113,#1120),.PCURVE_S1.);
#1109 = LINE('',#1110,#1111);
#1110 = CARTESIAN_POINT('',(66.619722436227,1.5,9.5));
#1111 = VECTOR('',#1112,1.);
#1112 = DIRECTION('',(-0.,-1.,-0.));
#1113 = PCURVE('',#127,#1114);
#1114 = DEFINITIONAL_REPRESENTATION('',(#1115),#1119);
#1115 = LINE('',#1116,#1117);
#1116 = CARTESIAN_POINT('',(4.419722436227,3.5));
#1117 = VECTOR('',#1118,1.);
#1118 = DIRECTION('',(-0.,-1.));
#1119 = ( GEOMETRIC_REPRESENTATION_CONTEXT(2) 
PARAMETRIC_REPRESENTATION_CONTEXT() REPRESENTATION_CONTEXT('2D SPACE',''
  ) );
#1120 = PCURVE('',#944,#1121);
#1121 = DEFINITIONAL_REPRESENTATION('',(#1122),#1126);
#1122 = LINE('',#1123,#1124);
#1123 = CARTESIAN_POINT('',(0.,0.));
#1124 = VECTOR('',#1125,1.);
#1125 = DIRECTION('',(0.,1.));
#1126 = ( GEOMETRIC_REPRESENTATION_CONTEXT(2) 
PARAMETRIC_REPRESENTATION_CONTEXT() REPRESENTATION_CONTEXT('2D SPACE',''
  ) );
#1127 = ADVANCED_FACE('',(#1128),#417,.F.);
#1128 = FACE_BOUND('',#1129,.F.);
#1129 = EDGE_LOOP('',(#1130,#1131,#1132,#1155,#1385));
#1130 = ORIENTED_EDGE('',*,*,#399,.F.);
#1131 = ORIENTED_EDGE('',*,*,#676,.T.);
#1132 = ORIENTED_EDGE('',*,*,#1133,.T.);
#1133 = EDGE_CURVE('',#677,#1134,#1136,.T.);
#1134 = VERTEX_POINT('',#1135);
#1135 = CARTESIAN_POINT('',(66.619722436227,-1.5,-9.5));
#1136 = SURFACE_CURVE('',#1137,(#1141,#1148),.PCURVE_S1.);
#1137 = LINE('',#1138,#1139);
#1138 = CARTESIAN_POINT('',(62.2,-1.5,-9.5));
#1139 = VECTOR('',#1140,1.);
#1140 = DIRECTION('',(1.,0.,0.));
#1141 = PCURVE('',#417,#1142);
#1142 = DEFINITIONAL_REPRESENTATION('',(#1143),#1147);
#1143 = LINE('',#1144,#1145);
#1144 = CARTESIAN_POINT('',(1.570796326795,0.));
#1145 = VECTOR('',#1146,1.);
#1146 = DIRECTION('',(0.,1.));
#1147 = ( GEOMETRIC_REPRESENTATION_CONTEXT(2) 
PARAMETRIC_REPRESENTATION_CONTEXT() REPRESENTATION_CONTEXT('2D SPACE',''
  ) );
#1148 = PCURVE('',#743,#1149);
#1149 = DEFINITIONAL_REPRESENTATION('',(#1150),#1154);
#1150 = LINE('',#1151,#1152);
#1151 = CARTESIAN_POINT('',(0.,0.5));
#1152 = VECTOR('',#1153,1.);
#1153 = DIRECTION('',(1.,0.));
#1154 = ( GEOMETRIC_REPRESENTATION_CONTEXT(2) 
PARAMETRIC_REPRESENTATION_CONTEXT() REPRESENTATION_CONTEXT('2D SPACE',''
  ) );
#1155 = ORIENTED_EDGE('',*,*,#1156,.F.);
#1156 = EDGE_CURVE('',#1157,#1134,#1159,.T.);
#1157 = VERTEX_POINT('',#1158);
#1158 = CARTESIAN_POINT('',(66.45,-1.933012701892,-9.25));
#1159 = SURFACE_CURVE('',#1160,(#1191,#1287),.PCURVE_S1.);
#1160 = ( BOUNDED_CURVE() B_SPLINE_CURVE(8,(#1161,#1162,#1163,#1164,
    #1165,#1166,#1167,#1168,#1169,#1170,#1171,#1172,#1173,#1174,#1175,
    #1176,#1177,#1178,#1179,#1180,#1181,#1182,#1183,#1184,#1185,#1186,
    #1187,#1188,#1189,#1190),.UNSPECIFIED.,.F.,.F.) 
B_SPLINE_CURVE_WITH_KNOTS((9,7,7,7,9),(40.858173650258,40.93025712337,
41.04814009935,41.290562249136,41.3945613937),.UNSPECIFIED.) CURVE() 
GEOMETRIC_REPRESENTATION_ITEM() RATIONAL_B_SPLINE_CURVE((1.,1.,1.,1.,1.,
    1.,1.,1.,1.,1.,1.,1.,1.,1.,1.,1.,1.,1.,1.,1.,1.,1.,1.,1.,1.,1.,1.,1.
,1.,1.)) REPRESENTATION_ITEM('') );
#1161 = CARTESIAN_POINT('',(66.45,-1.933012701916,-9.249999999959));
#1162 = CARTESIAN_POINT('',(66.45,-1.929265753828,-9.256489904422));
#1163 = CARTESIAN_POINT('',(66.450250801379,-1.92543443392,
    -9.262885768119));
#1164 = CARTESIAN_POINT('',(66.450745438101,-1.92136331577,
    -9.269361590119));
#1165 = CARTESIAN_POINT('',(66.451458418686,-1.917438129814,
    -9.275476194634));
#1166 = CARTESIAN_POINT('',(66.452387357896,-1.913205819257,
    -9.281763659106));
#1167 = CARTESIAN_POINT('',(66.453527775435,-1.90870214932,
    -9.288150711804));
#1168 = CARTESIAN_POINT('',(66.454851064152,-1.904905157638,
    -9.293472236893));
#1169 = CARTESIAN_POINT('',(66.458816148783,-1.891273918879,
    -9.311613548798));
#1170 = CARTESIAN_POINT('',(66.461825215874,-1.881266836245,
    -9.324152765398));
#1171 = CARTESIAN_POINT('',(66.465503921079,-1.871755570902,
    -9.335035459639));
#1172 = CARTESIAN_POINT('',(66.469630294565,-1.861810616289,
    -9.345762428178));
#1173 = CARTESIAN_POINT('',(66.474154913936,-1.851451440105,
    -9.356318747293));
#1174 = CARTESIAN_POINT('',(66.479111356587,-1.841123715084,
    -9.366019976129));
#1175 = CARTESIAN_POINT('',(66.484404503437,-1.830399376084,
    -9.375545740942));
#1176 = CARTESIAN_POINT('',(66.501383763931,-1.797292636308,
    -9.40305821539));
#1177 = CARTESIAN_POINT('',(66.513781799309,-1.774655178558,
    -9.419353594902));
#1178 = CARTESIAN_POINT('',(66.526792772937,-1.751535333412,
    -9.433983783755));
#1179 = CARTESIAN_POINT('',(66.540529102465,-1.727290381654,
    -9.447359018639));
#1180 = CARTESIAN_POINT('',(66.554958917089,-1.701469874846,
    -9.459566166401));
#1181 = CARTESIAN_POINT('',(66.569586124542,-1.674074642909,
    -9.470371345589));
#1182 = CARTESIAN_POINT('',(66.583428284269,-1.645359777656,
    -9.479408276799));
#1183 = CARTESIAN_POINT('',(66.600381945953,-1.602235145495,
    -9.48961717555));
#1184 = CARTESIAN_POINT('',(66.605112682135,-1.589045887881,
    -9.492333426901));
#1185 = CARTESIAN_POINT('',(66.609587957006,-1.574823203602,
    -9.494794591601));
#1186 = CARTESIAN_POINT('',(66.613180633281,-1.56147980171,
    -9.496687027407));
#1187 = CARTESIAN_POINT('',(66.616547120234,-1.545852274775,
    -9.498411410813));
#1188 = CARTESIAN_POINT('',(66.618612446757,-1.530913942047,
    -9.499442178537));
#1189 = CARTESIAN_POINT('',(66.619722436227,-1.515487816288,-9.5));
#1190 = CARTESIAN_POINT('',(66.619722436227,-1.5,-9.5));
#1191 = PCURVE('',#417,#1192);
#1192 = DEFINITIONAL_REPRESENTATION('',(#1193),#1286);
#1193 = B_SPLINE_CURVE_WITH_KNOTS('',11,(#1194,#1195,#1196,#1197,#1198,
    #1199,#1200,#1201,#1202,#1203,#1204,#1205,#1206,#1207,#1208,#1209,
    #1210,#1211,#1212,#1213,#1214,#1215,#1216,#1217,#1218,#1219,#1220,
    #1221,#1222,#1223,#1224,#1225,#1226,#1227,#1228,#1229,#1230,#1231,
    #1232,#1233,#1234,#1235,#1236,#1237,#1238,#1239,#1240,#1241,#1242,
    #1243,#1244,#1245,#1246,#1247,#1248,#1249,#1250,#1251,#1252,#1253,
    #1254,#1255,#1256,#1257,#1258,#1259,#1260,#1261,#1262,#1263,#1264,
    #1265,#1266,#1267,#1268,#1269,#1270,#1271,#1272,#1273,#1274,#1275,
    #1276,#1277,#1278,#1279,#1280,#1281,#1282,#1283,#1284,#1285),
  .UNSPECIFIED.,.F.,.F.,(12,10,10,10,10,10,10,10,10,12),(40.858173650258
    ,40.925222118188,40.941984235171,40.958746352153,40.992270586118,
    41.059319054049,41.126367521979,41.260464457839,41.32751292577,
    41.3945613937),.UNSPECIFIED.);
#1194 = CARTESIAN_POINT('',(0.523598775504,4.25));
#1195 = CARTESIAN_POINT('',(0.533737612116,4.25));
#1196 = CARTESIAN_POINT('',(0.543841382203,4.250110470916));
#1197 = CARTESIAN_POINT('',(0.55403804397,4.250329496224));
#1198 = CARTESIAN_POINT('',(0.564196853886,4.250652243016));
#1199 = CARTESIAN_POINT('',(0.574282090163,4.251074445639));
#1200 = CARTESIAN_POINT('',(0.584380581882,4.251593289417));
#1201 = CARTESIAN_POINT('',(0.594565362481,4.252206707335));
#1202 = CARTESIAN_POINT('',(0.60475776618,4.252912101667));
#1203 = CARTESIAN_POINT('',(0.614750286088,4.253705503548));
#1204 = CARTESIAN_POINT('',(0.624552512561,4.254582182523));
#1205 = CARTESIAN_POINT('',(0.637889960031,4.255779102959));
#1206 = CARTESIAN_POINT('',(0.640626606273,4.256023363924));
#1207 = CARTESIAN_POINT('',(0.643376917804,4.25627351949));
#1208 = CARTESIAN_POINT('',(0.646140853004,4.256527957951));
#1209 = CARTESIAN_POINT('',(0.649938726866,4.256782158184));
#1210 = CARTESIAN_POINT('',(0.65167555819,4.257057709653));
#1211 = CARTESIAN_POINT('',(0.655746211729,4.257320790992));
#1212 = CARTESIAN_POINT('',(0.658220657443,4.257603087264));
#1213 = CARTESIAN_POINT('',(0.661450009588,4.257885150428));
#1214 = CARTESIAN_POINT('',(0.66448715538,4.25817492347));
#1215 = CARTESIAN_POINT('',(0.670635774398,4.258765929753));
#1216 = CARTESIAN_POINT('',(0.673720045862,4.259067401825));
#1217 = CARTESIAN_POINT('',(0.676811599451,4.259374828009));
#1218 = CARTESIAN_POINT('',(0.679908064787,4.259688185758));
#1219 = CARTESIAN_POINT('',(0.683007380941,4.260007444823));
#1220 = CARTESIAN_POINT('',(0.686107796432,4.260332567194));
#1221 = CARTESIAN_POINT('',(0.689207869235,4.260663507192));
#1222 = CARTESIAN_POINT('',(0.692306466766,4.261000211361));
#1223 = CARTESIAN_POINT('',(0.695402765899,4.261342618564));
#1224 = CARTESIAN_POINT('',(0.698496252953,4.26169065992));
#1225 = CARTESIAN_POINT('',(0.707767665192,4.262751456658));
#1226 = CARTESIAN_POINT('',(0.713933876299,4.263480961805));
#1227 = CARTESIAN_POINT('',(0.720084478989,4.264232153598));
#1228 = CARTESIAN_POINT('',(0.726218898932,4.265004437435));
#1229 = CARTESIAN_POINT('',(0.732336865494,4.265797244745));
#1230 = CARTESIAN_POINT('',(0.73843841174,4.266610033064));
#1231 = CARTESIAN_POINT('',(0.744523874432,4.267442285932));
#1232 = CARTESIAN_POINT('',(0.750593894033,4.268293513004));
#1233 = CARTESIAN_POINT('',(0.756649414699,4.269163249952));
#1234 = CARTESIAN_POINT('',(0.762691684289,4.270051058537));
#1235 = CARTESIAN_POINT('',(0.780783394493,4.27276746262));
#1236 = CARTESIAN_POINT('',(0.792785178072,4.274648326101));
#1237 = CARTESIAN_POINT('',(0.80476016268,4.276598683656));
#1238 = CARTESIAN_POINT('',(0.816675106146,4.278613546989));
#1239 = CARTESIAN_POINT('',(0.828518493031,4.280689053436));
#1240 = CARTESIAN_POINT('',(0.840314448232,4.282823321238));
#1241 = CARTESIAN_POINT('',(0.852094695031,4.285014560905));
#1242 = CARTESIAN_POINT('',(0.863860215212,4.287258524557));
#1243 = CARTESIAN_POINT('',(0.875564268549,4.289547374613));
#1244 = CARTESIAN_POINT('',(0.887148429267,4.291872053652));
#1245 = CARTESIAN_POINT('',(0.910178164425,4.296588420223));
#1246 = CARTESIAN_POINT('',(0.92161719482,4.298980802757));
#1247 = CARTESIAN_POINT('',(0.932990405683,4.301406018244));
#1248 = CARTESIAN_POINT('',(0.94430763947,4.303862802249));
#1249 = CARTESIAN_POINT('',(0.955578563423,4.306349992121));
#1250 = CARTESIAN_POINT('',(0.966812669597,4.308866527125));
#1251 = CARTESIAN_POINT('',(0.978019274827,4.31141144826));
#1252 = CARTESIAN_POINT('',(0.98920752076,4.313983898465));
#1253 = CARTESIAN_POINT('',(1.000386373831,4.316583122429));
#1254 = CARTESIAN_POINT('',(1.011564625277,4.31920846673));
#1255 = CARTESIAN_POINT('',(1.045123422837,4.327161205811));
#1256 = CARTESIAN_POINT('',(1.067522771535,4.332562896065));
#1257 = CARTESIAN_POINT('',(1.090018869353,4.338058532156));
#1258 = CARTESIAN_POINT('',(1.112665291895,4.343637104576));
#1259 = CARTESIAN_POINT('',(1.13550159566,4.349282000111));
#1260 = CARTESIAN_POINT('',(1.158555655568,4.354970489707));
#1261 = CARTESIAN_POINT('',(1.181846002337,4.360673215718));
#1262 = CARTESIAN_POINT('',(1.205384160029,4.366353679874));
#1263 = CARTESIAN_POINT('',(1.229176983438,4.371967730564));
#1264 = CARTESIAN_POINT('',(1.253228995601,4.377463050656));
#1265 = CARTESIAN_POINT('',(1.289702590043,4.385436442128));
#1266 = CARTESIAN_POINT('',(1.301950648756,4.38805240787));
#1267 = CARTESIAN_POINT('',(1.314139347538,4.390599806018));
#1268 = CARTESIAN_POINT('',(1.326663373899,4.393124761295));
#1269 = CARTESIAN_POINT('',(1.339078917576,4.39555228821));
#1270 = CARTESIAN_POINT('',(1.351381462278,4.397878005025));
#1271 = CARTESIAN_POINT('',(1.364019667811,4.400162042867));
#1272 = CARTESIAN_POINT('',(1.376999465173,4.402390242821));
#1273 = CARTESIAN_POINT('',(1.389872655171,4.404479340958));
#1274 = CARTESIAN_POINT('',(1.403006073135,4.406477467963));
#1275 = CARTESIAN_POINT('',(1.429575445157,4.410220414236));
#1276 = CARTESIAN_POINT('',(1.443016764304,4.411966624166));
#1277 = CARTESIAN_POINT('',(1.456666349435,4.413580635388));
#1278 = CARTESIAN_POINT('',(1.470523442433,4.415045696931));
#1279 = CARTESIAN_POINT('',(1.484559084097,4.416341257866));
#1280 = CARTESIAN_POINT('',(1.498734574691,4.417447426484));
#1281 = CARTESIAN_POINT('',(1.51301420534,4.418347873813));
#1282 = CARTESIAN_POINT('',(1.527372260048,4.419031180611));
#1283 = CARTESIAN_POINT('',(1.541794288569,4.419490628759));
#1284 = CARTESIAN_POINT('',(1.556272649939,4.419722436226));
#1285 = CARTESIAN_POINT('',(1.570796326795,4.419722436227));
#1286 = ( GEOMETRIC_REPRESENTATION_CONTEXT(2) 
PARAMETRIC_REPRESENTATION_CONTEXT() REPRESENTATION_CONTEXT('2D SPACE',''
  ) );
#1287 = PCURVE('',#1288,#1379);
#1288 = ( BOUNDED_SURFACE() B_SPLINE_SURFACE(2,8,(
    (#1289,#1290,#1291,#1292,#1293,#1294,#1295,#1296,#1297,#1298,#1299
      ,#1300,#1301,#1302,#1303,#1304,#1305,#1306,#1307,#1308,#1309,#1310
      ,#1311,#1312,#1313,#1314,#1315,#1316,#1317,#1318)
    ,(#1319,#1320,#1321,#1322,#1323,#1324,#1325,#1326,#1327,#1328,#1329
      ,#1330,#1331,#1332,#1333,#1334,#1335,#1336,#1337,#1338,#1339,#1340
      ,#1341,#1342,#1343,#1344,#1345,#1346,#1347,#1348)
    ,(#1349,#1350,#1351,#1352,#1353,#1354,#1355,#1356,#1357,#1358,#1359
      ,#1360,#1361,#1362,#1363,#1364,#1365,#1366,#1367,#1368,#1369,#1370
      ,#1371,#1372,#1373,#1374,#1375,#1376,#1377,#1378
)),.UNSPECIFIED.,.F.,.F.,.F.) B_SPLINE_SURFACE_WITH_KNOTS((3,3),(9,7,7,7
    ,9),(0.,0.536387743442),(40.858173650258,40.93025712337,
    41.04814009935,41.290562249136,41.3945613937),.UNSPECIFIED.) 
GEOMETRIC_REPRESENTATION_ITEM() RATIONAL_B_SPLINE_SURFACE((
    (1.,1.,1.,1.,1.,1.,1.,1.,1.,1.,1.,1.,1.,1.,1.,1.,1.,1.,1.,1.,1.,1.
      ,1.,1.,1.,1.,1.,1.,1.,1.)
    ,(0.707106781187,0.712113023265,0.71727933019,0.722555612646
      ,0.728028612335,0.733578616385,0.739182968192,0.745050706714
      ,0.760130173349,0.769518786213,0.779206528231,0.788937312655
      ,0.798615391315,0.808266573471,0.817805022473,0.846320049083
      ,0.864326709684,0.881203021599,0.89714391251,0.912086546687
      ,0.925602339353,0.937085074614,0.950160501003,0.953667818546
      ,0.956836791459,0.959317649324,0.961545768192,0.96289811705
      ,0.963624111659,0.963624111659)
    ,(1.,1.,1.,1.,1.,1.,1.,1.,1.,1.,1.,1.,1.,1.,1.,1.,1.,1.,1.,1.,1.,1.
,1.,1.,1.,1.,1.,1.,1.,1.))) REPRESENTATION_ITEM('') SURFACE() );
#1289 = CARTESIAN_POINT('',(66.45,-1.933012701916,-9.249999999959));
#1290 = CARTESIAN_POINT('',(66.45,-1.929265753828,-9.256489904422));
#1291 = CARTESIAN_POINT('',(66.450250801379,-1.92543443392,
    -9.262885768119));
#1292 = CARTESIAN_POINT('',(66.450745438101,-1.92136331577,
    -9.269361590119));
#1293 = CARTESIAN_POINT('',(66.451458418686,-1.917438129814,
    -9.275476194634));
#1294 = CARTESIAN_POINT('',(66.452387357896,-1.913205819257,
    -9.281763659106));
#1295 = CARTESIAN_POINT('',(66.453527775435,-1.90870214932,
    -9.288150711804));
#1296 = CARTESIAN_POINT('',(66.454851064152,-1.904905157638,
    -9.293472236893));
#1297 = CARTESIAN_POINT('',(66.458816148783,-1.891273918879,
    -9.311613548798));
#1298 = CARTESIAN_POINT('',(66.461825215874,-1.881266836245,
    -9.324152765398));
#1299 = CARTESIAN_POINT('',(66.465503921079,-1.871755570902,
    -9.335035459639));
#1300 = CARTESIAN_POINT('',(66.469630294565,-1.861810616289,
    -9.345762428178));
#1301 = CARTESIAN_POINT('',(66.474154913936,-1.851451440105,
    -9.356318747293));
#1302 = CARTESIAN_POINT('',(66.479111356587,-1.841123715084,
    -9.366019976129));
#1303 = CARTESIAN_POINT('',(66.484404503437,-1.830399376084,
    -9.375545740942));
#1304 = CARTESIAN_POINT('',(66.501383763931,-1.797292636308,
    -9.40305821539));
#1305 = CARTESIAN_POINT('',(66.513781799309,-1.774655178558,
    -9.419353594902));
#1306 = CARTESIAN_POINT('',(66.526792772937,-1.751535333412,
    -9.433983783755));
#1307 = CARTESIAN_POINT('',(66.540529102465,-1.727290381654,
    -9.447359018639));
#1308 = CARTESIAN_POINT('',(66.554958917089,-1.701469874846,
    -9.459566166401));
#1309 = CARTESIAN_POINT('',(66.569586124542,-1.674074642909,
    -9.470371345589));
#1310 = CARTESIAN_POINT('',(66.583428284269,-1.645359777656,
    -9.479408276799));
#1311 = CARTESIAN_POINT('',(66.600381945953,-1.602235145495,
    -9.48961717555));
#1312 = CARTESIAN_POINT('',(66.605112682135,-1.589045887881,
    -9.492333426901));
#1313 = CARTESIAN_POINT('',(66.609587957006,-1.574823203602,
    -9.494794591601));
#1314 = CARTESIAN_POINT('',(66.613180633281,-1.56147980171,
    -9.496687027407));
#1315 = CARTESIAN_POINT('',(66.616547120234,-1.545852274775,
    -9.498411410813));
#1316 = CARTESIAN_POINT('',(66.618612446757,-1.530913942047,
    -9.499442178537));
#1317 = CARTESIAN_POINT('',(66.619722436227,-1.515487816288,-9.5));
#1318 = CARTESIAN_POINT('',(66.619722436227,-1.5,-9.5));
#1319 = CARTESIAN_POINT('',(66.55,-1.933012701892,-9.25));
#1320 = CARTESIAN_POINT('',(66.548593975418,-1.929292095485,
    -9.256444279333));
#1321 = CARTESIAN_POINT('',(66.547400980194,-1.925457750288,
    -9.262833335144));
#1322 = CARTESIAN_POINT('',(66.546421720989,-1.92149700316,
    -9.269182428031));
#1323 = CARTESIAN_POINT('',(66.545625769287,-1.917440526572,
    -9.275449568288));
#1324 = CARTESIAN_POINT('',(66.54503032735,-1.913251712059,
    -9.281681019593));
#1325 = CARTESIAN_POINT('',(66.544631793787,-1.908932040369,
    -9.287872869785));
#1326 = CARTESIAN_POINT('',(66.544376206332,-1.9045628562,
    -9.293915710432));
#1327 = CARTESIAN_POINT('',(66.544278708657,-1.892644413868,
    -9.309808975479));
#1328 = CARTESIAN_POINT('',(66.544718508465,-1.884876652511,
    -9.319609282719));
#1329 = CARTESIAN_POINT('',(66.545613774702,-1.876777776844,
    -9.329292591059));
#1330 = CARTESIAN_POINT('',(66.54696859477,-1.868239636815,
    -9.338904557848));
#1331 = CARTESIAN_POINT('',(66.548750039802,-1.85931771432,
    -9.348375925335));
#1332 = CARTESIAN_POINT('',(66.550936479266,-1.850040349771,
    -9.357658858362));
#1333 = CARTESIAN_POINT('',(66.553543931726,-1.840268469181,
    -9.366832165723));
#1334 = CARTESIAN_POINT('',(66.562326837883,-1.810194769947,
    -9.393353929763));
#1335 = CARTESIAN_POINT('',(66.569530146944,-1.788939620944,
    -9.409865285714));
#1336 = CARTESIAN_POINT('',(66.577732736881,-1.766532483432,
    -9.425259674323));
#1337 = CARTESIAN_POINT('',(66.587021651614,-1.74231918655,
    -9.43979761224));
#1338 = CARTESIAN_POINT('',(66.59736072,-1.71582242171,-9.453450436414)
  );
#1339 = CARTESIAN_POINT('',(66.608315843683,-1.687058783468,
    -9.465791564382));
#1340 = CARTESIAN_POINT('',(66.61901474677,-1.656372604783,
    -9.47622430702));
#1341 = CARTESIAN_POINT('',(66.63220326295,-1.610166680677,
    -9.487983627667));
#1342 = CARTESIAN_POINT('',(66.635887663122,-1.596078177608,
    -9.491106986601));
#1343 = CARTESIAN_POINT('',(66.639401639812,-1.580855742621,
    -9.493944117228));
#1344 = CARTESIAN_POINT('',(66.642249630749,-1.566444534129,
    -9.496149143572));
#1345 = CARTESIAN_POINT('',(66.644925529839,-1.549608064085,
    -9.498148683229));
#1346 = CARTESIAN_POINT('',(66.64657495787,-1.533422666049,
    -9.499352659925));
#1347 = CARTESIAN_POINT('',(66.647457446038,-1.516733586006,-9.5));
#1348 = CARTESIAN_POINT('',(66.647457446038,-1.5,-9.5));
#1349 = CARTESIAN_POINT('',(66.55,-2.019615242271,-9.3));
#1350 = CARTESIAN_POINT('',(66.55,-2.013892630914,-9.307079895444));
#1351 = CARTESIAN_POINT('',(66.550229801244,-2.008008280254,
    -9.314015825417));
#1352 = CARTESIAN_POINT('',(66.550669128158,-2.001997384129,
    -9.320789960124));
#1353 = CARTESIAN_POINT('',(66.551310710896,-1.995797301947,
    -9.327430532998));
#1354 = CARTESIAN_POINT('',(66.552131246267,-1.989486808148,
    -9.333901941708));
#1355 = CARTESIAN_POINT('',(66.553114522439,-1.983084033368,
    -9.340195942387));
#1356 = CARTESIAN_POINT('',(66.554263772209,-1.976448225188,
    -9.346377629712));
#1357 = CARTESIAN_POINT('',(66.557627943844,-1.959007971627,
    -9.362090391743));
#1358 = CARTESIAN_POINT('',(66.560085556398,-1.947975381923,
    -9.371394895738));
#1359 = CARTESIAN_POINT('',(66.562866771135,-1.936626939954,
    -9.380328829467));
#1360 = CARTESIAN_POINT('',(66.565956062343,-1.924964373999,
    -9.388926209435));
#1361 = CARTESIAN_POINT('',(66.569299749338,-1.913064871283,
    -9.397160025212));
#1362 = CARTESIAN_POINT('',(66.572863282612,-1.900932039711,
    -9.405040127274));
#1363 = CARTESIAN_POINT('',(66.576661850059,-1.888474637273,
    -9.412640666572));
#1364 = CARTESIAN_POINT('',(66.588733270158,-1.849911901311,
    -9.434734202572));
#1365 = CARTESIAN_POINT('',(66.597438650284,-1.823522922464,
    -9.447909641456));
#1366 = CARTESIAN_POINT('',(66.606530011199,-1.79648885365,
    -9.459812903606));
#1367 = CARTESIAN_POINT('',(66.616111453068,-1.768072192968,
    -9.470758454597));
#1368 = CARTESIAN_POINT('',(66.626171665163,-1.737750040797,
    -9.480799294688));
#1369 = CARTESIAN_POINT('',(66.636368425208,-1.705496195057,
    -9.489724036958));
#1370 = CARTESIAN_POINT('',(66.646014560154,-1.671595305827,
    -9.497209535727));
#1371 = CARTESIAN_POINT('',(66.657804966554,-1.620714016225,
    -9.505668544442));
#1372 = CARTESIAN_POINT('',(66.66109911197,-1.605107684026,
    -9.507926213496));
#1373 = CARTESIAN_POINT('',(66.664195921713,-1.588396095287,
    -9.509958685328));
#1374 = CARTESIAN_POINT('',(66.66670509328,-1.572520711021,
    -9.511542732502));
#1375 = CARTESIAN_POINT('',(66.66902639942,-1.554163367272,
    -9.512963674469));
#1376 = CARTESIAN_POINT('',(66.670462306365,-1.536487867975,
    -9.513823575992));
#1377 = CARTESIAN_POINT('',(66.671230311591,-1.518282960347,
    -9.514285714286));
#1378 = CARTESIAN_POINT('',(66.671230311591,-1.5,-9.514285714286));
#1379 = DEFINITIONAL_REPRESENTATION('',(#1380),#1384);
#1380 = LINE('',#1381,#1382);
#1381 = CARTESIAN_POINT('',(0.,0.));
#1382 = VECTOR('',#1383,1.);
#1383 = DIRECTION('',(0.,1.));
#1384 = ( GEOMETRIC_REPRESENTATION_CONTEXT(2) 
PARAMETRIC_REPRESENTATION_CONTEXT() REPRESENTATION_CONTEXT('2D SPACE',''
  ) );
#1385 = ORIENTED_EDGE('',*,*,#1386,.F.);
#1386 = EDGE_CURVE('',#402,#1157,#1387,.T.);
#1387 = SURFACE_CURVE('',#1388,(#1393,#1400),.PCURVE_S1.);
#1388 = CIRCLE('',#1389,0.5);
#1389 = AXIS2_PLACEMENT_3D('',#1390,#1391,#1392);
#1390 = CARTESIAN_POINT('',(66.45,-1.5,-9.));
#1391 = DIRECTION('',(1.,0.,0.));
#1392 = DIRECTION('',(0.,-1.,0.));
#1393 = PCURVE('',#417,#1394);
#1394 = DEFINITIONAL_REPRESENTATION('',(#1395),#1399);
#1395 = LINE('',#1396,#1397);
#1396 = CARTESIAN_POINT('',(0.,4.25));
#1397 = VECTOR('',#1398,1.);
#1398 = DIRECTION('',(1.,0.));
#1399 = ( GEOMETRIC_REPRESENTATION_CONTEXT(2) 
PARAMETRIC_REPRESENTATION_CONTEXT() REPRESENTATION_CONTEXT('2D SPACE',''
  ) );
#1400 = PCURVE('',#1401,#1406);
#1401 = TOROIDAL_SURFACE('',#1402,0.6,0.1);
#1402 = AXIS2_PLACEMENT_3D('',#1403,#1404,#1405);
#1403 = CARTESIAN_POINT('',(66.45,-1.5,-9.));
#1404 = DIRECTION('',(-1.,-0.,0.));
#1405 = DIRECTION('',(0.,-1.,0.));
#1406 = DEFINITIONAL_REPRESENTATION('',(#1407),#1411);
#1407 = LINE('',#1408,#1409);
#1408 = CARTESIAN_POINT('',(-0.,3.14159265359));
#1409 = VECTOR('',#1410,1.);
#1410 = DIRECTION('',(-1.,0.));
#1411 = ( GEOMETRIC_REPRESENTATION_CONTEXT(2) 
PARAMETRIC_REPRESENTATION_CONTEXT() REPRESENTATION_CONTEXT('2D SPACE',''
  ) );
#1412 = ADVANCED_FACE('',(#1413),#463,.T.);
#1413 = FACE_BOUND('',#1414,.T.);
#1414 = EDGE_LOOP('',(#1415,#1416,#1439,#1459));
#1415 = ORIENTED_EDGE('',*,*,#506,.T.);
#1416 = ORIENTED_EDGE('',*,*,#1417,.T.);
#1417 = EDGE_CURVE('',#507,#1418,#1420,.T.);
#1418 = VERTEX_POINT('',#1419);
#1419 = CARTESIAN_POINT('',(66.55,-2.1,-9.));
#1420 = SURFACE_CURVE('',#1421,(#1425,#1432),.PCURVE_S1.);
#1421 = LINE('',#1422,#1423);
#1422 = CARTESIAN_POINT('',(66.55,-2.1,9.));
#1423 = VECTOR('',#1424,1.);
#1424 = DIRECTION('',(-0.,-0.,-1.));
#1425 = PCURVE('',#463,#1426);
#1426 = DEFINITIONAL_REPRESENTATION('',(#1427),#1431);
#1427 = LINE('',#1428,#1429);
#1428 = CARTESIAN_POINT('',(1.570796326795,0.));
#1429 = VECTOR('',#1430,1.);
#1430 = DIRECTION('',(0.,1.));
#1431 = ( GEOMETRIC_REPRESENTATION_CONTEXT(2) 
PARAMETRIC_REPRESENTATION_CONTEXT() REPRESENTATION_CONTEXT('2D SPACE',''
  ) );
#1432 = PCURVE('',#543,#1433);
#1433 = DEFINITIONAL_REPRESENTATION('',(#1434),#1438);
#1434 = LINE('',#1435,#1436);
#1435 = CARTESIAN_POINT('',(18.5,-2.63));
#1436 = VECTOR('',#1437,1.);
#1437 = DIRECTION('',(-1.,0.));
#1438 = ( GEOMETRIC_REPRESENTATION_CONTEXT(2) 
PARAMETRIC_REPRESENTATION_CONTEXT() REPRESENTATION_CONTEXT('2D SPACE',''
  ) );
#1439 = ORIENTED_EDGE('',*,*,#1440,.F.);
#1440 = EDGE_CURVE('',#402,#1418,#1441,.T.);
#1441 = SURFACE_CURVE('',#1442,(#1447,#1453),.PCURVE_S1.);
#1442 = CIRCLE('',#1443,0.1);
#1443 = AXIS2_PLACEMENT_3D('',#1444,#1445,#1446);
#1444 = CARTESIAN_POINT('',(66.45,-2.1,-9.));
#1445 = DIRECTION('',(0.,-0.,-1.));
#1446 = DIRECTION('',(0.,1.,-0.));
#1447 = PCURVE('',#463,#1448);
#1448 = DEFINITIONAL_REPRESENTATION('',(#1449),#1452);
#1449 = B_SPLINE_CURVE_WITH_KNOTS('',1,(#1450,#1451),.UNSPECIFIED.,.F.,
  .F.,(2,2),(0.,1.570796326795),.PIECEWISE_BEZIER_KNOTS.);
#1450 = CARTESIAN_POINT('',(0.,18.));
#1451 = CARTESIAN_POINT('',(1.570796326795,18.));
#1452 = ( GEOMETRIC_REPRESENTATION_CONTEXT(2) 
PARAMETRIC_REPRESENTATION_CONTEXT() REPRESENTATION_CONTEXT('2D SPACE',''
  ) );
#1453 = PCURVE('',#1401,#1454);
#1454 = DEFINITIONAL_REPRESENTATION('',(#1455),#1458);
#1455 = B_SPLINE_CURVE_WITH_KNOTS('',1,(#1456,#1457),.UNSPECIFIED.,.F.,
  .F.,(2,2),(0.,1.570796326795),.PIECEWISE_BEZIER_KNOTS.);
#1456 = CARTESIAN_POINT('',(0.,3.14159265359));
#1457 = CARTESIAN_POINT('',(0.,4.712388980385));
#1458 = ( GEOMETRIC_REPRESENTATION_CONTEXT(2) 
PARAMETRIC_REPRESENTATION_CONTEXT() REPRESENTATION_CONTEXT('2D SPACE',''
  ) );
#1459 = ORIENTED_EDGE('',*,*,#449,.F.);
#1460 = ADVANCED_FACE('',(#1461),#543,.T.);
#1461 = FACE_BOUND('',#1462,.T.);
#1462 = EDGE_LOOP('',(#1463,#1486,#1515,#1543,#1572,#1600,#1622,#1623));
#1463 = ORIENTED_EDGE('',*,*,#1464,.T.);
#1464 = EDGE_CURVE('',#479,#1465,#1467,.T.);
#1465 = VERTEX_POINT('',#1466);
#1466 = CARTESIAN_POINT('',(66.55,-4.23,9.3));
#1467 = SURFACE_CURVE('',#1468,(#1472,#1479),.PCURVE_S1.);
#1468 = LINE('',#1469,#1470);
#1469 = CARTESIAN_POINT('',(66.55,4.23,9.3));
#1470 = VECTOR('',#1471,1.);
#1471 = DIRECTION('',(-0.,-1.,-0.));
#1472 = PCURVE('',#543,#1473);
#1473 = DEFINITIONAL_REPRESENTATION('',(#1474),#1478);
#1474 = LINE('',#1475,#1476);
#1475 = CARTESIAN_POINT('',(18.8,-8.96));
#1476 = VECTOR('',#1477,1.);
#1477 = DIRECTION('',(-0.,1.));
#1478 = ( GEOMETRIC_REPRESENTATION_CONTEXT(2) 
PARAMETRIC_REPRESENTATION_CONTEXT() REPRESENTATION_CONTEXT('2D SPACE',''
  ) );
#1479 = PCURVE('',#996,#1480);
#1480 = DEFINITIONAL_REPRESENTATION('',(#1481),#1485);
#1481 = LINE('',#1482,#1483);
#1482 = CARTESIAN_POINT('',(-0.,0.));
#1483 = VECTOR('',#1484,1.);
#1484 = DIRECTION('',(-0.,1.));
#1485 = ( GEOMETRIC_REPRESENTATION_CONTEXT(2) 
PARAMETRIC_REPRESENTATION_CONTEXT() REPRESENTATION_CONTEXT('2D SPACE',''
  ) );
#1486 = ORIENTED_EDGE('',*,*,#1487,.T.);
#1487 = EDGE_CURVE('',#1465,#1488,#1490,.T.);
#1488 = VERTEX_POINT('',#1489);
#1489 = CARTESIAN_POINT('',(66.55,-4.53,9.));
#1490 = SURFACE_CURVE('',#1491,(#1496,#1503),.PCURVE_S1.);
#1491 = CIRCLE('',#1492,0.3);
#1492 = AXIS2_PLACEMENT_3D('',#1493,#1494,#1495);
#1493 = CARTESIAN_POINT('',(66.55,-4.23,9.));
#1494 = DIRECTION('',(1.,0.,-0.));
#1495 = DIRECTION('',(0.,0.,1.));
#1496 = PCURVE('',#543,#1497);
#1497 = DEFINITIONAL_REPRESENTATION('',(#1498),#1502);
#1498 = CIRCLE('',#1499,0.3);
#1499 = AXIS2_PLACEMENT_2D('',#1500,#1501);
#1500 = CARTESIAN_POINT('',(18.5,-0.5));
#1501 = DIRECTION('',(1.,0.));
#1502 = ( GEOMETRIC_REPRESENTATION_CONTEXT(2) 
PARAMETRIC_REPRESENTATION_CONTEXT() REPRESENTATION_CONTEXT('2D SPACE',''
  ) );
#1503 = PCURVE('',#1504,#1509);
#1504 = TOROIDAL_SURFACE('',#1505,0.3,0.25);
#1505 = AXIS2_PLACEMENT_3D('',#1506,#1507,#1508);
#1506 = CARTESIAN_POINT('',(66.8,-4.23,9.));
#1507 = DIRECTION('',(1.,0.,0.));
#1508 = DIRECTION('',(0.,0.,1.));
#1509 = DEFINITIONAL_REPRESENTATION('',(#1510),#1514);
#1510 = LINE('',#1511,#1512);
#1511 = CARTESIAN_POINT('',(0.,4.712388980385));
#1512 = VECTOR('',#1513,1.);
#1513 = DIRECTION('',(1.,0.));
#1514 = ( GEOMETRIC_REPRESENTATION_CONTEXT(2) 
PARAMETRIC_REPRESENTATION_CONTEXT() REPRESENTATION_CONTEXT('2D SPACE',''
  ) );
#1515 = ORIENTED_EDGE('',*,*,#1516,.T.);
#1516 = EDGE_CURVE('',#1488,#1517,#1519,.T.);
#1517 = VERTEX_POINT('',#1518);
#1518 = CARTESIAN_POINT('',(66.55,-4.53,-9.));
#1519 = SURFACE_CURVE('',#1520,(#1524,#1531),.PCURVE_S1.);
#1520 = LINE('',#1521,#1522);
#1521 = CARTESIAN_POINT('',(66.55,-4.53,9.));
#1522 = VECTOR('',#1523,1.);
#1523 = DIRECTION('',(-0.,-0.,-1.));
#1524 = PCURVE('',#543,#1525);
#1525 = DEFINITIONAL_REPRESENTATION('',(#1526),#1530);
#1526 = LINE('',#1527,#1528);
#1527 = CARTESIAN_POINT('',(18.5,-0.2));
#1528 = VECTOR('',#1529,1.);
#1529 = DIRECTION('',(-1.,0.));
#1530 = ( GEOMETRIC_REPRESENTATION_CONTEXT(2) 
PARAMETRIC_REPRESENTATION_CONTEXT() REPRESENTATION_CONTEXT('2D SPACE',''
  ) );
#1531 = PCURVE('',#1532,#1537);
#1532 = CYLINDRICAL_SURFACE('',#1533,0.25);
#1533 = AXIS2_PLACEMENT_3D('',#1534,#1535,#1536);
#1534 = CARTESIAN_POINT('',(66.8,-4.53,9.));
#1535 = DIRECTION('',(-0.,-0.,-1.));
#1536 = DIRECTION('',(-1.,0.,0.));
#1537 = DEFINITIONAL_REPRESENTATION('',(#1538),#1542);
#1538 = LINE('',#1539,#1540);
#1539 = CARTESIAN_POINT('',(-0.,0.));
#1540 = VECTOR('',#1541,1.);
#1541 = DIRECTION('',(-0.,1.));
#1542 = ( GEOMETRIC_REPRESENTATION_CONTEXT(2) 
PARAMETRIC_REPRESENTATION_CONTEXT() REPRESENTATION_CONTEXT('2D SPACE',''
  ) );
#1543 = ORIENTED_EDGE('',*,*,#1544,.T.);
#1544 = EDGE_CURVE('',#1517,#1545,#1547,.T.);
#1545 = VERTEX_POINT('',#1546);
#1546 = CARTESIAN_POINT('',(66.55,-4.23,-9.3));
#1547 = SURFACE_CURVE('',#1548,(#1553,#1560),.PCURVE_S1.);
#1548 = CIRCLE('',#1549,0.3);
#1549 = AXIS2_PLACEMENT_3D('',#1550,#1551,#1552);
#1550 = CARTESIAN_POINT('',(66.55,-4.23,-9.));
#1551 = DIRECTION('',(1.,0.,0.));
#1552 = DIRECTION('',(0.,-1.,0.));
#1553 = PCURVE('',#543,#1554);
#1554 = DEFINITIONAL_REPRESENTATION('',(#1555),#1559);
#1555 = CIRCLE('',#1556,0.3);
#1556 = AXIS2_PLACEMENT_2D('',#1557,#1558);
#1557 = CARTESIAN_POINT('',(0.5,-0.5));
#1558 = DIRECTION('',(0.,1.));
#1559 = ( GEOMETRIC_REPRESENTATION_CONTEXT(2) 
PARAMETRIC_REPRESENTATION_CONTEXT() REPRESENTATION_CONTEXT('2D SPACE',''
  ) );
#1560 = PCURVE('',#1561,#1566);
#1561 = TOROIDAL_SURFACE('',#1562,0.3,0.25);
#1562 = AXIS2_PLACEMENT_3D('',#1563,#1564,#1565);
#1563 = CARTESIAN_POINT('',(66.8,-4.23,-9.));
#1564 = DIRECTION('',(1.,0.,0.));
#1565 = DIRECTION('',(0.,-1.,0.));
#1566 = DEFINITIONAL_REPRESENTATION('',(#1567),#1571);
#1567 = LINE('',#1568,#1569);
#1568 = CARTESIAN_POINT('',(0.,4.712388980385));
#1569 = VECTOR('',#1570,1.);
#1570 = DIRECTION('',(1.,0.));
#1571 = ( GEOMETRIC_REPRESENTATION_CONTEXT(2) 
PARAMETRIC_REPRESENTATION_CONTEXT() REPRESENTATION_CONTEXT('2D SPACE',''
  ) );
#1572 = ORIENTED_EDGE('',*,*,#1573,.T.);
#1573 = EDGE_CURVE('',#1545,#1574,#1576,.T.);
#1574 = VERTEX_POINT('',#1575);
#1575 = CARTESIAN_POINT('',(66.55,-2.019615242271,-9.3));
#1576 = SURFACE_CURVE('',#1577,(#1581,#1588),.PCURVE_S1.);
#1577 = LINE('',#1578,#1579);
#1578 = CARTESIAN_POINT('',(66.55,-4.23,-9.3));
#1579 = VECTOR('',#1580,1.);
#1580 = DIRECTION('',(0.,1.,0.));
#1581 = PCURVE('',#543,#1582);
#1582 = DEFINITIONAL_REPRESENTATION('',(#1583),#1587);
#1583 = LINE('',#1584,#1585);
#1584 = CARTESIAN_POINT('',(0.2,-0.5));
#1585 = VECTOR('',#1586,1.);
#1586 = DIRECTION('',(0.,-1.));
#1587 = ( GEOMETRIC_REPRESENTATION_CONTEXT(2) 
PARAMETRIC_REPRESENTATION_CONTEXT() REPRESENTATION_CONTEXT('2D SPACE',''
  ) );
#1588 = PCURVE('',#1589,#1594);
#1589 = CYLINDRICAL_SURFACE('',#1590,0.25);
#1590 = AXIS2_PLACEMENT_3D('',#1591,#1592,#1593);
#1591 = CARTESIAN_POINT('',(66.8,-4.23,-9.3));
#1592 = DIRECTION('',(0.,1.,0.));
#1593 = DIRECTION('',(-1.,0.,0.));
#1594 = DEFINITIONAL_REPRESENTATION('',(#1595),#1599);
#1595 = LINE('',#1596,#1597);
#1596 = CARTESIAN_POINT('',(-0.,0.));
#1597 = VECTOR('',#1598,1.);
#1598 = DIRECTION('',(-0.,1.));
#1599 = ( GEOMETRIC_REPRESENTATION_CONTEXT(2) 
PARAMETRIC_REPRESENTATION_CONTEXT() REPRESENTATION_CONTEXT('2D SPACE',''
  ) );
#1600 = ORIENTED_EDGE('',*,*,#1601,.F.);
#1601 = EDGE_CURVE('',#1418,#1574,#1602,.T.);
#1602 = SURFACE_CURVE('',#1603,(#1608,#1615),.PCURVE_S1.);
#1603 = CIRCLE('',#1604,0.6);
#1604 = AXIS2_PLACEMENT_3D('',#1605,#1606,#1607);
#1605 = CARTESIAN_POINT('',(66.55,-1.5,-9.));
#1606 = DIRECTION('',(1.,0.,0.));
#1607 = DIRECTION('',(0.,-1.,0.));
#1608 = PCURVE('',#543,#1609);
#1609 = DEFINITIONAL_REPRESENTATION('',(#1610),#1614);
#1610 = CIRCLE('',#1611,0.6);
#1611 = AXIS2_PLACEMENT_2D('',#1612,#1613);
#1612 = CARTESIAN_POINT('',(0.5,-3.23));
#1613 = DIRECTION('',(0.,1.));
#1614 = ( GEOMETRIC_REPRESENTATION_CONTEXT(2) 
PARAMETRIC_REPRESENTATION_CONTEXT() REPRESENTATION_CONTEXT('2D SPACE',''
  ) );
#1615 = PCURVE('',#1401,#1616);
#1616 = DEFINITIONAL_REPRESENTATION('',(#1617),#1621);
#1617 = LINE('',#1618,#1619);
#1618 = CARTESIAN_POINT('',(-0.,4.712388980385));
#1619 = VECTOR('',#1620,1.);
#1620 = DIRECTION('',(-1.,0.));
#1621 = ( GEOMETRIC_REPRESENTATION_CONTEXT(2) 
PARAMETRIC_REPRESENTATION_CONTEXT() REPRESENTATION_CONTEXT('2D SPACE',''
  ) );
#1622 = ORIENTED_EDGE('',*,*,#1417,.F.);
#1623 = ORIENTED_EDGE('',*,*,#528,.F.);
#1624 = ADVANCED_FACE('',(#1625),#576,.T.);
#1625 = FACE_BOUND('',#1626,.T.);
#1626 = EDGE_LOOP('',(#1627,#1655,#1745,#1773,#1801,#1829,#1850,#1851,
    #1874,#1902,#1930,#1958,#2048,#2074,#2164,#2190));
#1627 = ORIENTED_EDGE('',*,*,#1628,.T.);
#1628 = EDGE_CURVE('',#1629,#1631,#1633,.T.);
#1629 = VERTEX_POINT('',#1630);
#1630 = CARTESIAN_POINT('',(72.75096218621,-7.165344361304,
    4.058570430898));
#1631 = VERTEX_POINT('',#1632);
#1632 = CARTESIAN_POINT('',(73.411818620136,-7.230433038899,
    4.148400357026));
#1633 = SURFACE_CURVE('',#1634,(#1638,#1644),.PCURVE_S1.);
#1634 = LINE('',#1635,#1636);
#1635 = CARTESIAN_POINT('',(0.,0.,-5.830436051283));
#1636 = VECTOR('',#1637,1.);
#1637 = DIRECTION('',(0.986202212859,-9.713243993841E-02,0.134054035612)
  );
#1638 = PCURVE('',#576,#1639);
#1639 = DEFINITIONAL_REPRESENTATION('',(#1640),#1643);
#1640 = B_SPLINE_CURVE_WITH_KNOTS('',1,(#1641,#1642),.UNSPECIFIED.,.F.,
  .F.,(2,2),(73.331891922671,75.683113997528),.PIECEWISE_BEZIER_KNOTS.);
#1641 = CARTESIAN_POINT('',(-4.,2.47));
#1642 = CARTESIAN_POINT('',(-4.315190807754,4.8));
#1643 = ( GEOMETRIC_REPRESENTATION_CONTEXT(2) 
PARAMETRIC_REPRESENTATION_CONTEXT() REPRESENTATION_CONTEXT('2D SPACE',''
  ) );
#1644 = PCURVE('',#1645,#1650);
#1645 = CONICAL_SURFACE('',#1646,79.2,1.436337506523);
#1646 = AXIS2_PLACEMENT_3D('',#1647,#1648,#1649);
#1647 = CARTESIAN_POINT('',(0.,0.,4.88334591186));
#1648 = DIRECTION('',(0.,0.,1.));
#1649 = DIRECTION('',(1.,0.,0.));
#1650 = DEFINITIONAL_REPRESENTATION('',(#1651),#1654);
#1651 = B_SPLINE_CURVE_WITH_KNOTS('',1,(#1652,#1653),.UNSPECIFIED.,.F.,
  .F.,(2,2),(73.331891922671,74.875827448221),.PIECEWISE_BEZIER_KNOTS.);
#1652 = CARTESIAN_POINT('',(6.185010536755,-0.88334591186));
#1653 = CARTESIAN_POINT('',(6.185010536755,-0.676375123936));
#1654 = ( GEOMETRIC_REPRESENTATION_CONTEXT(2) 
PARAMETRIC_REPRESENTATION_CONTEXT() REPRESENTATION_CONTEXT('2D SPACE',''
  ) );
#1655 = ORIENTED_EDGE('',*,*,#1656,.T.);
#1656 = EDGE_CURVE('',#1631,#1657,#1659,.T.);
#1657 = VERTEX_POINT('',#1658);
#1658 = CARTESIAN_POINT('',(73.842706719077,-7.272871812453,
    4.643887368848));
#1659 = SURFACE_CURVE('',#1660,(#1675,#1693),.PCURVE_S1.);
#1660 = B_SPLINE_CURVE_WITH_KNOTS('',7,(#1661,#1662,#1663,#1664,#1665,
    #1666,#1667,#1668,#1669,#1670,#1671,#1672,#1673,#1674),
  .UNSPECIFIED.,.F.,.F.,(8,6,8),(0.,0.499999997226,1.),.UNSPECIFIED.);
#1661 = CARTESIAN_POINT('',(73.411818620136,-7.230433038899,
    4.148400357026));
#1662 = CARTESIAN_POINT('',(73.458179495317,-7.234999186556,
    4.15470217052));
#1663 = CARTESIAN_POINT('',(73.5057583327,-7.23968529302,4.166373235137)
  );
#1664 = CARTESIAN_POINT('',(73.553586393492,-7.244395945847,
    4.18404968169));
#1665 = CARTESIAN_POINT('',(73.600383591181,-7.249005067521,
    4.20813773323));
#1666 = CARTESIAN_POINT('',(73.644560423196,-7.253356105702,
    4.238550054927));
#1667 = CARTESIAN_POINT('',(73.684697144457,-7.257309227705,
    4.274510005081));
#1668 = CARTESIAN_POINT('',(73.754917572909,-7.264225336248,
    4.355257907722));
#1669 = CARTESIAN_POINT('',(73.785000864892,-7.267188281893,
    4.400045382913));
#1670 = CARTESIAN_POINT('',(73.809071482876,-7.269559030838,4.4481121956
    ));
#1671 = CARTESIAN_POINT('',(73.826553817158,-7.271280890475,
    4.497940488013));
#1672 = CARTESIAN_POINT('',(73.837574824768,-7.272366364981,
    4.547935786174));
#1673 = CARTESIAN_POINT('',(73.842706719077,-7.272871812453,
    4.596877867322));
#1674 = CARTESIAN_POINT('',(73.842706719077,-7.272871812453,
    4.643887368848));
#1675 = PCURVE('',#576,#1676);
#1676 = DEFINITIONAL_REPRESENTATION('',(#1677),#1692);
#1677 = B_SPLINE_CURVE_WITH_KNOTS('',7,(#1678,#1679,#1680,#1681,#1682,
    #1683,#1684,#1685,#1686,#1687,#1688,#1689,#1690,#1691),
  .UNSPECIFIED.,.F.,.F.,(8,6,8),(0.,0.499999997226,1.),.UNSPECIFIED.);
#1678 = CARTESIAN_POINT('',(-4.148400357026,3.567027017806));
#1679 = CARTESIAN_POINT('',(-4.15470217052,3.613612213438));
#1680 = CARTESIAN_POINT('',(-4.166373235137,3.661421264468));
#1681 = CARTESIAN_POINT('',(-4.18404968169,3.709480744794));
#1682 = CARTESIAN_POINT('',(-4.20813773323,3.756504374111));
#1683 = CARTESIAN_POINT('',(-4.238550054927,3.800894958925));
#1684 = CARTESIAN_POINT('',(-4.274510005081,3.841225884617));
#1685 = CARTESIAN_POINT('',(-4.355257907722,3.911786079694));
#1686 = CARTESIAN_POINT('',(-4.400045382913,3.942014931863));
#1687 = CARTESIAN_POINT('',(-4.4481121956,3.966202017274));
#1688 = CARTESIAN_POINT('',(-4.497940488013,3.983768941096));
#1689 = CARTESIAN_POINT('',(-4.547935786174,3.994843274649));
#1690 = CARTESIAN_POINT('',(-4.596877867322,4.));
#1691 = CARTESIAN_POINT('',(-4.643887368848,4.));
#1692 = ( GEOMETRIC_REPRESENTATION_CONTEXT(2) 
PARAMETRIC_REPRESENTATION_CONTEXT() REPRESENTATION_CONTEXT('2D SPACE',''
  ) );
#1693 = PCURVE('',#1694,#1728);
#1694 = ( BOUNDED_SURFACE() B_SPLINE_SURFACE(2,4,(
    (#1695,#1696,#1697,#1698,#1699,#1700,#1701,#1702,#1703,#1704,#1705)
    ,(#1706,#1707,#1708,#1709,#1710,#1711,#1712,#1713,#1714,#1715,#1716)
    ,(#1717,#1718,#1719,#1720,#1721,#1722,#1723,#1724,#1725,#1726,#1727
)),.UNSPECIFIED.,.F.,.F.,.F.) B_SPLINE_SURFACE_WITH_KNOTS((3,3),(5,3,3,5
    ),(0.,14.569134015283),(-0.891586651552,-5.069775844419E-07,
    14.569133508305,15.460719804802),.UNSPECIFIED.) 
GEOMETRIC_REPRESENTATION_ITEM() RATIONAL_B_SPLINE_SURFACE((
    (1.,1.,1.,1.,1.,1.,1.,1.,1.,1.,1.)
    ,(0.753011963919,0.753011963919,0.753011963919,0.753011963919
      ,0.753011963919,0.753011963919,0.753011963919,0.753011963919
      ,0.753011963919,0.753011963919,0.753011963919)
,(1.,1.,1.,1.,1.,1.,1.,1.,1.,1.,1.
  ))) REPRESENTATION_ITEM('') SURFACE() );
#1695 = CARTESIAN_POINT('',(73.324427877474,-8.117726135492,
    4.148400357026));
#1696 = CARTESIAN_POINT('',(73.346403053013,-7.894608434943,
    4.148400357026));
#1697 = CARTESIAN_POINT('',(73.36829323478,-7.672353690636,
    4.148400357026));
#1698 = CARTESIAN_POINT('',(73.390098422775,-7.45096190257,
    4.148400357026));
#1699 = CARTESIAN_POINT('',(73.766741607232,-3.626839492455,
    4.148400357026));
#1700 = CARTESIAN_POINT('',(73.885810541676,4.382243674907E-06,
    4.148400357026));
#1701 = CARTESIAN_POINT('',(73.766741544051,3.626840114211,
    4.148400357026));
#1702 = CARTESIAN_POINT('',(73.39009842704,7.450961860478,4.148400357026
    ));
#1703 = CARTESIAN_POINT('',(73.368293239258,7.672353647594,
    4.148400357026));
#1704 = CARTESIAN_POINT('',(73.346403057515,7.894608392874,
    4.148400357026));
#1705 = CARTESIAN_POINT('',(73.324427881811,8.117726096319,
    4.148400357026));
#1706 = CARTESIAN_POINT('',(73.755315983477,-8.16016484524,
    4.206970787924));
#1707 = CARTESIAN_POINT('',(73.777163668166,-7.938341579035,
    4.206970787924));
#1708 = CARTESIAN_POINT('',(73.799011352855,-7.71651831283,
    4.206970787924));
#1709 = CARTESIAN_POINT('',(73.820859037543,-7.494695046624,
    4.206970787924));
#1710 = CARTESIAN_POINT('',(74.199712994806,-3.648126249411,
    4.206970787924));
#1711 = CARTESIAN_POINT('',(74.319480756043,2.121499245298E-06,
    4.206970787924));
#1712 = CARTESIAN_POINT('',(74.199712746463,3.648128790727,
    4.206970787924));
#1713 = CARTESIAN_POINT('',(73.820859044895,7.494694970766,
    4.206970787924));
#1714 = CARTESIAN_POINT('',(73.799011363873,7.716518198527,
    4.206970787924));
#1715 = CARTESIAN_POINT('',(73.777163675281,7.938341503153,
    4.206970787924));
#1716 = CARTESIAN_POINT('',(73.755315979118,8.160164884644,
    4.206970787924));
#1717 = CARTESIAN_POINT('',(73.755315983477,-8.16016484524,
    4.643887368848));
#1718 = CARTESIAN_POINT('',(73.777163668166,-7.938341579035,
    4.643887368848));
#1719 = CARTESIAN_POINT('',(73.799011352855,-7.71651831283,
    4.643887368848));
#1720 = CARTESIAN_POINT('',(73.820859037543,-7.494695046624,
    4.643887368848));
#1721 = CARTESIAN_POINT('',(74.199712994806,-3.648126249411,
    4.643887368848));
#1722 = CARTESIAN_POINT('',(74.319480756043,2.121499295116E-06,
    4.643887368848));
#1723 = CARTESIAN_POINT('',(74.199712746463,3.648128790728,
    4.643887368848));
#1724 = CARTESIAN_POINT('',(73.820859044895,7.494694970766,
    4.643887368848));
#1725 = CARTESIAN_POINT('',(73.799011363873,7.716518198527,
    4.643887368848));
#1726 = CARTESIAN_POINT('',(73.777163675281,7.938341503153,
    4.643887368848));
#1727 = CARTESIAN_POINT('',(73.755315979118,8.160164884644,
    4.643887368848));
#1728 = DEFINITIONAL_REPRESENTATION('',(#1729),#1744);
#1729 = B_SPLINE_CURVE_WITH_KNOTS('',7,(#1730,#1731,#1732,#1733,#1734,
    #1735,#1736,#1737,#1738,#1739,#1740,#1741,#1742,#1743),
  .UNSPECIFIED.,.F.,.F.,(8,6,8),(0.,0.499999997226,1.),.UNSPECIFIED.);
#1730 = CARTESIAN_POINT('',(0.,-4.747881349786E-07));
#1731 = CARTESIAN_POINT('',(1.040852028351,-4.81755559104E-07));
#1732 = CARTESIAN_POINT('',(2.081627805866,-4.888957712784E-07));
#1733 = CARTESIAN_POINT('',(3.122317995798,-4.960622031796E-07));
#1734 = CARTESIAN_POINT('',(4.162928845741,-5.030627992956E-07));
#1735 = CARTESIAN_POINT('',(5.203488749638,-5.096612295559E-07));
#1736 = CARTESIAN_POINT('',(6.244029833411,-5.156487723894E-07));
#1737 = CARTESIAN_POINT('',(8.32510419342,-5.261139729877E-07));
#1738 = CARTESIAN_POINT('',(9.365645266027,-5.305915780504E-07));
#1739 = CARTESIAN_POINT('',(10.406205160173,-5.341702735083E-07));
#1740 = CARTESIAN_POINT('',(11.446816013382,-5.367676861596E-07));
#1741 = CARTESIAN_POINT('',(12.487506217693,-5.384047379145E-07));
#1742 = CARTESIAN_POINT('',(13.528282003819,-5.391670176463E-07));
#1743 = CARTESIAN_POINT('',(14.569134015283,-5.391670179815E-07));
#1744 = ( GEOMETRIC_REPRESENTATION_CONTEXT(2) 
PARAMETRIC_REPRESENTATION_CONTEXT() REPRESENTATION_CONTEXT('2D SPACE',''
  ) );
#1745 = ORIENTED_EDGE('',*,*,#1746,.T.);
#1746 = EDGE_CURVE('',#1657,#1747,#1749,.T.);
#1747 = VERTEX_POINT('',#1748);
#1748 = CARTESIAN_POINT('',(73.842706719077,-7.272871812453,11.));
#1749 = SURFACE_CURVE('',#1750,(#1754,#1761),.PCURVE_S1.);
#1750 = LINE('',#1751,#1752);
#1751 = CARTESIAN_POINT('',(73.842706719077,-7.272871812453,-11.5));
#1752 = VECTOR('',#1753,1.);
#1753 = DIRECTION('',(0.,0.,1.));
#1754 = PCURVE('',#576,#1755);
#1755 = DEFINITIONAL_REPRESENTATION('',(#1756),#1760);
#1756 = LINE('',#1757,#1758);
#1757 = CARTESIAN_POINT('',(11.5,4.));
#1758 = VECTOR('',#1759,1.);
#1759 = DIRECTION('',(-1.,0.));
#1760 = ( GEOMETRIC_REPRESENTATION_CONTEXT(2) 
PARAMETRIC_REPRESENTATION_CONTEXT() REPRESENTATION_CONTEXT('2D SPACE',''
  ) );
#1761 = PCURVE('',#1762,#1767);
#1762 = CYLINDRICAL_SURFACE('',#1763,74.2);
#1763 = AXIS2_PLACEMENT_3D('',#1764,#1765,#1766);
#1764 = CARTESIAN_POINT('',(0.,0.,-11.5));
#1765 = DIRECTION('',(0.,0.,1.));
#1766 = DIRECTION('',(0.995184726672,-9.801714032956E-02,0.));
#1767 = DEFINITIONAL_REPRESENTATION('',(#1768),#1772);
#1768 = LINE('',#1769,#1770);
#1769 = CARTESIAN_POINT('',(0.,0.));
#1770 = VECTOR('',#1771,1.);
#1771 = DIRECTION('',(0.,1.));
#1772 = ( GEOMETRIC_REPRESENTATION_CONTEXT(2) 
PARAMETRIC_REPRESENTATION_CONTEXT() REPRESENTATION_CONTEXT('2D SPACE',''
  ) );
#1773 = ORIENTED_EDGE('',*,*,#1774,.T.);
#1774 = EDGE_CURVE('',#1747,#1775,#1777,.T.);
#1775 = VERTEX_POINT('',#1776);
#1776 = CARTESIAN_POINT('',(73.345114355741,-7.223863242289,11.5));
#1777 = SURFACE_CURVE('',#1778,(#1783,#1790),.PCURVE_S1.);
#1778 = CIRCLE('',#1779,0.5);
#1779 = AXIS2_PLACEMENT_3D('',#1780,#1781,#1782);
#1780 = CARTESIAN_POINT('',(73.345114355741,-7.223863242289,11.));
#1781 = DIRECTION('',(-9.801714032956E-02,-0.995184726672,0.));
#1782 = DIRECTION('',(0.995184726672,-9.801714032956E-02,0.));
#1783 = PCURVE('',#576,#1784);
#1784 = DEFINITIONAL_REPRESENTATION('',(#1785),#1789);
#1785 = ( BOUNDED_CURVE() B_SPLINE_CURVE(2,(#1786,#1787,#1788),
.UNSPECIFIED.,.F.,.F.) B_SPLINE_CURVE_WITH_KNOTS((3,3),(
1.795617647339E-18,1.570796326795),.PIECEWISE_BEZIER_KNOTS.) CURVE() 
GEOMETRIC_REPRESENTATION_ITEM() RATIONAL_B_SPLINE_CURVE((1.,
0.707106781187,1.)) REPRESENTATION_ITEM('') );
#1786 = CARTESIAN_POINT('',(-11.,4.));
#1787 = CARTESIAN_POINT('',(-11.5,4.));
#1788 = CARTESIAN_POINT('',(-11.5,3.5));
#1789 = ( GEOMETRIC_REPRESENTATION_CONTEXT(2) 
PARAMETRIC_REPRESENTATION_CONTEXT() REPRESENTATION_CONTEXT('2D SPACE',''
  ) );
#1790 = PCURVE('',#1791,#1796);
#1791 = TOROIDAL_SURFACE('',#1792,73.7,0.5);
#1792 = AXIS2_PLACEMENT_3D('',#1793,#1794,#1795);
#1793 = CARTESIAN_POINT('',(0.,0.,11.));
#1794 = DIRECTION('',(-0.,0.,1.));
#1795 = DIRECTION('',(0.995184726672,-9.801714032956E-02,0.));
#1796 = DEFINITIONAL_REPRESENTATION('',(#1797),#1800);
#1797 = B_SPLINE_CURVE_WITH_KNOTS('',1,(#1798,#1799),.UNSPECIFIED.,.F.,
  .F.,(2,2),(1.795617647339E-18,1.570796326795),
  .PIECEWISE_BEZIER_KNOTS.);
#1798 = CARTESIAN_POINT('',(1.208217016048E-17,3.591235294677E-18));
#1799 = CARTESIAN_POINT('',(1.208217016048E-17,1.570796326795));
#1800 = ( GEOMETRIC_REPRESENTATION_CONTEXT(2) 
PARAMETRIC_REPRESENTATION_CONTEXT() REPRESENTATION_CONTEXT('2D SPACE',''
  ) );
#1801 = ORIENTED_EDGE('',*,*,#1802,.T.);
#1802 = EDGE_CURVE('',#1775,#1803,#1805,.T.);
#1803 = VERTEX_POINT('',#1804);
#1804 = CARTESIAN_POINT('',(66.378821269036,-6.537743259982,11.5));
#1805 = SURFACE_CURVE('',#1806,(#1810,#1817),.PCURVE_S1.);
#1806 = LINE('',#1807,#1808);
#1807 = CARTESIAN_POINT('',(73.842706719077,-7.272871812453,11.5));
#1808 = VECTOR('',#1809,1.);
#1809 = DIRECTION('',(-0.995184726672,9.801714032956E-02,0.));
#1810 = PCURVE('',#576,#1811);
#1811 = DEFINITIONAL_REPRESENTATION('',(#1812),#1816);
#1812 = LINE('',#1813,#1814);
#1813 = CARTESIAN_POINT('',(-11.5,4.));
#1814 = VECTOR('',#1815,1.);
#1815 = DIRECTION('',(0.,-1.));
#1816 = ( GEOMETRIC_REPRESENTATION_CONTEXT(2) 
PARAMETRIC_REPRESENTATION_CONTEXT() REPRESENTATION_CONTEXT('2D SPACE',''
  ) );
#1817 = PCURVE('',#1818,#1823);
#1818 = PLANE('',#1819);
#1819 = AXIS2_PLACEMENT_3D('',#1820,#1821,#1822);
#1820 = CARTESIAN_POINT('',(0.,0.,11.5));
#1821 = DIRECTION('',(0.,0.,1.));
#1822 = DIRECTION('',(0.995184726672,-9.801714032956E-02,0.));
#1823 = DEFINITIONAL_REPRESENTATION('',(#1824),#1828);
#1824 = LINE('',#1825,#1826);
#1825 = CARTESIAN_POINT('',(74.2,0.));
#1826 = VECTOR('',#1827,1.);
#1827 = DIRECTION('',(-1.,0.));
#1828 = ( GEOMETRIC_REPRESENTATION_CONTEXT(2) 
PARAMETRIC_REPRESENTATION_CONTEXT() REPRESENTATION_CONTEXT('2D SPACE',''
  ) );
#1829 = ORIENTED_EDGE('',*,*,#1830,.T.);
#1830 = EDGE_CURVE('',#1803,#559,#1831,.T.);
#1831 = SURFACE_CURVE('',#1832,(#1837,#1844),.PCURVE_S1.);
#1832 = CIRCLE('',#1833,0.5);
#1833 = AXIS2_PLACEMENT_3D('',#1834,#1835,#1836);
#1834 = CARTESIAN_POINT('',(66.378821269036,-6.537743259982,11.));
#1835 = DIRECTION('',(-9.801714032956E-02,-0.995184726672,0.));
#1836 = DIRECTION('',(0.995184726672,-9.801714032956E-02,0.));
#1837 = PCURVE('',#576,#1838);
#1838 = DEFINITIONAL_REPRESENTATION('',(#1839),#1843);
#1839 = ( BOUNDED_CURVE() B_SPLINE_CURVE(2,(#1840,#1841,#1842),
.UNSPECIFIED.,.F.,.F.) B_SPLINE_CURVE_WITH_KNOTS((3,3),(1.570796326795,
3.14159265359),.PIECEWISE_BEZIER_KNOTS.) CURVE() 
GEOMETRIC_REPRESENTATION_ITEM() RATIONAL_B_SPLINE_CURVE((1.,
0.707106781187,1.)) REPRESENTATION_ITEM('') );
#1840 = CARTESIAN_POINT('',(-11.5,-3.5));
#1841 = CARTESIAN_POINT('',(-11.5,-4.));
#1842 = CARTESIAN_POINT('',(-11.,-4.));
#1843 = ( GEOMETRIC_REPRESENTATION_CONTEXT(2) 
PARAMETRIC_REPRESENTATION_CONTEXT() REPRESENTATION_CONTEXT('2D SPACE',''
  ) );
#1844 = PCURVE('',#605,#1845);
#1845 = DEFINITIONAL_REPRESENTATION('',(#1846),#1849);
#1846 = B_SPLINE_CURVE_WITH_KNOTS('',1,(#1847,#1848),.UNSPECIFIED.,.F.,
  .F.,(2,2),(1.570796326795,3.14159265359),.PIECEWISE_BEZIER_KNOTS.);
#1847 = CARTESIAN_POINT('',(0.,1.570796326795));
#1848 = CARTESIAN_POINT('',(0.,3.14159265359));
#1849 = ( GEOMETRIC_REPRESENTATION_CONTEXT(2) 
PARAMETRIC_REPRESENTATION_CONTEXT() REPRESENTATION_CONTEXT('2D SPACE',''
  ) );
#1850 = ORIENTED_EDGE('',*,*,#558,.T.);
#1851 = ORIENTED_EDGE('',*,*,#1852,.F.);
#1852 = EDGE_CURVE('',#1853,#561,#1855,.T.);
#1853 = VERTEX_POINT('',#1854);
#1854 = CARTESIAN_POINT('',(66.378821269036,-6.537743259982,-11.5));
#1855 = SURFACE_CURVE('',#1856,(#1861,#1868),.PCURVE_S1.);
#1856 = CIRCLE('',#1857,0.5);
#1857 = AXIS2_PLACEMENT_3D('',#1858,#1859,#1860);
#1858 = CARTESIAN_POINT('',(66.378821269036,-6.537743259982,-11.));
#1859 = DIRECTION('',(9.801714032956E-02,0.995184726672,0.));
#1860 = DIRECTION('',(0.995184726672,-9.801714032956E-02,0.));
#1861 = PCURVE('',#576,#1862);
#1862 = DEFINITIONAL_REPRESENTATION('',(#1863),#1867);
#1863 = ( BOUNDED_CURVE() B_SPLINE_CURVE(2,(#1864,#1865,#1866),
.UNSPECIFIED.,.F.,.F.) B_SPLINE_CURVE_WITH_KNOTS((3,3),(1.570796326795,
3.14159265359),.PIECEWISE_BEZIER_KNOTS.) CURVE() 
GEOMETRIC_REPRESENTATION_ITEM() RATIONAL_B_SPLINE_CURVE((1.,
0.707106781187,1.)) REPRESENTATION_ITEM('') );
#1864 = CARTESIAN_POINT('',(11.5,-3.5));
#1865 = CARTESIAN_POINT('',(11.5,-4.));
#1866 = CARTESIAN_POINT('',(11.,-4.));
#1867 = ( GEOMETRIC_REPRESENTATION_CONTEXT(2) 
PARAMETRIC_REPRESENTATION_CONTEXT() REPRESENTATION_CONTEXT('2D SPACE',''
  ) );
#1868 = PCURVE('',#660,#1869);
#1869 = DEFINITIONAL_REPRESENTATION('',(#1870),#1873);
#1870 = B_SPLINE_CURVE_WITH_KNOTS('',1,(#1871,#1872),.UNSPECIFIED.,.F.,
  .F.,(2,2),(-4.712388980385,-3.14159265359),.PIECEWISE_BEZIER_KNOTS.);
#1871 = CARTESIAN_POINT('',(2.650379603734E-17,-4.712388980385));
#1872 = CARTESIAN_POINT('',(2.650379603734E-17,-3.14159265359));
#1873 = ( GEOMETRIC_REPRESENTATION_CONTEXT(2) 
PARAMETRIC_REPRESENTATION_CONTEXT() REPRESENTATION_CONTEXT('2D SPACE',''
  ) );
#1874 = ORIENTED_EDGE('',*,*,#1875,.T.);
#1875 = EDGE_CURVE('',#1853,#1876,#1878,.T.);
#1876 = VERTEX_POINT('',#1877);
#1877 = CARTESIAN_POINT('',(73.345114355741,-7.223863242289,-11.5));
#1878 = SURFACE_CURVE('',#1879,(#1883,#1890),.PCURVE_S1.);
#1879 = LINE('',#1880,#1881);
#1880 = CARTESIAN_POINT('',(65.881228905699,-6.488734689817,-11.5));
#1881 = VECTOR('',#1882,1.);
#1882 = DIRECTION('',(0.995184726672,-9.801714032956E-02,0.));
#1883 = PCURVE('',#576,#1884);
#1884 = DEFINITIONAL_REPRESENTATION('',(#1885),#1889);
#1885 = LINE('',#1886,#1887);
#1886 = CARTESIAN_POINT('',(11.5,-4.));
#1887 = VECTOR('',#1888,1.);
#1888 = DIRECTION('',(0.,1.));
#1889 = ( GEOMETRIC_REPRESENTATION_CONTEXT(2) 
PARAMETRIC_REPRESENTATION_CONTEXT() REPRESENTATION_CONTEXT('2D SPACE',''
  ) );
#1890 = PCURVE('',#1891,#1896);
#1891 = PLANE('',#1892);
#1892 = AXIS2_PLACEMENT_3D('',#1893,#1894,#1895);
#1893 = CARTESIAN_POINT('',(0.,0.,-11.5));
#1894 = DIRECTION('',(0.,0.,1.));
#1895 = DIRECTION('',(0.995184726672,-9.801714032956E-02,0.));
#1896 = DEFINITIONAL_REPRESENTATION('',(#1897),#1901);
#1897 = LINE('',#1898,#1899);
#1898 = CARTESIAN_POINT('',(66.2,-0.));
#1899 = VECTOR('',#1900,1.);
#1900 = DIRECTION('',(1.,-0.));
#1901 = ( GEOMETRIC_REPRESENTATION_CONTEXT(2) 
PARAMETRIC_REPRESENTATION_CONTEXT() REPRESENTATION_CONTEXT('2D SPACE',''
  ) );
#1902 = ORIENTED_EDGE('',*,*,#1903,.T.);
#1903 = EDGE_CURVE('',#1876,#1904,#1906,.T.);
#1904 = VERTEX_POINT('',#1905);
#1905 = CARTESIAN_POINT('',(73.842706719077,-7.272871812453,-11.));
#1906 = SURFACE_CURVE('',#1907,(#1912,#1919),.PCURVE_S1.);
#1907 = CIRCLE('',#1908,0.5);
#1908 = AXIS2_PLACEMENT_3D('',#1909,#1910,#1911);
#1909 = CARTESIAN_POINT('',(73.345114355741,-7.223863242289,-11.));
#1910 = DIRECTION('',(-9.801714032956E-02,-0.995184726672,0.));
#1911 = DIRECTION('',(0.995184726672,-9.801714032956E-02,0.));
#1912 = PCURVE('',#576,#1913);
#1913 = DEFINITIONAL_REPRESENTATION('',(#1914),#1918);
#1914 = ( BOUNDED_CURVE() B_SPLINE_CURVE(2,(#1915,#1916,#1917),
.UNSPECIFIED.,.F.,.F.) B_SPLINE_CURVE_WITH_KNOTS((3,3),(4.712388980385,
6.28318530718),.PIECEWISE_BEZIER_KNOTS.) CURVE() 
GEOMETRIC_REPRESENTATION_ITEM() RATIONAL_B_SPLINE_CURVE((1.,
0.707106781187,1.)) REPRESENTATION_ITEM('') );
#1915 = CARTESIAN_POINT('',(11.5,3.5));
#1916 = CARTESIAN_POINT('',(11.5,4.));
#1917 = CARTESIAN_POINT('',(11.,4.));
#1918 = ( GEOMETRIC_REPRESENTATION_CONTEXT(2) 
PARAMETRIC_REPRESENTATION_CONTEXT() REPRESENTATION_CONTEXT('2D SPACE',''
  ) );
#1919 = PCURVE('',#1920,#1925);
#1920 = TOROIDAL_SURFACE('',#1921,73.7,0.5);
#1921 = AXIS2_PLACEMENT_3D('',#1922,#1923,#1924);
#1922 = CARTESIAN_POINT('',(0.,0.,-11.));
#1923 = DIRECTION('',(-0.,-0.,1.));
#1924 = DIRECTION('',(0.995184726672,-9.801714032956E-02,0.));
#1925 = DEFINITIONAL_REPRESENTATION('',(#1926),#1929);
#1926 = B_SPLINE_CURVE_WITH_KNOTS('',1,(#1927,#1928),.UNSPECIFIED.,.F.,
  .F.,(2,2),(4.712388980385,6.28318530718),.PIECEWISE_BEZIER_KNOTS.);
#1927 = CARTESIAN_POINT('',(1.208217016048E-17,4.712388980385));
#1928 = CARTESIAN_POINT('',(1.208217016048E-17,6.28318530718));
#1929 = ( GEOMETRIC_REPRESENTATION_CONTEXT(2) 
PARAMETRIC_REPRESENTATION_CONTEXT() REPRESENTATION_CONTEXT('2D SPACE',''
  ) );
#1930 = ORIENTED_EDGE('',*,*,#1931,.T.);
#1931 = EDGE_CURVE('',#1904,#1932,#1934,.T.);
#1932 = VERTEX_POINT('',#1933);
#1933 = CARTESIAN_POINT('',(73.842706719077,-7.272871812453,
    -4.643887368848));
#1934 = SURFACE_CURVE('',#1935,(#1939,#1946),.PCURVE_S1.);
#1935 = LINE('',#1936,#1937);
#1936 = CARTESIAN_POINT('',(73.842706719077,-7.272871812453,-11.5));
#1937 = VECTOR('',#1938,1.);
#1938 = DIRECTION('',(0.,0.,1.));
#1939 = PCURVE('',#576,#1940);
#1940 = DEFINITIONAL_REPRESENTATION('',(#1941),#1945);
#1941 = LINE('',#1942,#1943);
#1942 = CARTESIAN_POINT('',(11.5,4.));
#1943 = VECTOR('',#1944,1.);
#1944 = DIRECTION('',(-1.,0.));
#1945 = ( GEOMETRIC_REPRESENTATION_CONTEXT(2) 
PARAMETRIC_REPRESENTATION_CONTEXT() REPRESENTATION_CONTEXT('2D SPACE',''
  ) );
#1946 = PCURVE('',#1947,#1952);
#1947 = CYLINDRICAL_SURFACE('',#1948,74.2);
#1948 = AXIS2_PLACEMENT_3D('',#1949,#1950,#1951);
#1949 = CARTESIAN_POINT('',(0.,0.,-11.5));
#1950 = DIRECTION('',(0.,0.,1.));
#1951 = DIRECTION('',(0.995184726672,-9.801714032956E-02,0.));
#1952 = DEFINITIONAL_REPRESENTATION('',(#1953),#1957);
#1953 = LINE('',#1954,#1955);
#1954 = CARTESIAN_POINT('',(0.,0.));
#1955 = VECTOR('',#1956,1.);
#1956 = DIRECTION('',(0.,1.));
#1957 = ( GEOMETRIC_REPRESENTATION_CONTEXT(2) 
PARAMETRIC_REPRESENTATION_CONTEXT() REPRESENTATION_CONTEXT('2D SPACE',''
  ) );
#1958 = ORIENTED_EDGE('',*,*,#1959,.F.);
#1959 = EDGE_CURVE('',#1960,#1932,#1962,.T.);
#1960 = VERTEX_POINT('',#1961);
#1961 = CARTESIAN_POINT('',(73.411818620136,-7.230433038899,
    -4.148400357026));
#1962 = SURFACE_CURVE('',#1963,(#1978,#1996),.PCURVE_S1.);
#1963 = B_SPLINE_CURVE_WITH_KNOTS('',7,(#1964,#1965,#1966,#1967,#1968,
    #1969,#1970,#1971,#1972,#1973,#1974,#1975,#1976,#1977),
  .UNSPECIFIED.,.F.,.F.,(8,6,8),(0.,0.499999997226,1.),.UNSPECIFIED.);
#1964 = CARTESIAN_POINT('',(73.411818620136,-7.230433038899,
    -4.148400357026));
#1965 = CARTESIAN_POINT('',(73.458179495317,-7.234999186556,
    -4.15470217052));
#1966 = CARTESIAN_POINT('',(73.5057583327,-7.23968529302,-4.166373235137
    ));
#1967 = CARTESIAN_POINT('',(73.553586393492,-7.244395945847,
    -4.18404968169));
#1968 = CARTESIAN_POINT('',(73.60038359118,-7.249005067521,
    -4.20813773323));
#1969 = CARTESIAN_POINT('',(73.644560423196,-7.253356105702,
    -4.238550054927));
#1970 = CARTESIAN_POINT('',(73.684697144457,-7.257309227705,
    -4.274510005081));
#1971 = CARTESIAN_POINT('',(73.754917572909,-7.264225336248,
    -4.355257907722));
#1972 = CARTESIAN_POINT('',(73.785000864892,-7.267188281893,
    -4.400045382912));
#1973 = CARTESIAN_POINT('',(73.809071482876,-7.269559030838,
    -4.4481121956));
#1974 = CARTESIAN_POINT('',(73.826553817158,-7.271280890475,
    -4.497940488013));
#1975 = CARTESIAN_POINT('',(73.837574824768,-7.272366364981,
    -4.547935786174));
#1976 = CARTESIAN_POINT('',(73.842706719077,-7.272871812453,
    -4.596877867322));
#1977 = CARTESIAN_POINT('',(73.842706719077,-7.272871812453,
    -4.643887368848));
#1978 = PCURVE('',#576,#1979);
#1979 = DEFINITIONAL_REPRESENTATION('',(#1980),#1995);
#1980 = B_SPLINE_CURVE_WITH_KNOTS('',7,(#1981,#1982,#1983,#1984,#1985,
    #1986,#1987,#1988,#1989,#1990,#1991,#1992,#1993,#1994),
  .UNSPECIFIED.,.F.,.F.,(8,6,8),(0.,0.499999997226,1.),.UNSPECIFIED.);
#1981 = CARTESIAN_POINT('',(4.148400357026,3.567027017806));
#1982 = CARTESIAN_POINT('',(4.15470217052,3.613612213438));
#1983 = CARTESIAN_POINT('',(4.166373235137,3.661421264468));
#1984 = CARTESIAN_POINT('',(4.18404968169,3.709480744794));
#1985 = CARTESIAN_POINT('',(4.20813773323,3.756504374111));
#1986 = CARTESIAN_POINT('',(4.238550054927,3.800894958925));
#1987 = CARTESIAN_POINT('',(4.274510005081,3.841225884617));
#1988 = CARTESIAN_POINT('',(4.355257907722,3.911786079694));
#1989 = CARTESIAN_POINT('',(4.400045382912,3.942014931863));
#1990 = CARTESIAN_POINT('',(4.4481121956,3.966202017275));
#1991 = CARTESIAN_POINT('',(4.497940488013,3.983768941096));
#1992 = CARTESIAN_POINT('',(4.547935786174,3.994843274649));
#1993 = CARTESIAN_POINT('',(4.596877867322,4.));
#1994 = CARTESIAN_POINT('',(4.643887368848,4.));
#1995 = ( GEOMETRIC_REPRESENTATION_CONTEXT(2) 
PARAMETRIC_REPRESENTATION_CONTEXT() REPRESENTATION_CONTEXT('2D SPACE',''
  ) );
#1996 = PCURVE('',#1997,#2031);
#1997 = ( BOUNDED_SURFACE() B_SPLINE_SURFACE(2,4,(
    (#1998,#1999,#2000,#2001,#2002,#2003,#2004,#2005,#2006,#2007,#2008)
    ,(#2009,#2010,#2011,#2012,#2013,#2014,#2015,#2016,#2017,#2018,#2019)
    ,(#2020,#2021,#2022,#2023,#2024,#2025,#2026,#2027,#2028,#2029,#2030
)),.UNSPECIFIED.,.F.,.F.,.F.) B_SPLINE_SURFACE_WITH_KNOTS((3,3),(5,3,3,5
    ),(0.,14.569134015283),(-0.891586651552,-5.069775845481E-07,
    14.569133508305,15.460719804802),.UNSPECIFIED.) 
GEOMETRIC_REPRESENTATION_ITEM() RATIONAL_B_SPLINE_SURFACE((
    (1.,1.,1.,1.,1.,1.,1.,1.,1.,1.,1.)
    ,(0.753011963919,0.753011963919,0.753011963919,0.753011963919
      ,0.753011963919,0.753011963919,0.753011963919,0.753011963919
      ,0.753011963919,0.753011963919,0.753011963919)
,(1.,1.,1.,1.,1.,1.,1.,1.,1.,1.,1.
  ))) REPRESENTATION_ITEM('') SURFACE() );
#1998 = CARTESIAN_POINT('',(73.324427877474,-8.117726135492,
    -4.148400357026));
#1999 = CARTESIAN_POINT('',(73.346403053013,-7.894608434943,
    -4.148400357026));
#2000 = CARTESIAN_POINT('',(73.36829323478,-7.672353690636,
    -4.148400357026));
#2001 = CARTESIAN_POINT('',(73.390098422775,-7.45096190257,
    -4.148400357026));
#2002 = CARTESIAN_POINT('',(73.766741607232,-3.626839492455,
    -4.148400357026));
#2003 = CARTESIAN_POINT('',(73.885810541676,4.382243676091E-06,
    -4.148400357026));
#2004 = CARTESIAN_POINT('',(73.766741544051,3.626840114211,
    -4.148400357026));
#2005 = CARTESIAN_POINT('',(73.39009842704,7.450961860478,
    -4.148400357026));
#2006 = CARTESIAN_POINT('',(73.368293239258,7.672353647594,
    -4.148400357026));
#2007 = CARTESIAN_POINT('',(73.346403057515,7.894608392874,
    -4.148400357026));
#2008 = CARTESIAN_POINT('',(73.324427881811,8.117726096319,
    -4.148400357026));
#2009 = CARTESIAN_POINT('',(73.755315983477,-8.16016484524,
    -4.206970787924));
#2010 = CARTESIAN_POINT('',(73.777163668166,-7.938341579035,
    -4.206970787924));
#2011 = CARTESIAN_POINT('',(73.799011352855,-7.71651831283,
    -4.206970787924));
#2012 = CARTESIAN_POINT('',(73.820859037543,-7.494695046624,
    -4.206970787924));
#2013 = CARTESIAN_POINT('',(74.199712994806,-3.648126249411,
    -4.206970787924));
#2014 = CARTESIAN_POINT('',(74.319480756043,2.121499248706E-06,
    -4.206970787924));
#2015 = CARTESIAN_POINT('',(74.199712746463,3.648128790727,
    -4.206970787924));
#2016 = CARTESIAN_POINT('',(73.820859044895,7.494694970766,
    -4.206970787924));
#2017 = CARTESIAN_POINT('',(73.799011363873,7.716518198527,
    -4.206970787924));
#2018 = CARTESIAN_POINT('',(73.777163675281,7.938341503153,
    -4.206970787924));
#2019 = CARTESIAN_POINT('',(73.755315979118,8.160164884644,
    -4.206970787924));
#2020 = CARTESIAN_POINT('',(73.755315983477,-8.16016484524,
    -4.643887368848));
#2021 = CARTESIAN_POINT('',(73.777163668166,-7.938341579035,
    -4.643887368848));
#2022 = CARTESIAN_POINT('',(73.799011352855,-7.71651831283,
    -4.643887368848));
#2023 = CARTESIAN_POINT('',(73.820859037543,-7.494695046624,
    -4.643887368848));
#2024 = CARTESIAN_POINT('',(74.199712994806,-3.648126249411,
    -4.643887368848));
#2025 = CARTESIAN_POINT('',(74.319480756043,2.121499314902E-06,
    -4.643887368848));
#2026 = CARTESIAN_POINT('',(74.199712746463,3.648128790728,
    -4.643887368848));
#2027 = CARTESIAN_POINT('',(73.820859044895,7.494694970766,
    -4.643887368848));
#2028 = CARTESIAN_POINT('',(73.799011363873,7.716518198527,
    -4.643887368848));
#2029 = CARTESIAN_POINT('',(73.777163675281,7.938341503153,
    -4.643887368848));
#2030 = CARTESIAN_POINT('',(73.755315979118,8.160164884644,
    -4.643887368848));
#2031 = DEFINITIONAL_REPRESENTATION('',(#2032),#2047);
#2032 = B_SPLINE_CURVE_WITH_KNOTS('',7,(#2033,#2034,#2035,#2036,#2037,
    #2038,#2039,#2040,#2041,#2042,#2043,#2044,#2045,#2046),
  .UNSPECIFIED.,.F.,.F.,(8,6,8),(0.,0.499999997226,1.),.UNSPECIFIED.);
#2033 = CARTESIAN_POINT('',(0.,-4.747881391919E-07));
#2034 = CARTESIAN_POINT('',(1.040852028351,-4.817555629773E-07));
#2035 = CARTESIAN_POINT('',(2.081627805867,-4.888957481127E-07));
#2036 = CARTESIAN_POINT('',(3.122317995795,-4.960622388008E-07));
#2037 = CARTESIAN_POINT('',(4.162928845743,-5.030627723832E-07));
#2038 = CARTESIAN_POINT('',(5.203488749637,-5.096612389996E-07));
#2039 = CARTESIAN_POINT('',(6.244029833411,-5.156487707594E-07));
#2040 = CARTESIAN_POINT('',(8.32510419342,-5.261139712606E-07));
#2041 = CARTESIAN_POINT('',(9.365645266025,-5.3059157952E-07));
#2042 = CARTESIAN_POINT('',(10.406205160176,-5.341702732857E-07));
#2043 = CARTESIAN_POINT('',(11.44681601338,-5.367676793352E-07));
#2044 = CARTESIAN_POINT('',(12.487506217693,-5.384047441115E-07));
#2045 = CARTESIAN_POINT('',(13.528282003819,-5.391670158641E-07));
#2046 = CARTESIAN_POINT('',(14.569134015283,-5.391670162822E-07));
#2047 = ( GEOMETRIC_REPRESENTATION_CONTEXT(2) 
PARAMETRIC_REPRESENTATION_CONTEXT() REPRESENTATION_CONTEXT('2D SPACE',''
  ) );
#2048 = ORIENTED_EDGE('',*,*,#2049,.F.);
#2049 = EDGE_CURVE('',#2050,#1960,#2052,.T.);
#2050 = VERTEX_POINT('',#2051);
#2051 = CARTESIAN_POINT('',(72.75096218621,-7.165344361304,
    -4.058570430898));
#2052 = SURFACE_CURVE('',#2053,(#2057,#2063),.PCURVE_S1.);
#2053 = LINE('',#2054,#2055);
#2054 = CARTESIAN_POINT('',(0.,0.,5.830436051283));
#2055 = VECTOR('',#2056,1.);
#2056 = DIRECTION('',(0.986202212859,-9.713243993841E-02,-0.134054035612
    ));
#2057 = PCURVE('',#576,#2058);
#2058 = DEFINITIONAL_REPRESENTATION('',(#2059),#2062);
#2059 = B_SPLINE_CURVE_WITH_KNOTS('',1,(#2060,#2061),.UNSPECIFIED.,.F.,
  .F.,(2,2),(73.331891922671,75.683113997528),.PIECEWISE_BEZIER_KNOTS.);
#2060 = CARTESIAN_POINT('',(4.,2.47));
#2061 = CARTESIAN_POINT('',(4.315190807754,4.8));
#2062 = ( GEOMETRIC_REPRESENTATION_CONTEXT(2) 
PARAMETRIC_REPRESENTATION_CONTEXT() REPRESENTATION_CONTEXT('2D SPACE',''
  ) );
#2063 = PCURVE('',#2064,#2069);
#2064 = CONICAL_SURFACE('',#2065,72.67,1.436337506523);
#2065 = AXIS2_PLACEMENT_3D('',#2066,#2067,#2068);
#2066 = CARTESIAN_POINT('',(0.,0.,-4.));
#2067 = DIRECTION('',(-0.,-0.,-1.));
#2068 = DIRECTION('',(1.,0.,0.));
#2069 = DEFINITIONAL_REPRESENTATION('',(#2070),#2073);
#2070 = B_SPLINE_CURVE_WITH_KNOTS('',1,(#2071,#2072),.UNSPECIFIED.,.F.,
  .F.,(2,2),(73.331891922671,74.875827448221),.PIECEWISE_BEZIER_KNOTS.);
#2071 = CARTESIAN_POINT('',(-6.185010536755,0.));
#2072 = CARTESIAN_POINT('',(-6.185010536755,0.206970787924));
#2073 = ( GEOMETRIC_REPRESENTATION_CONTEXT(2) 
PARAMETRIC_REPRESENTATION_CONTEXT() REPRESENTATION_CONTEXT('2D SPACE',''
  ) );
#2074 = ORIENTED_EDGE('',*,*,#2075,.F.);
#2075 = EDGE_CURVE('',#2076,#2050,#2078,.T.);
#2076 = VERTEX_POINT('',#2077);
#2077 = CARTESIAN_POINT('',(72.320074087269,-7.122905587749,
    -3.563083419077));
#2078 = SURFACE_CURVE('',#2079,(#2094,#2112),.PCURVE_S1.);
#2079 = B_SPLINE_CURVE_WITH_KNOTS('',7,(#2080,#2081,#2082,#2083,#2084,
    #2085,#2086,#2087,#2088,#2089,#2090,#2091,#2092,#2093),
  .UNSPECIFIED.,.F.,.F.,(8,6,8),(0.,0.499999997108,1.),.UNSPECIFIED.);
#2080 = CARTESIAN_POINT('',(72.320074087269,-7.122905587749,
    -3.563083419077));
#2081 = CARTESIAN_POINT('',(72.320074087269,-7.122905587749,
    -3.610093304132));
#2082 = CARTESIAN_POINT('',(72.325206065226,-7.12341104346,
    -3.659035652607));
#2083 = CARTESIAN_POINT('',(72.336227200416,-7.124496530532,
    -3.709031042644));
#2084 = CARTESIAN_POINT('',(72.353709630057,-7.126218399561,
    -3.758859226201));
#2085 = CARTESIAN_POINT('',(72.377780217832,-7.128589145531,
    -3.806925818863));
#2086 = CARTESIAN_POINT('',(72.40786339888,-7.13155208025,
    -3.851713070448));
#2087 = CARTESIAN_POINT('',(72.478083497242,-7.138468156281,
    -3.932460593512));
#2088 = CARTESIAN_POINT('',(72.518220011213,-7.142421257868,
    -3.96842040101));
#2089 = CARTESIAN_POINT('',(72.562396633349,-7.146772275378,
    -3.998832666866));
#2090 = CARTESIAN_POINT('',(72.609193705083,-7.151381384646,
    -4.022920793443));
#2091 = CARTESIAN_POINT('',(72.657021844095,-7.156092045177,
    -4.040597382973));
#2092 = CARTESIAN_POINT('',(72.704600934326,-7.160778176544,
    -4.0522685662));
#2093 = CARTESIAN_POINT('',(72.75096218621,-7.165344361304,
    -4.058570430898));
#2094 = PCURVE('',#576,#2095);
#2095 = DEFINITIONAL_REPRESENTATION('',(#2096),#2111);
#2096 = B_SPLINE_CURVE_WITH_KNOTS('',7,(#2097,#2098,#2099,#2100,#2101,
    #2102,#2103,#2104,#2105,#2106,#2107,#2108,#2109,#2110),
  .UNSPECIFIED.,.F.,.F.,(8,6,8),(0.,0.499999997108,1.),.UNSPECIFIED.);
#2097 = CARTESIAN_POINT('',(3.563083419077,2.47));
#2098 = CARTESIAN_POINT('',(3.610093304132,2.47));
#2099 = CARTESIAN_POINT('',(3.659035652607,2.475156809404));
#2100 = CARTESIAN_POINT('',(3.709031042644,2.486231271154));
#2101 = CARTESIAN_POINT('',(3.758859226201,2.503798290796));
#2102 = CARTESIAN_POINT('',(3.806925818863,2.527985345853));
#2103 = CARTESIAN_POINT('',(3.851713070448,2.558214086549));
#2104 = CARTESIAN_POINT('',(3.932460593512,2.628773949939));
#2105 = CARTESIAN_POINT('',(3.96842040101,2.669104667339));
#2106 = CARTESIAN_POINT('',(3.998832666866,2.713495041258));
#2107 = CARTESIAN_POINT('',(4.022920793443,2.760518544011));
#2108 = CARTESIAN_POINT('',(4.040597382973,2.808578102935));
#2109 = CARTESIAN_POINT('',(4.0522685662,2.856387408038));
#2110 = CARTESIAN_POINT('',(4.058570430898,2.902972982194));
#2111 = ( GEOMETRIC_REPRESENTATION_CONTEXT(2) 
PARAMETRIC_REPRESENTATION_CONTEXT() REPRESENTATION_CONTEXT('2D SPACE',''
  ) );
#2112 = PCURVE('',#2113,#2147);
#2113 = ( BOUNDED_SURFACE() B_SPLINE_SURFACE(2,4,(
    (#2114,#2115,#2116,#2117,#2118,#2119,#2120,#2121,#2122,#2123,#2124)
    ,(#2125,#2126,#2127,#2128,#2129,#2130,#2131,#2132,#2133,#2134,#2135)
    ,(#2136,#2137,#2138,#2139,#2140,#2141,#2142,#2143,#2144,#2145,#2146
)),.UNSPECIFIED.,.F.,.F.,.F.) B_SPLINE_SURFACE_WITH_KNOTS((3,3),(5,3,3,5
    ),(0.,14.26871930596),(-0.868030272899,-5.59861478041E-07,
    14.268718746099,15.13674950204),.UNSPECIFIED.) 
GEOMETRIC_REPRESENTATION_ITEM() RATIONAL_B_SPLINE_SURFACE((
    (1.,1.,1.,1.,1.,1.,1.,1.,1.,1.,1.)
    ,(0.753011963919,0.753011963919,0.753011963919,0.753011963919
      ,0.753011963919,0.753011963919,0.753011963919,0.753011963919
      ,0.753011963919,0.753011963919,0.753011963919)
,(1.,1.,1.,1.,1.,1.,1.,1.,1.,1.,1.
  ))) REPRESENTATION_ITEM('') SURFACE() );
#2114 = CARTESIAN_POINT('',(72.23448533696,-7.991902748991,
    -3.563083419077));
#2115 = CARTESIAN_POINT('',(72.256009259288,-7.773366699167,
    -3.563083419077));
#2116 = CARTESIAN_POINT('',(72.277448691263,-7.555688494295,
    -3.563083419077));
#2117 = CARTESIAN_POINT('',(72.298803632883,-7.338868134376,
    -3.563083419077));
#2118 = CARTESIAN_POINT('',(72.669718910916,-3.57290213404,
    -3.563083419077));
#2119 = CARTESIAN_POINT('',(72.787017070094,2.038690532765E-06,
    -3.563083419077));
#2120 = CARTESIAN_POINT('',(72.669718671529,3.572904544955,
    -3.563083419077));
#2121 = CARTESIAN_POINT('',(72.298803625964,7.33886820582,
    -3.563083419077));
#2122 = CARTESIAN_POINT('',(72.277448680835,7.555688602558,
    -3.563083419077));
#2123 = CARTESIAN_POINT('',(72.256009252603,7.773366770634,
    -3.563083419077));
#2124 = CARTESIAN_POINT('',(72.234485341269,7.991902710049,
    -3.563083419077));
#2125 = CARTESIAN_POINT('',(72.23448533696,-7.991902748991,-4.));
#2126 = CARTESIAN_POINT('',(72.256009259288,-7.773366699167,-4.));
#2127 = CARTESIAN_POINT('',(72.277448691263,-7.555688494296,-4.));
#2128 = CARTESIAN_POINT('',(72.298803632883,-7.338868134376,-4.));
#2129 = CARTESIAN_POINT('',(72.669718910916,-3.57290213404,-4.));
#2130 = CARTESIAN_POINT('',(72.787017070094,2.038690507854E-06,-4.));
#2131 = CARTESIAN_POINT('',(72.669718671529,3.572904544955,-4.));
#2132 = CARTESIAN_POINT('',(72.298803625964,7.33886820582,-4.));
#2133 = CARTESIAN_POINT('',(72.277448680835,7.555688602558,-4.));
#2134 = CARTESIAN_POINT('',(72.256009252603,7.773366770634,-4.));
#2135 = CARTESIAN_POINT('',(72.234485341269,7.991902710049,-4.));
#2136 = CARTESIAN_POINT('',(72.665373442917,-8.034341459114,
    -4.058570430898));
#2137 = CARTESIAN_POINT('',(72.686770629525,-7.8170921767,
    -4.058570430898));
#2138 = CARTESIAN_POINT('',(72.708167816132,-7.599842894285,
    -4.058570430898));
#2139 = CARTESIAN_POINT('',(72.729565002739,-7.382593611871,
    -4.058570430898));
#2140 = CARTESIAN_POINT('',(73.102690298478,-3.594188891301,
    -4.058570430898));
#2141 = CARTESIAN_POINT('',(73.220687284466,-2.222863484592E-07,
    -4.058570430898));
#2142 = CARTESIAN_POINT('',(73.102689873953,3.594193221312,
    -4.058570430898));
#2143 = CARTESIAN_POINT('',(72.729564998759,7.382593651079,
    -4.058570430898));
#2144 = CARTESIAN_POINT('',(72.708167812035,7.599842933482,
    -4.058570430898));
#2145 = CARTESIAN_POINT('',(72.68677062531,7.817092215885,
    -4.058570430898));
#2146 = CARTESIAN_POINT('',(72.665373438586,8.034341498288,
    -4.058570430898));
#2147 = DEFINITIONAL_REPRESENTATION('',(#2148),#2163);
#2148 = B_SPLINE_CURVE_WITH_KNOTS('',7,(#2149,#2150,#2151,#2152,#2153,
    #2154,#2155,#2156,#2157,#2158,#2159,#2160,#2161,#2162),
  .UNSPECIFIED.,.F.,.F.,(8,6,8),(0.,0.499999997108,1.),.UNSPECIFIED.);
#2149 = CARTESIAN_POINT('',(0.,-5.280494675999E-07));
#2150 = CARTESIAN_POINT('',(1.019398019325,-5.28049464615E-07));
#2151 = CARTESIAN_POINT('',(2.038718186192,-5.288117527241E-07));
#2152 = CARTESIAN_POINT('',(3.05795097068,-5.304487972349E-07));
#2153 = CARTESIAN_POINT('',(4.077102755275,-5.330449439801E-07));
#2154 = CARTESIAN_POINT('',(5.096202528181,-5.366169772338E-07));
#2155 = CARTESIAN_POINT('',(6.115283086424,-5.41076183907E-07));
#2156 = CARTESIAN_POINT('',(8.153436231327,-5.514711524104E-07));
#2157 = CARTESIAN_POINT('',(9.17251677815,-5.574068461634E-07));
#2158 = CARTESIAN_POINT('',(10.19161654116,-5.639317364776E-07));
#2159 = CARTESIAN_POINT('',(11.210768329011,-5.708329141775E-07));
#2160 = CARTESIAN_POINT('',(12.230001128241,-5.778744888828E-07));
#2161 = CARTESIAN_POINT('',(13.249321303865,-5.848684302522E-07));
#2162 = CARTESIAN_POINT('',(14.26871930596,-5.916734909167E-07));
#2163 = ( GEOMETRIC_REPRESENTATION_CONTEXT(2) 
PARAMETRIC_REPRESENTATION_CONTEXT() REPRESENTATION_CONTEXT('2D SPACE',''
  ) );
#2164 = ORIENTED_EDGE('',*,*,#2165,.F.);
#2165 = EDGE_CURVE('',#2166,#2076,#2168,.T.);
#2166 = VERTEX_POINT('',#2167);
#2167 = CARTESIAN_POINT('',(72.320074087269,-7.122905587749,
    3.563083419077));
#2168 = SURFACE_CURVE('',#2169,(#2173,#2179),.PCURVE_S1.);
#2169 = LINE('',#2170,#2171);
#2170 = CARTESIAN_POINT('',(72.320074087269,-7.122905587749,4.));
#2171 = VECTOR('',#2172,1.);
#2172 = DIRECTION('',(-0.,-0.,-1.));
#2173 = PCURVE('',#576,#2174);
#2174 = DEFINITIONAL_REPRESENTATION('',(#2175),#2178);
#2175 = B_SPLINE_CURVE_WITH_KNOTS('',1,(#2176,#2177),.UNSPECIFIED.,.F.,
  .F.,(2,2),(-5.999999999062E-07,8.0000006),.PIECEWISE_BEZIER_KNOTS.);
#2176 = CARTESIAN_POINT('',(-4.0000006,2.47));
#2177 = CARTESIAN_POINT('',(4.0000006,2.47));
#2178 = ( GEOMETRIC_REPRESENTATION_CONTEXT(2) 
PARAMETRIC_REPRESENTATION_CONTEXT() REPRESENTATION_CONTEXT('2D SPACE',''
  ) );
#2179 = PCURVE('',#2180,#2185);
#2180 = CYLINDRICAL_SURFACE('',#2181,72.67);
#2181 = AXIS2_PLACEMENT_3D('',#2182,#2183,#2184);
#2182 = CARTESIAN_POINT('',(0.,0.,4.));
#2183 = DIRECTION('',(-0.,-0.,-1.));
#2184 = DIRECTION('',(1.,0.,0.));
#2185 = DEFINITIONAL_REPRESENTATION('',(#2186),#2189);
#2186 = B_SPLINE_CURVE_WITH_KNOTS('',1,(#2187,#2188),.UNSPECIFIED.,.F.,
  .F.,(2,2),(-0.,8.),.PIECEWISE_BEZIER_KNOTS.);
#2187 = CARTESIAN_POINT('',(-6.185010536755,0.));
#2188 = CARTESIAN_POINT('',(-6.185010536755,8.));
#2189 = ( GEOMETRIC_REPRESENTATION_CONTEXT(2) 
PARAMETRIC_REPRESENTATION_CONTEXT() REPRESENTATION_CONTEXT('2D SPACE',''
  ) );
#2190 = ORIENTED_EDGE('',*,*,#2191,.F.);
#2191 = EDGE_CURVE('',#1629,#2166,#2192,.T.);
#2192 = SURFACE_CURVE('',#2193,(#2208,#2226),.PCURVE_S1.);
#2193 = B_SPLINE_CURVE_WITH_KNOTS('',7,(#2194,#2195,#2196,#2197,#2198,
    #2199,#2200,#2201,#2202,#2203,#2204,#2205,#2206,#2207),
  .UNSPECIFIED.,.F.,.F.,(8,6,8),(0.,0.499999997109,1.),.UNSPECIFIED.);
#2194 = CARTESIAN_POINT('',(72.75096218621,-7.165344361304,
    4.058570430898));
#2195 = CARTESIAN_POINT('',(72.704600933542,-7.160778176467,
    4.052268566093));
#2196 = CARTESIAN_POINT('',(72.65702184353,-7.156092045121,
    4.040597382604));
#2197 = CARTESIAN_POINT('',(72.609193706891,-7.151381384824,
    4.022920794887));
#2198 = CARTESIAN_POINT('',(72.56239663225,-7.14677227527,3.998832665656
    ));
#2199 = CARTESIAN_POINT('',(72.518220011634,-7.142421257909,
    3.968420401661));
#2200 = CARTESIAN_POINT('',(72.478083496835,-7.138468156241,
    3.932460593045));
#2201 = CARTESIAN_POINT('',(72.407863398474,-7.13155208021,
    3.851713069982));
#2202 = CARTESIAN_POINT('',(72.377780218418,-7.128589145588,
    3.806925819368));
#2203 = CARTESIAN_POINT('',(72.353709629011,-7.126218399458,
    3.758859224947));
#2204 = CARTESIAN_POINT('',(72.336227201597,-7.124496530648,
    3.709031044636));
#2205 = CARTESIAN_POINT('',(72.325206064937,-7.123411043432,
    3.659035651995));
#2206 = CARTESIAN_POINT('',(72.320074087269,-7.122905587749,
    3.610093303337));
#2207 = CARTESIAN_POINT('',(72.320074087269,-7.122905587749,
    3.563083419077));
#2208 = PCURVE('',#576,#2209);
#2209 = DEFINITIONAL_REPRESENTATION('',(#2210),#2225);
#2210 = B_SPLINE_CURVE_WITH_KNOTS('',7,(#2211,#2212,#2213,#2214,#2215,
    #2216,#2217,#2218,#2219,#2220,#2221,#2222,#2223,#2224),
  .UNSPECIFIED.,.F.,.F.,(8,6,8),(0.,0.499999997109,1.),.UNSPECIFIED.);
#2211 = CARTESIAN_POINT('',(-4.058570430898,2.902972982194));
#2212 = CARTESIAN_POINT('',(-4.052268566093,2.85638740725));
#2213 = CARTESIAN_POINT('',(-4.040597382604,2.808578102367));
#2214 = CARTESIAN_POINT('',(-4.022920794887,2.760518545827));
#2215 = CARTESIAN_POINT('',(-3.998832665656,2.713495040154));
#2216 = CARTESIAN_POINT('',(-3.968420401661,2.669104667761));
#2217 = CARTESIAN_POINT('',(-3.932460593045,2.628773949531));
#2218 = CARTESIAN_POINT('',(-3.851713069982,2.558214086141));
#2219 = CARTESIAN_POINT('',(-3.806925819368,2.527985346442));
#2220 = CARTESIAN_POINT('',(-3.758859224947,2.503798289746));
#2221 = CARTESIAN_POINT('',(-3.709031044636,2.486231272341));
#2222 = CARTESIAN_POINT('',(-3.659035651995,2.475156809114));
#2223 = CARTESIAN_POINT('',(-3.610093303337,2.47));
#2224 = CARTESIAN_POINT('',(-3.563083419077,2.47));
#2225 = ( GEOMETRIC_REPRESENTATION_CONTEXT(2) 
PARAMETRIC_REPRESENTATION_CONTEXT() REPRESENTATION_CONTEXT('2D SPACE',''
  ) );
#2226 = PCURVE('',#2227,#2261);
#2227 = ( BOUNDED_SURFACE() B_SPLINE_SURFACE(2,4,(
    (#2228,#2229,#2230,#2231,#2232,#2233,#2234,#2235,#2236,#2237,#2238)
    ,(#2239,#2240,#2241,#2242,#2243,#2244,#2245,#2246,#2247,#2248,#2249)
    ,(#2250,#2251,#2252,#2253,#2254,#2255,#2256,#2257,#2258,#2259,#2260
)),.UNSPECIFIED.,.F.,.F.,.F.) B_SPLINE_SURFACE_WITH_KNOTS((3,3),(5,3,3,5
    ),(0.,14.26871930596),(-0.868030272899,-5.598614780419E-07,
    14.268718746099,15.13674950204),.UNSPECIFIED.) 
GEOMETRIC_REPRESENTATION_ITEM() RATIONAL_B_SPLINE_SURFACE((
    (1.,1.,1.,1.,1.,1.,1.,1.,1.,1.,1.)
    ,(0.753011963919,0.753011963919,0.753011963919,0.753011963919
      ,0.753011963919,0.753011963919,0.753011963919,0.753011963919
      ,0.753011963919,0.753011963919,0.753011963919)
,(1.,1.,1.,1.,1.,1.,1.,1.,1.,1.,1.
  ))) REPRESENTATION_ITEM('') SURFACE() );
#2228 = CARTESIAN_POINT('',(72.665373442917,-8.034341459114,
    4.058570430898));
#2229 = CARTESIAN_POINT('',(72.686770629525,-7.8170921767,4.058570430898
    ));
#2230 = CARTESIAN_POINT('',(72.708167816132,-7.599842894285,
    4.058570430898));
#2231 = CARTESIAN_POINT('',(72.729565002739,-7.382593611871,
    4.058570430898));
#2232 = CARTESIAN_POINT('',(73.102690298478,-3.594188891301,
    4.058570430898));
#2233 = CARTESIAN_POINT('',(73.220687284466,-2.222863500381E-07,
    4.058570430898));
#2234 = CARTESIAN_POINT('',(73.102689873953,3.594193221312,
    4.058570430898));
#2235 = CARTESIAN_POINT('',(72.729564998759,7.382593651079,
    4.058570430898));
#2236 = CARTESIAN_POINT('',(72.708167812035,7.599842933482,
    4.058570430898));
#2237 = CARTESIAN_POINT('',(72.68677062531,7.817092215885,4.058570430898
    ));
#2238 = CARTESIAN_POINT('',(72.665373438586,8.034341498288,
    4.058570430898));
#2239 = CARTESIAN_POINT('',(72.23448533696,-7.991902748991,4.));
#2240 = CARTESIAN_POINT('',(72.256009259288,-7.773366699167,4.));
#2241 = CARTESIAN_POINT('',(72.277448691263,-7.555688494295,4.));
#2242 = CARTESIAN_POINT('',(72.298803632883,-7.338868134376,4.));
#2243 = CARTESIAN_POINT('',(72.669718910916,-3.57290213404,4.));
#2244 = CARTESIAN_POINT('',(72.787017070094,2.038690500908E-06,4.));
#2245 = CARTESIAN_POINT('',(72.669718671529,3.572904544955,4.));
#2246 = CARTESIAN_POINT('',(72.298803625964,7.33886820582,4.));
#2247 = CARTESIAN_POINT('',(72.277448680835,7.555688602558,4.));
#2248 = CARTESIAN_POINT('',(72.256009252603,7.773366770634,4.));
#2249 = CARTESIAN_POINT('',(72.234485341269,7.991902710049,4.));
#2250 = CARTESIAN_POINT('',(72.23448533696,-7.991902748991,
    3.563083419077));
#2251 = CARTESIAN_POINT('',(72.256009259288,-7.773366699167,
    3.563083419077));
#2252 = CARTESIAN_POINT('',(72.277448691263,-7.555688494295,
    3.563083419077));
#2253 = CARTESIAN_POINT('',(72.298803632883,-7.338868134376,
    3.563083419077));
#2254 = CARTESIAN_POINT('',(72.669718910916,-3.57290213404,
    3.563083419077));
#2255 = CARTESIAN_POINT('',(72.787017070094,2.038690528719E-06,
    3.563083419077));
#2256 = CARTESIAN_POINT('',(72.669718671529,3.572904544955,
    3.563083419077));
#2257 = CARTESIAN_POINT('',(72.298803625964,7.33886820582,3.563083419077
    ));
#2258 = CARTESIAN_POINT('',(72.277448680835,7.555688602558,
    3.563083419077));
#2259 = CARTESIAN_POINT('',(72.256009252603,7.773366770634,
    3.563083419077));
#2260 = CARTESIAN_POINT('',(72.234485341269,7.991902710049,
    3.563083419077));
#2261 = DEFINITIONAL_REPRESENTATION('',(#2262),#2277);
#2262 = B_SPLINE_CURVE_WITH_KNOTS('',7,(#2263,#2264,#2265,#2266,#2267,
    #2268,#2269,#2270,#2271,#2272,#2273,#2274,#2275,#2276),
  .UNSPECIFIED.,.F.,.F.,(8,6,8),(0.,0.499999997109,1.),.UNSPECIFIED.);
#2263 = CARTESIAN_POINT('',(0.,-5.916734936797E-07));
#2264 = CARTESIAN_POINT('',(1.019398019325,-5.84868435264E-07));
#2265 = CARTESIAN_POINT('',(2.038718186192,-5.778744888187E-07));
#2266 = CARTESIAN_POINT('',(3.05795097068,-5.70832928955E-07));
#2267 = CARTESIAN_POINT('',(4.077102755274,-5.639317423498E-07));
#2268 = CARTESIAN_POINT('',(5.096202528182,-5.574068579248E-07));
#2269 = CARTESIAN_POINT('',(6.115283086423,-5.514711660288E-07));
#2270 = CARTESIAN_POINT('',(8.15343623132,-5.410761976188E-07));
#2271 = CARTESIAN_POINT('',(9.172516778176,-5.366169826638E-07));
#2272 = CARTESIAN_POINT('',(10.191616541112,-5.330449692854E-07));
#2273 = CARTESIAN_POINT('',(11.210768329062,-5.304487911044E-07));
#2274 = CARTESIAN_POINT('',(12.230001128211,-5.288117702651E-07));
#2275 = CARTESIAN_POINT('',(13.249321303873,-5.280494688707E-07));
#2276 = CARTESIAN_POINT('',(14.26871930596,-5.280494693746E-07));
#2277 = ( GEOMETRIC_REPRESENTATION_CONTEXT(2) 
PARAMETRIC_REPRESENTATION_CONTEXT() REPRESENTATION_CONTEXT('2D SPACE',''
  ) );
#2278 = ADVANCED_FACE('',(#2279),#605,.T.);
#2279 = FACE_BOUND('',#2280,.T.);
#2280 = EDGE_LOOP('',(#2281,#2282,#2306,#2327));
#2281 = ORIENTED_EDGE('',*,*,#1830,.F.);
#2282 = ORIENTED_EDGE('',*,*,#2283,.T.);
#2283 = EDGE_CURVE('',#1803,#2284,#2286,.T.);
#2284 = VERTEX_POINT('',#2285);
#2285 = CARTESIAN_POINT('',(66.378821269036,6.537743259982,11.5));
#2286 = SURFACE_CURVE('',#2287,(#2292,#2299),.PCURVE_S1.);
#2287 = CIRCLE('',#2288,66.7);
#2288 = AXIS2_PLACEMENT_3D('',#2289,#2290,#2291);
#2289 = CARTESIAN_POINT('',(0.,0.,11.5));
#2290 = DIRECTION('',(-0.,0.,1.));
#2291 = DIRECTION('',(0.995184726672,-9.801714032956E-02,0.));
#2292 = PCURVE('',#605,#2293);
#2293 = DEFINITIONAL_REPRESENTATION('',(#2294),#2298);
#2294 = LINE('',#2295,#2296);
#2295 = CARTESIAN_POINT('',(0.,1.570796326795));
#2296 = VECTOR('',#2297,1.);
#2297 = DIRECTION('',(1.,0.));
#2298 = ( GEOMETRIC_REPRESENTATION_CONTEXT(2) 
PARAMETRIC_REPRESENTATION_CONTEXT() REPRESENTATION_CONTEXT('2D SPACE',''
  ) );
#2299 = PCURVE('',#1818,#2300);
#2300 = DEFINITIONAL_REPRESENTATION('',(#2301),#2305);
#2301 = CIRCLE('',#2302,66.7);
#2302 = AXIS2_PLACEMENT_2D('',#2303,#2304);
#2303 = CARTESIAN_POINT('',(0.,0.));
#2304 = DIRECTION('',(1.,3.760134910193E-17));
#2305 = ( GEOMETRIC_REPRESENTATION_CONTEXT(2) 
PARAMETRIC_REPRESENTATION_CONTEXT() REPRESENTATION_CONTEXT('2D SPACE',''
  ) );
#2306 = ORIENTED_EDGE('',*,*,#2307,.T.);
#2307 = EDGE_CURVE('',#2284,#589,#2308,.T.);
#2308 = SURFACE_CURVE('',#2309,(#2314,#2320),.PCURVE_S1.);
#2309 = CIRCLE('',#2310,0.5);
#2310 = AXIS2_PLACEMENT_3D('',#2311,#2312,#2313);
#2311 = CARTESIAN_POINT('',(66.378821269036,6.537743259982,11.));
#2312 = DIRECTION('',(9.801714032956E-02,-0.995184726672,0.));
#2313 = DIRECTION('',(0.995184726672,9.801714032956E-02,0.));
#2314 = PCURVE('',#605,#2315);
#2315 = DEFINITIONAL_REPRESENTATION('',(#2316),#2319);
#2316 = B_SPLINE_CURVE_WITH_KNOTS('',1,(#2317,#2318),.UNSPECIFIED.,.F.,
  .F.,(2,2),(1.570796326795,3.14159265359),.PIECEWISE_BEZIER_KNOTS.);
#2317 = CARTESIAN_POINT('',(0.196349540849,1.570796326795));
#2318 = CARTESIAN_POINT('',(0.196349540849,3.14159265359));
#2319 = ( GEOMETRIC_REPRESENTATION_CONTEXT(2) 
PARAMETRIC_REPRESENTATION_CONTEXT() REPRESENTATION_CONTEXT('2D SPACE',''
  ) );
#2320 = PCURVE('',#633,#2321);
#2321 = DEFINITIONAL_REPRESENTATION('',(#2322),#2326);
#2322 = ( BOUNDED_CURVE() B_SPLINE_CURVE(2,(#2323,#2324,#2325),
.UNSPECIFIED.,.F.,.F.) B_SPLINE_CURVE_WITH_KNOTS((3,3),(1.570796326795,
3.14159265359),.PIECEWISE_BEZIER_KNOTS.) CURVE() 
GEOMETRIC_REPRESENTATION_ITEM() RATIONAL_B_SPLINE_CURVE((1.,
0.707106781187,1.)) REPRESENTATION_ITEM('') );
#2323 = CARTESIAN_POINT('',(-11.5,-3.5));
#2324 = CARTESIAN_POINT('',(-11.5,-4.));
#2325 = CARTESIAN_POINT('',(-11.,-4.));
#2326 = ( GEOMETRIC_REPRESENTATION_CONTEXT(2) 
PARAMETRIC_REPRESENTATION_CONTEXT() REPRESENTATION_CONTEXT('2D SPACE',''
  ) );
#2327 = ORIENTED_EDGE('',*,*,#588,.F.);
#2328 = ADVANCED_FACE('',(#2329),#660,.T.);
#2329 = FACE_BOUND('',#2330,.F.);
#2330 = EDGE_LOOP('',(#2331,#2332,#2356,#2377));
#2331 = ORIENTED_EDGE('',*,*,#1852,.F.);
#2332 = ORIENTED_EDGE('',*,*,#2333,.T.);
#2333 = EDGE_CURVE('',#1853,#2334,#2336,.T.);
#2334 = VERTEX_POINT('',#2335);
#2335 = CARTESIAN_POINT('',(66.378821269036,6.537743259982,-11.5));
#2336 = SURFACE_CURVE('',#2337,(#2342,#2349),.PCURVE_S1.);
#2337 = CIRCLE('',#2338,66.7);
#2338 = AXIS2_PLACEMENT_3D('',#2339,#2340,#2341);
#2339 = CARTESIAN_POINT('',(0.,0.,-11.5));
#2340 = DIRECTION('',(-0.,0.,1.));
#2341 = DIRECTION('',(0.995184726672,-9.801714032956E-02,0.));
#2342 = PCURVE('',#660,#2343);
#2343 = DEFINITIONAL_REPRESENTATION('',(#2344),#2348);
#2344 = LINE('',#2345,#2346);
#2345 = CARTESIAN_POINT('',(-0.,1.570796326795));
#2346 = VECTOR('',#2347,1.);
#2347 = DIRECTION('',(-1.,0.));
#2348 = ( GEOMETRIC_REPRESENTATION_CONTEXT(2) 
PARAMETRIC_REPRESENTATION_CONTEXT() REPRESENTATION_CONTEXT('2D SPACE',''
  ) );
#2349 = PCURVE('',#1891,#2350);
#2350 = DEFINITIONAL_REPRESENTATION('',(#2351),#2355);
#2351 = CIRCLE('',#2352,66.7);
#2352 = AXIS2_PLACEMENT_2D('',#2353,#2354);
#2353 = CARTESIAN_POINT('',(0.,0.));
#2354 = DIRECTION('',(1.,3.760134910193E-17));
#2355 = ( GEOMETRIC_REPRESENTATION_CONTEXT(2) 
PARAMETRIC_REPRESENTATION_CONTEXT() REPRESENTATION_CONTEXT('2D SPACE',''
  ) );
#2356 = ORIENTED_EDGE('',*,*,#2357,.T.);
#2357 = EDGE_CURVE('',#2334,#618,#2358,.T.);
#2358 = SURFACE_CURVE('',#2359,(#2364,#2370),.PCURVE_S1.);
#2359 = CIRCLE('',#2360,0.5);
#2360 = AXIS2_PLACEMENT_3D('',#2361,#2362,#2363);
#2361 = CARTESIAN_POINT('',(66.378821269036,6.537743259982,-11.));
#2362 = DIRECTION('',(-9.801714032956E-02,0.995184726672,0.));
#2363 = DIRECTION('',(0.995184726672,9.801714032956E-02,0.));
#2364 = PCURVE('',#660,#2365);
#2365 = DEFINITIONAL_REPRESENTATION('',(#2366),#2369);
#2366 = B_SPLINE_CURVE_WITH_KNOTS('',1,(#2367,#2368),.UNSPECIFIED.,.F.,
  .F.,(2,2),(-4.712388980385,-3.14159265359),.PIECEWISE_BEZIER_KNOTS.);
#2367 = CARTESIAN_POINT('',(-0.196349540849,-4.712388980385));
#2368 = CARTESIAN_POINT('',(-0.196349540849,-3.14159265359));
#2369 = ( GEOMETRIC_REPRESENTATION_CONTEXT(2) 
PARAMETRIC_REPRESENTATION_CONTEXT() REPRESENTATION_CONTEXT('2D SPACE',''
  ) );
#2370 = PCURVE('',#633,#2371);
#2371 = DEFINITIONAL_REPRESENTATION('',(#2372),#2376);
#2372 = ( BOUNDED_CURVE() B_SPLINE_CURVE(2,(#2373,#2374,#2375),
.UNSPECIFIED.,.F.,.F.) B_SPLINE_CURVE_WITH_KNOTS((3,3),(1.570796326795,
3.14159265359),.PIECEWISE_BEZIER_KNOTS.) CURVE() 
GEOMETRIC_REPRESENTATION_ITEM() RATIONAL_B_SPLINE_CURVE((1.,
0.707106781187,1.)) REPRESENTATION_ITEM('') );
#2373 = CARTESIAN_POINT('',(11.5,-3.5));
#2374 = CARTESIAN_POINT('',(11.5,-4.));
#2375 = CARTESIAN_POINT('',(11.,-4.));
#2376 = ( GEOMETRIC_REPRESENTATION_CONTEXT(2) 
PARAMETRIC_REPRESENTATION_CONTEXT() REPRESENTATION_CONTEXT('2D SPACE',''
  ) );
#2377 = ORIENTED_EDGE('',*,*,#645,.F.);
#2378 = ADVANCED_FACE('',(#2379),#633,.F.);
#2379 = FACE_BOUND('',#2380,.F.);
#2380 = EDGE_LOOP('',(#2381,#2404,#2460,#2483,#2506,#2527,#2528,#2529,
    #2530,#2553,#2576,#2599,#2655,#2676,#2732,#2753));
#2381 = ORIENTED_EDGE('',*,*,#2382,.T.);
#2382 = EDGE_CURVE('',#2383,#2385,#2387,.T.);
#2383 = VERTEX_POINT('',#2384);
#2384 = CARTESIAN_POINT('',(72.75096218621,7.165344361304,4.058570430898
    ));
#2385 = VERTEX_POINT('',#2386);
#2386 = CARTESIAN_POINT('',(73.411818620136,7.230433038899,
    4.148400357026));
#2387 = SURFACE_CURVE('',#2388,(#2392,#2398),.PCURVE_S1.);
#2388 = LINE('',#2389,#2390);
#2389 = CARTESIAN_POINT('',(0.,0.,-5.830436051283));
#2390 = VECTOR('',#2391,1.);
#2391 = DIRECTION('',(0.986202212859,9.713243993841E-02,0.134054035612)
  );
#2392 = PCURVE('',#633,#2393);
#2393 = DEFINITIONAL_REPRESENTATION('',(#2394),#2397);
#2394 = B_SPLINE_CURVE_WITH_KNOTS('',1,(#2395,#2396),.UNSPECIFIED.,.F.,
  .F.,(2,2),(73.331891922671,75.683113997528),.PIECEWISE_BEZIER_KNOTS.);
#2395 = CARTESIAN_POINT('',(-4.,2.47));
#2396 = CARTESIAN_POINT('',(-4.315190807754,4.8));
#2397 = ( GEOMETRIC_REPRESENTATION_CONTEXT(2) 
PARAMETRIC_REPRESENTATION_CONTEXT() REPRESENTATION_CONTEXT('2D SPACE',''
  ) );
#2398 = PCURVE('',#1645,#2399);
#2399 = DEFINITIONAL_REPRESENTATION('',(#2400),#2403);
#2400 = B_SPLINE_CURVE_WITH_KNOTS('',1,(#2401,#2402),.UNSPECIFIED.,.F.,
  .F.,(2,2),(73.331891922671,74.875827448221),.PIECEWISE_BEZIER_KNOTS.);
#2401 = CARTESIAN_POINT('',(6.381360077604,-0.88334591186));
#2402 = CARTESIAN_POINT('',(6.381360077604,-0.676375123936));
#2403 = ( GEOMETRIC_REPRESENTATION_CONTEXT(2) 
PARAMETRIC_REPRESENTATION_CONTEXT() REPRESENTATION_CONTEXT('2D SPACE',''
  ) );
#2404 = ORIENTED_EDGE('',*,*,#2405,.T.);
#2405 = EDGE_CURVE('',#2385,#2406,#2408,.T.);
#2406 = VERTEX_POINT('',#2407);
#2407 = CARTESIAN_POINT('',(73.842706719077,7.272871812453,
    4.643887368848));
#2408 = SURFACE_CURVE('',#2409,(#2424,#2442),.PCURVE_S1.);
#2409 = B_SPLINE_CURVE_WITH_KNOTS('',7,(#2410,#2411,#2412,#2413,#2414,
    #2415,#2416,#2417,#2418,#2419,#2420,#2421,#2422,#2423),
  .UNSPECIFIED.,.F.,.F.,(8,6,8),(0.,0.499999997226,1.),.UNSPECIFIED.);
#2410 = CARTESIAN_POINT('',(73.411818620136,7.230433038899,
    4.148400357026));
#2411 = CARTESIAN_POINT('',(73.458179495317,7.234999186556,4.15470217052
    ));
#2412 = CARTESIAN_POINT('',(73.5057583327,7.23968529302,4.166373235137)
  );
#2413 = CARTESIAN_POINT('',(73.553586393492,7.244395945847,4.18404968169
    ));
#2414 = CARTESIAN_POINT('',(73.60038359118,7.249005067521,4.20813773323)
  );
#2415 = CARTESIAN_POINT('',(73.644560423196,7.253356105702,
    4.238550054927));
#2416 = CARTESIAN_POINT('',(73.684697144457,7.257309227705,
    4.274510005081));
#2417 = CARTESIAN_POINT('',(73.754917572909,7.264225336248,
    4.355257907722));
#2418 = CARTESIAN_POINT('',(73.785000864892,7.267188281893,
    4.400045382913));
#2419 = CARTESIAN_POINT('',(73.809071482876,7.269559030838,
    4.448112195599));
#2420 = CARTESIAN_POINT('',(73.826553817158,7.271280890475,
    4.497940488013));
#2421 = CARTESIAN_POINT('',(73.837574824768,7.272366364981,
    4.547935786174));
#2422 = CARTESIAN_POINT('',(73.842706719077,7.272871812453,
    4.596877867322));
#2423 = CARTESIAN_POINT('',(73.842706719077,7.272871812453,
    4.643887368848));
#2424 = PCURVE('',#633,#2425);
#2425 = DEFINITIONAL_REPRESENTATION('',(#2426),#2441);
#2426 = B_SPLINE_CURVE_WITH_KNOTS('',7,(#2427,#2428,#2429,#2430,#2431,
    #2432,#2433,#2434,#2435,#2436,#2437,#2438,#2439,#2440),
  .UNSPECIFIED.,.F.,.F.,(8,6,8),(0.,0.499999997226,1.),.UNSPECIFIED.);
#2427 = CARTESIAN_POINT('',(-4.148400357026,3.567027017806));
#2428 = CARTESIAN_POINT('',(-4.15470217052,3.613612213438));
#2429 = CARTESIAN_POINT('',(-4.166373235137,3.661421264468));
#2430 = CARTESIAN_POINT('',(-4.18404968169,3.709480744794));
#2431 = CARTESIAN_POINT('',(-4.20813773323,3.756504374111));
#2432 = CARTESIAN_POINT('',(-4.238550054927,3.800894958925));
#2433 = CARTESIAN_POINT('',(-4.274510005081,3.841225884617));
#2434 = CARTESIAN_POINT('',(-4.355257907722,3.911786079694));
#2435 = CARTESIAN_POINT('',(-4.400045382913,3.942014931863));
#2436 = CARTESIAN_POINT('',(-4.448112195599,3.966202017274));
#2437 = CARTESIAN_POINT('',(-4.497940488013,3.983768941096));
#2438 = CARTESIAN_POINT('',(-4.547935786174,3.994843274649));
#2439 = CARTESIAN_POINT('',(-4.596877867322,4.));
#2440 = CARTESIAN_POINT('',(-4.643887368848,4.));
#2441 = ( GEOMETRIC_REPRESENTATION_CONTEXT(2) 
PARAMETRIC_REPRESENTATION_CONTEXT() REPRESENTATION_CONTEXT('2D SPACE',''
  ) );
#2442 = PCURVE('',#1694,#2443);
#2443 = DEFINITIONAL_REPRESENTATION('',(#2444),#2459);
#2444 = B_SPLINE_CURVE_WITH_KNOTS('',7,(#2445,#2446,#2447,#2448,#2449,
    #2450,#2451,#2452,#2453,#2454,#2455,#2456,#2457,#2458),
  .UNSPECIFIED.,.F.,.F.,(8,6,8),(0.,0.499999997226,1.),.UNSPECIFIED.);
#2445 = CARTESIAN_POINT('',(0.,14.569133515757));
#2446 = CARTESIAN_POINT('',(1.040852028351,14.569133514144));
#2447 = CARTESIAN_POINT('',(2.081627805866,14.569133512491));
#2448 = CARTESIAN_POINT('',(3.122317995798,14.569133510832));
#2449 = CARTESIAN_POINT('',(4.16292884574,14.569133509212));
#2450 = CARTESIAN_POINT('',(5.203488749639,14.569133507684));
#2451 = CARTESIAN_POINT('',(6.244029833411,14.569133506298));
#2452 = CARTESIAN_POINT('',(8.325104193418,14.569133503875));
#2453 = CARTESIAN_POINT('',(9.365645266033,14.569133502839));
#2454 = CARTESIAN_POINT('',(10.406205160164,14.56913350201));
#2455 = CARTESIAN_POINT('',(11.44681601339,14.569133501409));
#2456 = CARTESIAN_POINT('',(12.487506217689,14.56913350103));
#2457 = CARTESIAN_POINT('',(13.52828200382,14.569133500854));
#2458 = CARTESIAN_POINT('',(14.569134015283,14.569133500854));
#2459 = ( GEOMETRIC_REPRESENTATION_CONTEXT(2) 
PARAMETRIC_REPRESENTATION_CONTEXT() REPRESENTATION_CONTEXT('2D SPACE',''
  ) );
#2460 = ORIENTED_EDGE('',*,*,#2461,.T.);
#2461 = EDGE_CURVE('',#2406,#2462,#2464,.T.);
#2462 = VERTEX_POINT('',#2463);
#2463 = CARTESIAN_POINT('',(73.842706719077,7.272871812453,11.));
#2464 = SURFACE_CURVE('',#2465,(#2469,#2476),.PCURVE_S1.);
#2465 = LINE('',#2466,#2467);
#2466 = CARTESIAN_POINT('',(73.842706719077,7.272871812453,-11.5));
#2467 = VECTOR('',#2468,1.);
#2468 = DIRECTION('',(0.,0.,1.));
#2469 = PCURVE('',#633,#2470);
#2470 = DEFINITIONAL_REPRESENTATION('',(#2471),#2475);
#2471 = LINE('',#2472,#2473);
#2472 = CARTESIAN_POINT('',(11.5,4.));
#2473 = VECTOR('',#2474,1.);
#2474 = DIRECTION('',(-1.,0.));
#2475 = ( GEOMETRIC_REPRESENTATION_CONTEXT(2) 
PARAMETRIC_REPRESENTATION_CONTEXT() REPRESENTATION_CONTEXT('2D SPACE',''
  ) );
#2476 = PCURVE('',#1762,#2477);
#2477 = DEFINITIONAL_REPRESENTATION('',(#2478),#2482);
#2478 = LINE('',#2479,#2480);
#2479 = CARTESIAN_POINT('',(0.196349540849,0.));
#2480 = VECTOR('',#2481,1.);
#2481 = DIRECTION('',(0.,1.));
#2482 = ( GEOMETRIC_REPRESENTATION_CONTEXT(2) 
PARAMETRIC_REPRESENTATION_CONTEXT() REPRESENTATION_CONTEXT('2D SPACE',''
  ) );
#2483 = ORIENTED_EDGE('',*,*,#2484,.T.);
#2484 = EDGE_CURVE('',#2462,#2485,#2487,.T.);
#2485 = VERTEX_POINT('',#2486);
#2486 = CARTESIAN_POINT('',(73.345114355741,7.223863242289,11.5));
#2487 = SURFACE_CURVE('',#2488,(#2493,#2500),.PCURVE_S1.);
#2488 = CIRCLE('',#2489,0.5);
#2489 = AXIS2_PLACEMENT_3D('',#2490,#2491,#2492);
#2490 = CARTESIAN_POINT('',(73.345114355741,7.223863242289,11.));
#2491 = DIRECTION('',(9.801714032956E-02,-0.995184726672,0.));
#2492 = DIRECTION('',(0.995184726672,9.801714032956E-02,0.));
#2493 = PCURVE('',#633,#2494);
#2494 = DEFINITIONAL_REPRESENTATION('',(#2495),#2499);
#2495 = ( BOUNDED_CURVE() B_SPLINE_CURVE(2,(#2496,#2497,#2498),
.UNSPECIFIED.,.F.,.F.) B_SPLINE_CURVE_WITH_KNOTS((3,3),(
1.862442988819E-18,1.570796326795),.PIECEWISE_BEZIER_KNOTS.) CURVE() 
GEOMETRIC_REPRESENTATION_ITEM() RATIONAL_B_SPLINE_CURVE((1.,
0.707106781187,1.)) REPRESENTATION_ITEM('') );
#2496 = CARTESIAN_POINT('',(-11.,4.));
#2497 = CARTESIAN_POINT('',(-11.5,4.));
#2498 = CARTESIAN_POINT('',(-11.5,3.5));
#2499 = ( GEOMETRIC_REPRESENTATION_CONTEXT(2) 
PARAMETRIC_REPRESENTATION_CONTEXT() REPRESENTATION_CONTEXT('2D SPACE',''
  ) );
#2500 = PCURVE('',#1791,#2501);
#2501 = DEFINITIONAL_REPRESENTATION('',(#2502),#2505);
#2502 = B_SPLINE_CURVE_WITH_KNOTS('',1,(#2503,#2504),.UNSPECIFIED.,.F.,
  .F.,(2,2),(1.862442988819E-18,1.570796326795),
  .PIECEWISE_BEZIER_KNOTS.);
#2503 = CARTESIAN_POINT('',(0.196349540849,3.724885977637E-18));
#2504 = CARTESIAN_POINT('',(0.196349540849,1.570796326795));
#2505 = ( GEOMETRIC_REPRESENTATION_CONTEXT(2) 
PARAMETRIC_REPRESENTATION_CONTEXT() REPRESENTATION_CONTEXT('2D SPACE',''
  ) );
#2506 = ORIENTED_EDGE('',*,*,#2507,.T.);
#2507 = EDGE_CURVE('',#2485,#2284,#2508,.T.);
#2508 = SURFACE_CURVE('',#2509,(#2513,#2520),.PCURVE_S1.);
#2509 = LINE('',#2510,#2511);
#2510 = CARTESIAN_POINT('',(73.842706719077,7.272871812453,11.5));
#2511 = VECTOR('',#2512,1.);
#2512 = DIRECTION('',(-0.995184726672,-9.801714032956E-02,0.));
#2513 = PCURVE('',#633,#2514);
#2514 = DEFINITIONAL_REPRESENTATION('',(#2515),#2519);
#2515 = LINE('',#2516,#2517);
#2516 = CARTESIAN_POINT('',(-11.5,4.));
#2517 = VECTOR('',#2518,1.);
#2518 = DIRECTION('',(0.,-1.));
#2519 = ( GEOMETRIC_REPRESENTATION_CONTEXT(2) 
PARAMETRIC_REPRESENTATION_CONTEXT() REPRESENTATION_CONTEXT('2D SPACE',''
  ) );
#2520 = PCURVE('',#1818,#2521);
#2521 = DEFINITIONAL_REPRESENTATION('',(#2522),#2526);
#2522 = LINE('',#2523,#2524);
#2523 = CARTESIAN_POINT('',(72.77426780592,14.475701893597));
#2524 = VECTOR('',#2525,1.);
#2525 = DIRECTION('',(-0.980785280403,-0.195090322016));
#2526 = ( GEOMETRIC_REPRESENTATION_CONTEXT(2) 
PARAMETRIC_REPRESENTATION_CONTEXT() REPRESENTATION_CONTEXT('2D SPACE',''
  ) );
#2527 = ORIENTED_EDGE('',*,*,#2307,.T.);
#2528 = ORIENTED_EDGE('',*,*,#617,.T.);
#2529 = ORIENTED_EDGE('',*,*,#2357,.F.);
#2530 = ORIENTED_EDGE('',*,*,#2531,.T.);
#2531 = EDGE_CURVE('',#2334,#2532,#2534,.T.);
#2532 = VERTEX_POINT('',#2533);
#2533 = CARTESIAN_POINT('',(73.345114355741,7.223863242289,-11.5));
#2534 = SURFACE_CURVE('',#2535,(#2539,#2546),.PCURVE_S1.);
#2535 = LINE('',#2536,#2537);
#2536 = CARTESIAN_POINT('',(65.881228905699,6.488734689817,-11.5));
#2537 = VECTOR('',#2538,1.);
#2538 = DIRECTION('',(0.995184726672,9.801714032956E-02,0.));
#2539 = PCURVE('',#633,#2540);
#2540 = DEFINITIONAL_REPRESENTATION('',(#2541),#2545);
#2541 = LINE('',#2542,#2543);
#2542 = CARTESIAN_POINT('',(11.5,-4.));
#2543 = VECTOR('',#2544,1.);
#2544 = DIRECTION('',(0.,1.));
#2545 = ( GEOMETRIC_REPRESENTATION_CONTEXT(2) 
PARAMETRIC_REPRESENTATION_CONTEXT() REPRESENTATION_CONTEXT('2D SPACE',''
  ) );
#2546 = PCURVE('',#1891,#2547);
#2547 = DEFINITIONAL_REPRESENTATION('',(#2548),#2552);
#2548 = LINE('',#2549,#2550);
#2549 = CARTESIAN_POINT('',(64.927985562694,12.914979317468));
#2550 = VECTOR('',#2551,1.);
#2551 = DIRECTION('',(0.980785280403,0.195090322016));
#2552 = ( GEOMETRIC_REPRESENTATION_CONTEXT(2) 
PARAMETRIC_REPRESENTATION_CONTEXT() REPRESENTATION_CONTEXT('2D SPACE',''
  ) );
#2553 = ORIENTED_EDGE('',*,*,#2554,.T.);
#2554 = EDGE_CURVE('',#2532,#2555,#2557,.T.);
#2555 = VERTEX_POINT('',#2556);
#2556 = CARTESIAN_POINT('',(73.842706719077,7.272871812453,-11.));
#2557 = SURFACE_CURVE('',#2558,(#2563,#2570),.PCURVE_S1.);
#2558 = CIRCLE('',#2559,0.5);
#2559 = AXIS2_PLACEMENT_3D('',#2560,#2561,#2562);
#2560 = CARTESIAN_POINT('',(73.345114355741,7.223863242289,-11.));
#2561 = DIRECTION('',(9.801714032956E-02,-0.995184726672,0.));
#2562 = DIRECTION('',(0.995184726672,9.801714032956E-02,0.));
#2563 = PCURVE('',#633,#2564);
#2564 = DEFINITIONAL_REPRESENTATION('',(#2565),#2569);
#2565 = ( BOUNDED_CURVE() B_SPLINE_CURVE(2,(#2566,#2567,#2568),
.UNSPECIFIED.,.F.,.F.) B_SPLINE_CURVE_WITH_KNOTS((3,3),(4.712388980385,
6.28318530718),.PIECEWISE_BEZIER_KNOTS.) CURVE() 
GEOMETRIC_REPRESENTATION_ITEM() RATIONAL_B_SPLINE_CURVE((1.,
0.707106781187,1.)) REPRESENTATION_ITEM('') );
#2566 = CARTESIAN_POINT('',(11.5,3.5));
#2567 = CARTESIAN_POINT('',(11.5,4.));
#2568 = CARTESIAN_POINT('',(11.,4.));
#2569 = ( GEOMETRIC_REPRESENTATION_CONTEXT(2) 
PARAMETRIC_REPRESENTATION_CONTEXT() REPRESENTATION_CONTEXT('2D SPACE',''
  ) );
#2570 = PCURVE('',#1920,#2571);
#2571 = DEFINITIONAL_REPRESENTATION('',(#2572),#2575);
#2572 = B_SPLINE_CURVE_WITH_KNOTS('',1,(#2573,#2574),.UNSPECIFIED.,.F.,
  .F.,(2,2),(4.712388980385,6.28318530718),.PIECEWISE_BEZIER_KNOTS.);
#2573 = CARTESIAN_POINT('',(0.196349540849,4.712388980385));
#2574 = CARTESIAN_POINT('',(0.196349540849,6.28318530718));
#2575 = ( GEOMETRIC_REPRESENTATION_CONTEXT(2) 
PARAMETRIC_REPRESENTATION_CONTEXT() REPRESENTATION_CONTEXT('2D SPACE',''
  ) );
#2576 = ORIENTED_EDGE('',*,*,#2577,.T.);
#2577 = EDGE_CURVE('',#2555,#2578,#2580,.T.);
#2578 = VERTEX_POINT('',#2579);
#2579 = CARTESIAN_POINT('',(73.842706719077,7.272871812453,
    -4.643887368848));
#2580 = SURFACE_CURVE('',#2581,(#2585,#2592),.PCURVE_S1.);
#2581 = LINE('',#2582,#2583);
#2582 = CARTESIAN_POINT('',(73.842706719077,7.272871812453,-11.5));
#2583 = VECTOR('',#2584,1.);
#2584 = DIRECTION('',(0.,0.,1.));
#2585 = PCURVE('',#633,#2586);
#2586 = DEFINITIONAL_REPRESENTATION('',(#2587),#2591);
#2587 = LINE('',#2588,#2589);
#2588 = CARTESIAN_POINT('',(11.5,4.));
#2589 = VECTOR('',#2590,1.);
#2590 = DIRECTION('',(-1.,0.));
#2591 = ( GEOMETRIC_REPRESENTATION_CONTEXT(2) 
PARAMETRIC_REPRESENTATION_CONTEXT() REPRESENTATION_CONTEXT('2D SPACE',''
  ) );
#2592 = PCURVE('',#1947,#2593);
#2593 = DEFINITIONAL_REPRESENTATION('',(#2594),#2598);
#2594 = LINE('',#2595,#2596);
#2595 = CARTESIAN_POINT('',(0.196349540849,0.));
#2596 = VECTOR('',#2597,1.);
#2597 = DIRECTION('',(0.,1.));
#2598 = ( GEOMETRIC_REPRESENTATION_CONTEXT(2) 
PARAMETRIC_REPRESENTATION_CONTEXT() REPRESENTATION_CONTEXT('2D SPACE',''
  ) );
#2599 = ORIENTED_EDGE('',*,*,#2600,.F.);
#2600 = EDGE_CURVE('',#2601,#2578,#2603,.T.);
#2601 = VERTEX_POINT('',#2602);
#2602 = CARTESIAN_POINT('',(73.411818620136,7.230433038899,
    -4.148400357026));
#2603 = SURFACE_CURVE('',#2604,(#2619,#2637),.PCURVE_S1.);
#2604 = B_SPLINE_CURVE_WITH_KNOTS('',7,(#2605,#2606,#2607,#2608,#2609,
    #2610,#2611,#2612,#2613,#2614,#2615,#2616,#2617,#2618),
  .UNSPECIFIED.,.F.,.F.,(8,6,8),(0.,0.499999997226,1.),.UNSPECIFIED.);
#2605 = CARTESIAN_POINT('',(73.411818620136,7.230433038899,
    -4.148400357026));
#2606 = CARTESIAN_POINT('',(73.458179495317,7.234999186556,
    -4.15470217052));
#2607 = CARTESIAN_POINT('',(73.5057583327,7.23968529302,-4.166373235137)
  );
#2608 = CARTESIAN_POINT('',(73.553586393491,7.244395945847,
    -4.18404968169));
#2609 = CARTESIAN_POINT('',(73.600383591181,7.249005067521,
    -4.20813773323));
#2610 = CARTESIAN_POINT('',(73.644560423195,7.253356105702,
    -4.238550054927));
#2611 = CARTESIAN_POINT('',(73.684697144457,7.257309227705,
    -4.274510005081));
#2612 = CARTESIAN_POINT('',(73.754917572909,7.264225336248,
    -4.355257907722));
#2613 = CARTESIAN_POINT('',(73.785000864892,7.267188281893,
    -4.400045382913));
#2614 = CARTESIAN_POINT('',(73.809071482876,7.269559030838,-4.4481121956
    ));
#2615 = CARTESIAN_POINT('',(73.826553817158,7.271280890475,
    -4.497940488013));
#2616 = CARTESIAN_POINT('',(73.837574824768,7.272366364981,
    -4.547935786174));
#2617 = CARTESIAN_POINT('',(73.842706719077,7.272871812453,
    -4.596877867322));
#2618 = CARTESIAN_POINT('',(73.842706719077,7.272871812453,
    -4.643887368848));
#2619 = PCURVE('',#633,#2620);
#2620 = DEFINITIONAL_REPRESENTATION('',(#2621),#2636);
#2621 = B_SPLINE_CURVE_WITH_KNOTS('',7,(#2622,#2623,#2624,#2625,#2626,
    #2627,#2628,#2629,#2630,#2631,#2632,#2633,#2634,#2635),
  .UNSPECIFIED.,.F.,.F.,(8,6,8),(0.,0.499999997226,1.),.UNSPECIFIED.);
#2622 = CARTESIAN_POINT('',(4.148400357026,3.567027017806));
#2623 = CARTESIAN_POINT('',(4.15470217052,3.613612213438));
#2624 = CARTESIAN_POINT('',(4.166373235137,3.661421264469));
#2625 = CARTESIAN_POINT('',(4.18404968169,3.709480744793));
#2626 = CARTESIAN_POINT('',(4.20813773323,3.756504374111));
#2627 = CARTESIAN_POINT('',(4.238550054927,3.800894958925));
#2628 = CARTESIAN_POINT('',(4.274510005081,3.841225884617));
#2629 = CARTESIAN_POINT('',(4.355257907722,3.911786079694));
#2630 = CARTESIAN_POINT('',(4.400045382913,3.942014931863));
#2631 = CARTESIAN_POINT('',(4.4481121956,3.966202017275));
#2632 = CARTESIAN_POINT('',(4.497940488013,3.983768941096));
#2633 = CARTESIAN_POINT('',(4.547935786174,3.994843274649));
#2634 = CARTESIAN_POINT('',(4.596877867322,4.));
#2635 = CARTESIAN_POINT('',(4.643887368848,4.));
#2636 = ( GEOMETRIC_REPRESENTATION_CONTEXT(2) 
PARAMETRIC_REPRESENTATION_CONTEXT() REPRESENTATION_CONTEXT('2D SPACE',''
  ) );
#2637 = PCURVE('',#1997,#2638);
#2638 = DEFINITIONAL_REPRESENTATION('',(#2639),#2654);
#2639 = B_SPLINE_CURVE_WITH_KNOTS('',7,(#2640,#2641,#2642,#2643,#2644,
    #2645,#2646,#2647,#2648,#2649,#2650,#2651,#2652,#2653),
  .UNSPECIFIED.,.F.,.F.,(8,6,8),(0.,0.499999997226,1.),.UNSPECIFIED.);
#2640 = CARTESIAN_POINT('',(0.,14.569133515757));
#2641 = CARTESIAN_POINT('',(1.040852028349,14.569133514144));
#2642 = CARTESIAN_POINT('',(2.081627805875,14.569133512491));
#2643 = CARTESIAN_POINT('',(3.122317995782,14.569133510832));
#2644 = CARTESIAN_POINT('',(4.162928845756,14.569133509212));
#2645 = CARTESIAN_POINT('',(5.203488749631,14.569133507684));
#2646 = CARTESIAN_POINT('',(6.244029833413,14.569133506298));
#2647 = CARTESIAN_POINT('',(8.325104193418,14.569133503875));
#2648 = CARTESIAN_POINT('',(9.365645266031,14.569133502839));
#2649 = CARTESIAN_POINT('',(10.406205160167,14.569133502011));
#2650 = CARTESIAN_POINT('',(11.446816013387,14.569133501409));
#2651 = CARTESIAN_POINT('',(12.48750621769,14.56913350103));
#2652 = CARTESIAN_POINT('',(13.52828200382,14.569133500854));
#2653 = CARTESIAN_POINT('',(14.569134015283,14.569133500854));
#2654 = ( GEOMETRIC_REPRESENTATION_CONTEXT(2) 
PARAMETRIC_REPRESENTATION_CONTEXT() REPRESENTATION_CONTEXT('2D SPACE',''
  ) );
#2655 = ORIENTED_EDGE('',*,*,#2656,.F.);
#2656 = EDGE_CURVE('',#2657,#2601,#2659,.T.);
#2657 = VERTEX_POINT('',#2658);
#2658 = CARTESIAN_POINT('',(72.75096218621,7.165344361304,
    -4.058570430898));
#2659 = SURFACE_CURVE('',#2660,(#2664,#2670),.PCURVE_S1.);
#2660 = LINE('',#2661,#2662);
#2661 = CARTESIAN_POINT('',(0.,0.,5.830436051283));
#2662 = VECTOR('',#2663,1.);
#2663 = DIRECTION('',(0.986202212859,9.713243993841E-02,-0.134054035612)
  );
#2664 = PCURVE('',#633,#2665);
#2665 = DEFINITIONAL_REPRESENTATION('',(#2666),#2669);
#2666 = B_SPLINE_CURVE_WITH_KNOTS('',1,(#2667,#2668),.UNSPECIFIED.,.F.,
  .F.,(2,2),(73.331891922671,75.683113997528),.PIECEWISE_BEZIER_KNOTS.);
#2667 = CARTESIAN_POINT('',(4.,2.47));
#2668 = CARTESIAN_POINT('',(4.315190807754,4.8));
#2669 = ( GEOMETRIC_REPRESENTATION_CONTEXT(2) 
PARAMETRIC_REPRESENTATION_CONTEXT() REPRESENTATION_CONTEXT('2D SPACE',''
  ) );
#2670 = PCURVE('',#2064,#2671);
#2671 = DEFINITIONAL_REPRESENTATION('',(#2672),#2675);
#2672 = B_SPLINE_CURVE_WITH_KNOTS('',1,(#2673,#2674),.UNSPECIFIED.,.F.,
  .F.,(2,2),(73.331891922671,74.875827448221),.PIECEWISE_BEZIER_KNOTS.);
#2673 = CARTESIAN_POINT('',(-6.381360077604,0.));
#2674 = CARTESIAN_POINT('',(-6.381360077604,0.206970787924));
#2675 = ( GEOMETRIC_REPRESENTATION_CONTEXT(2) 
PARAMETRIC_REPRESENTATION_CONTEXT() REPRESENTATION_CONTEXT('2D SPACE',''
  ) );
#2676 = ORIENTED_EDGE('',*,*,#2677,.F.);
#2677 = EDGE_CURVE('',#2678,#2657,#2680,.T.);
#2678 = VERTEX_POINT('',#2679);
#2679 = CARTESIAN_POINT('',(72.320074087269,7.122905587749,
    -3.563083419077));
#2680 = SURFACE_CURVE('',#2681,(#2696,#2714),.PCURVE_S1.);
#2681 = B_SPLINE_CURVE_WITH_KNOTS('',7,(#2682,#2683,#2684,#2685,#2686,
    #2687,#2688,#2689,#2690,#2691,#2692,#2693,#2694,#2695),
  .UNSPECIFIED.,.F.,.F.,(8,6,8),(0.,0.499999997109,1.),.UNSPECIFIED.);
#2682 = CARTESIAN_POINT('',(72.320074087269,7.122905587749,
    -3.563083419077));
#2683 = CARTESIAN_POINT('',(72.320074087269,7.122905587749,
    -3.610093304132));
#2684 = CARTESIAN_POINT('',(72.325206065226,7.12341104346,
    -3.659035652607));
#2685 = CARTESIAN_POINT('',(72.336227200416,7.124496530532,
    -3.709031042644));
#2686 = CARTESIAN_POINT('',(72.353709630056,7.126218399561,
    -3.758859226201));
#2687 = CARTESIAN_POINT('',(72.377780217832,7.128589145531,
    -3.806925818863));
#2688 = CARTESIAN_POINT('',(72.40786339888,7.13155208025,-3.851713070448
    ));
#2689 = CARTESIAN_POINT('',(72.478083497242,7.138468156281,
    -3.932460593512));
#2690 = CARTESIAN_POINT('',(72.518220011214,7.142421257868,
    -3.96842040101));
#2691 = CARTESIAN_POINT('',(72.562396633347,7.146772275378,
    -3.998832666865));
#2692 = CARTESIAN_POINT('',(72.609193705085,7.151381384646,
    -4.022920793444));
#2693 = CARTESIAN_POINT('',(72.657021844094,7.156092045177,
    -4.040597382973));
#2694 = CARTESIAN_POINT('',(72.704600934326,7.160778176544,-4.0522685662
    ));
#2695 = CARTESIAN_POINT('',(72.75096218621,7.165344361304,
    -4.058570430898));
#2696 = PCURVE('',#633,#2697);
#2697 = DEFINITIONAL_REPRESENTATION('',(#2698),#2713);
#2698 = B_SPLINE_CURVE_WITH_KNOTS('',7,(#2699,#2700,#2701,#2702,#2703,
    #2704,#2705,#2706,#2707,#2708,#2709,#2710,#2711,#2712),
  .UNSPECIFIED.,.F.,.F.,(8,6,8),(0.,0.499999997109,1.),.UNSPECIFIED.);
#2699 = CARTESIAN_POINT('',(3.563083419077,2.47));
#2700 = CARTESIAN_POINT('',(3.610093304132,2.47));
#2701 = CARTESIAN_POINT('',(3.659035652607,2.475156809404));
#2702 = CARTESIAN_POINT('',(3.709031042644,2.486231271154));
#2703 = CARTESIAN_POINT('',(3.758859226201,2.503798290796));
#2704 = CARTESIAN_POINT('',(3.806925818863,2.527985345853));
#2705 = CARTESIAN_POINT('',(3.851713070448,2.558214086549));
#2706 = CARTESIAN_POINT('',(3.932460593512,2.628773949939));
#2707 = CARTESIAN_POINT('',(3.96842040101,2.66910466734));
#2708 = CARTESIAN_POINT('',(3.998832666865,2.713495041257));
#2709 = CARTESIAN_POINT('',(4.022920793444,2.760518544012));
#2710 = CARTESIAN_POINT('',(4.040597382973,2.808578102934));
#2711 = CARTESIAN_POINT('',(4.0522685662,2.856387408038));
#2712 = CARTESIAN_POINT('',(4.058570430898,2.902972982194));
#2713 = ( GEOMETRIC_REPRESENTATION_CONTEXT(2) 
PARAMETRIC_REPRESENTATION_CONTEXT() REPRESENTATION_CONTEXT('2D SPACE',''
  ) );
#2714 = PCURVE('',#2113,#2715);
#2715 = DEFINITIONAL_REPRESENTATION('',(#2716),#2731);
#2716 = B_SPLINE_CURVE_WITH_KNOTS('',7,(#2717,#2718,#2719,#2720,#2721,
    #2722,#2723,#2724,#2725,#2726,#2727,#2728,#2729,#2730),
  .UNSPECIFIED.,.F.,.F.,(8,6,8),(0.,0.499999997109,1.),.UNSPECIFIED.);
#2717 = CARTESIAN_POINT('',(0.,14.268718753463));
#2718 = CARTESIAN_POINT('',(1.019398019325,14.268718753463));
#2719 = CARTESIAN_POINT('',(2.038718186191,14.268718753287));
#2720 = CARTESIAN_POINT('',(3.057950970682,14.268718752908));
#2721 = CARTESIAN_POINT('',(4.077102755272,14.268718752307));
#2722 = CARTESIAN_POINT('',(5.096202528183,14.26871875148));
#2723 = CARTESIAN_POINT('',(6.115283086423,14.268718750448));
#2724 = CARTESIAN_POINT('',(8.153436231323,14.268718748041));
#2725 = CARTESIAN_POINT('',(9.172516778164,14.268718746667));
#2726 = CARTESIAN_POINT('',(10.191616541135,14.268718745157));
#2727 = CARTESIAN_POINT('',(11.210768329038,14.268718743559));
#2728 = CARTESIAN_POINT('',(12.230001128225,14.268718741929));
#2729 = CARTESIAN_POINT('',(13.24932130387,14.26871874031));
#2730 = CARTESIAN_POINT('',(14.26871930596,14.268718738735));
#2731 = ( GEOMETRIC_REPRESENTATION_CONTEXT(2) 
PARAMETRIC_REPRESENTATION_CONTEXT() REPRESENTATION_CONTEXT('2D SPACE',''
  ) );
#2732 = ORIENTED_EDGE('',*,*,#2733,.F.);
#2733 = EDGE_CURVE('',#2734,#2678,#2736,.T.);
#2734 = VERTEX_POINT('',#2735);
#2735 = CARTESIAN_POINT('',(72.320074087269,7.122905587749,
    3.563083419077));
#2736 = SURFACE_CURVE('',#2737,(#2741,#2747),.PCURVE_S1.);
#2737 = LINE('',#2738,#2739);
#2738 = CARTESIAN_POINT('',(72.320074087269,7.122905587749,4.));
#2739 = VECTOR('',#2740,1.);
#2740 = DIRECTION('',(-0.,-0.,-1.));
#2741 = PCURVE('',#633,#2742);
#2742 = DEFINITIONAL_REPRESENTATION('',(#2743),#2746);
#2743 = B_SPLINE_CURVE_WITH_KNOTS('',1,(#2744,#2745),.UNSPECIFIED.,.F.,
  .F.,(2,2),(-5.999999999062E-07,8.0000006),.PIECEWISE_BEZIER_KNOTS.);
#2744 = CARTESIAN_POINT('',(-4.0000006,2.47));
#2745 = CARTESIAN_POINT('',(4.0000006,2.47));
#2746 = ( GEOMETRIC_REPRESENTATION_CONTEXT(2) 
PARAMETRIC_REPRESENTATION_CONTEXT() REPRESENTATION_CONTEXT('2D SPACE',''
  ) );
#2747 = PCURVE('',#2180,#2748);
#2748 = DEFINITIONAL_REPRESENTATION('',(#2749),#2752);
#2749 = B_SPLINE_CURVE_WITH_KNOTS('',1,(#2750,#2751),.UNSPECIFIED.,.F.,
  .F.,(2,2),(0.,8.),.PIECEWISE_BEZIER_KNOTS.);
#2750 = CARTESIAN_POINT('',(-6.381360077604,0.));
#2751 = CARTESIAN_POINT('',(-6.381360077604,8.));
#2752 = ( GEOMETRIC_REPRESENTATION_CONTEXT(2) 
PARAMETRIC_REPRESENTATION_CONTEXT() REPRESENTATION_CONTEXT('2D SPACE',''
  ) );
#2753 = ORIENTED_EDGE('',*,*,#2754,.F.);
#2754 = EDGE_CURVE('',#2383,#2734,#2755,.T.);
#2755 = SURFACE_CURVE('',#2756,(#2771,#2789),.PCURVE_S1.);
#2756 = B_SPLINE_CURVE_WITH_KNOTS('',7,(#2757,#2758,#2759,#2760,#2761,
    #2762,#2763,#2764,#2765,#2766,#2767,#2768,#2769,#2770),
  .UNSPECIFIED.,.F.,.F.,(8,6,8),(0.,0.49999999711,1.),.UNSPECIFIED.);
#2757 = CARTESIAN_POINT('',(72.75096218621,7.165344361304,4.058570430898
    ));
#2758 = CARTESIAN_POINT('',(72.704600933542,7.160778176467,
    4.052268566093));
#2759 = CARTESIAN_POINT('',(72.65702184353,7.156092045121,4.040597382604
    ));
#2760 = CARTESIAN_POINT('',(72.609193706891,7.151381384824,
    4.022920794887));
#2761 = CARTESIAN_POINT('',(72.56239663225,7.14677227527,3.998832665656)
  );
#2762 = CARTESIAN_POINT('',(72.518220011633,7.142421257909,
    3.968420401661));
#2763 = CARTESIAN_POINT('',(72.478083496836,7.138468156241,
    3.932460593045));
#2764 = CARTESIAN_POINT('',(72.407863398474,7.13155208021,3.851713069982
    ));
#2765 = CARTESIAN_POINT('',(72.377780218418,7.128589145588,
    3.806925819367));
#2766 = CARTESIAN_POINT('',(72.353709629012,7.126218399458,
    3.758859224948));
#2767 = CARTESIAN_POINT('',(72.336227201597,7.124496530648,
    3.709031044635));
#2768 = CARTESIAN_POINT('',(72.325206064937,7.123411043432,
    3.659035651996));
#2769 = CARTESIAN_POINT('',(72.320074087269,7.122905587749,
    3.610093303337));
#2770 = CARTESIAN_POINT('',(72.320074087269,7.122905587749,
    3.563083419077));
#2771 = PCURVE('',#633,#2772);
#2772 = DEFINITIONAL_REPRESENTATION('',(#2773),#2788);
#2773 = B_SPLINE_CURVE_WITH_KNOTS('',7,(#2774,#2775,#2776,#2777,#2778,
    #2779,#2780,#2781,#2782,#2783,#2784,#2785,#2786,#2787),
  .UNSPECIFIED.,.F.,.F.,(8,6,8),(0.,0.49999999711,1.),.UNSPECIFIED.);
#2774 = CARTESIAN_POINT('',(-4.058570430898,2.902972982194));
#2775 = CARTESIAN_POINT('',(-4.052268566093,2.85638740725));
#2776 = CARTESIAN_POINT('',(-4.040597382604,2.808578102367));
#2777 = CARTESIAN_POINT('',(-4.022920794887,2.760518545827));
#2778 = CARTESIAN_POINT('',(-3.998832665656,2.713495040154));
#2779 = CARTESIAN_POINT('',(-3.968420401661,2.669104667761));
#2780 = CARTESIAN_POINT('',(-3.932460593045,2.628773949531));
#2781 = CARTESIAN_POINT('',(-3.851713069982,2.558214086141));
#2782 = CARTESIAN_POINT('',(-3.806925819367,2.527985346441));
#2783 = CARTESIAN_POINT('',(-3.758859224948,2.503798289746));
#2784 = CARTESIAN_POINT('',(-3.709031044635,2.486231272341));
#2785 = CARTESIAN_POINT('',(-3.659035651996,2.475156809114));
#2786 = CARTESIAN_POINT('',(-3.610093303337,2.47));
#2787 = CARTESIAN_POINT('',(-3.563083419077,2.47));
#2788 = ( GEOMETRIC_REPRESENTATION_CONTEXT(2) 
PARAMETRIC_REPRESENTATION_CONTEXT() REPRESENTATION_CONTEXT('2D SPACE',''
  ) );
#2789 = PCURVE('',#2227,#2790);
#2790 = DEFINITIONAL_REPRESENTATION('',(#2791),#2806);
#2791 = B_SPLINE_CURVE_WITH_KNOTS('',7,(#2792,#2793,#2794,#2795,#2796,
    #2797,#2798,#2799,#2800,#2801,#2802,#2803,#2804,#2805),
  .UNSPECIFIED.,.F.,.F.,(8,6,8),(0.,0.49999999711,1.),.UNSPECIFIED.);
#2792 = CARTESIAN_POINT('',(0.,14.268718738735));
#2793 = CARTESIAN_POINT('',(1.019398019324,14.26871874031));
#2794 = CARTESIAN_POINT('',(2.038718186193,14.268718741929));
#2795 = CARTESIAN_POINT('',(3.05795097068,14.268718743559));
#2796 = CARTESIAN_POINT('',(4.077102755273,14.268718745157));
#2797 = CARTESIAN_POINT('',(5.096202528182,14.268718746667));
#2798 = CARTESIAN_POINT('',(6.115283086423,14.268718748041));
#2799 = CARTESIAN_POINT('',(8.153436231318,14.268718750448));
#2800 = CARTESIAN_POINT('',(9.172516778184,14.26871875148));
#2801 = CARTESIAN_POINT('',(10.191616541097,14.268718752307));
#2802 = CARTESIAN_POINT('',(11.210768329076,14.268718752908));
#2803 = CARTESIAN_POINT('',(12.230001128202,14.268718753287));
#2804 = CARTESIAN_POINT('',(13.249321303876,14.268718753463));
#2805 = CARTESIAN_POINT('',(14.26871930596,14.268718753463));
#2806 = ( GEOMETRIC_REPRESENTATION_CONTEXT(2) 
PARAMETRIC_REPRESENTATION_CONTEXT() REPRESENTATION_CONTEXT('2D SPACE',''
  ) );
#2807 = ADVANCED_FACE('',(#2808),#874,.F.);
#2808 = FACE_BOUND('',#2809,.F.);
#2809 = EDGE_LOOP('',(#2810,#2833,#2834,#2835,#3065));
#2810 = ORIENTED_EDGE('',*,*,#2811,.F.);
#2811 = EDGE_CURVE('',#815,#2812,#2814,.T.);
#2812 = VERTEX_POINT('',#2813);
#2813 = CARTESIAN_POINT('',(66.45,2.,9.));
#2814 = SURFACE_CURVE('',#2815,(#2819,#2826),.PCURVE_S1.);
#2815 = LINE('',#2816,#2817);
#2816 = CARTESIAN_POINT('',(62.2,2.,9.));
#2817 = VECTOR('',#2818,1.);
#2818 = DIRECTION('',(1.,0.,0.));
#2819 = PCURVE('',#874,#2820);
#2820 = DEFINITIONAL_REPRESENTATION('',(#2821),#2825);
#2821 = LINE('',#2822,#2823);
#2822 = CARTESIAN_POINT('',(0.,0.));
#2823 = VECTOR('',#2824,1.);
#2824 = DIRECTION('',(0.,1.));
#2825 = ( GEOMETRIC_REPRESENTATION_CONTEXT(2) 
PARAMETRIC_REPRESENTATION_CONTEXT() REPRESENTATION_CONTEXT('2D SPACE',''
  ) );
#2826 = PCURVE('',#829,#2827);
#2827 = DEFINITIONAL_REPRESENTATION('',(#2828),#2832);
#2828 = LINE('',#2829,#2830);
#2829 = CARTESIAN_POINT('',(18.5,0.));
#2830 = VECTOR('',#2831,1.);
#2831 = DIRECTION('',(0.,1.));
#2832 = ( GEOMETRIC_REPRESENTATION_CONTEXT(2) 
PARAMETRIC_REPRESENTATION_CONTEXT() REPRESENTATION_CONTEXT('2D SPACE',''
  ) );
#2833 = ORIENTED_EDGE('',*,*,#840,.T.);
#2834 = ORIENTED_EDGE('',*,*,#1082,.T.);
#2835 = ORIENTED_EDGE('',*,*,#2836,.F.);
#2836 = EDGE_CURVE('',#2837,#1083,#2839,.T.);
#2837 = VERTEX_POINT('',#2838);
#2838 = CARTESIAN_POINT('',(66.45,1.933012701892,9.25));
#2839 = SURFACE_CURVE('',#2840,(#2871,#2967),.PCURVE_S1.);
#2840 = ( BOUNDED_CURVE() B_SPLINE_CURVE(8,(#2841,#2842,#2843,#2844,
    #2845,#2846,#2847,#2848,#2849,#2850,#2851,#2852,#2853,#2854,#2855,
    #2856,#2857,#2858,#2859,#2860,#2861,#2862,#2863,#2864,#2865,#2866,
    #2867,#2868,#2869,#2870),.UNSPECIFIED.,.F.,.F.) 
B_SPLINE_CURVE_WITH_KNOTS((9,7,7,7,9),(18.261799387802,18.333882875377,
18.451765875004,18.694188073418,18.7981871312),.UNSPECIFIED.) CURVE() 
GEOMETRIC_REPRESENTATION_ITEM() RATIONAL_B_SPLINE_CURVE((1.,1.,1.,1.,1.,
    1.,1.,1.,1.,1.,1.,1.,1.,1.,1.,1.,1.,1.,1.,1.,1.,1.,1.,1.,1.,1.,1.,1.
,1.,1.)) REPRESENTATION_ITEM('') );
#2841 = CARTESIAN_POINT('',(66.45,1.933012701898,9.249999999989));
#2842 = CARTESIAN_POINT('',(66.45,1.929265753937,9.256489904232));
#2843 = CARTESIAN_POINT('',(66.450250801383,1.925434433809,
    9.262885768345));
#2844 = CARTESIAN_POINT('',(66.450745438093,1.921363315697,
    9.269361590173));
#2845 = CARTESIAN_POINT('',(66.45145841869,1.917438129964,9.275476194408
    ));
#2846 = CARTESIAN_POINT('',(66.452387357904,1.913205819316,
    9.281763659075));
#2847 = CARTESIAN_POINT('',(66.453527775422,1.908702149089,
    9.288150712095));
#2848 = CARTESIAN_POINT('',(66.454851064157,1.904905157744,
    9.293472236749));
#2849 = CARTESIAN_POINT('',(66.458816148778,1.891273918809,
    9.311613548895));
#2850 = CARTESIAN_POINT('',(66.461825215881,1.881266836277,
    9.324152765345));
#2851 = CARTESIAN_POINT('',(66.465503921077,1.871755570898,
    9.335035459648));
#2852 = CARTESIAN_POINT('',(66.469630294563,1.861810616277,
    9.345762428198));
#2853 = CARTESIAN_POINT('',(66.474154913938,1.851451440118,
    9.356318747271));
#2854 = CARTESIAN_POINT('',(66.479111356586,1.84112371508,9.366019976137
    ));
#2855 = CARTESIAN_POINT('',(66.484404503437,1.830399376084,
    9.375545740942));
#2856 = CARTESIAN_POINT('',(66.501383763931,1.797292636308,9.40305821539
    ));
#2857 = CARTESIAN_POINT('',(66.513781800078,1.774655176022,
    9.419353595321));
#2858 = CARTESIAN_POINT('',(66.526792772102,1.751535335959,
    9.433983783279));
#2859 = CARTESIAN_POINT('',(66.540529101601,1.727290384661,
    9.447359018183));
#2860 = CARTESIAN_POINT('',(66.554958918411,1.701469871092,
    9.459566167184));
#2861 = CARTESIAN_POINT('',(66.569586125781,1.674074638405,
    9.470371346231));
#2862 = CARTESIAN_POINT('',(66.583428280318,1.645359787828,
    9.479408274366));
#2863 = CARTESIAN_POINT('',(66.600381942241,1.602235155071,
    9.489617173293));
#2864 = CARTESIAN_POINT('',(66.605112684056,1.589045884672,
    9.492333428326));
#2865 = CARTESIAN_POINT('',(66.609587950774,1.574823209728,
    9.494794587631));
#2866 = CARTESIAN_POINT('',(66.613180616103,1.561479882894,
    9.496687018544));
#2867 = CARTESIAN_POINT('',(66.616547129775,1.545852239815,
    9.498411416051));
#2868 = CARTESIAN_POINT('',(66.618612442528,1.530913966348,
    9.499442176244));
#2869 = CARTESIAN_POINT('',(66.619722436227,1.515487821189,9.5));
#2870 = CARTESIAN_POINT('',(66.619722436227,1.5,9.5));
#2871 = PCURVE('',#874,#2872);
#2872 = DEFINITIONAL_REPRESENTATION('',(#2873),#2966);
#2873 = B_SPLINE_CURVE_WITH_KNOTS('',11,(#2874,#2875,#2876,#2877,#2878,
    #2879,#2880,#2881,#2882,#2883,#2884,#2885,#2886,#2887,#2888,#2889,
    #2890,#2891,#2892,#2893,#2894,#2895,#2896,#2897,#2898,#2899,#2900,
    #2901,#2902,#2903,#2904,#2905,#2906,#2907,#2908,#2909,#2910,#2911,
    #2912,#2913,#2914,#2915,#2916,#2917,#2918,#2919,#2920,#2921,#2922,
    #2923,#2924,#2925,#2926,#2927,#2928,#2929,#2930,#2931,#2932,#2933,
    #2934,#2935,#2936,#2937,#2938,#2939,#2940,#2941,#2942,#2943,#2944,
    #2945,#2946,#2947,#2948,#2949,#2950,#2951,#2952,#2953,#2954,#2955,
    #2956,#2957,#2958,#2959,#2960,#2961,#2962,#2963,#2964,#2965),
  .UNSPECIFIED.,.F.,.F.,(12,10,10,10,10,10,10,10,10,12),(18.261799387802
    ,18.328847855727,18.345609972708,18.362372089689,18.395896323652,
    18.462944791576,18.529993259501,18.66409019535,18.731138663275,
    18.7981871312),.UNSPECIFIED.);
#2874 = CARTESIAN_POINT('',(0.523598775573,4.25));
#2875 = CARTESIAN_POINT('',(0.533737609807,4.25));
#2876 = CARTESIAN_POINT('',(0.543841378167,4.250110470875));
#2877 = CARTESIAN_POINT('',(0.554038038038,4.250329496089));
#2878 = CARTESIAN_POINT('',(0.564196845853,4.250652242761));
#2879 = CARTESIAN_POINT('',(0.574282079955,4.251074445208));
#2880 = CARTESIAN_POINT('',(0.584380569533,4.251593288802));
#2881 = CARTESIAN_POINT('',(0.594565348091,4.25220670647));
#2882 = CARTESIAN_POINT('',(0.604757749954,4.252912100537));
#2883 = CARTESIAN_POINT('',(0.614750268244,4.25370550211));
#2884 = CARTESIAN_POINT('',(0.624552492855,4.254582180764));
#2885 = CARTESIAN_POINT('',(0.637889935346,4.255779100759));
#2886 = CARTESIAN_POINT('',(0.640626579597,4.256023361641));
#2887 = CARTESIAN_POINT('',(0.643376895873,4.25627351706));
#2888 = CARTESIAN_POINT('',(0.646140810737,4.256527955602));
#2889 = CARTESIAN_POINT('',(0.649938714288,4.256782155432));
#2890 = CARTESIAN_POINT('',(0.651675515461,4.257057707094));
#2891 = CARTESIAN_POINT('',(0.655746186973,4.257320788124));
#2892 = CARTESIAN_POINT('',(0.658220623846,4.257603084374));
#2893 = CARTESIAN_POINT('',(0.661449977396,4.257885147398));
#2894 = CARTESIAN_POINT('',(0.664487122173,4.258174920326));
#2895 = CARTESIAN_POINT('',(0.670635739765,4.258765926372));
#2896 = CARTESIAN_POINT('',(0.673720010536,4.259067398322));
#2897 = CARTESIAN_POINT('',(0.676811563452,4.259374824383));
#2898 = CARTESIAN_POINT('',(0.679908028131,4.259688182005));
#2899 = CARTESIAN_POINT('',(0.683007343644,4.260007440943));
#2900 = CARTESIAN_POINT('',(0.686107758507,4.260332563185));
#2901 = CARTESIAN_POINT('',(0.689207830693,4.260663503051));
#2902 = CARTESIAN_POINT('',(0.692306427618,4.261000207086));
#2903 = CARTESIAN_POINT('',(0.695402726154,4.261342614155));
#2904 = CARTESIAN_POINT('',(0.698496212618,4.261690655374));
#2905 = CARTESIAN_POINT('',(0.707767623108,4.262751451698));
#2906 = CARTESIAN_POINT('',(0.713933833071,4.263480956563));
#2907 = CARTESIAN_POINT('',(0.720084434635,4.264232148071));
#2908 = CARTESIAN_POINT('',(0.72621885346,4.26500443161));
#2909 = CARTESIAN_POINT('',(0.73233681891,4.265797238631));
#2910 = CARTESIAN_POINT('',(0.738438364044,4.26661002664));
#2911 = CARTESIAN_POINT('',(0.744523825626,4.267442279208));
#2912 = CARTESIAN_POINT('',(0.750593844113,4.268293505964));
#2913 = CARTESIAN_POINT('',(0.756649363666,4.2691632426));
#2914 = CARTESIAN_POINT('',(0.762691632143,4.270051050864));
#2915 = CARTESIAN_POINT('',(0.780783339024,4.272767453977));
#2916 = CARTESIAN_POINT('',(0.792785120418,4.274648316803));
#2917 = CARTESIAN_POINT('',(0.804760102802,4.276598673662));
#2918 = CARTESIAN_POINT('',(0.816675044116,4.278613536288));
#2919 = CARTESIAN_POINT('',(0.828518428931,4.280689042043));
#2920 = CARTESIAN_POINT('',(0.840314382012,4.282823309144));
#2921 = CARTESIAN_POINT('',(0.852094626558,4.285014548082));
#2922 = CARTESIAN_POINT('',(0.863860144442,4.287258510984));
#2923 = CARTESIAN_POINT('',(0.87556419574,4.28954736032));
#2924 = CARTESIAN_POINT('',(0.887148354888,4.291872038719));
#2925 = CARTESIAN_POINT('',(0.910178086649,4.296588403973));
#2926 = CARTESIAN_POINT('',(0.921617115327,4.298980785843));
#2927 = CARTESIAN_POINT('',(0.932990324413,4.30140600066));
#2928 = CARTESIAN_POINT('',(0.944307556328,4.303862783973));
#2929 = CARTESIAN_POINT('',(0.955578478299,4.306349973148));
#2930 = CARTESIAN_POINT('',(0.966812582366,4.308866507424));
#2931 = CARTESIAN_POINT('',(0.978019185372,4.311411427828));
#2932 = CARTESIAN_POINT('',(0.989207428973,4.313983877279));
#2933 = CARTESIAN_POINT('',(1.000386279631,4.316583100486));
#2934 = CARTESIAN_POINT('',(1.011564528618,4.319208444025));
#2935 = CARTESIAN_POINT('',(1.045123318809,4.327161180843));
#2936 = CARTESIAN_POINT('',(1.067522662326,4.332562869565));
#2937 = CARTESIAN_POINT('',(1.090018755218,4.338058504222));
#2938 = CARTESIAN_POINT('',(1.11266517308,4.343637075257));
#2939 = CARTESIAN_POINT('',(1.135501472126,4.349281969548));
#2940 = CARTESIAN_POINT('',(1.158555526769,4.354970457837));
#2941 = CARTESIAN_POINT('',(1.181845867331,4.360673182622));
#2942 = CARTESIAN_POINT('',(1.205384017603,4.366353645508));
#2943 = CARTESIAN_POINT('',(1.229176832553,4.371967695075));
#2944 = CARTESIAN_POINT('',(1.25322883591,4.377463014342));
#2945 = CARTESIAN_POINT('',(1.289702418797,4.385436405562));
#2946 = CARTESIAN_POINT('',(1.301950471483,4.388052370881));
#2947 = CARTESIAN_POINT('',(1.314139175064,4.39059977102));
#2948 = CARTESIAN_POINT('',(1.326663194693,4.393124725569));
#2949 = CARTESIAN_POINT('',(1.339078728209,4.395552251918));
#2950 = CARTESIAN_POINT('',(1.351381278517,4.397877971618));
#2951 = CARTESIAN_POINT('',(1.364019503954,4.400162014099));
#2952 = CARTESIAN_POINT('',(1.376999312455,4.402390216651));
#2953 = CARTESIAN_POINT('',(1.389872494872,4.404479315265));
#2954 = CARTESIAN_POINT('',(1.403005916557,4.406477444408));
#2955 = CARTESIAN_POINT('',(1.429575295429,4.410220394747));
#2956 = CARTESIAN_POINT('',(1.44301661819,4.411966606756));
#2957 = CARTESIAN_POINT('',(1.456666215745,4.413580621048));
#2958 = CARTESIAN_POINT('',(1.470523327973,4.415045686296));
#2959 = CARTESIAN_POINT('',(1.484558990059,4.416341250708));
#2960 = CARTESIAN_POINT('',(1.49873449784,4.417447421993));
#2961 = CARTESIAN_POINT('',(1.513014141578,4.418347870957));
#2962 = CARTESIAN_POINT('',(1.527372208182,4.419031178755));
#2963 = CARTESIAN_POINT('',(1.541794251863,4.419490627785));
#2964 = CARTESIAN_POINT('',(1.556272633224,4.419722436227));
#2965 = CARTESIAN_POINT('',(1.570796326795,4.419722436227));
#2966 = ( GEOMETRIC_REPRESENTATION_CONTEXT(2) 
PARAMETRIC_REPRESENTATION_CONTEXT() REPRESENTATION_CONTEXT('2D SPACE',''
  ) );
#2967 = PCURVE('',#2968,#3059);
#2968 = ( BOUNDED_SURFACE() B_SPLINE_SURFACE(2,8,(
    (#2969,#2970,#2971,#2972,#2973,#2974,#2975,#2976,#2977,#2978,#2979
      ,#2980,#2981,#2982,#2983,#2984,#2985,#2986,#2987,#2988,#2989,#2990
      ,#2991,#2992,#2993,#2994,#2995,#2996,#2997,#2998)
    ,(#2999,#3000,#3001,#3002,#3003,#3004,#3005,#3006,#3007,#3008,#3009
      ,#3010,#3011,#3012,#3013,#3014,#3015,#3016,#3017,#3018,#3019,#3020
      ,#3021,#3022,#3023,#3024,#3025,#3026,#3027,#3028)
    ,(#3029,#3030,#3031,#3032,#3033,#3034,#3035,#3036,#3037,#3038,#3039
      ,#3040,#3041,#3042,#3043,#3044,#3045,#3046,#3047,#3048,#3049,#3050
      ,#3051,#3052,#3053,#3054,#3055,#3056,#3057,#3058
)),.UNSPECIFIED.,.F.,.F.,.F.) B_SPLINE_SURFACE_WITH_KNOTS((3,3),(9,7,7,7
    ,9),(0.,0.536387743397),(18.261799387802,18.333882875377,
    18.451765875004,18.694188073418,18.7981871312),.UNSPECIFIED.) 
GEOMETRIC_REPRESENTATION_ITEM() RATIONAL_B_SPLINE_SURFACE((
    (1.,1.,1.,1.,1.,1.,1.,1.,1.,1.,1.,1.,1.,1.,1.,1.,1.,1.,1.,1.,1.,1.
      ,1.,1.,1.,1.,1.,1.,1.,1.)
    ,(0.707106781187,0.712113023279,0.7172793302,0.722555612589
      ,0.728028612378,0.733578616441,0.739182968089,0.745050706757
      ,0.76013017332,0.769518786226,0.779206528229,0.78893731265
      ,0.79861539132,0.808266573469,0.817805022473,0.846320049083
      ,0.864326709957,0.881203021238,0.897143912279,0.91208654734
      ,0.925602339453,0.937085071867,0.950160498306,0.953667819105
      ,0.956836786477,0.959317639709,0.961545773059,0.962898114739
      ,0.963624111659,0.963624111659)
    ,(1.,1.,1.,1.,1.,1.,1.,1.,1.,1.,1.,1.,1.,1.,1.,1.,1.,1.,1.,1.,1.,1.
,1.,1.,1.,1.,1.,1.,1.,1.))) REPRESENTATION_ITEM('') SURFACE() );
#2969 = CARTESIAN_POINT('',(66.45,1.933012701898,9.249999999989));
#2970 = CARTESIAN_POINT('',(66.45,1.929265753937,9.256489904232));
#2971 = CARTESIAN_POINT('',(66.450250801383,1.925434433809,
    9.262885768345));
#2972 = CARTESIAN_POINT('',(66.450745438093,1.921363315697,
    9.269361590173));
#2973 = CARTESIAN_POINT('',(66.45145841869,1.917438129964,9.275476194408
    ));
#2974 = CARTESIAN_POINT('',(66.452387357904,1.913205819316,
    9.281763659075));
#2975 = CARTESIAN_POINT('',(66.453527775422,1.908702149089,
    9.288150712095));
#2976 = CARTESIAN_POINT('',(66.454851064157,1.904905157744,
    9.293472236749));
#2977 = CARTESIAN_POINT('',(66.458816148778,1.891273918809,
    9.311613548895));
#2978 = CARTESIAN_POINT('',(66.461825215881,1.881266836277,
    9.324152765345));
#2979 = CARTESIAN_POINT('',(66.465503921077,1.871755570898,
    9.335035459648));
#2980 = CARTESIAN_POINT('',(66.469630294563,1.861810616277,
    9.345762428198));
#2981 = CARTESIAN_POINT('',(66.474154913938,1.851451440118,
    9.356318747271));
#2982 = CARTESIAN_POINT('',(66.479111356586,1.84112371508,9.366019976137
    ));
#2983 = CARTESIAN_POINT('',(66.484404503437,1.830399376084,
    9.375545740942));
#2984 = CARTESIAN_POINT('',(66.501383763931,1.797292636308,9.40305821539
    ));
#2985 = CARTESIAN_POINT('',(66.513781800078,1.774655176022,
    9.419353595321));
#2986 = CARTESIAN_POINT('',(66.526792772102,1.751535335959,
    9.433983783279));
#2987 = CARTESIAN_POINT('',(66.540529101601,1.727290384661,
    9.447359018183));
#2988 = CARTESIAN_POINT('',(66.554958918411,1.701469871092,
    9.459566167184));
#2989 = CARTESIAN_POINT('',(66.569586125781,1.674074638405,
    9.470371346231));
#2990 = CARTESIAN_POINT('',(66.583428280318,1.645359787828,
    9.479408274366));
#2991 = CARTESIAN_POINT('',(66.600381942241,1.602235155071,
    9.489617173293));
#2992 = CARTESIAN_POINT('',(66.605112684056,1.589045884672,
    9.492333428326));
#2993 = CARTESIAN_POINT('',(66.609587950774,1.574823209728,
    9.494794587631));
#2994 = CARTESIAN_POINT('',(66.613180616103,1.561479882894,
    9.496687018544));
#2995 = CARTESIAN_POINT('',(66.616547129775,1.545852239815,
    9.498411416051));
#2996 = CARTESIAN_POINT('',(66.618612442528,1.530913966348,
    9.499442176244));
#2997 = CARTESIAN_POINT('',(66.619722436227,1.515487821189,9.5));
#2998 = CARTESIAN_POINT('',(66.619722436227,1.5,9.5));
#2999 = CARTESIAN_POINT('',(66.55,1.933012701891,9.250000000002));
#3000 = CARTESIAN_POINT('',(66.548593975414,1.929292095483,
    9.256444279336));
#3001 = CARTESIAN_POINT('',(66.547400980195,1.925457750291,
    9.262833335139));
#3002 = CARTESIAN_POINT('',(66.546421720996,1.921497003149,
    9.269182428046));
#3003 = CARTESIAN_POINT('',(66.54562576928,1.917440526575,9.275449568283
    ));
#3004 = CARTESIAN_POINT('',(66.545030327344,1.913251712069,9.28168101958
    ));
#3005 = CARTESIAN_POINT('',(66.544631793802,1.908932040352,
    9.287872869808));
#3006 = CARTESIAN_POINT('',(66.544376206326,1.904562856206,
    9.293915710424));
#3007 = CARTESIAN_POINT('',(66.544278708661,1.892644413865,
    9.309808975484));
#3008 = CARTESIAN_POINT('',(66.544718508465,1.884876652514,
    9.319609282717));
#3009 = CARTESIAN_POINT('',(66.545613774701,1.876777776844,
    9.329292591059));
#3010 = CARTESIAN_POINT('',(66.54696859477,1.868239636814,9.338904557849
    ));
#3011 = CARTESIAN_POINT('',(66.548750039802,1.859317714321,
    9.348375925334));
#3012 = CARTESIAN_POINT('',(66.550936479266,1.85004034977,9.357658858362
    ));
#3013 = CARTESIAN_POINT('',(66.553543931726,1.840268469181,
    9.366832165723));
#3014 = CARTESIAN_POINT('',(66.562326837883,1.810194769947,
    9.393353929763));
#3015 = CARTESIAN_POINT('',(66.569530147623,1.788939618237,
    9.409865286182));
#3016 = CARTESIAN_POINT('',(66.577732736152,1.766532486164,
    9.425259673782));
#3017 = CARTESIAN_POINT('',(66.587021650885,1.742319189567,
    9.439797611783));
#3018 = CARTESIAN_POINT('',(66.597360721112,1.715822417754,
    9.453450437285));
#3019 = CARTESIAN_POINT('',(66.608315844723,1.687058779179,9.46579156496
    ));
#3020 = CARTESIAN_POINT('',(66.619014743677,1.656372615425,
    9.476224304301));
#3021 = CARTESIAN_POINT('',(66.632203260138,1.610166690418,
    9.487983625182));
#3022 = CARTESIAN_POINT('',(66.635887664349,1.596078176911,
    9.491106987706));
#3023 = CARTESIAN_POINT('',(66.639401635118,1.580855748303,
    9.493944112802));
#3024 = CARTESIAN_POINT('',(66.642249617409,1.566444617611,
    9.496149134003));
#3025 = CARTESIAN_POINT('',(66.644925536959,1.549608031215,
    9.498148688484));
#3026 = CARTESIAN_POINT('',(66.646574954679,1.533422690477,
    9.499352657555));
#3027 = CARTESIAN_POINT('',(66.647457446038,1.516733591302,9.5));
#3028 = CARTESIAN_POINT('',(66.647457446038,1.5,9.5));
#3029 = CARTESIAN_POINT('',(66.55,2.019615242271,9.3));
#3030 = CARTESIAN_POINT('',(66.55,2.013892630898,9.307079895464));
#3031 = CARTESIAN_POINT('',(66.550229801247,2.008008280256,
    9.314015825401));
#3032 = CARTESIAN_POINT('',(66.550669128151,2.001997384163,
    9.320789960112));
#3033 = CARTESIAN_POINT('',(66.551310710899,1.995797301913,
    9.327430533025));
#3034 = CARTESIAN_POINT('',(66.552131246273,1.989486808113,9.33390194172
    ));
#3035 = CARTESIAN_POINT('',(66.553114522429,1.983084033438,
    9.340195942347));
#3036 = CARTESIAN_POINT('',(66.554263772213,1.976448225157,
    9.346377629731));
#3037 = CARTESIAN_POINT('',(66.557627943841,1.959007971648,
    9.362090391729));
#3038 = CARTESIAN_POINT('',(66.560085556398,1.947975381917,
    9.371394895743));
#3039 = CARTESIAN_POINT('',(66.562866771136,1.936626939953,
    9.380328829467));
#3040 = CARTESIAN_POINT('',(66.565956062343,1.924964374001,
    9.388926209433));
#3041 = CARTESIAN_POINT('',(66.569299749338,1.913064871281,
    9.397160025214));
#3042 = CARTESIAN_POINT('',(66.572863282612,1.900932039712,
    9.405040127274));
#3043 = CARTESIAN_POINT('',(66.576661850059,1.888474637273,
    9.412640666572));
#3044 = CARTESIAN_POINT('',(66.588733270158,1.84991190131,9.434734202572
    ));
#3045 = CARTESIAN_POINT('',(66.597438650631,1.823522920471,
    9.447909641636));
#3046 = CARTESIAN_POINT('',(66.606530010779,1.796488855815,
    9.459812903363));
#3047 = CARTESIAN_POINT('',(66.616111452722,1.768072195166,
    9.470758454444));
#3048 = CARTESIAN_POINT('',(66.626171665886,1.737750037377,
    9.480799295134));
#3049 = CARTESIAN_POINT('',(66.636368425607,1.705496192159,
    9.489724037048));
#3050 = CARTESIAN_POINT('',(66.646014557629,1.671595316656,
    9.497209533922));
#3051 = CARTESIAN_POINT('',(66.657804964121,1.620714026592,
    9.505668542694));
#3052 = CARTESIAN_POINT('',(66.661099112396,1.605107686519,
    9.507926213915));
#3053 = CARTESIAN_POINT('',(66.664195917334,1.588396102262,
    9.509958682054));
#3054 = CARTESIAN_POINT('',(66.666705082994,1.572520796057,
    9.511542726392));
#3055 = CARTESIAN_POINT('',(66.669026404469,1.554163336985,
    9.512963677591));
#3056 = CARTESIAN_POINT('',(66.670462303971,1.536487892616,9.51382357451
    ));
#3057 = CARTESIAN_POINT('',(66.671230311591,1.518282966133,
    9.514285714286));
#3058 = CARTESIAN_POINT('',(66.671230311591,1.5,9.514285714286));
#3059 = DEFINITIONAL_REPRESENTATION('',(#3060),#3064);
#3060 = LINE('',#3061,#3062);
#3061 = CARTESIAN_POINT('',(0.,0.));
#3062 = VECTOR('',#3063,1.);
#3063 = DIRECTION('',(0.,1.));
#3064 = ( GEOMETRIC_REPRESENTATION_CONTEXT(2) 
PARAMETRIC_REPRESENTATION_CONTEXT() REPRESENTATION_CONTEXT('2D SPACE',''
  ) );
#3065 = ORIENTED_EDGE('',*,*,#3066,.F.);
#3066 = EDGE_CURVE('',#2812,#2837,#3067,.T.);
#3067 = SURFACE_CURVE('',#3068,(#3073,#3080),.PCURVE_S1.);
#3068 = CIRCLE('',#3069,0.5);
#3069 = AXIS2_PLACEMENT_3D('',#3070,#3071,#3072);
#3070 = CARTESIAN_POINT('',(66.45,1.5,9.));
#3071 = DIRECTION('',(1.,0.,-0.));
#3072 = DIRECTION('',(0.,1.,0.));
#3073 = PCURVE('',#874,#3074);
#3074 = DEFINITIONAL_REPRESENTATION('',(#3075),#3079);
#3075 = LINE('',#3076,#3077);
#3076 = CARTESIAN_POINT('',(0.,4.25));
#3077 = VECTOR('',#3078,1.);
#3078 = DIRECTION('',(1.,0.));
#3079 = ( GEOMETRIC_REPRESENTATION_CONTEXT(2) 
PARAMETRIC_REPRESENTATION_CONTEXT() REPRESENTATION_CONTEXT('2D SPACE',''
  ) );
#3080 = PCURVE('',#3081,#3086);
#3081 = TOROIDAL_SURFACE('',#3082,0.6,0.1);
#3082 = AXIS2_PLACEMENT_3D('',#3083,#3084,#3085);
#3083 = CARTESIAN_POINT('',(66.45,1.5,9.));
#3084 = DIRECTION('',(-1.,-0.,0.));
#3085 = DIRECTION('',(0.,1.,0.));
#3086 = DEFINITIONAL_REPRESENTATION('',(#3087),#3091);
#3087 = LINE('',#3088,#3089);
#3088 = CARTESIAN_POINT('',(-0.,3.14159265359));
#3089 = VECTOR('',#3090,1.);
#3090 = DIRECTION('',(-1.,0.));
#3091 = ( GEOMETRIC_REPRESENTATION_CONTEXT(2) 
PARAMETRIC_REPRESENTATION_CONTEXT() REPRESENTATION_CONTEXT('2D SPACE',''
  ) );
#3092 = ADVANCED_FACE('',(#3093),#829,.F.);
#3093 = FACE_BOUND('',#3094,.F.);
#3094 = EDGE_LOOP('',(#3095,#3118,#3119,#3120));
#3095 = ORIENTED_EDGE('',*,*,#3096,.F.);
#3096 = EDGE_CURVE('',#760,#3097,#3099,.T.);
#3097 = VERTEX_POINT('',#3098);
#3098 = CARTESIAN_POINT('',(66.45,2.,-9.));
#3099 = SURFACE_CURVE('',#3100,(#3104,#3111),.PCURVE_S1.);
#3100 = LINE('',#3101,#3102);
#3101 = CARTESIAN_POINT('',(62.2,2.,-9.));
#3102 = VECTOR('',#3103,1.);
#3103 = DIRECTION('',(1.,0.,0.));
#3104 = PCURVE('',#829,#3105);
#3105 = DEFINITIONAL_REPRESENTATION('',(#3106),#3110);
#3106 = LINE('',#3107,#3108);
#3107 = CARTESIAN_POINT('',(0.5,0.));
#3108 = VECTOR('',#3109,1.);
#3109 = DIRECTION('',(0.,1.));
#3110 = ( GEOMETRIC_REPRESENTATION_CONTEXT(2) 
PARAMETRIC_REPRESENTATION_CONTEXT() REPRESENTATION_CONTEXT('2D SPACE',''
  ) );
#3111 = PCURVE('',#793,#3112);
#3112 = DEFINITIONAL_REPRESENTATION('',(#3113),#3117);
#3113 = LINE('',#3114,#3115);
#3114 = CARTESIAN_POINT('',(-0.,0.));
#3115 = VECTOR('',#3116,1.);
#3116 = DIRECTION('',(-0.,1.));
#3117 = ( GEOMETRIC_REPRESENTATION_CONTEXT(2) 
PARAMETRIC_REPRESENTATION_CONTEXT() REPRESENTATION_CONTEXT('2D SPACE',''
  ) );
#3118 = ORIENTED_EDGE('',*,*,#814,.F.);
#3119 = ORIENTED_EDGE('',*,*,#2811,.T.);
#3120 = ORIENTED_EDGE('',*,*,#3121,.F.);
#3121 = EDGE_CURVE('',#3097,#2812,#3122,.T.);
#3122 = SURFACE_CURVE('',#3123,(#3127,#3134),.PCURVE_S1.);
#3123 = LINE('',#3124,#3125);
#3124 = CARTESIAN_POINT('',(66.45,2.,-9.));
#3125 = VECTOR('',#3126,1.);
#3126 = DIRECTION('',(0.,0.,1.));
#3127 = PCURVE('',#829,#3128);
#3128 = DEFINITIONAL_REPRESENTATION('',(#3129),#3133);
#3129 = LINE('',#3130,#3131);
#3130 = CARTESIAN_POINT('',(0.5,4.25));
#3131 = VECTOR('',#3132,1.);
#3132 = DIRECTION('',(1.,0.));
#3133 = ( GEOMETRIC_REPRESENTATION_CONTEXT(2) 
PARAMETRIC_REPRESENTATION_CONTEXT() REPRESENTATION_CONTEXT('2D SPACE',''
  ) );
#3134 = PCURVE('',#3135,#3140);
#3135 = CYLINDRICAL_SURFACE('',#3136,0.1);
#3136 = AXIS2_PLACEMENT_3D('',#3137,#3138,#3139);
#3137 = CARTESIAN_POINT('',(66.45,2.1,-9.));
#3138 = DIRECTION('',(0.,0.,1.));
#3139 = DIRECTION('',(0.,-1.,0.));
#3140 = DEFINITIONAL_REPRESENTATION('',(#3141),#3145);
#3141 = LINE('',#3142,#3143);
#3142 = CARTESIAN_POINT('',(0.,0.));
#3143 = VECTOR('',#3144,1.);
#3144 = DIRECTION('',(0.,1.));
#3145 = ( GEOMETRIC_REPRESENTATION_CONTEXT(2) 
PARAMETRIC_REPRESENTATION_CONTEXT() REPRESENTATION_CONTEXT('2D SPACE',''
  ) );
#3146 = ADVANCED_FACE('',(#3147),#793,.F.);
#3147 = FACE_BOUND('',#3148,.T.);
#3148 = EDGE_LOOP('',(#3149,#3150,#3151,#3174,#3404));
#3149 = ORIENTED_EDGE('',*,*,#3096,.F.);
#3150 = ORIENTED_EDGE('',*,*,#759,.T.);
#3151 = ORIENTED_EDGE('',*,*,#3152,.T.);
#3152 = EDGE_CURVE('',#727,#3153,#3155,.T.);
#3153 = VERTEX_POINT('',#3154);
#3154 = CARTESIAN_POINT('',(66.619722436227,1.5,-9.5));
#3155 = SURFACE_CURVE('',#3156,(#3160,#3167),.PCURVE_S1.);
#3156 = LINE('',#3157,#3158);
#3157 = CARTESIAN_POINT('',(62.2,1.5,-9.5));
#3158 = VECTOR('',#3159,1.);
#3159 = DIRECTION('',(1.,0.,0.));
#3160 = PCURVE('',#793,#3161);
#3161 = DEFINITIONAL_REPRESENTATION('',(#3162),#3166);
#3162 = LINE('',#3163,#3164);
#3163 = CARTESIAN_POINT('',(-1.570796326795,0.));
#3164 = VECTOR('',#3165,1.);
#3165 = DIRECTION('',(-0.,1.));
#3166 = ( GEOMETRIC_REPRESENTATION_CONTEXT(2) 
PARAMETRIC_REPRESENTATION_CONTEXT() REPRESENTATION_CONTEXT('2D SPACE',''
  ) );
#3167 = PCURVE('',#743,#3168);
#3168 = DEFINITIONAL_REPRESENTATION('',(#3169),#3173);
#3169 = LINE('',#3170,#3171);
#3170 = CARTESIAN_POINT('',(0.,3.5));
#3171 = VECTOR('',#3172,1.);
#3172 = DIRECTION('',(1.,0.));
#3173 = ( GEOMETRIC_REPRESENTATION_CONTEXT(2) 
PARAMETRIC_REPRESENTATION_CONTEXT() REPRESENTATION_CONTEXT('2D SPACE',''
  ) );
#3174 = ORIENTED_EDGE('',*,*,#3175,.T.);
#3175 = EDGE_CURVE('',#3153,#3176,#3178,.T.);
#3176 = VERTEX_POINT('',#3177);
#3177 = CARTESIAN_POINT('',(66.45,1.933012701914,-9.249999999963));
#3178 = SURFACE_CURVE('',#3179,(#3210,#3306),.PCURVE_S1.);
#3179 = ( BOUNDED_CURVE() B_SPLINE_CURVE(8,(#3180,#3181,#3182,#3183,
    #3184,#3185,#3186,#3187,#3188,#3189,#3190,#3191,#3192,#3193,#3194,
    #3195,#3196,#3197,#3198,#3199,#3200,#3201,#3202,#3203,#3204,#3205,
    #3206,#3207,#3208,#3209),.UNSPECIFIED.,.F.,.F.) 
B_SPLINE_CURVE_WITH_KNOTS((9,7,7,7,9),(44.394561393687,44.498560538248,
    44.740982688028,44.858865664004,44.930949137119),.UNSPECIFIED.) 
CURVE() GEOMETRIC_REPRESENTATION_ITEM() RATIONAL_B_SPLINE_CURVE((1.,1.,
    1.,1.,1.,1.,1.,1.,1.,1.,1.,1.,1.,1.,1.,1.,1.,1.,1.,1.,1.,1.,1.,1.,1.
,1.,1.,1.,1.,1.)) REPRESENTATION_ITEM('') );
#3180 = CARTESIAN_POINT('',(66.619722436227,1.5,-9.5));
#3181 = CARTESIAN_POINT('',(66.619722436227,1.515487816288,-9.5));
#3182 = CARTESIAN_POINT('',(66.618612249726,1.53091760366,
    -9.499442224558));
#3183 = CARTESIAN_POINT('',(66.616544146445,1.545857911082,
    -9.49840927492));
#3184 = CARTESIAN_POINT('',(66.613192940594,1.561428614522,
    -9.496694311799));
#3185 = CARTESIAN_POINT('',(66.609578008893,1.574868023548,
    -9.494788878812));
#3186 = CARTESIAN_POINT('',(66.605115562894,1.589032518604,
    -9.492335031286));
#3187 = CARTESIAN_POINT('',(66.600381945953,1.602235145494,
    -9.48961717555));
#3188 = CARTESIAN_POINT('',(66.583428284269,1.645359777656,
    -9.479408276799));
#3189 = CARTESIAN_POINT('',(66.569586124542,1.674074642909,
    -9.470371345589));
#3190 = CARTESIAN_POINT('',(66.554958917089,1.701469874846,
    -9.459566166401));
#3191 = CARTESIAN_POINT('',(66.540529102465,1.727290381654,
    -9.447359018639));
#3192 = CARTESIAN_POINT('',(66.526792772937,1.751535333412,
    -9.433983783755));
#3193 = CARTESIAN_POINT('',(66.513781799309,1.774655178558,
    -9.419353594902));
#3194 = CARTESIAN_POINT('',(66.501383763931,1.797292636308,
    -9.40305821539));
#3195 = CARTESIAN_POINT('',(66.484404503437,1.830399376084,
    -9.375545740942));
#3196 = CARTESIAN_POINT('',(66.479111356587,1.841123715082,
    -9.366019976132));
#3197 = CARTESIAN_POINT('',(66.474154913937,1.851451440109,
    -9.356318747285));
#3198 = CARTESIAN_POINT('',(66.469630294564,1.861810616285,
    -9.345762428185));
#3199 = CARTESIAN_POINT('',(66.465503921078,1.8717555709,-9.335035459642
    ));
#3200 = CARTESIAN_POINT('',(66.461825215877,1.881266836256,
    -9.32415276538));
#3201 = CARTESIAN_POINT('',(66.45881614878,1.891273918855,
    -9.311613548832));
#3202 = CARTESIAN_POINT('',(66.454851064154,1.904905157675,
    -9.293472236843));
#3203 = CARTESIAN_POINT('',(66.453527775429,1.908702149231,
    -9.288150711921));
#3204 = CARTESIAN_POINT('',(66.4523873579,1.913205819301,-9.281763659053
    ));
#3205 = CARTESIAN_POINT('',(66.451458418688,1.917438129852,
    -9.275476194581));
#3206 = CARTESIAN_POINT('',(66.450745438097,1.921363315723,
    -9.269361590176));
#3207 = CARTESIAN_POINT('',(66.450250801381,1.925434433924,
    -9.262885768124));
#3208 = CARTESIAN_POINT('',(66.45,1.929265753841,-9.256489904399));
#3209 = CARTESIAN_POINT('',(66.45,1.933012701914,-9.249999999963));
#3210 = PCURVE('',#793,#3211);
#3211 = DEFINITIONAL_REPRESENTATION('',(#3212),#3305);
#3212 = B_SPLINE_CURVE_WITH_KNOTS('',11,(#3213,#3214,#3215,#3216,#3217,
    #3218,#3219,#3220,#3221,#3222,#3223,#3224,#3225,#3226,#3227,#3228,
    #3229,#3230,#3231,#3232,#3233,#3234,#3235,#3236,#3237,#3238,#3239,
    #3240,#3241,#3242,#3243,#3244,#3245,#3246,#3247,#3248,#3249,#3250,
    #3251,#3252,#3253,#3254,#3255,#3256,#3257,#3258,#3259,#3260,#3261,
    #3262,#3263,#3264,#3265,#3266,#3267,#3268,#3269,#3270,#3271,#3272,
    #3273,#3274,#3275,#3276,#3277,#3278,#3279,#3280,#3281,#3282,#3283,
    #3284,#3285,#3286,#3287,#3288,#3289,#3290,#3291,#3292,#3293,#3294,
    #3295,#3296,#3297,#3298,#3299,#3300,#3301,#3302,#3303,#3304),
  .UNSPECIFIED.,.F.,.F.,(12,10,10,10,10,10,10,10,10,12),(44.394561393687
    ,44.461609861616,44.528658329545,44.662755265403,44.729803733332,
    44.796852201261,44.830376435225,44.847138552207,44.86390066919,
    44.930949137119),.UNSPECIFIED.);
#3213 = CARTESIAN_POINT('',(-1.570796326795,4.419722436227));
#3214 = CARTESIAN_POINT('',(-1.556272649939,4.419722436227));
#3215 = CARTESIAN_POINT('',(-1.541791427426,4.419490406956));
#3216 = CARTESIAN_POINT('',(-1.527368957023,4.419030887814));
#3217 = CARTESIAN_POINT('',(-1.513013946293,4.4183477894));
#3218 = CARTESIAN_POINT('',(-1.498739491708,4.417447777183));
#3219 = CARTESIAN_POINT('',(-1.484569000336,4.416342103992));
#3220 = CARTESIAN_POINT('',(-1.470536054304,4.415046891863));
#3221 = CARTESIAN_POINT('',(-1.456678217778,4.413581862554));
#3222 = CARTESIAN_POINT('',(-1.443024786726,4.411967517448));
#3223 = CARTESIAN_POINT('',(-1.429578481243,4.410220766226));
#3224 = CARTESIAN_POINT('',(-1.403003679938,4.406477243262));
#3225 = CARTESIAN_POINT('',(-1.389869225231,4.404478995654));
#3226 = CARTESIAN_POINT('',(-1.376994921465,4.402389717352));
#3227 = CARTESIAN_POINT('',(-1.364028954618,4.400163016943));
#3228 = CARTESIAN_POINT('',(-1.351388481673,4.397878772283));
#3229 = CARTESIAN_POINT('',(-1.339071587563,4.395551512743));
#3230 = CARTESIAN_POINT('',(-1.326658565596,4.393124238746));
#3231 = CARTESIAN_POINT('',(-1.314146882614,4.390600611756));
#3232 = CARTESIAN_POINT('',(-1.301947975269,4.388052123226));
#3233 = CARTESIAN_POINT('',(-1.28970258992,4.385436442101));
#3234 = CARTESIAN_POINT('',(-1.253228995843,4.377463050708));
#3235 = CARTESIAN_POINT('',(-1.229176983583,4.371967730599));
#3236 = CARTESIAN_POINT('',(-1.20538416,4.36635367986));
#3237 = CARTESIAN_POINT('',(-1.181846002209,4.360673215703));
#3238 = CARTESIAN_POINT('',(-1.15855565543,4.354970489658));
#3239 = CARTESIAN_POINT('',(-1.135501595611,4.349282000119));
#3240 = CARTESIAN_POINT('',(-1.112665291933,4.343637104569));
#3241 = CARTESIAN_POINT('',(-1.090018869451,4.338058532186));
#3242 = CARTESIAN_POINT('',(-1.067522771605,4.332562896077));
#3243 = CARTESIAN_POINT('',(-1.045123422835,4.327161205811));
#3244 = CARTESIAN_POINT('',(-1.011564625274,4.319208466729));
#3245 = CARTESIAN_POINT('',(-1.000386373828,4.316583122429));
#3246 = CARTESIAN_POINT('',(-0.989207520756,4.31398389846));
#3247 = CARTESIAN_POINT('',(-0.978019274825,4.311411448266));
#3248 = CARTESIAN_POINT('',(-0.966812669592,4.308866527115));
#3249 = CARTESIAN_POINT('',(-0.955578563422,4.306349992128));
#3250 = CARTESIAN_POINT('',(-0.944307639465,4.303862802242));
#3251 = CARTESIAN_POINT('',(-0.93299040568,4.301406018247));
#3252 = CARTESIAN_POINT('',(-0.921617194816,4.298980802755));
#3253 = CARTESIAN_POINT('',(-0.910178164421,4.296588420222));
#3254 = CARTESIAN_POINT('',(-0.887148429263,4.291872053651));
#3255 = CARTESIAN_POINT('',(-0.875564268544,4.289547374611));
#3256 = CARTESIAN_POINT('',(-0.863860215208,4.28725852456));
#3257 = CARTESIAN_POINT('',(-0.852094695027,4.285014560898));
#3258 = CARTESIAN_POINT('',(-0.840314448229,4.282823321244));
#3259 = CARTESIAN_POINT('',(-0.828518493026,4.280689053429));
#3260 = CARTESIAN_POINT('',(-0.816675106141,4.278613546992));
#3261 = CARTESIAN_POINT('',(-0.804760162674,4.276598683653));
#3262 = CARTESIAN_POINT('',(-0.792785178066,4.2746483261));
#3263 = CARTESIAN_POINT('',(-0.780783394488,4.272767462619));
#3264 = CARTESIAN_POINT('',(-0.762691684284,4.270051058536));
#3265 = CARTESIAN_POINT('',(-0.756649414694,4.269163249952));
#3266 = CARTESIAN_POINT('',(-0.750593894027,4.268293513));
#3267 = CARTESIAN_POINT('',(-0.744523874429,4.267442285937));
#3268 = CARTESIAN_POINT('',(-0.738438411733,4.266610033056));
#3269 = CARTESIAN_POINT('',(-0.732336865491,4.265797244752));
#3270 = CARTESIAN_POINT('',(-0.726218898927,4.265004437429));
#3271 = CARTESIAN_POINT('',(-0.720084478987,4.2642321536));
#3272 = CARTESIAN_POINT('',(-0.713933876296,4.263480961804));
#3273 = CARTESIAN_POINT('',(-0.707767665192,4.262751456657));
#3274 = CARTESIAN_POINT('',(-0.698496252954,4.261690659919));
#3275 = CARTESIAN_POINT('',(-0.6954027659,4.261342618562));
#3276 = CARTESIAN_POINT('',(-0.692306466769,4.261000211364));
#3277 = CARTESIAN_POINT('',(-0.689207869237,4.260663507184));
#3278 = CARTESIAN_POINT('',(-0.686107796437,4.260332567203));
#3279 = CARTESIAN_POINT('',(-0.683007380944,4.260007444814));
#3280 = CARTESIAN_POINT('',(-0.679908064791,4.259688185763));
#3281 = CARTESIAN_POINT('',(-0.676811599454,4.259374828006));
#3282 = CARTESIAN_POINT('',(-0.673720045865,4.259067401825));
#3283 = CARTESIAN_POINT('',(-0.670635774399,4.258765929752));
#3284 = CARTESIAN_POINT('',(-0.664487155377,4.258174923469));
#3285 = CARTESIAN_POINT('',(-0.661450009587,4.257885150426));
#3286 = CARTESIAN_POINT('',(-0.658220657402,4.257603087265));
#3287 = CARTESIAN_POINT('',(-0.655746211798,4.257320790988));
#3288 = CARTESIAN_POINT('',(-0.651675558037,4.257057709657));
#3289 = CARTESIAN_POINT('',(-0.649938726955,4.256782158181));
#3290 = CARTESIAN_POINT('',(-0.646140852922,4.256527957951));
#3291 = CARTESIAN_POINT('',(-0.643376917729,4.256273519491));
#3292 = CARTESIAN_POINT('',(-0.640626606212,4.256023363924));
#3293 = CARTESIAN_POINT('',(-0.637889959973,4.25577910296));
#3294 = CARTESIAN_POINT('',(-0.62455251255,4.254582182523));
#3295 = CARTESIAN_POINT('',(-0.614750286157,4.253705503546));
#3296 = CARTESIAN_POINT('',(-0.604757766208,4.252912101667));
#3297 = CARTESIAN_POINT('',(-0.594565362437,4.252206707335));
#3298 = CARTESIAN_POINT('',(-0.584380581828,4.25159328942));
#3299 = CARTESIAN_POINT('',(-0.574282090157,4.251074445637));
#3300 = CARTESIAN_POINT('',(-0.564196853929,4.250652243017));
#3301 = CARTESIAN_POINT('',(-0.554038044,4.250329496222));
#3302 = CARTESIAN_POINT('',(-0.54384138218,4.250110470917));
#3303 = CARTESIAN_POINT('',(-0.533737612082,4.25));
#3304 = CARTESIAN_POINT('',(-0.523598775512,4.25));
#3305 = ( GEOMETRIC_REPRESENTATION_CONTEXT(2) 
PARAMETRIC_REPRESENTATION_CONTEXT() REPRESENTATION_CONTEXT('2D SPACE',''
  ) );
#3306 = PCURVE('',#3307,#3398);
#3307 = ( BOUNDED_SURFACE() B_SPLINE_SURFACE(2,8,(
    (#3308,#3309,#3310,#3311,#3312,#3313,#3314,#3315,#3316,#3317,#3318
      ,#3319,#3320,#3321,#3322,#3323,#3324,#3325,#3326,#3327,#3328,#3329
      ,#3330,#3331,#3332,#3333,#3334,#3335,#3336,#3337)
    ,(#3338,#3339,#3340,#3341,#3342,#3343,#3344,#3345,#3346,#3347,#3348
      ,#3349,#3350,#3351,#3352,#3353,#3354,#3355,#3356,#3357,#3358,#3359
      ,#3360,#3361,#3362,#3363,#3364,#3365,#3366,#3367)
    ,(#3368,#3369,#3370,#3371,#3372,#3373,#3374,#3375,#3376,#3377,#3378
      ,#3379,#3380,#3381,#3382,#3383,#3384,#3385,#3386,#3387,#3388,#3389
      ,#3390,#3391,#3392,#3393,#3394,#3395,#3396,#3397
)),.UNSPECIFIED.,.F.,.F.,.F.) B_SPLINE_SURFACE_WITH_KNOTS((3,3),(9,7,7,7
    ,9),(0.,0.536387743432),(44.394561393687,44.498560538248,
    44.740982688028,44.858865664004,44.930949137119),.UNSPECIFIED.) 
GEOMETRIC_REPRESENTATION_ITEM() RATIONAL_B_SPLINE_SURFACE((
    (1.,1.,1.,1.,1.,1.,1.,1.,1.,1.,1.,1.,1.,1.,1.,1.,1.,1.,1.,1.,1.,1.
      ,1.,1.,1.,1.,1.,1.,1.,1.)
    ,(0.963624111659,0.963624111659,0.962897167755,0.96154704688
      ,0.95932095554,0.956833203904,0.953669147727,0.950160501003
      ,0.937085074614,0.925602339353,0.912086546687,0.89714391251
      ,0.881203021599,0.864326709684,0.846320049083,0.817805022473
      ,0.80826657347,0.798615391317,0.788937312653,0.77920652823
      ,0.769518786219,0.760130173335,0.745050706734,0.739182968143
      ,0.733578616415,0.728028612352,0.722555612615,0.717279330201
      ,0.712113023266,0.707106781187)
    ,(1.,1.,1.,1.,1.,1.,1.,1.,1.,1.,1.,1.,1.,1.,1.,1.,1.,1.,1.,1.,1.,1.
,1.,1.,1.,1.,1.,1.,1.,1.))) REPRESENTATION_ITEM('') SURFACE() );
#3308 = CARTESIAN_POINT('',(66.619722436227,1.5,-9.5));
#3309 = CARTESIAN_POINT('',(66.619722436227,1.515487816288,-9.5));
#3310 = CARTESIAN_POINT('',(66.618612249726,1.53091760366,
    -9.499442224558));
#3311 = CARTESIAN_POINT('',(66.616544146445,1.545857911082,
    -9.49840927492));
#3312 = CARTESIAN_POINT('',(66.613192940594,1.561428614522,
    -9.496694311799));
#3313 = CARTESIAN_POINT('',(66.609578008893,1.574868023548,
    -9.494788878812));
#3314 = CARTESIAN_POINT('',(66.605115562894,1.589032518604,
    -9.492335031286));
#3315 = CARTESIAN_POINT('',(66.600381945953,1.602235145494,
    -9.48961717555));
#3316 = CARTESIAN_POINT('',(66.583428284269,1.645359777656,
    -9.479408276799));
#3317 = CARTESIAN_POINT('',(66.569586124542,1.674074642909,
    -9.470371345589));
#3318 = CARTESIAN_POINT('',(66.554958917089,1.701469874846,
    -9.459566166401));
#3319 = CARTESIAN_POINT('',(66.540529102465,1.727290381654,
    -9.447359018639));
#3320 = CARTESIAN_POINT('',(66.526792772937,1.751535333412,
    -9.433983783755));
#3321 = CARTESIAN_POINT('',(66.513781799309,1.774655178558,
    -9.419353594902));
#3322 = CARTESIAN_POINT('',(66.501383763931,1.797292636308,
    -9.40305821539));
#3323 = CARTESIAN_POINT('',(66.484404503437,1.830399376084,
    -9.375545740942));
#3324 = CARTESIAN_POINT('',(66.479111356587,1.841123715082,
    -9.366019976132));
#3325 = CARTESIAN_POINT('',(66.474154913937,1.851451440109,
    -9.356318747285));
#3326 = CARTESIAN_POINT('',(66.469630294564,1.861810616285,
    -9.345762428185));
#3327 = CARTESIAN_POINT('',(66.465503921078,1.8717555709,-9.335035459642
    ));
#3328 = CARTESIAN_POINT('',(66.461825215877,1.881266836256,
    -9.32415276538));
#3329 = CARTESIAN_POINT('',(66.45881614878,1.891273918855,
    -9.311613548832));
#3330 = CARTESIAN_POINT('',(66.454851064154,1.904905157675,
    -9.293472236843));
#3331 = CARTESIAN_POINT('',(66.453527775429,1.908702149231,
    -9.288150711921));
#3332 = CARTESIAN_POINT('',(66.4523873579,1.913205819301,-9.281763659053
    ));
#3333 = CARTESIAN_POINT('',(66.451458418688,1.917438129852,
    -9.275476194581));
#3334 = CARTESIAN_POINT('',(66.450745438097,1.921363315723,
    -9.269361590176));
#3335 = CARTESIAN_POINT('',(66.450250801381,1.925434433924,
    -9.262885768124));
#3336 = CARTESIAN_POINT('',(66.45,1.929265753841,-9.256489904399));
#3337 = CARTESIAN_POINT('',(66.45,1.933012701914,-9.249999999963));
#3338 = CARTESIAN_POINT('',(66.647457446038,1.5,-9.5));
#3339 = CARTESIAN_POINT('',(66.647457446038,1.516733586006,-9.5));
#3340 = CARTESIAN_POINT('',(66.64657455351,1.533429982003,-9.49935227829
    ));
#3341 = CARTESIAN_POINT('',(66.644924206374,1.549599289406,
    -9.49814797646));
#3342 = CARTESIAN_POINT('',(66.64225782199,1.5664118419,-9.496154905958)
  );
#3343 = CARTESIAN_POINT('',(66.639394695693,1.580890168903,
    -9.493939140379));
#3344 = CARTESIAN_POINT('',(66.635889765283,1.596066753168,
    -9.491108529322));
#3345 = CARTESIAN_POINT('',(66.63220326295,1.610166680677,
    -9.487983627667));
#3346 = CARTESIAN_POINT('',(66.61901474677,1.656372604783,-9.47622430702
    ));
#3347 = CARTESIAN_POINT('',(66.608315843683,1.687058783468,
    -9.465791564382));
#3348 = CARTESIAN_POINT('',(66.59736072,1.71582242171,-9.453450436414));
#3349 = CARTESIAN_POINT('',(66.587021651614,1.74231918655,-9.43979761224
    ));
#3350 = CARTESIAN_POINT('',(66.577732736881,1.766532483432,
    -9.425259674323));
#3351 = CARTESIAN_POINT('',(66.569530146944,1.788939620944,
    -9.409865285714));
#3352 = CARTESIAN_POINT('',(66.562326837883,1.810194769947,
    -9.393353929763));
#3353 = CARTESIAN_POINT('',(66.553543931727,1.840268469181,
    -9.366832165723));
#3354 = CARTESIAN_POINT('',(66.550936479266,1.850040349771,
    -9.357658858362));
#3355 = CARTESIAN_POINT('',(66.548750039802,1.85931771432,
    -9.348375925335));
#3356 = CARTESIAN_POINT('',(66.54696859477,1.868239636815,
    -9.338904557849));
#3357 = CARTESIAN_POINT('',(66.545613774701,1.876777776844,
    -9.329292591059));
#3358 = CARTESIAN_POINT('',(66.544718508465,1.884876652512,
    -9.319609282718));
#3359 = CARTESIAN_POINT('',(66.544278708659,1.892644413868,
    -9.30980897548));
#3360 = CARTESIAN_POINT('',(66.544376206329,1.904562856202,
    -9.293915710429));
#3361 = CARTESIAN_POINT('',(66.544631793794,1.908932040363,
    -9.287872869793));
#3362 = CARTESIAN_POINT('',(66.545030327346,1.913251712063,
    -9.281681019588));
#3363 = CARTESIAN_POINT('',(66.545625769285,1.917440526573,
    -9.275449568287));
#3364 = CARTESIAN_POINT('',(66.546421720993,1.921497003157,
    -9.269182428036));
#3365 = CARTESIAN_POINT('',(66.547400980193,1.925457750289,
    -9.262833335142));
#3366 = CARTESIAN_POINT('',(66.548593975418,1.929292095484,
    -9.256444279333));
#3367 = CARTESIAN_POINT('',(66.55,1.933012701892,-9.25));
#3368 = CARTESIAN_POINT('',(66.671230311591,1.5,-9.514285714286));
#3369 = CARTESIAN_POINT('',(66.671230311591,1.518282960347,
    -9.514285714286));
#3370 = CARTESIAN_POINT('',(66.670461321102,1.536500012938,
    -9.513822970591));
#3371 = CARTESIAN_POINT('',(66.669027772524,1.554135989683,
    -9.512964493873));
#3372 = CARTESIAN_POINT('',(66.666708402396,1.572512017929,
    -9.511544836223));
#3373 = CARTESIAN_POINT('',(66.664192282145,1.588416596599,
    -9.509956401051));
#3374 = CARTESIAN_POINT('',(66.66110045244,1.605099013832,
    -9.507927057847));
#3375 = CARTESIAN_POINT('',(66.657804966554,1.620714016225,
    -9.505668544442));
#3376 = CARTESIAN_POINT('',(66.646014560154,1.671595305827,
    -9.497209535727));
#3377 = CARTESIAN_POINT('',(66.636368425208,1.705496195057,
    -9.489724036958));
#3378 = CARTESIAN_POINT('',(66.626171665163,1.737750040797,
    -9.480799294688));
#3379 = CARTESIAN_POINT('',(66.616111453068,1.768072192968,
    -9.470758454597));
#3380 = CARTESIAN_POINT('',(66.606530011199,1.79648885365,
    -9.459812903606));
#3381 = CARTESIAN_POINT('',(66.597438650284,1.823522922464,
    -9.447909641456));
#3382 = CARTESIAN_POINT('',(66.588733270158,1.84991190131,
    -9.434734202572));
#3383 = CARTESIAN_POINT('',(66.576661850059,1.888474637273,
    -9.412640666572));
#3384 = CARTESIAN_POINT('',(66.572863282612,1.900932039712,
    -9.405040127274));
#3385 = CARTESIAN_POINT('',(66.569299749338,1.913064871282,
    -9.397160025213));
#3386 = CARTESIAN_POINT('',(66.565956062343,1.924964374,-9.388926209434)
  );
#3387 = CARTESIAN_POINT('',(66.562866771135,1.936626939954,
    -9.380328829466));
#3388 = CARTESIAN_POINT('',(66.560085556398,1.947975381919,
    -9.371394895741));
#3389 = CARTESIAN_POINT('',(66.557627943843,1.959007971638,
    -9.362090391735));
#3390 = CARTESIAN_POINT('',(66.554263772211,1.976448225173,
    -9.346377629721));
#3391 = CARTESIAN_POINT('',(66.553114522434,1.983084033404,
    -9.340195942364));
#3392 = CARTESIAN_POINT('',(66.55213124627,1.989486808127,-9.33390194172
    ));
#3393 = CARTESIAN_POINT('',(66.551310710898,1.995797301934,
    -9.327430533006));
#3394 = CARTESIAN_POINT('',(66.550669128155,2.001997384151,
    -9.320789960111));
#3395 = CARTESIAN_POINT('',(66.550229801245,2.008008280247,
    -9.31401582542));
#3396 = CARTESIAN_POINT('',(66.55,2.013892630913,-9.307079895446));
#3397 = CARTESIAN_POINT('',(66.55,2.019615242271,-9.3));
#3398 = DEFINITIONAL_REPRESENTATION('',(#3399),#3403);
#3399 = LINE('',#3400,#3401);
#3400 = CARTESIAN_POINT('',(0.,0.));
#3401 = VECTOR('',#3402,1.);
#3402 = DIRECTION('',(0.,1.));
#3403 = ( GEOMETRIC_REPRESENTATION_CONTEXT(2) 
PARAMETRIC_REPRESENTATION_CONTEXT() REPRESENTATION_CONTEXT('2D SPACE',''
  ) );
#3404 = ORIENTED_EDGE('',*,*,#3405,.T.);
#3405 = EDGE_CURVE('',#3176,#3097,#3406,.T.);
#3406 = SURFACE_CURVE('',#3407,(#3412,#3419),.PCURVE_S1.);
#3407 = CIRCLE('',#3408,0.5);
#3408 = AXIS2_PLACEMENT_3D('',#3409,#3410,#3411);
#3409 = CARTESIAN_POINT('',(66.45,1.5,-9.));
#3410 = DIRECTION('',(1.,0.,-0.));
#3411 = DIRECTION('',(-0.,0.8,-0.6));
#3412 = PCURVE('',#793,#3413);
#3413 = DEFINITIONAL_REPRESENTATION('',(#3414),#3418);
#3414 = LINE('',#3415,#3416);
#3415 = CARTESIAN_POINT('',(-0.643501108793,4.25));
#3416 = VECTOR('',#3417,1.);
#3417 = DIRECTION('',(1.,-0.));
#3418 = ( GEOMETRIC_REPRESENTATION_CONTEXT(2) 
PARAMETRIC_REPRESENTATION_CONTEXT() REPRESENTATION_CONTEXT('2D SPACE',''
  ) );
#3419 = PCURVE('',#3420,#3425);
#3420 = TOROIDAL_SURFACE('',#3421,0.6,0.1);
#3421 = AXIS2_PLACEMENT_3D('',#3422,#3423,#3424);
#3422 = CARTESIAN_POINT('',(66.45,1.5,-9.));
#3423 = DIRECTION('',(-1.,-0.,0.));
#3424 = DIRECTION('',(-0.,0.8,-0.6));
#3425 = DEFINITIONAL_REPRESENTATION('',(#3426),#3430);
#3426 = LINE('',#3427,#3428);
#3427 = CARTESIAN_POINT('',(-0.,3.14159265359));
#3428 = VECTOR('',#3429,1.);
#3429 = DIRECTION('',(-1.,0.));
#3430 = ( GEOMETRIC_REPRESENTATION_CONTEXT(2) 
PARAMETRIC_REPRESENTATION_CONTEXT() REPRESENTATION_CONTEXT('2D SPACE',''
  ) );
#3431 = ADVANCED_FACE('',(#3432),#743,.T.);
#3432 = FACE_BOUND('',#3433,.T.);
#3433 = EDGE_LOOP('',(#3434,#3435,#3436,#3437));
#3434 = ORIENTED_EDGE('',*,*,#3152,.F.);
#3435 = ORIENTED_EDGE('',*,*,#726,.T.);
#3436 = ORIENTED_EDGE('',*,*,#1133,.T.);
#3437 = ORIENTED_EDGE('',*,*,#3438,.T.);
#3438 = EDGE_CURVE('',#1134,#3153,#3439,.T.);
#3439 = SURFACE_CURVE('',#3440,(#3444,#3451),.PCURVE_S1.);
#3440 = LINE('',#3441,#3442);
#3441 = CARTESIAN_POINT('',(66.619722436227,-1.5,-9.5));
#3442 = VECTOR('',#3443,1.);
#3443 = DIRECTION('',(0.,1.,0.));
#3444 = PCURVE('',#743,#3445);
#3445 = DEFINITIONAL_REPRESENTATION('',(#3446),#3450);
#3446 = LINE('',#3447,#3448);
#3447 = CARTESIAN_POINT('',(4.419722436227,0.5));
#3448 = VECTOR('',#3449,1.);
#3449 = DIRECTION('',(0.,1.));
#3450 = ( GEOMETRIC_REPRESENTATION_CONTEXT(2) 
PARAMETRIC_REPRESENTATION_CONTEXT() REPRESENTATION_CONTEXT('2D SPACE',''
  ) );
#3451 = PCURVE('',#3452,#3457);
#3452 = CYLINDRICAL_SURFACE('',#3453,0.1);
#3453 = AXIS2_PLACEMENT_3D('',#3454,#3455,#3456);
#3454 = CARTESIAN_POINT('',(66.619722436227,-1.5,-9.6));
#3455 = DIRECTION('',(0.,1.,0.));
#3456 = DIRECTION('',(0.,-0.,1.));
#3457 = DEFINITIONAL_REPRESENTATION('',(#3458),#3462);
#3458 = LINE('',#3459,#3460);
#3459 = CARTESIAN_POINT('',(0.,0.));
#3460 = VECTOR('',#3461,1.);
#3461 = DIRECTION('',(0.,1.));
#3462 = ( GEOMETRIC_REPRESENTATION_CONTEXT(2) 
PARAMETRIC_REPRESENTATION_CONTEXT() REPRESENTATION_CONTEXT('2D SPACE',''
  ) );
#3463 = ADVANCED_FACE('',(#3464),#944,.T.);
#3464 = FACE_BOUND('',#3465,.T.);
#3465 = EDGE_LOOP('',(#3466,#3491,#3512,#3513));
#3466 = ORIENTED_EDGE('',*,*,#3467,.T.);
#3467 = EDGE_CURVE('',#1083,#3468,#3470,.T.);
#3468 = VERTEX_POINT('',#3469);
#3469 = CARTESIAN_POINT('',(66.671230311591,1.5,9.514285714286));
#3470 = SURFACE_CURVE('',#3471,(#3475,#3485),.PCURVE_S1.);
#3471 = ( BOUNDED_CURVE() B_SPLINE_CURVE(2,(#3472,#3473,#3474),
.UNSPECIFIED.,.F.,.F.) B_SPLINE_CURVE_WITH_KNOTS((3,3),(0.,
0.536387743397),.PIECEWISE_BEZIER_KNOTS.) CURVE() 
GEOMETRIC_REPRESENTATION_ITEM() RATIONAL_B_SPLINE_CURVE((1.,
0.963624111659,1.)) REPRESENTATION_ITEM('') );
#3472 = CARTESIAN_POINT('',(66.619722436227,1.5,9.5));
#3473 = CARTESIAN_POINT('',(66.647457446038,1.5,9.5));
#3474 = CARTESIAN_POINT('',(66.671230311591,1.5,9.514285714286));
#3475 = PCURVE('',#944,#3476);
#3476 = DEFINITIONAL_REPRESENTATION('',(#3477),#3484);
#3477 = B_SPLINE_CURVE_WITH_KNOTS('',5,(#3478,#3479,#3480,#3481,#3482,
    #3483),.UNSPECIFIED.,.F.,.F.,(6,6),(0.,0.536387743397),
  .PIECEWISE_BEZIER_KNOTS.);
#3478 = CARTESIAN_POINT('',(-5.551115123126E-17,0.));
#3479 = CARTESIAN_POINT('',(0.106904496765,0.));
#3480 = CARTESIAN_POINT('',(0.215753076257,0.));
#3481 = CARTESIAN_POINT('',(0.3253464497,0.));
#3482 = CARTESIAN_POINT('',(0.434195029192,0.));
#3483 = CARTESIAN_POINT('',(0.541099525957,0.));
#3484 = ( GEOMETRIC_REPRESENTATION_CONTEXT(2) 
PARAMETRIC_REPRESENTATION_CONTEXT() REPRESENTATION_CONTEXT('2D SPACE',''
  ) );
#3485 = PCURVE('',#2968,#3486);
#3486 = DEFINITIONAL_REPRESENTATION('',(#3487),#3490);
#3487 = B_SPLINE_CURVE_WITH_KNOTS('',1,(#3488,#3489),.UNSPECIFIED.,.F.,
  .F.,(2,2),(0.,0.536387743397),.PIECEWISE_BEZIER_KNOTS.);
#3488 = CARTESIAN_POINT('',(0.,18.7981871312));
#3489 = CARTESIAN_POINT('',(0.536387743397,18.7981871312));
#3490 = ( GEOMETRIC_REPRESENTATION_CONTEXT(2) 
PARAMETRIC_REPRESENTATION_CONTEXT() REPRESENTATION_CONTEXT('2D SPACE',''
  ) );
#3491 = ORIENTED_EDGE('',*,*,#3492,.T.);
#3492 = EDGE_CURVE('',#3468,#925,#3493,.T.);
#3493 = SURFACE_CURVE('',#3494,(#3498,#3505),.PCURVE_S1.);
#3494 = LINE('',#3495,#3496);
#3495 = CARTESIAN_POINT('',(66.671230311591,1.5,9.514285714286));
#3496 = VECTOR('',#3497,1.);
#3497 = DIRECTION('',(-0.,-1.,-0.));
#3498 = PCURVE('',#944,#3499);
#3499 = DEFINITIONAL_REPRESENTATION('',(#3500),#3504);
#3500 = LINE('',#3501,#3502);
#3501 = CARTESIAN_POINT('',(0.541099525957,0.));
#3502 = VECTOR('',#3503,1.);
#3503 = DIRECTION('',(0.,1.));
#3504 = ( GEOMETRIC_REPRESENTATION_CONTEXT(2) 
PARAMETRIC_REPRESENTATION_CONTEXT() REPRESENTATION_CONTEXT('2D SPACE',''
  ) );
#3505 = PCURVE('',#996,#3506);
#3506 = DEFINITIONAL_REPRESENTATION('',(#3507),#3511);
#3507 = LINE('',#3508,#3509);
#3508 = CARTESIAN_POINT('',(-1.029696800838,2.73));
#3509 = VECTOR('',#3510,1.);
#3510 = DIRECTION('',(-0.,1.));
#3511 = ( GEOMETRIC_REPRESENTATION_CONTEXT(2) 
PARAMETRIC_REPRESENTATION_CONTEXT() REPRESENTATION_CONTEXT('2D SPACE',''
  ) );
#3512 = ORIENTED_EDGE('',*,*,#924,.F.);
#3513 = ORIENTED_EDGE('',*,*,#1107,.F.);
#3514 = ADVANCED_FACE('',(#3515),#996,.F.);
#3515 = FACE_BOUND('',#3516,.T.);
#3516 = EDGE_LOOP('',(#3517,#3547,#3576,#3604,#3626,#3627,#3628,#3629));
#3517 = ORIENTED_EDGE('',*,*,#3518,.F.);
#3518 = EDGE_CURVE('',#3519,#3521,#3523,.T.);
#3519 = VERTEX_POINT('',#3520);
#3520 = CARTESIAN_POINT('',(66.55,4.23,9.3));
#3521 = VERTEX_POINT('',#3522);
#3522 = CARTESIAN_POINT('',(66.55,2.019615242271,9.3));
#3523 = SURFACE_CURVE('',#3524,(#3528,#3535),.PCURVE_S1.);
#3524 = LINE('',#3525,#3526);
#3525 = CARTESIAN_POINT('',(66.55,4.23,9.3));
#3526 = VECTOR('',#3527,1.);
#3527 = DIRECTION('',(-0.,-1.,-0.));
#3528 = PCURVE('',#996,#3529);
#3529 = DEFINITIONAL_REPRESENTATION('',(#3530),#3534);
#3530 = LINE('',#3531,#3532);
#3531 = CARTESIAN_POINT('',(-0.,0.));
#3532 = VECTOR('',#3533,1.);
#3533 = DIRECTION('',(-0.,1.));
#3534 = ( GEOMETRIC_REPRESENTATION_CONTEXT(2) 
PARAMETRIC_REPRESENTATION_CONTEXT() REPRESENTATION_CONTEXT('2D SPACE',''
  ) );
#3535 = PCURVE('',#3536,#3541);
#3536 = PLANE('',#3537);
#3537 = AXIS2_PLACEMENT_3D('',#3538,#3539,#3540);
#3538 = CARTESIAN_POINT('',(66.55,-4.73,-9.5));
#3539 = DIRECTION('',(1.,0.,0.));
#3540 = DIRECTION('',(0.,0.,1.));
#3541 = DEFINITIONAL_REPRESENTATION('',(#3542),#3546);
#3542 = LINE('',#3543,#3544);
#3543 = CARTESIAN_POINT('',(18.8,-8.96));
#3544 = VECTOR('',#3545,1.);
#3545 = DIRECTION('',(-0.,1.));
#3546 = ( GEOMETRIC_REPRESENTATION_CONTEXT(2) 
PARAMETRIC_REPRESENTATION_CONTEXT() REPRESENTATION_CONTEXT('2D SPACE',''
  ) );
#3547 = ORIENTED_EDGE('',*,*,#3548,.T.);
#3548 = EDGE_CURVE('',#3519,#3549,#3551,.T.);
#3549 = VERTEX_POINT('',#3550);
#3550 = CARTESIAN_POINT('',(66.8,4.23,9.55));
#3551 = SURFACE_CURVE('',#3552,(#3557,#3564),.PCURVE_S1.);
#3552 = CIRCLE('',#3553,0.25);
#3553 = AXIS2_PLACEMENT_3D('',#3554,#3555,#3556);
#3554 = CARTESIAN_POINT('',(66.8,4.23,9.3));
#3555 = DIRECTION('',(0.,1.,-6.123233995737E-17));
#3556 = DIRECTION('',(0.,6.123233995737E-17,1.));
#3557 = PCURVE('',#996,#3558);
#3558 = DEFINITIONAL_REPRESENTATION('',(#3559),#3563);
#3559 = LINE('',#3560,#3561);
#3560 = CARTESIAN_POINT('',(4.712388980385,-0.));
#3561 = VECTOR('',#3562,1.);
#3562 = DIRECTION('',(-1.,0.));
#3563 = ( GEOMETRIC_REPRESENTATION_CONTEXT(2) 
PARAMETRIC_REPRESENTATION_CONTEXT() REPRESENTATION_CONTEXT('2D SPACE',''
  ) );
#3564 = PCURVE('',#3565,#3570);
#3565 = TOROIDAL_SURFACE('',#3566,0.3,0.25);
#3566 = AXIS2_PLACEMENT_3D('',#3567,#3568,#3569);
#3567 = CARTESIAN_POINT('',(66.8,4.23,9.));
#3568 = DIRECTION('',(1.,0.,0.));
#3569 = DIRECTION('',(0.,1.,0.));
#3570 = DEFINITIONAL_REPRESENTATION('',(#3571),#3575);
#3571 = LINE('',#3572,#3573);
#3572 = CARTESIAN_POINT('',(1.570796326795,0.));
#3573 = VECTOR('',#3574,1.);
#3574 = DIRECTION('',(0.,1.));
#3575 = ( GEOMETRIC_REPRESENTATION_CONTEXT(2) 
PARAMETRIC_REPRESENTATION_CONTEXT() REPRESENTATION_CONTEXT('2D SPACE',''
  ) );
#3576 = ORIENTED_EDGE('',*,*,#3577,.T.);
#3577 = EDGE_CURVE('',#3549,#3578,#3580,.T.);
#3578 = VERTEX_POINT('',#3579);
#3579 = CARTESIAN_POINT('',(66.8,-4.23,9.55));
#3580 = SURFACE_CURVE('',#3581,(#3585,#3592),.PCURVE_S1.);
#3581 = LINE('',#3582,#3583);
#3582 = CARTESIAN_POINT('',(66.8,4.23,9.55));
#3583 = VECTOR('',#3584,1.);
#3584 = DIRECTION('',(-0.,-1.,-0.));
#3585 = PCURVE('',#996,#3586);
#3586 = DEFINITIONAL_REPRESENTATION('',(#3587),#3591);
#3587 = LINE('',#3588,#3589);
#3588 = CARTESIAN_POINT('',(-1.570796326795,0.));
#3589 = VECTOR('',#3590,1.);
#3590 = DIRECTION('',(-0.,1.));
#3591 = ( GEOMETRIC_REPRESENTATION_CONTEXT(2) 
PARAMETRIC_REPRESENTATION_CONTEXT() REPRESENTATION_CONTEXT('2D SPACE',''
  ) );
#3592 = PCURVE('',#3593,#3598);
#3593 = PLANE('',#3594);
#3594 = AXIS2_PLACEMENT_3D('',#3595,#3596,#3597);
#3595 = CARTESIAN_POINT('',(66.6,-4.73,9.55));
#3596 = DIRECTION('',(0.,0.,1.));
#3597 = DIRECTION('',(1.,0.,0.));
#3598 = DEFINITIONAL_REPRESENTATION('',(#3599),#3603);
#3599 = LINE('',#3600,#3601);
#3600 = CARTESIAN_POINT('',(0.2,8.96));
#3601 = VECTOR('',#3602,1.);
#3602 = DIRECTION('',(-0.,-1.));
#3603 = ( GEOMETRIC_REPRESENTATION_CONTEXT(2) 
PARAMETRIC_REPRESENTATION_CONTEXT() REPRESENTATION_CONTEXT('2D SPACE',''
  ) );
#3604 = ORIENTED_EDGE('',*,*,#3605,.F.);
#3605 = EDGE_CURVE('',#1465,#3578,#3606,.T.);
#3606 = SURFACE_CURVE('',#3607,(#3612,#3619),.PCURVE_S1.);
#3607 = CIRCLE('',#3608,0.25);
#3608 = AXIS2_PLACEMENT_3D('',#3609,#3610,#3611);
#3609 = CARTESIAN_POINT('',(66.8,-4.23,9.3));
#3610 = DIRECTION('',(0.,1.,0.));
#3611 = DIRECTION('',(-1.,0.,-2.22044604925E-16));
#3612 = PCURVE('',#996,#3613);
#3613 = DEFINITIONAL_REPRESENTATION('',(#3614),#3618);
#3614 = LINE('',#3615,#3616);
#3615 = CARTESIAN_POINT('',(-0.,8.46));
#3616 = VECTOR('',#3617,1.);
#3617 = DIRECTION('',(-1.,0.));
#3618 = ( GEOMETRIC_REPRESENTATION_CONTEXT(2) 
PARAMETRIC_REPRESENTATION_CONTEXT() REPRESENTATION_CONTEXT('2D SPACE',''
  ) );
#3619 = PCURVE('',#1504,#3620);
#3620 = DEFINITIONAL_REPRESENTATION('',(#3621),#3625);
#3621 = LINE('',#3622,#3623);
#3622 = CARTESIAN_POINT('',(0.,4.712388980385));
#3623 = VECTOR('',#3624,1.);
#3624 = DIRECTION('',(0.,1.));
#3625 = ( GEOMETRIC_REPRESENTATION_CONTEXT(2) 
PARAMETRIC_REPRESENTATION_CONTEXT() REPRESENTATION_CONTEXT('2D SPACE',''
  ) );
#3626 = ORIENTED_EDGE('',*,*,#1464,.F.);
#3627 = ORIENTED_EDGE('',*,*,#955,.F.);
#3628 = ORIENTED_EDGE('',*,*,#3492,.F.);
#3629 = ORIENTED_EDGE('',*,*,#3630,.F.);
#3630 = EDGE_CURVE('',#3521,#3468,#3631,.T.);
#3631 = SURFACE_CURVE('',#3632,(#3663,#3739),.PCURVE_S1.);
#3632 = ( BOUNDED_CURVE() B_SPLINE_CURVE(8,(#3633,#3634,#3635,#3636,
    #3637,#3638,#3639,#3640,#3641,#3642,#3643,#3644,#3645,#3646,#3647,
    #3648,#3649,#3650,#3651,#3652,#3653,#3654,#3655,#3656,#3657,#3658,
    #3659,#3660,#3661,#3662),.UNSPECIFIED.,.F.,.F.) 
B_SPLINE_CURVE_WITH_KNOTS((9,7,7,7,9),(18.261799387802,18.333882875377,
18.451765875004,18.694188073418,18.7981871312),.UNSPECIFIED.) CURVE() 
GEOMETRIC_REPRESENTATION_ITEM() RATIONAL_B_SPLINE_CURVE((1.,1.,1.,1.,1.,
    1.,1.,1.,1.,1.,1.,1.,1.,1.,1.,1.,1.,1.,1.,1.,1.,1.,1.,1.,1.,1.,1.,1.
,1.,1.)) REPRESENTATION_ITEM('') );
#3633 = CARTESIAN_POINT('',(66.55,2.019615242271,9.3));
#3634 = CARTESIAN_POINT('',(66.55,2.013892630898,9.307079895464));
#3635 = CARTESIAN_POINT('',(66.550229801247,2.008008280256,
    9.314015825401));
#3636 = CARTESIAN_POINT('',(66.550669128151,2.001997384163,
    9.320789960112));
#3637 = CARTESIAN_POINT('',(66.551310710899,1.995797301913,
    9.327430533025));
#3638 = CARTESIAN_POINT('',(66.552131246273,1.989486808113,9.33390194172
    ));
#3639 = CARTESIAN_POINT('',(66.553114522429,1.983084033438,
    9.340195942347));
#3640 = CARTESIAN_POINT('',(66.554263772213,1.976448225157,
    9.346377629731));
#3641 = CARTESIAN_POINT('',(66.557627943841,1.959007971648,
    9.362090391729));
#3642 = CARTESIAN_POINT('',(66.560085556398,1.947975381917,
    9.371394895743));
#3643 = CARTESIAN_POINT('',(66.562866771136,1.936626939953,
    9.380328829467));
#3644 = CARTESIAN_POINT('',(66.565956062343,1.924964374001,
    9.388926209433));
#3645 = CARTESIAN_POINT('',(66.569299749338,1.913064871281,
    9.397160025214));
#3646 = CARTESIAN_POINT('',(66.572863282612,1.900932039712,
    9.405040127274));
#3647 = CARTESIAN_POINT('',(66.576661850059,1.888474637273,
    9.412640666572));
#3648 = CARTESIAN_POINT('',(66.588733270158,1.84991190131,9.434734202572
    ));
#3649 = CARTESIAN_POINT('',(66.597438650631,1.823522920471,
    9.447909641636));
#3650 = CARTESIAN_POINT('',(66.606530010779,1.796488855815,
    9.459812903363));
#3651 = CARTESIAN_POINT('',(66.616111452722,1.768072195166,
    9.470758454444));
#3652 = CARTESIAN_POINT('',(66.626171665886,1.737750037377,
    9.480799295134));
#3653 = CARTESIAN_POINT('',(66.636368425607,1.705496192159,
    9.489724037048));
#3654 = CARTESIAN_POINT('',(66.646014557629,1.671595316656,
    9.497209533922));
#3655 = CARTESIAN_POINT('',(66.657804964121,1.620714026592,
    9.505668542694));
#3656 = CARTESIAN_POINT('',(66.661099112396,1.605107686519,
    9.507926213915));
#3657 = CARTESIAN_POINT('',(66.664195917334,1.588396102262,
    9.509958682054));
#3658 = CARTESIAN_POINT('',(66.666705082994,1.572520796057,
    9.511542726392));
#3659 = CARTESIAN_POINT('',(66.669026404469,1.554163336985,
    9.512963677591));
#3660 = CARTESIAN_POINT('',(66.670462303971,1.536487892616,9.51382357451
    ));
#3661 = CARTESIAN_POINT('',(66.671230311591,1.518282966133,
    9.514285714286));
#3662 = CARTESIAN_POINT('',(66.671230311591,1.5,9.514285714286));
#3663 = PCURVE('',#996,#3664);
#3664 = DEFINITIONAL_REPRESENTATION('',(#3665),#3738);
#3665 = B_SPLINE_CURVE_WITH_KNOTS('',11,(#3666,#3667,#3668,#3669,#3670,
    #3671,#3672,#3673,#3674,#3675,#3676,#3677,#3678,#3679,#3680,#3681,
    #3682,#3683,#3684,#3685,#3686,#3687,#3688,#3689,#3690,#3691,#3692,
    #3693,#3694,#3695,#3696,#3697,#3698,#3699,#3700,#3701,#3702,#3703,
    #3704,#3705,#3706,#3707,#3708,#3709,#3710,#3711,#3712,#3713,#3714,
    #3715,#3716,#3717,#3718,#3719,#3720,#3721,#3722,#3723,#3724,#3725,
    #3726,#3727,#3728,#3729,#3730,#3731,#3732,#3733,#3734,#3735,#3736,
    #3737),.UNSPECIFIED.,.F.,.F.,(12,10,10,10,10,10,10,12),(
    18.261799387802,18.328847855727,18.395896323652,18.462944791576,
    18.529993259501,18.66409019535,18.731138663275,18.7981871312),
  .UNSPECIFIED.);
#3666 = CARTESIAN_POINT('',(-3.874442853693E-15,2.210384757729));
#3667 = CARTESIAN_POINT('',(-1.915742819E-02,2.214255948942));
#3668 = CARTESIAN_POINT('',(-3.805279841891E-02,2.218193785082));
#3669 = CARTESIAN_POINT('',(-5.670183031092E-02,2.222202740201));
#3670 = CARTESIAN_POINT('',(-7.510528057609E-02,2.226279091573));
#3671 = CARTESIAN_POINT('',(-9.326043470634E-02,2.230417410986));
#3672 = CARTESIAN_POINT('',(-0.111168078922,2.234614475255));
#3673 = CARTESIAN_POINT('',(-0.128834952361,2.238870595929));
#3674 = CARTESIAN_POINT('',(-0.146271679524,2.243188368227));
#3675 = CARTESIAN_POINT('',(-0.163486182961,2.247568839163));
#3676 = CARTESIAN_POINT('',(-0.180472576208,2.252005094895));
#3677 = CARTESIAN_POINT('',(-0.213918497738,2.26094143967));
#3678 = CARTESIAN_POINT('',(-0.230329322299,2.265419794716));
#3679 = CARTESIAN_POINT('',(-0.246511796395,2.269925756984));
#3680 = CARTESIAN_POINT('',(-0.262534699435,2.274502910924));
#3681 = CARTESIAN_POINT('',(-0.278345206729,2.279117043597));
#3682 = CARTESIAN_POINT('',(-0.293949059455,2.283762161372));
#3683 = CARTESIAN_POINT('',(-0.309407573154,2.288467383132));
#3684 = CARTESIAN_POINT('',(-0.32472092939,2.293230771014));
#3685 = CARTESIAN_POINT('',(-0.339836208041,2.298019132824));
#3686 = CARTESIAN_POINT('',(-0.354817269315,2.302863615901));
#3687 = CARTESIAN_POINT('',(-0.384466501148,2.312635408639));
#3688 = CARTESIAN_POINT('',(-0.399133645284,2.317562900888));
#3689 = CARTESIAN_POINT('',(-0.413668181739,2.322539321465));
#3690 = CARTESIAN_POINT('',(-0.42805423421,2.327556539821));
#3691 = CARTESIAN_POINT('',(-0.442289087997,2.332611310716));
#3692 = CARTESIAN_POINT('',(-0.456390120773,2.337708207114));
#3693 = CARTESIAN_POINT('',(-0.470375563864,2.342852704895));
#3694 = CARTESIAN_POINT('',(-0.484239895808,2.348041986472));
#3695 = CARTESIAN_POINT('',(-0.497944669962,2.353261030586));
#3696 = CARTESIAN_POINT('',(-0.5114455779,2.358491555364));
#3697 = CARTESIAN_POINT('',(-0.538107522885,2.368991208394));
#3698 = CARTESIAN_POINT('',(-0.551267141681,2.374260657267));
#3699 = CARTESIAN_POINT('',(-0.564267105161,2.379552549967));
#3700 = CARTESIAN_POINT('',(-0.57711826848,2.384869811756));
#3701 = CARTESIAN_POINT('',(-0.589830643559,2.390215471691));
#3702 = CARTESIAN_POINT('',(-0.602413399093,2.39559266263));
#3703 = CARTESIAN_POINT('',(-0.614874860545,2.401004621215));
#3704 = CARTESIAN_POINT('',(-0.627222510151,2.406454687897));
#3705 = CARTESIAN_POINT('',(-0.639462986915,2.41194630691));
#3706 = CARTESIAN_POINT('',(-0.651602086613,2.417483026292));
#3707 = CARTESIAN_POINT('',(-0.687730112149,2.434239441033));
#3708 = CARTESIAN_POINT('',(-0.71142464499,2.445602333984));
#3709 = CARTESIAN_POINT('',(-0.734767094704,2.457185920052));
#3710 = CARTESIAN_POINT('',(-0.757769010688,2.469012477916));
#3711 = CARTESIAN_POINT('',(-0.780415577242,2.481098394159));
#3712 = CARTESIAN_POINT('',(-0.802666433416,2.493454735703));
#3713 = CARTESIAN_POINT('',(-0.824456492922,2.506087822408));
#3714 = CARTESIAN_POINT('',(-0.845696763967,2.518999799482));
#3715 = CARTESIAN_POINT('',(-0.86627516917,2.53218921007));
#3716 = CARTESIAN_POINT('',(-0.886057365403,2.545651567703));
#3717 = CARTESIAN_POINT('',(-0.914302662832,2.566244109406));
#3718 = CARTESIAN_POINT('',(-0.923475307859,2.573165173722));
#3719 = CARTESIAN_POINT('',(-0.932445483872,2.580243747258));
#3720 = CARTESIAN_POINT('',(-0.940876451999,2.586992686316));
#3721 = CARTESIAN_POINT('',(-0.949784595685,2.594857048184));
#3722 = CARTESIAN_POINT('',(-0.956930617339,2.600991558716));
#3723 = CARTESIAN_POINT('',(-0.965392834446,2.609099408291));
#3724 = CARTESIAN_POINT('',(-0.972463817679,2.616158428467));
#3725 = CARTESIAN_POINT('',(-0.979614495693,2.623784188673));
#3726 = CARTESIAN_POINT('',(-0.986246454258,2.631403378491));
#3727 = CARTESIAN_POINT('',(-0.998662984284,2.646903631869));
#3728 = CARTESIAN_POINT('',(-1.004434531122,2.654772538876));
#3729 = CARTESIAN_POINT('',(-1.009727532748,2.662760687425));
#3730 = CARTESIAN_POINT('',(-1.01451046662,2.670884105879));
#3731 = CARTESIAN_POINT('',(-1.018734999688,2.679137659641));
#3732 = CARTESIAN_POINT('',(-1.022338105501,2.687492257499));
#3733 = CARTESIAN_POINT('',(-1.025259757487,2.695911265915));
#3734 = CARTESIAN_POINT('',(-1.02746254247,2.704371402753));
#3735 = CARTESIAN_POINT('',(-1.028939538467,2.712873381948));
#3736 = CARTESIAN_POINT('',(-1.029696800838,2.721427580599));
#3737 = CARTESIAN_POINT('',(-1.029696800838,2.73));
#3738 = ( GEOMETRIC_REPRESENTATION_CONTEXT(2) 
PARAMETRIC_REPRESENTATION_CONTEXT() REPRESENTATION_CONTEXT('2D SPACE',''
  ) );
#3739 = PCURVE('',#2968,#3740);
#3740 = DEFINITIONAL_REPRESENTATION('',(#3741),#3745);
#3741 = LINE('',#3742,#3743);
#3742 = CARTESIAN_POINT('',(0.536387743397,0.));
#3743 = VECTOR('',#3744,1.);
#3744 = DIRECTION('',(0.,1.));
#3745 = ( GEOMETRIC_REPRESENTATION_CONTEXT(2) 
PARAMETRIC_REPRESENTATION_CONTEXT() REPRESENTATION_CONTEXT('2D SPACE',''
  ) );
#3746 = ADVANCED_FACE('',(#3747),#1401,.T.);
#3747 = FACE_BOUND('',#3748,.F.);
#3748 = EDGE_LOOP('',(#3749,#3750,#3751,#3777));
#3749 = ORIENTED_EDGE('',*,*,#1440,.F.);
#3750 = ORIENTED_EDGE('',*,*,#1386,.T.);
#3751 = ORIENTED_EDGE('',*,*,#3752,.T.);
#3752 = EDGE_CURVE('',#1157,#1574,#3753,.T.);
#3753 = SURFACE_CURVE('',#3754,(#3759,#3765),.PCURVE_S1.);
#3754 = CIRCLE('',#3755,0.1);
#3755 = AXIS2_PLACEMENT_3D('',#3756,#3757,#3758);
#3756 = CARTESIAN_POINT('',(66.45,-2.019615242271,-9.3));
#3757 = DIRECTION('',(-0.,0.5,-0.866025403784));
#3758 = DIRECTION('',(0.,-0.866025403784,-0.5));
#3759 = PCURVE('',#1401,#3760);
#3760 = DEFINITIONAL_REPRESENTATION('',(#3761),#3764);
#3761 = B_SPLINE_CURVE_WITH_KNOTS('',1,(#3762,#3763),.UNSPECIFIED.,.F.,
  .F.,(2,2),(3.14159265359,4.712388980385),.PIECEWISE_BEZIER_KNOTS.);
#3762 = CARTESIAN_POINT('',(-0.523598775598,3.14159265359));
#3763 = CARTESIAN_POINT('',(-0.523598775598,4.712388980385));
#3764 = ( GEOMETRIC_REPRESENTATION_CONTEXT(2) 
PARAMETRIC_REPRESENTATION_CONTEXT() REPRESENTATION_CONTEXT('2D SPACE',''
  ) );
#3765 = PCURVE('',#1288,#3766);
#3766 = DEFINITIONAL_REPRESENTATION('',(#3767),#3776);
#3767 = B_SPLINE_CURVE_WITH_KNOTS('',7,(#3768,#3769,#3770,#3771,#3772,
    #3773,#3774,#3775),.UNSPECIFIED.,.F.,.F.,(8,8),(3.14159265359,
    4.712388980385),.PIECEWISE_BEZIER_KNOTS.);
#3768 = CARTESIAN_POINT('',(-5.551115123126E-17,40.858173650258));
#3769 = CARTESIAN_POINT('',(8.511099834197E-02,40.858173650258));
#3770 = CARTESIAN_POINT('',(0.160993912348,40.858173650258));
#3771 = CARTESIAN_POINT('',(0.232936443429,40.858173650257));
#3772 = CARTESIAN_POINT('',(0.303451300013,40.858173650258));
#3773 = CARTESIAN_POINT('',(0.375393831094,40.858173650258));
#3774 = CARTESIAN_POINT('',(0.4512767451,40.858173650258));
#3775 = CARTESIAN_POINT('',(0.536387743442,40.858173650258));
#3776 = ( GEOMETRIC_REPRESENTATION_CONTEXT(2) 
PARAMETRIC_REPRESENTATION_CONTEXT() REPRESENTATION_CONTEXT('2D SPACE',''
  ) );
#3777 = ORIENTED_EDGE('',*,*,#1601,.F.);
#3778 = ADVANCED_FACE('',(#3779),#1288,.T.);
#3779 = FACE_BOUND('',#3780,.T.);
#3780 = EDGE_LOOP('',(#3781,#3782,#3901,#3924));
#3781 = ORIENTED_EDGE('',*,*,#3752,.T.);
#3782 = ORIENTED_EDGE('',*,*,#3783,.T.);
#3783 = EDGE_CURVE('',#1574,#3784,#3786,.T.);
#3784 = VERTEX_POINT('',#3785);
#3785 = CARTESIAN_POINT('',(66.671230311591,-1.5,-9.514285714286));
#3786 = SURFACE_CURVE('',#3787,(#3818,#3825),.PCURVE_S1.);
#3787 = ( BOUNDED_CURVE() B_SPLINE_CURVE(8,(#3788,#3789,#3790,#3791,
    #3792,#3793,#3794,#3795,#3796,#3797,#3798,#3799,#3800,#3801,#3802,
    #3803,#3804,#3805,#3806,#3807,#3808,#3809,#3810,#3811,#3812,#3813,
    #3814,#3815,#3816,#3817),.UNSPECIFIED.,.F.,.F.) 
B_SPLINE_CURVE_WITH_KNOTS((9,7,7,7,9),(40.858173650258,40.93025712337,
41.04814009935,41.290562249136,41.3945613937),.UNSPECIFIED.) CURVE() 
GEOMETRIC_REPRESENTATION_ITEM() RATIONAL_B_SPLINE_CURVE((1.,1.,1.,1.,1.,
    1.,1.,1.,1.,1.,1.,1.,1.,1.,1.,1.,1.,1.,1.,1.,1.,1.,1.,1.,1.,1.,1.,1.
,1.,1.)) REPRESENTATION_ITEM('') );
#3788 = CARTESIAN_POINT('',(66.55,-2.019615242271,-9.3));
#3789 = CARTESIAN_POINT('',(66.55,-2.013892630914,-9.307079895444));
#3790 = CARTESIAN_POINT('',(66.550229801244,-2.008008280254,
    -9.314015825417));
#3791 = CARTESIAN_POINT('',(66.550669128158,-2.001997384129,
    -9.320789960124));
#3792 = CARTESIAN_POINT('',(66.551310710896,-1.995797301947,
    -9.327430532998));
#3793 = CARTESIAN_POINT('',(66.552131246267,-1.989486808148,
    -9.333901941708));
#3794 = CARTESIAN_POINT('',(66.553114522439,-1.983084033368,
    -9.340195942387));
#3795 = CARTESIAN_POINT('',(66.554263772209,-1.976448225188,
    -9.346377629712));
#3796 = CARTESIAN_POINT('',(66.557627943844,-1.959007971627,
    -9.362090391743));
#3797 = CARTESIAN_POINT('',(66.560085556398,-1.947975381923,
    -9.371394895738));
#3798 = CARTESIAN_POINT('',(66.562866771135,-1.936626939954,
    -9.380328829467));
#3799 = CARTESIAN_POINT('',(66.565956062343,-1.924964373999,
    -9.388926209435));
#3800 = CARTESIAN_POINT('',(66.569299749338,-1.913064871283,
    -9.397160025212));
#3801 = CARTESIAN_POINT('',(66.572863282612,-1.900932039711,
    -9.405040127274));
#3802 = CARTESIAN_POINT('',(66.576661850059,-1.888474637273,
    -9.412640666572));
#3803 = CARTESIAN_POINT('',(66.588733270158,-1.849911901311,
    -9.434734202572));
#3804 = CARTESIAN_POINT('',(66.597438650284,-1.823522922464,
    -9.447909641456));
#3805 = CARTESIAN_POINT('',(66.606530011199,-1.79648885365,
    -9.459812903606));
#3806 = CARTESIAN_POINT('',(66.616111453068,-1.768072192968,
    -9.470758454597));
#3807 = CARTESIAN_POINT('',(66.626171665163,-1.737750040797,
    -9.480799294688));
#3808 = CARTESIAN_POINT('',(66.636368425208,-1.705496195057,
    -9.489724036958));
#3809 = CARTESIAN_POINT('',(66.646014560154,-1.671595305827,
    -9.497209535727));
#3810 = CARTESIAN_POINT('',(66.657804966554,-1.620714016225,
    -9.505668544442));
#3811 = CARTESIAN_POINT('',(66.66109911197,-1.605107684026,
    -9.507926213496));
#3812 = CARTESIAN_POINT('',(66.664195921713,-1.588396095287,
    -9.509958685328));
#3813 = CARTESIAN_POINT('',(66.66670509328,-1.572520711021,
    -9.511542732502));
#3814 = CARTESIAN_POINT('',(66.66902639942,-1.554163367272,
    -9.512963674469));
#3815 = CARTESIAN_POINT('',(66.670462306365,-1.536487867975,
    -9.513823575992));
#3816 = CARTESIAN_POINT('',(66.671230311591,-1.518282960347,
    -9.514285714286));
#3817 = CARTESIAN_POINT('',(66.671230311591,-1.5,-9.514285714286));
#3818 = PCURVE('',#1288,#3819);
#3819 = DEFINITIONAL_REPRESENTATION('',(#3820),#3824);
#3820 = LINE('',#3821,#3822);
#3821 = CARTESIAN_POINT('',(0.536387743442,0.));
#3822 = VECTOR('',#3823,1.);
#3823 = DIRECTION('',(0.,1.));
#3824 = ( GEOMETRIC_REPRESENTATION_CONTEXT(2) 
PARAMETRIC_REPRESENTATION_CONTEXT() REPRESENTATION_CONTEXT('2D SPACE',''
  ) );
#3825 = PCURVE('',#1589,#3826);
#3826 = DEFINITIONAL_REPRESENTATION('',(#3827),#3900);
#3827 = B_SPLINE_CURVE_WITH_KNOTS('',11,(#3828,#3829,#3830,#3831,#3832,
    #3833,#3834,#3835,#3836,#3837,#3838,#3839,#3840,#3841,#3842,#3843,
    #3844,#3845,#3846,#3847,#3848,#3849,#3850,#3851,#3852,#3853,#3854,
    #3855,#3856,#3857,#3858,#3859,#3860,#3861,#3862,#3863,#3864,#3865,
    #3866,#3867,#3868,#3869,#3870,#3871,#3872,#3873,#3874,#3875,#3876,
    #3877,#3878,#3879,#3880,#3881,#3882,#3883,#3884,#3885,#3886,#3887,
    #3888,#3889,#3890,#3891,#3892,#3893,#3894,#3895,#3896,#3897,#3898,
    #3899),.UNSPECIFIED.,.F.,.F.,(12,10,10,10,10,10,10,12),(
    40.858173650258,40.925222118188,40.992270586118,41.059319054049,
    41.126367521979,41.260464457839,41.32751292577,41.3945613937),
  .UNSPECIFIED.);
#3828 = CARTESIAN_POINT('',(1.480759959094E-14,2.210384757729));
#3829 = CARTESIAN_POINT('',(-1.915743197966E-02,2.214255949708));
#3830 = CARTESIAN_POINT('',(-3.805280599705E-02,2.21819378666));
#3831 = CARTESIAN_POINT('',(-5.670184156451E-02,2.222202742621));
#3832 = CARTESIAN_POINT('',(-7.510529536591E-02,2.226279094847));
#3833 = CARTESIAN_POINT('',(-9.326045291347E-02,2.230417415141));
#3834 = CARTESIAN_POINT('',(-0.111168100459,2.2346144803));
#3835 = CARTESIAN_POINT('',(-0.128834977165,2.238870601906));
#3836 = CARTESIAN_POINT('',(-0.146271707532,2.243188375159));
#3837 = CARTESIAN_POINT('',(-0.163486214086,2.247568847083));
#3838 = CARTESIAN_POINT('',(-0.180472610313,2.252005103807));
#3839 = CARTESIAN_POINT('',(-0.213918537423,2.260941450467));
#3840 = CARTESIAN_POINT('',(-0.230329364474,2.265419806347));
#3841 = CARTESIAN_POINT('',(-0.246511841969,2.269925769916));
#3842 = CARTESIAN_POINT('',(-0.262534747316,2.274502924731));
#3843 = CARTESIAN_POINT('',(-0.278345257011,2.279117058338));
#3844 = CARTESIAN_POINT('',(-0.293949112727,2.283762177368));
#3845 = CARTESIAN_POINT('',(-0.30940762904,2.288467400242));
#3846 = CARTESIAN_POINT('',(-0.32472098741,2.293230789077));
#3847 = CARTESIAN_POINT('',(-0.339836268792,2.298019152129));
#3848 = CARTESIAN_POINT('',(-0.354817332408,2.302863636318));
#3849 = CARTESIAN_POINT('',(-0.384466568972,2.312635431369));
#3850 = CARTESIAN_POINT('',(-0.399133715408,2.31756292477));
#3851 = CARTESIAN_POINT('',(-0.413668254179,2.322539346564));
#3852 = CARTESIAN_POINT('',(-0.428054308895,2.327556566143));
#3853 = CARTESIAN_POINT('',(-0.442289164839,2.332611338217));
#3854 = CARTESIAN_POINT('',(-0.456390199758,2.337708235827));
#3855 = CARTESIAN_POINT('',(-0.470375645023,2.342852734873));
#3856 = CARTESIAN_POINT('',(-0.484239979096,2.34804201777));
#3857 = CARTESIAN_POINT('',(-0.497944755117,2.353261063118));
#3858 = CARTESIAN_POINT('',(-0.511445664533,2.358491588948));
#3859 = CARTESIAN_POINT('',(-0.538107612715,2.368991244191));
#3860 = CARTESIAN_POINT('',(-0.551267233102,2.374260694194));
#3861 = CARTESIAN_POINT('',(-0.564267198182,2.379552588061));
#3862 = CARTESIAN_POINT('',(-0.57711836312,2.384869851073));
#3863 = CARTESIAN_POINT('',(-0.589830739841,2.390215512288));
#3864 = CARTESIAN_POINT('',(-0.602413497046,2.395592704575));
#3865 = CARTESIAN_POINT('',(-0.61487496019,2.40100466457));
#3866 = CARTESIAN_POINT('',(-0.627222611507,2.406454732721));
#3867 = CARTESIAN_POINT('',(-0.639463089987,2.411946353252));
#3868 = CARTESIAN_POINT('',(-0.651602191392,2.417483074187));
#3869 = CARTESIAN_POINT('',(-0.687730221956,2.434239493631));
#3870 = CARTESIAN_POINT('',(-0.711424758131,2.4456023899));
#3871 = CARTESIAN_POINT('',(-0.734767210939,2.457185979255));
#3872 = CARTESIAN_POINT('',(-0.75776912975,2.469012540418));
#3873 = CARTESIAN_POINT('',(-0.780415698908,2.481098460077));
#3874 = CARTESIAN_POINT('',(-0.802666557568,2.493454805414));
#3875 = CARTESIAN_POINT('',(-0.82445661944,2.5060878964));
#3876 = CARTESIAN_POINT('',(-0.84569689264,2.518999878358));
#3877 = CARTESIAN_POINT('',(-0.86627529944,2.532189294271));
#3878 = CARTESIAN_POINT('',(-0.886057496098,2.545651657282));
#3879 = CARTESIAN_POINT('',(-0.914302790903,2.566244205987));
#3880 = CARTESIAN_POINT('',(-0.923475432876,2.573165271411));
#3881 = CARTESIAN_POINT('',(-0.932445616629,2.580243852676));
#3882 = CARTESIAN_POINT('',(-0.940876555134,2.586992779102));
#3883 = CARTESIAN_POINT('',(-0.949784731312,2.594857154814));
#3884 = CARTESIAN_POINT('',(-0.956930730567,2.600991674352));
#3885 = CARTESIAN_POINT('',(-0.965392922676,2.609099489798));
#3886 = CARTESIAN_POINT('',(-0.972463915031,2.616158528133));
#3887 = CARTESIAN_POINT('',(-0.979614579928,2.623784280161));
#3888 = CARTESIAN_POINT('',(-0.986246533134,2.631403470223));
#3889 = CARTESIAN_POINT('',(-0.998663048432,2.646903719088));
#3890 = CARTESIAN_POINT('',(-1.004434587004,2.654772622358));
#3891 = CARTESIAN_POINT('',(-1.009727579238,2.662760765277));
#3892 = CARTESIAN_POINT('',(-1.014510502117,2.670884174524));
#3893 = CARTESIAN_POINT('',(-1.018735023767,2.679137716395));
#3894 = CARTESIAN_POINT('',(-1.022338120008,2.68749230263));
#3895 = CARTESIAN_POINT('',(-1.025259765993,2.695911302276));
#3896 = CARTESIAN_POINT('',(-1.027462548173,2.70437143276));
#3897 = CARTESIAN_POINT('',(-1.028939542031,2.712873404241));
#3898 = CARTESIAN_POINT('',(-1.029696800838,2.721427590464));
#3899 = CARTESIAN_POINT('',(-1.029696800838,2.73));
#3900 = ( GEOMETRIC_REPRESENTATION_CONTEXT(2) 
PARAMETRIC_REPRESENTATION_CONTEXT() REPRESENTATION_CONTEXT('2D SPACE',''
  ) );
#3901 = ORIENTED_EDGE('',*,*,#3902,.F.);
#3902 = EDGE_CURVE('',#1134,#3784,#3903,.T.);
#3903 = SURFACE_CURVE('',#3904,(#3908,#3914),.PCURVE_S1.);
#3904 = ( BOUNDED_CURVE() B_SPLINE_CURVE(2,(#3905,#3906,#3907),
.UNSPECIFIED.,.F.,.F.) B_SPLINE_CURVE_WITH_KNOTS((3,3),(0.,
0.536387743442),.PIECEWISE_BEZIER_KNOTS.) CURVE() 
GEOMETRIC_REPRESENTATION_ITEM() RATIONAL_B_SPLINE_CURVE((1.,
0.963624111659,1.)) REPRESENTATION_ITEM('') );
#3905 = CARTESIAN_POINT('',(66.619722436227,-1.5,-9.5));
#3906 = CARTESIAN_POINT('',(66.647457446038,-1.5,-9.5));
#3907 = CARTESIAN_POINT('',(66.671230311591,-1.5,-9.514285714286));
#3908 = PCURVE('',#1288,#3909);
#3909 = DEFINITIONAL_REPRESENTATION('',(#3910),#3913);
#3910 = B_SPLINE_CURVE_WITH_KNOTS('',1,(#3911,#3912),.UNSPECIFIED.,.F.,
  .F.,(2,2),(0.,0.536387743442),.PIECEWISE_BEZIER_KNOTS.);
#3911 = CARTESIAN_POINT('',(0.,41.3945613937));
#3912 = CARTESIAN_POINT('',(0.536387743442,41.3945613937));
#3913 = ( GEOMETRIC_REPRESENTATION_CONTEXT(2) 
PARAMETRIC_REPRESENTATION_CONTEXT() REPRESENTATION_CONTEXT('2D SPACE',''
  ) );
#3914 = PCURVE('',#3452,#3915);
#3915 = DEFINITIONAL_REPRESENTATION('',(#3916),#3923);
#3916 = B_SPLINE_CURVE_WITH_KNOTS('',5,(#3917,#3918,#3919,#3920,#3921,
    #3922),.UNSPECIFIED.,.F.,.F.,(6,6),(0.,0.536387743442),
  .PIECEWISE_BEZIER_KNOTS.);
#3917 = CARTESIAN_POINT('',(0.,0.));
#3918 = CARTESIAN_POINT('',(0.106904496765,0.));
#3919 = CARTESIAN_POINT('',(0.215753076258,0.));
#3920 = CARTESIAN_POINT('',(0.3253464497,0.));
#3921 = CARTESIAN_POINT('',(0.434195029192,0.));
#3922 = CARTESIAN_POINT('',(0.541099525957,0.));
#3923 = ( GEOMETRIC_REPRESENTATION_CONTEXT(2) 
PARAMETRIC_REPRESENTATION_CONTEXT() REPRESENTATION_CONTEXT('2D SPACE',''
  ) );
#3924 = ORIENTED_EDGE('',*,*,#1156,.F.);
#3925 = ADVANCED_FACE('',(#3926),#1504,.F.);
#3926 = FACE_BOUND('',#3927,.F.);
#3927 = EDGE_LOOP('',(#3928,#3929,#3930,#3954));
#3928 = ORIENTED_EDGE('',*,*,#3605,.F.);
#3929 = ORIENTED_EDGE('',*,*,#1487,.T.);
#3930 = ORIENTED_EDGE('',*,*,#3931,.T.);
#3931 = EDGE_CURVE('',#1488,#3932,#3934,.T.);
#3932 = VERTEX_POINT('',#3933);
#3933 = CARTESIAN_POINT('',(66.8,-4.78,9.));
#3934 = SURFACE_CURVE('',#3935,(#3940,#3947),.PCURVE_S1.);
#3935 = CIRCLE('',#3936,0.25);
#3936 = AXIS2_PLACEMENT_3D('',#3937,#3938,#3939);
#3937 = CARTESIAN_POINT('',(66.8,-4.53,9.));
#3938 = DIRECTION('',(-0.,6.123233995737E-17,1.));
#3939 = DIRECTION('',(0.,-1.,6.123233995737E-17));
#3940 = PCURVE('',#1504,#3941);
#3941 = DEFINITIONAL_REPRESENTATION('',(#3942),#3946);
#3942 = LINE('',#3943,#3944);
#3943 = CARTESIAN_POINT('',(1.570796326795,0.));
#3944 = VECTOR('',#3945,1.);
#3945 = DIRECTION('',(0.,1.));
#3946 = ( GEOMETRIC_REPRESENTATION_CONTEXT(2) 
PARAMETRIC_REPRESENTATION_CONTEXT() REPRESENTATION_CONTEXT('2D SPACE',''
  ) );
#3947 = PCURVE('',#1532,#3948);
#3948 = DEFINITIONAL_REPRESENTATION('',(#3949),#3953);
#3949 = LINE('',#3950,#3951);
#3950 = CARTESIAN_POINT('',(4.712388980385,-0.));
#3951 = VECTOR('',#3952,1.);
#3952 = DIRECTION('',(-1.,0.));
#3953 = ( GEOMETRIC_REPRESENTATION_CONTEXT(2) 
PARAMETRIC_REPRESENTATION_CONTEXT() REPRESENTATION_CONTEXT('2D SPACE',''
  ) );
#3954 = ORIENTED_EDGE('',*,*,#3955,.F.);
#3955 = EDGE_CURVE('',#3578,#3932,#3956,.T.);
#3956 = SURFACE_CURVE('',#3957,(#3962,#3969),.PCURVE_S1.);
#3957 = CIRCLE('',#3958,0.55);
#3958 = AXIS2_PLACEMENT_3D('',#3959,#3960,#3961);
#3959 = CARTESIAN_POINT('',(66.8,-4.23,9.));
#3960 = DIRECTION('',(1.,0.,-0.));
#3961 = DIRECTION('',(0.,0.,1.));
#3962 = PCURVE('',#1504,#3963);
#3963 = DEFINITIONAL_REPRESENTATION('',(#3964),#3968);
#3964 = LINE('',#3965,#3966);
#3965 = CARTESIAN_POINT('',(0.,6.28318530718));
#3966 = VECTOR('',#3967,1.);
#3967 = DIRECTION('',(1.,0.));
#3968 = ( GEOMETRIC_REPRESENTATION_CONTEXT(2) 
PARAMETRIC_REPRESENTATION_CONTEXT() REPRESENTATION_CONTEXT('2D SPACE',''
  ) );
#3969 = PCURVE('',#3970,#3975);
#3970 = CYLINDRICAL_SURFACE('',#3971,0.55);
#3971 = AXIS2_PLACEMENT_3D('',#3972,#3973,#3974);
#3972 = CARTESIAN_POINT('',(66.6,-4.23,9.));
#3973 = DIRECTION('',(1.,0.,0.));
#3974 = DIRECTION('',(0.,-1.,0.));
#3975 = DEFINITIONAL_REPRESENTATION('',(#3976),#3980);
#3976 = LINE('',#3977,#3978);
#3977 = CARTESIAN_POINT('',(-1.570796326795,0.2));
#3978 = VECTOR('',#3979,1.);
#3979 = DIRECTION('',(1.,-0.));
#3980 = ( GEOMETRIC_REPRESENTATION_CONTEXT(2) 
PARAMETRIC_REPRESENTATION_CONTEXT() REPRESENTATION_CONTEXT('2D SPACE',''
  ) );
#3981 = ADVANCED_FACE('',(#3982),#1532,.F.);
#3982 = FACE_BOUND('',#3983,.T.);
#3983 = EDGE_LOOP('',(#3984,#3985,#4013,#4035));
#3984 = ORIENTED_EDGE('',*,*,#3931,.T.);
#3985 = ORIENTED_EDGE('',*,*,#3986,.T.);
#3986 = EDGE_CURVE('',#3932,#3987,#3989,.T.);
#3987 = VERTEX_POINT('',#3988);
#3988 = CARTESIAN_POINT('',(66.8,-4.78,-9.));
#3989 = SURFACE_CURVE('',#3990,(#3994,#4001),.PCURVE_S1.);
#3990 = LINE('',#3991,#3992);
#3991 = CARTESIAN_POINT('',(66.8,-4.78,9.));
#3992 = VECTOR('',#3993,1.);
#3993 = DIRECTION('',(-0.,-0.,-1.));
#3994 = PCURVE('',#1532,#3995);
#3995 = DEFINITIONAL_REPRESENTATION('',(#3996),#4000);
#3996 = LINE('',#3997,#3998);
#3997 = CARTESIAN_POINT('',(-1.570796326795,0.));
#3998 = VECTOR('',#3999,1.);
#3999 = DIRECTION('',(-0.,1.));
#4000 = ( GEOMETRIC_REPRESENTATION_CONTEXT(2) 
PARAMETRIC_REPRESENTATION_CONTEXT() REPRESENTATION_CONTEXT('2D SPACE',''
  ) );
#4001 = PCURVE('',#4002,#4007);
#4002 = PLANE('',#4003);
#4003 = AXIS2_PLACEMENT_3D('',#4004,#4005,#4006);
#4004 = CARTESIAN_POINT('',(66.6,-4.78,-4.5));
#4005 = DIRECTION('',(0.,1.,0.));
#4006 = DIRECTION('',(4.059151787867E-02,0.,0.999175824706));
#4007 = DEFINITIONAL_REPRESENTATION('',(#4008),#4012);
#4008 = LINE('',#4009,#4010);
#4009 = CARTESIAN_POINT('',(13.496991937103,-0.348150326421));
#4010 = VECTOR('',#4011,1.);
#4011 = DIRECTION('',(-0.999175824706,4.059151787867E-02));
#4012 = ( GEOMETRIC_REPRESENTATION_CONTEXT(2) 
PARAMETRIC_REPRESENTATION_CONTEXT() REPRESENTATION_CONTEXT('2D SPACE',''
  ) );
#4013 = ORIENTED_EDGE('',*,*,#4014,.F.);
#4014 = EDGE_CURVE('',#1517,#3987,#4015,.T.);
#4015 = SURFACE_CURVE('',#4016,(#4021,#4028),.PCURVE_S1.);
#4016 = CIRCLE('',#4017,0.25);
#4017 = AXIS2_PLACEMENT_3D('',#4018,#4019,#4020);
#4018 = CARTESIAN_POINT('',(66.8,-4.53,-9.));
#4019 = DIRECTION('',(0.,0.,1.));
#4020 = DIRECTION('',(-1.,2.22044604925E-16,0.));
#4021 = PCURVE('',#1532,#4022);
#4022 = DEFINITIONAL_REPRESENTATION('',(#4023),#4027);
#4023 = LINE('',#4024,#4025);
#4024 = CARTESIAN_POINT('',(-0.,18.));
#4025 = VECTOR('',#4026,1.);
#4026 = DIRECTION('',(-1.,0.));
#4027 = ( GEOMETRIC_REPRESENTATION_CONTEXT(2) 
PARAMETRIC_REPRESENTATION_CONTEXT() REPRESENTATION_CONTEXT('2D SPACE',''
  ) );
#4028 = PCURVE('',#1561,#4029);
#4029 = DEFINITIONAL_REPRESENTATION('',(#4030),#4034);
#4030 = LINE('',#4031,#4032);
#4031 = CARTESIAN_POINT('',(0.,4.712388980385));
#4032 = VECTOR('',#4033,1.);
#4033 = DIRECTION('',(0.,1.));
#4034 = ( GEOMETRIC_REPRESENTATION_CONTEXT(2) 
PARAMETRIC_REPRESENTATION_CONTEXT() REPRESENTATION_CONTEXT('2D SPACE',''
  ) );
#4035 = ORIENTED_EDGE('',*,*,#1516,.F.);
#4036 = ADVANCED_FACE('',(#4037),#1561,.F.);
#4037 = FACE_BOUND('',#4038,.F.);
#4038 = EDGE_LOOP('',(#4039,#4040,#4041,#4065));
#4039 = ORIENTED_EDGE('',*,*,#4014,.F.);
#4040 = ORIENTED_EDGE('',*,*,#1544,.T.);
#4041 = ORIENTED_EDGE('',*,*,#4042,.T.);
#4042 = EDGE_CURVE('',#1545,#4043,#4045,.T.);
#4043 = VERTEX_POINT('',#4044);
#4044 = CARTESIAN_POINT('',(66.8,-4.23,-9.55));
#4045 = SURFACE_CURVE('',#4046,(#4051,#4058),.PCURVE_S1.);
#4046 = CIRCLE('',#4047,0.25);
#4047 = AXIS2_PLACEMENT_3D('',#4048,#4049,#4050);
#4048 = CARTESIAN_POINT('',(66.8,-4.23,-9.3));
#4049 = DIRECTION('',(1.270359090391E-33,-1.,6.123233995737E-17));
#4050 = DIRECTION('',(-1.,1.232595164408E-32,2.22044604925E-16));
#4051 = PCURVE('',#1561,#4052);
#4052 = DEFINITIONAL_REPRESENTATION('',(#4053),#4057);
#4053 = LINE('',#4054,#4055);
#4054 = CARTESIAN_POINT('',(1.570796326795,4.712388980385));
#4055 = VECTOR('',#4056,1.);
#4056 = DIRECTION('',(0.,1.));
#4057 = ( GEOMETRIC_REPRESENTATION_CONTEXT(2) 
PARAMETRIC_REPRESENTATION_CONTEXT() REPRESENTATION_CONTEXT('2D SPACE',''
  ) );
#4058 = PCURVE('',#1589,#4059);
#4059 = DEFINITIONAL_REPRESENTATION('',(#4060),#4064);
#4060 = LINE('',#4061,#4062);
#4061 = CARTESIAN_POINT('',(-0.,0.));
#4062 = VECTOR('',#4063,1.);
#4063 = DIRECTION('',(-1.,0.));
#4064 = ( GEOMETRIC_REPRESENTATION_CONTEXT(2) 
PARAMETRIC_REPRESENTATION_CONTEXT() REPRESENTATION_CONTEXT('2D SPACE',''
  ) );
#4065 = ORIENTED_EDGE('',*,*,#4066,.F.);
#4066 = EDGE_CURVE('',#3987,#4043,#4067,.T.);
#4067 = SURFACE_CURVE('',#4068,(#4073,#4080),.PCURVE_S1.);
#4068 = CIRCLE('',#4069,0.55);
#4069 = AXIS2_PLACEMENT_3D('',#4070,#4071,#4072);
#4070 = CARTESIAN_POINT('',(66.8,-4.23,-9.));
#4071 = DIRECTION('',(1.,0.,0.));
#4072 = DIRECTION('',(0.,-1.,0.));
#4073 = PCURVE('',#1561,#4074);
#4074 = DEFINITIONAL_REPRESENTATION('',(#4075),#4079);
#4075 = LINE('',#4076,#4077);
#4076 = CARTESIAN_POINT('',(0.,6.28318530718));
#4077 = VECTOR('',#4078,1.);
#4078 = DIRECTION('',(1.,0.));
#4079 = ( GEOMETRIC_REPRESENTATION_CONTEXT(2) 
PARAMETRIC_REPRESENTATION_CONTEXT() REPRESENTATION_CONTEXT('2D SPACE',''
  ) );
#4080 = PCURVE('',#4081,#4086);
#4081 = CYLINDRICAL_SURFACE('',#4082,0.55);
#4082 = AXIS2_PLACEMENT_3D('',#4083,#4084,#4085);
#4083 = CARTESIAN_POINT('',(66.6,-4.23,-9.));
#4084 = DIRECTION('',(1.,0.,0.));
#4085 = DIRECTION('',(0.,-1.,0.));
#4086 = DEFINITIONAL_REPRESENTATION('',(#4087),#4091);
#4087 = LINE('',#4088,#4089);
#4088 = CARTESIAN_POINT('',(0.,0.2));
#4089 = VECTOR('',#4090,1.);
#4090 = DIRECTION('',(1.,0.));
#4091 = ( GEOMETRIC_REPRESENTATION_CONTEXT(2) 
PARAMETRIC_REPRESENTATION_CONTEXT() REPRESENTATION_CONTEXT('2D SPACE',''
  ) );
#4092 = ADVANCED_FACE('',(#4093),#1589,.F.);
#4093 = FACE_BOUND('',#4094,.T.);
#4094 = EDGE_LOOP('',(#4095,#4096,#4097,#4125,#4154,#4177,#4296,#4317));
#4095 = ORIENTED_EDGE('',*,*,#1573,.F.);
#4096 = ORIENTED_EDGE('',*,*,#4042,.T.);
#4097 = ORIENTED_EDGE('',*,*,#4098,.T.);
#4098 = EDGE_CURVE('',#4043,#4099,#4101,.T.);
#4099 = VERTEX_POINT('',#4100);
#4100 = CARTESIAN_POINT('',(66.8,4.23,-9.55));
#4101 = SURFACE_CURVE('',#4102,(#4106,#4113),.PCURVE_S1.);
#4102 = LINE('',#4103,#4104);
#4103 = CARTESIAN_POINT('',(66.8,-4.23,-9.55));
#4104 = VECTOR('',#4105,1.);
#4105 = DIRECTION('',(0.,1.,0.));
#4106 = PCURVE('',#1589,#4107);
#4107 = DEFINITIONAL_REPRESENTATION('',(#4108),#4112);
#4108 = LINE('',#4109,#4110);
#4109 = CARTESIAN_POINT('',(-1.570796326795,0.));
#4110 = VECTOR('',#4111,1.);
#4111 = DIRECTION('',(-0.,1.));
#4112 = ( GEOMETRIC_REPRESENTATION_CONTEXT(2) 
PARAMETRIC_REPRESENTATION_CONTEXT() REPRESENTATION_CONTEXT('2D SPACE',''
  ) );
#4113 = PCURVE('',#4114,#4119);
#4114 = PLANE('',#4115);
#4115 = AXIS2_PLACEMENT_3D('',#4116,#4117,#4118);
#4116 = CARTESIAN_POINT('',(66.6,-4.73,-9.55));
#4117 = DIRECTION('',(0.,0.,1.));
#4118 = DIRECTION('',(1.,0.,0.));
#4119 = DEFINITIONAL_REPRESENTATION('',(#4120),#4124);
#4120 = LINE('',#4121,#4122);
#4121 = CARTESIAN_POINT('',(0.2,0.5));
#4122 = VECTOR('',#4123,1.);
#4123 = DIRECTION('',(0.,1.));
#4124 = ( GEOMETRIC_REPRESENTATION_CONTEXT(2) 
PARAMETRIC_REPRESENTATION_CONTEXT() REPRESENTATION_CONTEXT('2D SPACE',''
  ) );
#4125 = ORIENTED_EDGE('',*,*,#4126,.F.);
#4126 = EDGE_CURVE('',#4127,#4099,#4129,.T.);
#4127 = VERTEX_POINT('',#4128);
#4128 = CARTESIAN_POINT('',(66.55,4.23,-9.3));
#4129 = SURFACE_CURVE('',#4130,(#4135,#4142),.PCURVE_S1.);
#4130 = CIRCLE('',#4131,0.25);
#4131 = AXIS2_PLACEMENT_3D('',#4132,#4133,#4134);
#4132 = CARTESIAN_POINT('',(66.8,4.23,-9.3));
#4133 = DIRECTION('',(-0.,-1.,0.));
#4134 = DIRECTION('',(-1.,0.,2.22044604925E-16));
#4135 = PCURVE('',#1589,#4136);
#4136 = DEFINITIONAL_REPRESENTATION('',(#4137),#4141);
#4137 = LINE('',#4138,#4139);
#4138 = CARTESIAN_POINT('',(-0.,8.46));
#4139 = VECTOR('',#4140,1.);
#4140 = DIRECTION('',(-1.,0.));
#4141 = ( GEOMETRIC_REPRESENTATION_CONTEXT(2) 
PARAMETRIC_REPRESENTATION_CONTEXT() REPRESENTATION_CONTEXT('2D SPACE',''
  ) );
#4142 = PCURVE('',#4143,#4148);
#4143 = TOROIDAL_SURFACE('',#4144,0.3,0.25);
#4144 = AXIS2_PLACEMENT_3D('',#4145,#4146,#4147);
#4145 = CARTESIAN_POINT('',(66.8,4.23,-9.));
#4146 = DIRECTION('',(1.,0.,0.));
#4147 = DIRECTION('',(0.,0.,-1.));
#4148 = DEFINITIONAL_REPRESENTATION('',(#4149),#4153);
#4149 = LINE('',#4150,#4151);
#4150 = CARTESIAN_POINT('',(0.,4.712388980385));
#4151 = VECTOR('',#4152,1.);
#4152 = DIRECTION('',(0.,1.));
#4153 = ( GEOMETRIC_REPRESENTATION_CONTEXT(2) 
PARAMETRIC_REPRESENTATION_CONTEXT() REPRESENTATION_CONTEXT('2D SPACE',''
  ) );
#4154 = ORIENTED_EDGE('',*,*,#4155,.F.);
#4155 = EDGE_CURVE('',#4156,#4127,#4158,.T.);
#4156 = VERTEX_POINT('',#4157);
#4157 = CARTESIAN_POINT('',(66.55,2.019615242271,-9.3));
#4158 = SURFACE_CURVE('',#4159,(#4163,#4170),.PCURVE_S1.);
#4159 = LINE('',#4160,#4161);
#4160 = CARTESIAN_POINT('',(66.55,-4.23,-9.3));
#4161 = VECTOR('',#4162,1.);
#4162 = DIRECTION('',(0.,1.,0.));
#4163 = PCURVE('',#1589,#4164);
#4164 = DEFINITIONAL_REPRESENTATION('',(#4165),#4169);
#4165 = LINE('',#4166,#4167);
#4166 = CARTESIAN_POINT('',(-0.,0.));
#4167 = VECTOR('',#4168,1.);
#4168 = DIRECTION('',(-0.,1.));
#4169 = ( GEOMETRIC_REPRESENTATION_CONTEXT(2) 
PARAMETRIC_REPRESENTATION_CONTEXT() REPRESENTATION_CONTEXT('2D SPACE',''
  ) );
#4170 = PCURVE('',#3536,#4171);
#4171 = DEFINITIONAL_REPRESENTATION('',(#4172),#4176);
#4172 = LINE('',#4173,#4174);
#4173 = CARTESIAN_POINT('',(0.2,-0.5));
#4174 = VECTOR('',#4175,1.);
#4175 = DIRECTION('',(0.,-1.));
#4176 = ( GEOMETRIC_REPRESENTATION_CONTEXT(2) 
PARAMETRIC_REPRESENTATION_CONTEXT() REPRESENTATION_CONTEXT('2D SPACE',''
  ) );
#4177 = ORIENTED_EDGE('',*,*,#4178,.F.);
#4178 = EDGE_CURVE('',#4179,#4156,#4181,.T.);
#4179 = VERTEX_POINT('',#4180);
#4180 = CARTESIAN_POINT('',(66.671230311591,1.5,-9.514285714286));
#4181 = SURFACE_CURVE('',#4182,(#4213,#4289),.PCURVE_S1.);
#4182 = ( BOUNDED_CURVE() B_SPLINE_CURVE(8,(#4183,#4184,#4185,#4186,
    #4187,#4188,#4189,#4190,#4191,#4192,#4193,#4194,#4195,#4196,#4197,
    #4198,#4199,#4200,#4201,#4202,#4203,#4204,#4205,#4206,#4207,#4208,
    #4209,#4210,#4211,#4212),.UNSPECIFIED.,.F.,.F.) 
B_SPLINE_CURVE_WITH_KNOTS((9,7,7,7,9),(44.394561393687,44.498560538248,
    44.740982688028,44.858865664004,44.930949137119),.UNSPECIFIED.) 
CURVE() GEOMETRIC_REPRESENTATION_ITEM() RATIONAL_B_SPLINE_CURVE((1.,1.,
    1.,1.,1.,1.,1.,1.,1.,1.,1.,1.,1.,1.,1.,1.,1.,1.,1.,1.,1.,1.,1.,1.,1.
,1.,1.,1.,1.,1.)) REPRESENTATION_ITEM('') );
#4183 = CARTESIAN_POINT('',(66.671230311591,1.5,-9.514285714286));
#4184 = CARTESIAN_POINT('',(66.671230311591,1.518282960347,
    -9.514285714286));
#4185 = CARTESIAN_POINT('',(66.670461321102,1.536500012938,
    -9.513822970591));
#4186 = CARTESIAN_POINT('',(66.669027772524,1.554135989683,
    -9.512964493873));
#4187 = CARTESIAN_POINT('',(66.666708402396,1.572512017929,
    -9.511544836223));
#4188 = CARTESIAN_POINT('',(66.664192282145,1.588416596599,
    -9.509956401051));
#4189 = CARTESIAN_POINT('',(66.66110045244,1.605099013832,
    -9.507927057847));
#4190 = CARTESIAN_POINT('',(66.657804966554,1.620714016225,
    -9.505668544442));
#4191 = CARTESIAN_POINT('',(66.646014560154,1.671595305827,
    -9.497209535727));
#4192 = CARTESIAN_POINT('',(66.636368425208,1.705496195057,
    -9.489724036958));
#4193 = CARTESIAN_POINT('',(66.626171665163,1.737750040797,
    -9.480799294688));
#4194 = CARTESIAN_POINT('',(66.616111453068,1.768072192968,
    -9.470758454597));
#4195 = CARTESIAN_POINT('',(66.606530011199,1.79648885365,
    -9.459812903606));
#4196 = CARTESIAN_POINT('',(66.597438650284,1.823522922464,
    -9.447909641456));
#4197 = CARTESIAN_POINT('',(66.588733270158,1.84991190131,
    -9.434734202572));
#4198 = CARTESIAN_POINT('',(66.576661850059,1.888474637273,
    -9.412640666572));
#4199 = CARTESIAN_POINT('',(66.572863282612,1.900932039712,
    -9.405040127274));
#4200 = CARTESIAN_POINT('',(66.569299749338,1.913064871282,
    -9.397160025213));
#4201 = CARTESIAN_POINT('',(66.565956062343,1.924964374,-9.388926209434)
  );
#4202 = CARTESIAN_POINT('',(66.562866771135,1.936626939954,
    -9.380328829466));
#4203 = CARTESIAN_POINT('',(66.560085556398,1.947975381919,
    -9.371394895741));
#4204 = CARTESIAN_POINT('',(66.557627943843,1.959007971638,
    -9.362090391735));
#4205 = CARTESIAN_POINT('',(66.554263772211,1.976448225173,
    -9.346377629721));
#4206 = CARTESIAN_POINT('',(66.553114522434,1.983084033404,
    -9.340195942364));
#4207 = CARTESIAN_POINT('',(66.55213124627,1.989486808127,-9.33390194172
    ));
#4208 = CARTESIAN_POINT('',(66.551310710898,1.995797301934,
    -9.327430533006));
#4209 = CARTESIAN_POINT('',(66.550669128155,2.001997384151,
    -9.320789960111));
#4210 = CARTESIAN_POINT('',(66.550229801245,2.008008280247,
    -9.31401582542));
#4211 = CARTESIAN_POINT('',(66.55,2.013892630913,-9.307079895446));
#4212 = CARTESIAN_POINT('',(66.55,2.019615242271,-9.3));
#4213 = PCURVE('',#1589,#4214);
#4214 = DEFINITIONAL_REPRESENTATION('',(#4215),#4288);
#4215 = B_SPLINE_CURVE_WITH_KNOTS('',11,(#4216,#4217,#4218,#4219,#4220,
    #4221,#4222,#4223,#4224,#4225,#4226,#4227,#4228,#4229,#4230,#4231,
    #4232,#4233,#4234,#4235,#4236,#4237,#4238,#4239,#4240,#4241,#4242,
    #4243,#4244,#4245,#4246,#4247,#4248,#4249,#4250,#4251,#4252,#4253,
    #4254,#4255,#4256,#4257,#4258,#4259,#4260,#4261,#4262,#4263,#4264,
    #4265,#4266,#4267,#4268,#4269,#4270,#4271,#4272,#4273,#4274,#4275,
    #4276,#4277,#4278,#4279,#4280,#4281,#4282,#4283,#4284,#4285,#4286,
    #4287),.UNSPECIFIED.,.F.,.F.,(12,10,10,10,10,10,10,12),(
    44.394561393687,44.461609861616,44.528658329545,44.662755265403,
    44.729803733332,44.796852201261,44.86390066919,44.930949137119),
  .UNSPECIFIED.);
#4216 = CARTESIAN_POINT('',(-1.029696800838,5.73));
#4217 = CARTESIAN_POINT('',(-1.029696800838,5.738572409536));
#4218 = CARTESIAN_POINT('',(-1.02893852666,5.74712916825));
#4219 = CARTESIAN_POINT('',(-1.027461496891,5.755630470383));
#4220 = CARTESIAN_POINT('',(-1.025259918741,5.764087265703));
#4221 = CARTESIAN_POINT('',(-1.022340028217,5.772502716373));
#4222 = CARTESIAN_POINT('',(-1.018738304477,5.780855440538));
#4223 = CARTESIAN_POINT('',(-1.014514135642,5.78910930245));
#4224 = CARTESIAN_POINT('',(-1.009730513141,5.797234507354));
#4225 = CARTESIAN_POINT('',(-1.004436331867,5.805224761201));
#4226 = CARTESIAN_POINT('',(-0.998663873256,5.813095253493));
#4227 = CARTESIAN_POINT('',(-0.986246223761,5.828597192419));
#4228 = CARTESIAN_POINT('',(-0.97961421009,5.836216246204));
#4229 = CARTESIAN_POINT('',(-0.972463812404,5.84384187585));
#4230 = CARTESIAN_POINT('',(-0.965391692615,5.850900632309));
#4231 = CARTESIAN_POINT('',(-0.95694160147,5.858995274446));
#4232 = CARTESIAN_POINT('',(-0.94976909456,5.865163178049));
#4233 = CARTESIAN_POINT('',(-0.940887543681,5.872992518565));
#4234 = CARTESIAN_POINT('',(-0.932441377894,5.879761904772));
#4235 = CARTESIAN_POINT('',(-0.923476193499,5.886833685508));
#4236 = CARTESIAN_POINT('',(-0.914302790902,5.893755794014));
#4237 = CARTESIAN_POINT('',(-0.886057496096,5.914348342719));
#4238 = CARTESIAN_POINT('',(-0.866275299439,5.927810705732));
#4239 = CARTESIAN_POINT('',(-0.845696892636,5.94100012164));
#4240 = CARTESIAN_POINT('',(-0.82445661944,5.953912103605));
#4241 = CARTESIAN_POINT('',(-0.802666557563,5.966545194584));
#4242 = CARTESIAN_POINT('',(-0.780415698909,5.978901539927));
#4243 = CARTESIAN_POINT('',(-0.757769129745,5.990987459582));
#4244 = CARTESIAN_POINT('',(-0.734767210938,6.002814020747));
#4245 = CARTESIAN_POINT('',(-0.711424758127,6.014397610102));
#4246 = CARTESIAN_POINT('',(-0.687730221953,6.02576050637));
#4247 = CARTESIAN_POINT('',(-0.651602191388,6.042516925815));
#4248 = CARTESIAN_POINT('',(-0.639463089984,6.04805364675));
#4249 = CARTESIAN_POINT('',(-0.627222611503,6.053545267281));
#4250 = CARTESIAN_POINT('',(-0.614874960187,6.058995335432));
#4251 = CARTESIAN_POINT('',(-0.602413497041,6.064407295427));
#4252 = CARTESIAN_POINT('',(-0.589830739838,6.069784487712));
#4253 = CARTESIAN_POINT('',(-0.577118363115,6.075130148929));
#4254 = CARTESIAN_POINT('',(-0.564267198178,6.08044741194));
#4255 = CARTESIAN_POINT('',(-0.551267233098,6.085739305808));
#4256 = CARTESIAN_POINT('',(-0.538107612711,6.09100875581));
#4257 = CARTESIAN_POINT('',(-0.511445664528,6.101508411054));
#4258 = CARTESIAN_POINT('',(-0.497944755112,6.106738936881));
#4259 = CARTESIAN_POINT('',(-0.484239979091,6.111957982241));
#4260 = CARTESIAN_POINT('',(-0.470375645016,6.117147265115));
#4261 = CARTESIAN_POINT('',(-0.456390199752,6.122291764194));
#4262 = CARTESIAN_POINT('',(-0.442289164832,6.127388661767));
#4263 = CARTESIAN_POINT('',(-0.428054308889,6.132443433873));
#4264 = CARTESIAN_POINT('',(-0.413668254173,6.13746065343));
#4265 = CARTESIAN_POINT('',(-0.399133715401,6.142437075236));
#4266 = CARTESIAN_POINT('',(-0.384466568965,6.147364568633));
#4267 = CARTESIAN_POINT('',(-0.3548173324,6.157136363685));
#4268 = CARTESIAN_POINT('',(-0.33983626878,6.161980847873));
#4269 = CARTESIAN_POINT('',(-0.324720987409,6.166769210927));
#4270 = CARTESIAN_POINT('',(-0.309407629025,6.171532599755));
#4271 = CARTESIAN_POINT('',(-0.293949112709,6.176237822648));
#4272 = CARTESIAN_POINT('',(-0.278345257006,6.180882941654));
#4273 = CARTESIAN_POINT('',(-0.262534747309,6.185497075278));
#4274 = CARTESIAN_POINT('',(-0.246511841939,6.19007423009));
#4275 = CARTESIAN_POINT('',(-0.230329364451,6.194580193662));
#4276 = CARTESIAN_POINT('',(-0.213918537437,6.199058549526));
#4277 = CARTESIAN_POINT('',(-0.180472610306,6.207994896195));
#4278 = CARTESIAN_POINT('',(-0.163486214068,6.212431152923));
#4279 = CARTESIAN_POINT('',(-0.146271707516,6.216811624845));
#4280 = CARTESIAN_POINT('',(-0.128834977158,6.221129398099));
#4281 = CARTESIAN_POINT('',(-0.11116810046,6.225385519695));
#4282 = CARTESIAN_POINT('',(-9.326045291543E-02,6.229582584861));
#4283 = CARTESIAN_POINT('',(-7.510529536227E-02,6.233720905151));
#4284 = CARTESIAN_POINT('',(-5.670184155575E-02,6.237797257383));
#4285 = CARTESIAN_POINT('',(-3.805280599138E-02,6.241806213342));
#4286 = CARTESIAN_POINT('',(-1.915743198459E-02,6.245744050291));
#4287 = CARTESIAN_POINT('',(7.105427357601E-15,6.249615242271));
#4288 = ( GEOMETRIC_REPRESENTATION_CONTEXT(2) 
PARAMETRIC_REPRESENTATION_CONTEXT() REPRESENTATION_CONTEXT('2D SPACE',''
  ) );
#4289 = PCURVE('',#3307,#4290);
#4290 = DEFINITIONAL_REPRESENTATION('',(#4291),#4295);
#4291 = LINE('',#4292,#4293);
#4292 = CARTESIAN_POINT('',(0.536387743432,0.));
#4293 = VECTOR('',#4294,1.);
#4294 = DIRECTION('',(0.,1.));
#4295 = ( GEOMETRIC_REPRESENTATION_CONTEXT(2) 
PARAMETRIC_REPRESENTATION_CONTEXT() REPRESENTATION_CONTEXT('2D SPACE',''
  ) );
#4296 = ORIENTED_EDGE('',*,*,#4297,.F.);
#4297 = EDGE_CURVE('',#3784,#4179,#4298,.T.);
#4298 = SURFACE_CURVE('',#4299,(#4303,#4310),.PCURVE_S1.);
#4299 = LINE('',#4300,#4301);
#4300 = CARTESIAN_POINT('',(66.671230311591,-1.5,-9.514285714286));
#4301 = VECTOR('',#4302,1.);
#4302 = DIRECTION('',(0.,1.,0.));
#4303 = PCURVE('',#1589,#4304);
#4304 = DEFINITIONAL_REPRESENTATION('',(#4305),#4309);
#4305 = LINE('',#4306,#4307);
#4306 = CARTESIAN_POINT('',(-1.029696800838,2.73));
#4307 = VECTOR('',#4308,1.);
#4308 = DIRECTION('',(-0.,1.));
#4309 = ( GEOMETRIC_REPRESENTATION_CONTEXT(2) 
PARAMETRIC_REPRESENTATION_CONTEXT() REPRESENTATION_CONTEXT('2D SPACE',''
  ) );
#4310 = PCURVE('',#3452,#4311);
#4311 = DEFINITIONAL_REPRESENTATION('',(#4312),#4316);
#4312 = LINE('',#4313,#4314);
#4313 = CARTESIAN_POINT('',(0.541099525957,0.));
#4314 = VECTOR('',#4315,1.);
#4315 = DIRECTION('',(0.,1.));
#4316 = ( GEOMETRIC_REPRESENTATION_CONTEXT(2) 
PARAMETRIC_REPRESENTATION_CONTEXT() REPRESENTATION_CONTEXT('2D SPACE',''
  ) );
#4317 = ORIENTED_EDGE('',*,*,#3783,.F.);
#4318 = ADVANCED_FACE('',(#4319),#1645,.T.);
#4319 = FACE_BOUND('',#4320,.F.);
#4320 = EDGE_LOOP('',(#4321,#4322,#4354,#4355));
#4321 = ORIENTED_EDGE('',*,*,#2382,.F.);
#4322 = ORIENTED_EDGE('',*,*,#4323,.F.);
#4323 = EDGE_CURVE('',#1629,#2383,#4324,.T.);
#4324 = SURFACE_CURVE('',#4325,(#4337,#4347),.PCURVE_S1.);
#4325 = B_SPLINE_CURVE_WITH_KNOTS('',4,(#4326,#4327,#4328,#4329,#4330,
    #4331,#4332,#4333,#4334,#4335,#4336),.UNSPECIFIED.,.F.,.F.,(5,3,3,5)
  ,(-0.868030272899,-5.598614780419E-07,14.268718746099,15.13674950204),
  .UNSPECIFIED.);
#4326 = CARTESIAN_POINT('',(72.665373442917,-8.034341459114,
    4.058570430898));
#4327 = CARTESIAN_POINT('',(72.686770629525,-7.8170921767,4.058570430898
    ));
#4328 = CARTESIAN_POINT('',(72.708167816132,-7.599842894285,
    4.058570430898));
#4329 = CARTESIAN_POINT('',(72.729565002739,-7.382593611871,
    4.058570430898));
#4330 = CARTESIAN_POINT('',(73.102690298478,-3.594188891301,
    4.058570430898));
#4331 = CARTESIAN_POINT('',(73.220687284466,-2.222863500381E-07,
    4.058570430898));
#4332 = CARTESIAN_POINT('',(73.102689873953,3.594193221312,
    4.058570430898));
#4333 = CARTESIAN_POINT('',(72.729564998759,7.382593651079,
    4.058570430898));
#4334 = CARTESIAN_POINT('',(72.708167812035,7.599842933482,
    4.058570430898));
#4335 = CARTESIAN_POINT('',(72.68677062531,7.817092215885,4.058570430898
    ));
#4336 = CARTESIAN_POINT('',(72.665373438586,8.034341498288,
    4.058570430898));
#4337 = PCURVE('',#1645,#4338);
#4338 = DEFINITIONAL_REPRESENTATION('',(#4339),#4346);
#4339 = B_SPLINE_CURVE_WITH_KNOTS('',5,(#4340,#4341,#4342,#4343,#4344,
    #4345),.UNSPECIFIED.,.F.,.F.,(6,6),(-5.598614780419E-07,
    14.268718738735),.PIECEWISE_BEZIER_KNOTS.);
#4340 = CARTESIAN_POINT('',(6.185010537193,-0.824775480962));
#4341 = CARTESIAN_POINT('',(6.224280455597,-0.824775480962));
#4342 = CARTESIAN_POINT('',(6.263550478146,-0.824775480962));
#4343 = CARTESIAN_POINT('',(6.302820156063,-0.824775480962));
#4344 = CARTESIAN_POINT('',(6.342090206381,-0.824775480962));
#4345 = CARTESIAN_POINT('',(6.381360077604,-0.824775480962));
#4346 = ( GEOMETRIC_REPRESENTATION_CONTEXT(2) 
PARAMETRIC_REPRESENTATION_CONTEXT() REPRESENTATION_CONTEXT('2D SPACE',''
  ) );
#4347 = PCURVE('',#2227,#4348);
#4348 = DEFINITIONAL_REPRESENTATION('',(#4349),#4353);
#4349 = LINE('',#4350,#4351);
#4350 = CARTESIAN_POINT('',(0.,0.));
#4351 = VECTOR('',#4352,1.);
#4352 = DIRECTION('',(0.,1.));
#4353 = ( GEOMETRIC_REPRESENTATION_CONTEXT(2) 
PARAMETRIC_REPRESENTATION_CONTEXT() REPRESENTATION_CONTEXT('2D SPACE',''
  ) );
#4354 = ORIENTED_EDGE('',*,*,#1628,.T.);
#4355 = ORIENTED_EDGE('',*,*,#4356,.T.);
#4356 = EDGE_CURVE('',#1631,#2385,#4357,.T.);
#4357 = SURFACE_CURVE('',#4358,(#4370,#4380),.PCURVE_S1.);
#4358 = B_SPLINE_CURVE_WITH_KNOTS('',4,(#4359,#4360,#4361,#4362,#4363,
    #4364,#4365,#4366,#4367,#4368,#4369),.UNSPECIFIED.,.F.,.F.,(5,3,3,5)
  ,(-0.891586651552,-5.069775844419E-07,14.569133508305,15.460719804802)
  ,.UNSPECIFIED.);
#4359 = CARTESIAN_POINT('',(73.324427877474,-8.117726135492,
    4.148400357026));
#4360 = CARTESIAN_POINT('',(73.346403053013,-7.894608434943,
    4.148400357026));
#4361 = CARTESIAN_POINT('',(73.36829323478,-7.672353690636,
    4.148400357026));
#4362 = CARTESIAN_POINT('',(73.390098422775,-7.45096190257,
    4.148400357026));
#4363 = CARTESIAN_POINT('',(73.766741607232,-3.626839492455,
    4.148400357026));
#4364 = CARTESIAN_POINT('',(73.885810541676,4.382243674907E-06,
    4.148400357026));
#4365 = CARTESIAN_POINT('',(73.766741544051,3.626840114211,
    4.148400357026));
#4366 = CARTESIAN_POINT('',(73.39009842704,7.450961860478,4.148400357026
    ));
#4367 = CARTESIAN_POINT('',(73.368293239258,7.672353647594,
    4.148400357026));
#4368 = CARTESIAN_POINT('',(73.346403057515,7.894608392874,
    4.148400357026));
#4369 = CARTESIAN_POINT('',(73.324427881811,8.117726096319,
    4.148400357026));
#4370 = PCURVE('',#1645,#4371);
#4371 = DEFINITIONAL_REPRESENTATION('',(#4372),#4379);
#4372 = B_SPLINE_CURVE_WITH_KNOTS('',5,(#4373,#4374,#4375,#4376,#4377,
    #4378),.UNSPECIFIED.,.F.,.F.,(6,6),(-4.747881372298E-07,
    14.569133508305),.PIECEWISE_BEZIER_KNOTS.);
#4373 = CARTESIAN_POINT('',(6.185010536755,-0.734945554834));
#4374 = CARTESIAN_POINT('',(6.224280437849,-0.734945554834));
#4375 = CARTESIAN_POINT('',(6.26355050696,-0.734945554834));
#4376 = CARTESIAN_POINT('',(6.302820182453,-0.734945554834));
#4377 = CARTESIAN_POINT('',(6.342090183614,-0.734945554834));
#4378 = CARTESIAN_POINT('',(6.381360077504,-0.734945554834));
#4379 = ( GEOMETRIC_REPRESENTATION_CONTEXT(2) 
PARAMETRIC_REPRESENTATION_CONTEXT() REPRESENTATION_CONTEXT('2D SPACE',''
  ) );
#4380 = PCURVE('',#1694,#4381);
#4381 = DEFINITIONAL_REPRESENTATION('',(#4382),#4386);
#4382 = LINE('',#4383,#4384);
#4383 = CARTESIAN_POINT('',(0.,0.));
#4384 = VECTOR('',#4385,1.);
#4385 = DIRECTION('',(0.,1.));
#4386 = ( GEOMETRIC_REPRESENTATION_CONTEXT(2) 
PARAMETRIC_REPRESENTATION_CONTEXT() REPRESENTATION_CONTEXT('2D SPACE',''
  ) );
#4387 = ADVANCED_FACE('',(#4388),#1694,.F.);
#4388 = FACE_BOUND('',#4389,.F.);
#4389 = EDGE_LOOP('',(#4390,#4391,#4423,#4424));
#4390 = ORIENTED_EDGE('',*,*,#1656,.T.);
#4391 = ORIENTED_EDGE('',*,*,#4392,.T.);
#4392 = EDGE_CURVE('',#1657,#2406,#4393,.T.);
#4393 = SURFACE_CURVE('',#4394,(#4406,#4413),.PCURVE_S1.);
#4394 = B_SPLINE_CURVE_WITH_KNOTS('',4,(#4395,#4396,#4397,#4398,#4399,
    #4400,#4401,#4402,#4403,#4404,#4405),.UNSPECIFIED.,.F.,.F.,(5,3,3,5)
  ,(-0.891586651552,-5.069775844419E-07,14.569133508305,15.460719804802)
  ,.UNSPECIFIED.);
#4395 = CARTESIAN_POINT('',(73.755315983477,-8.16016484524,
    4.643887368848));
#4396 = CARTESIAN_POINT('',(73.777163668166,-7.938341579035,
    4.643887368848));
#4397 = CARTESIAN_POINT('',(73.799011352855,-7.71651831283,
    4.643887368848));
#4398 = CARTESIAN_POINT('',(73.820859037543,-7.494695046624,
    4.643887368848));
#4399 = CARTESIAN_POINT('',(74.199712994806,-3.648126249411,
    4.643887368848));
#4400 = CARTESIAN_POINT('',(74.319480756043,2.121499295116E-06,
    4.643887368848));
#4401 = CARTESIAN_POINT('',(74.199712746463,3.648128790728,
    4.643887368848));
#4402 = CARTESIAN_POINT('',(73.820859044895,7.494694970766,
    4.643887368848));
#4403 = CARTESIAN_POINT('',(73.799011363873,7.716518198527,
    4.643887368848));
#4404 = CARTESIAN_POINT('',(73.777163675281,7.938341503153,
    4.643887368848));
#4405 = CARTESIAN_POINT('',(73.755315979118,8.160164884644,
    4.643887368848));
#4406 = PCURVE('',#1694,#4407);
#4407 = DEFINITIONAL_REPRESENTATION('',(#4408),#4412);
#4408 = LINE('',#4409,#4410);
#4409 = CARTESIAN_POINT('',(14.569134015283,0.));
#4410 = VECTOR('',#4411,1.);
#4411 = DIRECTION('',(0.,1.));
#4412 = ( GEOMETRIC_REPRESENTATION_CONTEXT(2) 
PARAMETRIC_REPRESENTATION_CONTEXT() REPRESENTATION_CONTEXT('2D SPACE',''
  ) );
#4413 = PCURVE('',#1762,#4414);
#4414 = DEFINITIONAL_REPRESENTATION('',(#4415),#4422);
#4415 = B_SPLINE_CURVE_WITH_KNOTS('',5,(#4416,#4417,#4418,#4419,#4420,
    #4421),.UNSPECIFIED.,.F.,.F.,(6,6),(-5.069775844419E-07,
    14.569133500854),.PIECEWISE_BEZIER_KNOTS.);
#4416 = CARTESIAN_POINT('',(4.338198966725E-10,16.143887368848));
#4417 = CARTESIAN_POINT('',(3.926991011131E-02,16.143887368848));
#4418 = CARTESIAN_POINT('',(7.853995601314E-02,16.143887368848));
#4419 = CARTESIAN_POINT('',(0.11780963268,16.143887368848));
#4420 = CARTESIAN_POINT('',(0.157079658275,16.143887368848));
#4421 = CARTESIAN_POINT('',(0.196349540849,16.143887368848));
#4422 = ( GEOMETRIC_REPRESENTATION_CONTEXT(2) 
PARAMETRIC_REPRESENTATION_CONTEXT() REPRESENTATION_CONTEXT('2D SPACE',''
  ) );
#4423 = ORIENTED_EDGE('',*,*,#2405,.F.);
#4424 = ORIENTED_EDGE('',*,*,#4356,.F.);
#4425 = ADVANCED_FACE('',(#4426),#2227,.T.);
#4426 = FACE_BOUND('',#4427,.T.);
#4427 = EDGE_LOOP('',(#4428,#4429,#4461,#4462));
#4428 = ORIENTED_EDGE('',*,*,#2191,.T.);
#4429 = ORIENTED_EDGE('',*,*,#4430,.T.);
#4430 = EDGE_CURVE('',#2166,#2734,#4431,.T.);
#4431 = SURFACE_CURVE('',#4432,(#4444,#4451),.PCURVE_S1.);
#4432 = B_SPLINE_CURVE_WITH_KNOTS('',4,(#4433,#4434,#4435,#4436,#4437,
    #4438,#4439,#4440,#4441,#4442,#4443),.UNSPECIFIED.,.F.,.F.,(5,3,3,5)
  ,(-0.868030272899,-5.598614780419E-07,14.268718746099,15.13674950204),
  .UNSPECIFIED.);
#4433 = CARTESIAN_POINT('',(72.23448533696,-7.991902748991,
    3.563083419077));
#4434 = CARTESIAN_POINT('',(72.256009259288,-7.773366699167,
    3.563083419077));
#4435 = CARTESIAN_POINT('',(72.277448691263,-7.555688494295,
    3.563083419077));
#4436 = CARTESIAN_POINT('',(72.298803632883,-7.338868134376,
    3.563083419077));
#4437 = CARTESIAN_POINT('',(72.669718910916,-3.57290213404,
    3.563083419077));
#4438 = CARTESIAN_POINT('',(72.787017070094,2.038690528719E-06,
    3.563083419077));
#4439 = CARTESIAN_POINT('',(72.669718671529,3.572904544955,
    3.563083419077));
#4440 = CARTESIAN_POINT('',(72.298803625964,7.33886820582,3.563083419077
    ));
#4441 = CARTESIAN_POINT('',(72.277448680835,7.555688602558,
    3.563083419077));
#4442 = CARTESIAN_POINT('',(72.256009252603,7.773366770634,
    3.563083419077));
#4443 = CARTESIAN_POINT('',(72.234485341269,7.991902710049,
    3.563083419077));
#4444 = PCURVE('',#2227,#4445);
#4445 = DEFINITIONAL_REPRESENTATION('',(#4446),#4450);
#4446 = LINE('',#4447,#4448);
#4447 = CARTESIAN_POINT('',(14.26871930596,0.));
#4448 = VECTOR('',#4449,1.);
#4449 = DIRECTION('',(0.,1.));
#4450 = ( GEOMETRIC_REPRESENTATION_CONTEXT(2) 
PARAMETRIC_REPRESENTATION_CONTEXT() REPRESENTATION_CONTEXT('2D SPACE',''
  ) );
#4451 = PCURVE('',#2180,#4452);
#4452 = DEFINITIONAL_REPRESENTATION('',(#4453),#4460);
#4453 = B_SPLINE_CURVE_WITH_KNOTS('',5,(#4454,#4455,#4456,#4457,#4458,
    #4459),.UNSPECIFIED.,.F.,.F.,(6,6),(-5.280494694666E-07,
    14.268718746099),.PIECEWISE_BEZIER_KNOTS.);
#4454 = CARTESIAN_POINT('',(-6.185010536755,0.436916580923));
#4455 = CARTESIAN_POINT('',(-6.224280446499,0.436916580923));
#4456 = CARTESIAN_POINT('',(-6.263550492467,0.436916580923));
#4457 = CARTESIAN_POINT('',(-6.3028201692,0.436916580923));
#4458 = CARTESIAN_POINT('',(-6.342090194862,0.436916580923));
#4459 = CARTESIAN_POINT('',(-6.381360077503,0.436916580923));
#4460 = ( GEOMETRIC_REPRESENTATION_CONTEXT(2) 
PARAMETRIC_REPRESENTATION_CONTEXT() REPRESENTATION_CONTEXT('2D SPACE',''
  ) );
#4461 = ORIENTED_EDGE('',*,*,#2754,.F.);
#4462 = ORIENTED_EDGE('',*,*,#4323,.F.);
#4463 = ADVANCED_FACE('',(#4464),#1762,.T.);
#4464 = FACE_BOUND('',#4465,.T.);
#4465 = EDGE_LOOP('',(#4466,#4467,#4468,#4469));
#4466 = ORIENTED_EDGE('',*,*,#1746,.F.);
#4467 = ORIENTED_EDGE('',*,*,#4392,.T.);
#4468 = ORIENTED_EDGE('',*,*,#2461,.T.);
#4469 = ORIENTED_EDGE('',*,*,#4470,.F.);
#4470 = EDGE_CURVE('',#1747,#2462,#4471,.T.);
#4471 = SURFACE_CURVE('',#4472,(#4477,#4484),.PCURVE_S1.);
#4472 = CIRCLE('',#4473,74.2);
#4473 = AXIS2_PLACEMENT_3D('',#4474,#4475,#4476);
#4474 = CARTESIAN_POINT('',(0.,0.,11.));
#4475 = DIRECTION('',(-0.,0.,1.));
#4476 = DIRECTION('',(0.995184726672,-9.801714032956E-02,0.));
#4477 = PCURVE('',#1762,#4478);
#4478 = DEFINITIONAL_REPRESENTATION('',(#4479),#4483);
#4479 = LINE('',#4480,#4481);
#4480 = CARTESIAN_POINT('',(0.,22.5));
#4481 = VECTOR('',#4482,1.);
#4482 = DIRECTION('',(1.,0.));
#4483 = ( GEOMETRIC_REPRESENTATION_CONTEXT(2) 
PARAMETRIC_REPRESENTATION_CONTEXT() REPRESENTATION_CONTEXT('2D SPACE',''
  ) );
#4484 = PCURVE('',#1791,#4485);
#4485 = DEFINITIONAL_REPRESENTATION('',(#4486),#4490);
#4486 = LINE('',#4487,#4488);
#4487 = CARTESIAN_POINT('',(0.,0.));
#4488 = VECTOR('',#4489,1.);
#4489 = DIRECTION('',(1.,0.));
#4490 = ( GEOMETRIC_REPRESENTATION_CONTEXT(2) 
PARAMETRIC_REPRESENTATION_CONTEXT() REPRESENTATION_CONTEXT('2D SPACE',''
  ) );
#4491 = ADVANCED_FACE('',(#4492),#2180,.T.);
#4492 = FACE_BOUND('',#4493,.F.);
#4493 = EDGE_LOOP('',(#4494,#4495,#4527,#4528));
#4494 = ORIENTED_EDGE('',*,*,#2733,.T.);
#4495 = ORIENTED_EDGE('',*,*,#4496,.F.);
#4496 = EDGE_CURVE('',#2076,#2678,#4497,.T.);
#4497 = SURFACE_CURVE('',#4498,(#4510,#4520),.PCURVE_S1.);
#4498 = B_SPLINE_CURVE_WITH_KNOTS('',4,(#4499,#4500,#4501,#4502,#4503,
    #4504,#4505,#4506,#4507,#4508,#4509),.UNSPECIFIED.,.F.,.F.,(5,3,3,5)
  ,(-0.868030272899,-5.59861478041E-07,14.268718746099,15.13674950204),
  .UNSPECIFIED.);
#4499 = CARTESIAN_POINT('',(72.23448533696,-7.991902748991,
    -3.563083419077));
#4500 = CARTESIAN_POINT('',(72.256009259288,-7.773366699167,
    -3.563083419077));
#4501 = CARTESIAN_POINT('',(72.277448691263,-7.555688494295,
    -3.563083419077));
#4502 = CARTESIAN_POINT('',(72.298803632883,-7.338868134376,
    -3.563083419077));
#4503 = CARTESIAN_POINT('',(72.669718910916,-3.57290213404,
    -3.563083419077));
#4504 = CARTESIAN_POINT('',(72.787017070094,2.038690532765E-06,
    -3.563083419077));
#4505 = CARTESIAN_POINT('',(72.669718671529,3.572904544955,
    -3.563083419077));
#4506 = CARTESIAN_POINT('',(72.298803625964,7.33886820582,
    -3.563083419077));
#4507 = CARTESIAN_POINT('',(72.277448680835,7.555688602558,
    -3.563083419077));
#4508 = CARTESIAN_POINT('',(72.256009252603,7.773366770634,
    -3.563083419077));
#4509 = CARTESIAN_POINT('',(72.234485341269,7.991902710049,
    -3.563083419077));
#4510 = PCURVE('',#2180,#4511);
#4511 = DEFINITIONAL_REPRESENTATION('',(#4512),#4519);
#4512 = B_SPLINE_CURVE_WITH_KNOTS('',5,(#4513,#4514,#4515,#4516,#4517,
    #4518),.UNSPECIFIED.,.F.,.F.,(6,6),(-5.280494689567E-07,
    14.268718746099),.PIECEWISE_BEZIER_KNOTS.);
#4513 = CARTESIAN_POINT('',(-6.185010536755,7.563083419077));
#4514 = CARTESIAN_POINT('',(-6.224280446499,7.563083419077));
#4515 = CARTESIAN_POINT('',(-6.263550492467,7.563083419077));
#4516 = CARTESIAN_POINT('',(-6.3028201692,7.563083419077));
#4517 = CARTESIAN_POINT('',(-6.342090194862,7.563083419077));
#4518 = CARTESIAN_POINT('',(-6.381360077503,7.563083419077));
#4519 = ( GEOMETRIC_REPRESENTATION_CONTEXT(2) 
PARAMETRIC_REPRESENTATION_CONTEXT() REPRESENTATION_CONTEXT('2D SPACE',''
  ) );
#4520 = PCURVE('',#2113,#4521);
#4521 = DEFINITIONAL_REPRESENTATION('',(#4522),#4526);
#4522 = LINE('',#4523,#4524);
#4523 = CARTESIAN_POINT('',(0.,0.));
#4524 = VECTOR('',#4525,1.);
#4525 = DIRECTION('',(0.,1.));
#4526 = ( GEOMETRIC_REPRESENTATION_CONTEXT(2) 
PARAMETRIC_REPRESENTATION_CONTEXT() REPRESENTATION_CONTEXT('2D SPACE',''
  ) );
#4527 = ORIENTED_EDGE('',*,*,#2165,.F.);
#4528 = ORIENTED_EDGE('',*,*,#4430,.T.);
#4529 = ADVANCED_FACE('',(#4530),#1791,.T.);
#4530 = FACE_BOUND('',#4531,.T.);
#4531 = EDGE_LOOP('',(#4532,#4533,#4534,#4535));
#4532 = ORIENTED_EDGE('',*,*,#1774,.F.);
#4533 = ORIENTED_EDGE('',*,*,#4470,.T.);
#4534 = ORIENTED_EDGE('',*,*,#2484,.T.);
#4535 = ORIENTED_EDGE('',*,*,#4536,.F.);
#4536 = EDGE_CURVE('',#1775,#2485,#4537,.T.);
#4537 = SURFACE_CURVE('',#4538,(#4543,#4550),.PCURVE_S1.);
#4538 = CIRCLE('',#4539,73.7);
#4539 = AXIS2_PLACEMENT_3D('',#4540,#4541,#4542);
#4540 = CARTESIAN_POINT('',(0.,0.,11.5));
#4541 = DIRECTION('',(-0.,0.,1.));
#4542 = DIRECTION('',(0.995184726672,-9.801714032956E-02,0.));
#4543 = PCURVE('',#1791,#4544);
#4544 = DEFINITIONAL_REPRESENTATION('',(#4545),#4549);
#4545 = LINE('',#4546,#4547);
#4546 = CARTESIAN_POINT('',(0.,1.570796326795));
#4547 = VECTOR('',#4548,1.);
#4548 = DIRECTION('',(1.,0.));
#4549 = ( GEOMETRIC_REPRESENTATION_CONTEXT(2) 
PARAMETRIC_REPRESENTATION_CONTEXT() REPRESENTATION_CONTEXT('2D SPACE',''
  ) );
#4550 = PCURVE('',#1818,#4551);
#4551 = DEFINITIONAL_REPRESENTATION('',(#4552),#4556);
#4552 = CIRCLE('',#4553,73.7);
#4553 = AXIS2_PLACEMENT_2D('',#4554,#4555);
#4554 = CARTESIAN_POINT('',(0.,0.));
#4555 = DIRECTION('',(1.,-1.303316166446E-17));
#4556 = ( GEOMETRIC_REPRESENTATION_CONTEXT(2) 
PARAMETRIC_REPRESENTATION_CONTEXT() REPRESENTATION_CONTEXT('2D SPACE',''
  ) );
#4557 = ADVANCED_FACE('',(#4558),#2113,.T.);
#4558 = FACE_BOUND('',#4559,.T.);
#4559 = EDGE_LOOP('',(#4560,#4561,#4593,#4594));
#4560 = ORIENTED_EDGE('',*,*,#2075,.T.);
#4561 = ORIENTED_EDGE('',*,*,#4562,.T.);
#4562 = EDGE_CURVE('',#2050,#2657,#4563,.T.);
#4563 = SURFACE_CURVE('',#4564,(#4576,#4583),.PCURVE_S1.);
#4564 = B_SPLINE_CURVE_WITH_KNOTS('',4,(#4565,#4566,#4567,#4568,#4569,
    #4570,#4571,#4572,#4573,#4574,#4575),.UNSPECIFIED.,.F.,.F.,(5,3,3,5)
  ,(-0.868030272899,-5.59861478041E-07,14.268718746099,15.13674950204),
  .UNSPECIFIED.);
#4565 = CARTESIAN_POINT('',(72.665373442917,-8.034341459114,
    -4.058570430898));
#4566 = CARTESIAN_POINT('',(72.686770629525,-7.8170921767,
    -4.058570430898));
#4567 = CARTESIAN_POINT('',(72.708167816132,-7.599842894285,
    -4.058570430898));
#4568 = CARTESIAN_POINT('',(72.729565002739,-7.382593611871,
    -4.058570430898));
#4569 = CARTESIAN_POINT('',(73.102690298478,-3.594188891301,
    -4.058570430898));
#4570 = CARTESIAN_POINT('',(73.220687284466,-2.222863484592E-07,
    -4.058570430898));
#4571 = CARTESIAN_POINT('',(73.102689873953,3.594193221312,
    -4.058570430898));
#4572 = CARTESIAN_POINT('',(72.729564998759,7.382593651079,
    -4.058570430898));
#4573 = CARTESIAN_POINT('',(72.708167812035,7.599842933482,
    -4.058570430898));
#4574 = CARTESIAN_POINT('',(72.68677062531,7.817092215885,
    -4.058570430898));
#4575 = CARTESIAN_POINT('',(72.665373438586,8.034341498288,
    -4.058570430898));
#4576 = PCURVE('',#2113,#4577);
#4577 = DEFINITIONAL_REPRESENTATION('',(#4578),#4582);
#4578 = LINE('',#4579,#4580);
#4579 = CARTESIAN_POINT('',(14.26871930596,0.));
#4580 = VECTOR('',#4581,1.);
#4581 = DIRECTION('',(0.,1.));
#4582 = ( GEOMETRIC_REPRESENTATION_CONTEXT(2) 
PARAMETRIC_REPRESENTATION_CONTEXT() REPRESENTATION_CONTEXT('2D SPACE',''
  ) );
#4583 = PCURVE('',#2064,#4584);
#4584 = DEFINITIONAL_REPRESENTATION('',(#4585),#4592);
#4585 = B_SPLINE_CURVE_WITH_KNOTS('',5,(#4586,#4587,#4588,#4589,#4590,
    #4591),.UNSPECIFIED.,.F.,.F.,(6,6),(-5.59861478041E-07,
    14.268718738735),.PIECEWISE_BEZIER_KNOTS.);
#4586 = CARTESIAN_POINT('',(-6.185010537193,5.857043089848E-02));
#4587 = CARTESIAN_POINT('',(-6.224280455597,5.857043089846E-02));
#4588 = CARTESIAN_POINT('',(-6.263550478146,5.857043089845E-02));
#4589 = CARTESIAN_POINT('',(-6.302820156063,5.857043089846E-02));
#4590 = CARTESIAN_POINT('',(-6.342090206381,5.857043089847E-02));
#4591 = CARTESIAN_POINT('',(-6.381360077604,5.857043089848E-02));
#4592 = ( GEOMETRIC_REPRESENTATION_CONTEXT(2) 
PARAMETRIC_REPRESENTATION_CONTEXT() REPRESENTATION_CONTEXT('2D SPACE',''
  ) );
#4593 = ORIENTED_EDGE('',*,*,#2677,.F.);
#4594 = ORIENTED_EDGE('',*,*,#4496,.F.);
#4595 = ADVANCED_FACE('',(#4596,#4972),#1818,.T.);
#4596 = FACE_BOUND('',#4597,.T.);
#4597 = EDGE_LOOP('',(#4598,#4628,#4706,#4734,#4787,#4815,#4868,#4896));
#4598 = ORIENTED_EDGE('',*,*,#4599,.F.);
#4599 = EDGE_CURVE('',#4600,#4602,#4604,.T.);
#4600 = VERTEX_POINT('',#4601);
#4601 = CARTESIAN_POINT('',(72.409039034837,-4.53,11.5));
#4602 = VERTEX_POINT('',#4603);
#4603 = CARTESIAN_POINT('',(72.409039034837,4.53,11.5));
#4604 = SURFACE_CURVE('',#4605,(#4609,#4616),.PCURVE_S1.);
#4605 = LINE('',#4606,#4607);
#4606 = CARTESIAN_POINT('',(72.409039034837,-4.53,11.5));
#4607 = VECTOR('',#4608,1.);
#4608 = DIRECTION('',(-0.,1.,0.));
#4609 = PCURVE('',#1818,#4610);
#4610 = DEFINITIONAL_REPRESENTATION('',(#4611),#4615);
#4611 = LINE('',#4612,#4613);
#4612 = CARTESIAN_POINT('',(72.504387366173,2.589140128381));
#4613 = VECTOR('',#4614,1.);
#4614 = DIRECTION('',(-9.801714032956E-02,0.995184726672));
#4615 = ( GEOMETRIC_REPRESENTATION_CONTEXT(2) 
PARAMETRIC_REPRESENTATION_CONTEXT() REPRESENTATION_CONTEXT('2D SPACE',''
  ) );
#4616 = PCURVE('',#4617,#4622);
#4617 = CYLINDRICAL_SURFACE('',#4618,0.2);
#4618 = AXIS2_PLACEMENT_3D('',#4619,#4620,#4621);
#4619 = CARTESIAN_POINT('',(72.409039034837,-4.53,11.3));
#4620 = DIRECTION('',(-0.,1.,0.));
#4621 = DIRECTION('',(0.,0.,1.));
#4622 = DEFINITIONAL_REPRESENTATION('',(#4623),#4627);
#4623 = LINE('',#4624,#4625);
#4624 = CARTESIAN_POINT('',(-0.,0.));
#4625 = VECTOR('',#4626,1.);
#4626 = DIRECTION('',(-0.,1.));
#4627 = ( GEOMETRIC_REPRESENTATION_CONTEXT(2) 
PARAMETRIC_REPRESENTATION_CONTEXT() REPRESENTATION_CONTEXT('2D SPACE',''
  ) );
#4628 = ORIENTED_EDGE('',*,*,#4629,.F.);
#4629 = EDGE_CURVE('',#4630,#4600,#4632,.T.);
#4630 = VERTEX_POINT('',#4631);
#4631 = CARTESIAN_POINT('',(71.665520859628,-5.26717108495,11.5));
#4632 = SURFACE_CURVE('',#4633,(#4646,#4662),.PCURVE_S1.);
#4633 = ( BOUNDED_CURVE() B_SPLINE_CURVE(6,(#4634,#4635,#4636,#4637,
    #4638,#4639,#4640,#4641,#4642,#4643,#4644,#4645),.UNSPECIFIED.,.F.,
.F.) B_SPLINE_CURVE_WITH_KNOTS((7,5,7),(29.149022016109,29.155867197345,
30.058602295486),.UNSPECIFIED.) CURVE() GEOMETRIC_REPRESENTATION_ITEM() 
RATIONAL_B_SPLINE_CURVE((1.,1.,1.,1.,1.,1.,1.,1.,1.,1.,1.,1.)) 
REPRESENTATION_ITEM('') );
#4634 = CARTESIAN_POINT('',(71.665520859628,-5.26717108495,11.5));
#4635 = CARTESIAN_POINT('',(71.666662165065,-5.267179887141,11.5));
#4636 = CARTESIAN_POINT('',(71.667822695035,-5.267185914967,11.5));
#4637 = CARTESIAN_POINT('',(71.668876749972,-5.26718838025,11.5));
#4638 = CARTESIAN_POINT('',(71.6702168722,-5.267190043891,11.5));
#4639 = CARTESIAN_POINT('',(71.671022932178,-5.267184380425,11.5));
#4640 = CARTESIAN_POINT('',(71.866209480593,-5.26684375431,11.5));
#4641 = CARTESIAN_POINT('',(72.05997095616,-5.205485439365,11.5));
#4642 = CARTESIAN_POINT('',(72.228325476635,-5.083298112961,11.5));
#4643 = CARTESIAN_POINT('',(72.348879816372,-4.914445401498,11.5));
#4644 = CARTESIAN_POINT('',(72.409039034837,-4.72221600053,11.5));
#4645 = CARTESIAN_POINT('',(72.409039034837,-4.529999999999,11.5));
#4646 = PCURVE('',#1818,#4647);
#4647 = DEFINITIONAL_REPRESENTATION('',(#4648),#4661);
#4648 = B_SPLINE_CURVE_WITH_KNOTS('',6,(#4649,#4650,#4651,#4652,#4653,
    #4654,#4655,#4656,#4657,#4658,#4659,#4660),.UNSPECIFIED.,.F.,.F.,(7,
    5,7),(29.149022016109,29.155867197345,30.058602295486),
  .UNSPECIFIED.);
#4649 = CARTESIAN_POINT('',(71.836704835883,1.782641198377));
#4650 = CARTESIAN_POINT('',(71.837841508388,1.782744306067));
#4651 = CARTESIAN_POINT('',(71.83899704092,1.782852059095));
#4652 = CARTESIAN_POINT('',(71.840046261933,1.782952921134));
#4653 = CARTESIAN_POINT('',(71.841380094172,1.783082620452));
#4654 = CARTESIAN_POINT('',(71.842181717634,1.783167264341));
#4655 = CARTESIAN_POINT('',(72.036395002271,1.802637877555));
#4656 = CARTESIAN_POINT('',(72.223209296807,1.882692681183));
#4657 = CARTESIAN_POINT('',(72.37877669193,2.020793270872));
#4658 = CARTESIAN_POINT('',(72.482200069657,2.200649302013));
#4659 = CARTESIAN_POINT('',(72.523227828871,2.397849700432));
#4660 = CARTESIAN_POINT('',(72.504387366173,2.589140128382));
#4661 = ( GEOMETRIC_REPRESENTATION_CONTEXT(2) 
PARAMETRIC_REPRESENTATION_CONTEXT() REPRESENTATION_CONTEXT('2D SPACE',''
  ) );
#4662 = PCURVE('',#4663,#4700);
#4663 = ( BOUNDED_SURFACE() B_SPLINE_SURFACE(2,6,(
    (#4664,#4665,#4666,#4667,#4668,#4669,#4670,#4671,#4672,#4673,#4674
      ,#4675)
    ,(#4676,#4677,#4678,#4679,#4680,#4681,#4682,#4683,#4684,#4685,#4686
      ,#4687)
    ,(#4688,#4689,#4690,#4691,#4692,#4693,#4694,#4695,#4696,#4697,#4698
,#4699
    )),.UNSPECIFIED.,.F.,.F.,.F.) B_SPLINE_SURFACE_WITH_KNOTS((3,3),(7,5
    ,7),(0.,0.909580279377),(29.149022016109,29.155867197345,
30.058602295486),.UNSPECIFIED.) GEOMETRIC_REPRESENTATION_ITEM() 
RATIONAL_B_SPLINE_SURFACE((
    (1.,1.,1.,1.,1.,1.,1.,1.,1.,1.,1.,1.)
    ,(0.770229447869,0.77025673033,0.770284114014,0.770312952569
      ,0.770339078375,0.770370851048,0.773802141727,0.777148874009
      ,0.780020495734,0.782050742506,0.783066058652,0.783066058652)
,(1.,1.,1.,1.,1.,1.,1.,1.,1.,1.,1.,1.
))) REPRESENTATION_ITEM('') SURFACE() );
#4664 = CARTESIAN_POINT('',(71.665520859628,-5.26717108495,11.5));
#4665 = CARTESIAN_POINT('',(71.666662165065,-5.267179887141,11.5));
#4666 = CARTESIAN_POINT('',(71.667822695035,-5.267185914967,11.5));
#4667 = CARTESIAN_POINT('',(71.668876749972,-5.26718838025,11.5));
#4668 = CARTESIAN_POINT('',(71.6702168722,-5.267190043891,11.5));
#4669 = CARTESIAN_POINT('',(71.671022932178,-5.267184380425,11.5));
#4670 = CARTESIAN_POINT('',(71.866209480593,-5.26684375431,11.5));
#4671 = CARTESIAN_POINT('',(72.05997095616,-5.205485439365,11.5));
#4672 = CARTESIAN_POINT('',(72.228325476635,-5.083298112961,11.5));
#4673 = CARTESIAN_POINT('',(72.348879816372,-4.914445401498,11.5));
#4674 = CARTESIAN_POINT('',(72.409039034837,-4.72221600053,11.5));
#4675 = CARTESIAN_POINT('',(72.409039034837,-4.529999999999,11.5));
#4676 = CARTESIAN_POINT('',(71.666798027009,-5.101571621418,11.5));
#4677 = CARTESIAN_POINT('',(71.667939180804,-5.101594843888,11.5));
#4678 = CARTESIAN_POINT('',(71.669080374185,-5.101615296578,11.5));
#4679 = CARTESIAN_POINT('',(71.670221583684,-5.101633299567,11.5));
#4680 = CARTESIAN_POINT('',(71.671362894703,-5.101647856141,11.5));
#4681 = CARTESIAN_POINT('',(71.672504108914,-5.101661037408,11.5));
#4682 = CARTESIAN_POINT('',(71.823509148901,-5.102825565921,11.5));
#4683 = CARTESIAN_POINT('',(71.974037499691,-5.056906867387,11.5));
#4684 = CARTESIAN_POINT('',(72.106971689587,-4.963330721817,11.5));
#4685 = CARTESIAN_POINT('',(72.202655234912,-4.831154416662,11.5));
#4686 = CARTESIAN_POINT('',(72.250192017187,-4.680390076581,11.5));
#4687 = CARTESIAN_POINT('',(72.250192017187,-4.53,11.5));
#4688 = CARTESIAN_POINT('',(71.667036227417,-5.07068619461,
    11.337301360946));
#4689 = CARTESIAN_POINT('',(71.668177508241,-5.070698188069,
    11.33731817195));
#4690 = CARTESIAN_POINT('',(71.669315218802,-5.0707073625,
    11.337335045994));
#4691 = CARTESIAN_POINT('',(71.670472870313,-5.070713555492,
    11.337352817496));
#4692 = CARTESIAN_POINT('',(71.671577060555,-5.070717192347,
    11.337368917618));
#4693 = CARTESIAN_POINT('',(71.672781075262,-5.070717690136,
    11.337388498991));
#4694 = CARTESIAN_POINT('',(71.816321704443,-5.070419685866,
    11.339503262932));
#4695 = CARTESIAN_POINT('',(71.958156269067,-5.02522144695,
    11.341576954344));
#4696 = CARTESIAN_POINT('',(72.081783337358,-4.935736903212,
    11.343368780912));
#4697 = CARTESIAN_POINT('',(72.170110163033,-4.811828940029,
    11.344641013971));
#4698 = CARTESIAN_POINT('',(72.214231450277,-4.670921318786,
    11.345276980885));
#4699 = CARTESIAN_POINT('',(72.214231450277,-4.53,11.345276980885));
#4700 = DEFINITIONAL_REPRESENTATION('',(#4701),#4705);
#4701 = LINE('',#4702,#4703);
#4702 = CARTESIAN_POINT('',(0.,0.));
#4703 = VECTOR('',#4704,1.);
#4704 = DIRECTION('',(0.,1.));
#4705 = ( GEOMETRIC_REPRESENTATION_CONTEXT(2) 
PARAMETRIC_REPRESENTATION_CONTEXT() REPRESENTATION_CONTEXT('2D SPACE',''
  ) );
#4706 = ORIENTED_EDGE('',*,*,#4707,.F.);
#4707 = EDGE_CURVE('',#4708,#4630,#4710,.T.);
#4708 = VERTEX_POINT('',#4709);
#4709 = CARTESIAN_POINT('',(67.441986535024,-5.234597540564,11.5));
#4710 = SURFACE_CURVE('',#4711,(#4715,#4722),.PCURVE_S1.);
#4711 = LINE('',#4712,#4713);
#4712 = CARTESIAN_POINT('',(67.448887803643,-5.234650773095,11.5));
#4713 = VECTOR('',#4714,1.);
#4714 = DIRECTION('',(0.999970260859,-7.712159037143E-03,0.));
#4715 = PCURVE('',#1818,#4716);
#4716 = DEFINITIONAL_REPRESENTATION('',(#4717),#4721);
#4717 = LINE('',#4718,#4719);
#4718 = CARTESIAN_POINT('',(67.637188472615,1.401702602075));
#4719 = VECTOR('',#4720,1.);
#4720 = DIRECTION('',(0.995911054508,9.03392025006E-02));
#4721 = ( GEOMETRIC_REPRESENTATION_CONTEXT(2) 
PARAMETRIC_REPRESENTATION_CONTEXT() REPRESENTATION_CONTEXT('2D SPACE',''
  ) );
#4722 = PCURVE('',#4723,#4728);
#4723 = CYLINDRICAL_SURFACE('',#4724,0.2);
#4724 = AXIS2_PLACEMENT_3D('',#4725,#4726,#4727);
#4725 = CARTESIAN_POINT('',(67.448887803643,-5.234650773095,11.3));
#4726 = DIRECTION('',(0.999970260859,-7.712159037143E-03,0.));
#4727 = DIRECTION('',(-0.,0.,1.));
#4728 = DEFINITIONAL_REPRESENTATION('',(#4729),#4733);
#4729 = LINE('',#4730,#4731);
#4730 = CARTESIAN_POINT('',(-0.,0.));
#4731 = VECTOR('',#4732,1.);
#4732 = DIRECTION('',(-0.,1.));
#4733 = ( GEOMETRIC_REPRESENTATION_CONTEXT(2) 
PARAMETRIC_REPRESENTATION_CONTEXT() REPRESENTATION_CONTEXT('2D SPACE',''
  ) );
#4734 = ORIENTED_EDGE('',*,*,#4735,.F.);
#4735 = EDGE_CURVE('',#4736,#4708,#4738,.T.);
#4736 = VERTEX_POINT('',#4737);
#4737 = CARTESIAN_POINT('',(66.742262229283,-4.53,11.5));
#4738 = SURFACE_CURVE('',#4739,(#4747,#4758),.PCURVE_S1.);
#4739 = ( BOUNDED_CURVE() B_SPLINE_CURVE(6,(#4740,#4741,#4742,#4743,
#4744,#4745,#4746),.UNSPECIFIED.,.F.,.F.) B_SPLINE_CURVE_WITH_KNOTS((7,7
),(24.089301147739,24.925406940616),.PIECEWISE_BEZIER_KNOTS.) CURVE() 
GEOMETRIC_REPRESENTATION_ITEM() RATIONAL_B_SPLINE_CURVE((1.,1.,1.,1.,1.,
1.,1.)) REPRESENTATION_ITEM('') );
#4740 = CARTESIAN_POINT('',(66.742262229283,-4.53,11.5));
#4741 = CARTESIAN_POINT('',(66.742262229283,-4.713907242996,11.5));
#4742 = CARTESIAN_POINT('',(66.799810249281,-4.898064803651,11.5));
#4743 = CARTESIAN_POINT('',(66.915918649068,-5.059741048246,11.5));
#4744 = CARTESIAN_POINT('',(67.076234431524,-5.17445666054,11.5));
#4745 = CARTESIAN_POINT('',(67.25851667188,-5.233168326717,11.5));
#4746 = CARTESIAN_POINT('',(67.441986535024,-5.234597540564,11.5));
#4747 = PCURVE('',#1818,#4748);
#4748 = DEFINITIONAL_REPRESENTATION('',(#4749),#4757);
#4749 = B_SPLINE_CURVE_WITH_KNOTS('',6,(#4750,#4751,#4752,#4753,#4754,
    #4755,#4756),.UNSPECIFIED.,.F.,.F.,(7,7),(24.089301147739,
    24.925406940616),.PIECEWISE_BEZIER_KNOTS.);
#4750 = CARTESIAN_POINT('',(66.864897639826,2.033698871015));
#4751 = CARTESIAN_POINT('',(66.88292370187,1.850677191661));
#4752 = CARTESIAN_POINT('',(66.958245209888,1.673047092347));
#4753 = CARTESIAN_POINT('',(67.089641559149,1.523529976376));
#4754 = CARTESIAN_POINT('',(67.260429473562,1.425080445657));
#4755 = CARTESIAN_POINT('',(67.44758872473,1.384518276133));
#4756 = CARTESIAN_POINT('',(67.63031521779,1.401079135662));
#4757 = ( GEOMETRIC_REPRESENTATION_CONTEXT(2) 
PARAMETRIC_REPRESENTATION_CONTEXT() REPRESENTATION_CONTEXT('2D SPACE',''
  ) );
#4758 = PCURVE('',#4759,#4781);
#4759 = ( BOUNDED_SURFACE() B_SPLINE_SURFACE(2,6,(
    (#4760,#4761,#4762,#4763,#4764,#4765,#4766)
    ,(#4767,#4768,#4769,#4770,#4771,#4772,#4773)
    ,(#4774,#4775,#4776,#4777,#4778,#4779,#4780
)),.UNSPECIFIED.,.F.,.F.,.F.) B_SPLINE_SURFACE_WITH_KNOTS((3,3),(7,7),(
    0.,0.836105792877),(24.089301147739,24.925406940616),
.PIECEWISE_BEZIER_KNOTS.) GEOMETRIC_REPRESENTATION_ITEM() 
RATIONAL_B_SPLINE_SURFACE((
    (1.,1.,1.,1.,1.,1.,1.)
    ,(0.757175245579,0.757175245579,0.758271263065,0.760533858465
      ,0.763554932179,0.766893017695,0.77022945003)
,(1.,1.,1.,1.,1.,1.,1.))) REPRESENTATION_ITEM('') SURFACE() );
#4760 = CARTESIAN_POINT('',(66.742262229283,-4.53,11.5));
#4761 = CARTESIAN_POINT('',(66.742262229283,-4.713907242996,11.5));
#4762 = CARTESIAN_POINT('',(66.799810249281,-4.898064803651,11.5));
#4763 = CARTESIAN_POINT('',(66.915918649068,-5.059741048246,11.5));
#4764 = CARTESIAN_POINT('',(67.076234431524,-5.17445666054,11.5));
#4765 = CARTESIAN_POINT('',(67.25851667188,-5.233168326717,11.5));
#4766 = CARTESIAN_POINT('',(67.441986535024,-5.234597540564,11.5));
#4767 = CARTESIAN_POINT('',(66.9148013601,-4.53,11.5));
#4768 = CARTESIAN_POINT('',(66.9148013601,-4.669291628227,11.5));
#4769 = CARTESIAN_POINT('',(66.957836056218,-4.808855099161,11.5));
#4770 = CARTESIAN_POINT('',(67.04513132813,-4.932027049348,11.5));
#4771 = CARTESIAN_POINT('',(67.165689866292,-5.019711954745,11.5));
#4772 = CARTESIAN_POINT('',(67.303321194517,-5.066145181699,11.5));
#4773 = CARTESIAN_POINT('',(67.443308738847,-5.068998431638,11.5));
#4774 = CARTESIAN_POINT('',(66.94010054942,-4.53,11.329325741007));
#4775 = CARTESIAN_POINT('',(66.94010054942,-4.662749698409,
    11.329325741007));
#4776 = CARTESIAN_POINT('',(66.981618306762,-4.796249172583,
    11.329989793181));
#4777 = CARTESIAN_POINT('',(67.066632136694,-4.913607600478,
    11.331359534591));
#4778 = CARTESIAN_POINT('',(67.182422850288,-4.994734536562,
    11.333199208201));
#4779 = CARTESIAN_POINT('',(67.312383437021,-5.036711130739,
    11.335245507523));
#4780 = CARTESIAN_POINT('',(67.443555338866,-5.038113069863,
    11.337301362278));
#4781 = DEFINITIONAL_REPRESENTATION('',(#4782),#4786);
#4782 = LINE('',#4783,#4784);
#4783 = CARTESIAN_POINT('',(0.,0.));
#4784 = VECTOR('',#4785,1.);
#4785 = DIRECTION('',(0.,1.));
#4786 = ( GEOMETRIC_REPRESENTATION_CONTEXT(2) 
PARAMETRIC_REPRESENTATION_CONTEXT() REPRESENTATION_CONTEXT('2D SPACE',''
  ) );
#4787 = ORIENTED_EDGE('',*,*,#4788,.F.);
#4788 = EDGE_CURVE('',#4789,#4736,#4791,.T.);
#4789 = VERTEX_POINT('',#4790);
#4790 = CARTESIAN_POINT('',(66.742262229283,4.53,11.5));
#4791 = SURFACE_CURVE('',#4792,(#4796,#4803),.PCURVE_S1.);
#4792 = LINE('',#4793,#4794);
#4793 = CARTESIAN_POINT('',(66.742262229283,4.53,11.5));
#4794 = VECTOR('',#4795,1.);
#4795 = DIRECTION('',(0.,-1.,0.));
#4796 = PCURVE('',#1818,#4797);
#4797 = DEFINITIONAL_REPRESENTATION('',(#4798),#4802);
#4798 = LINE('',#4799,#4800);
#4799 = CARTESIAN_POINT('',(65.97686234844,11.050072494665));
#4800 = VECTOR('',#4801,1.);
#4801 = DIRECTION('',(9.801714032956E-02,-0.995184726672));
#4802 = ( GEOMETRIC_REPRESENTATION_CONTEXT(2) 
PARAMETRIC_REPRESENTATION_CONTEXT() REPRESENTATION_CONTEXT('2D SPACE',''
  ) );
#4803 = PCURVE('',#4804,#4809);
#4804 = CYLINDRICAL_SURFACE('',#4805,0.2);
#4805 = AXIS2_PLACEMENT_3D('',#4806,#4807,#4808);
#4806 = CARTESIAN_POINT('',(66.742262229283,4.53,11.3));
#4807 = DIRECTION('',(0.,-1.,0.));
#4808 = DIRECTION('',(-0.,0.,1.));
#4809 = DEFINITIONAL_REPRESENTATION('',(#4810),#4814);
#4810 = LINE('',#4811,#4812);
#4811 = CARTESIAN_POINT('',(-0.,0.));
#4812 = VECTOR('',#4813,1.);
#4813 = DIRECTION('',(-0.,1.));
#4814 = ( GEOMETRIC_REPRESENTATION_CONTEXT(2) 
PARAMETRIC_REPRESENTATION_CONTEXT() REPRESENTATION_CONTEXT('2D SPACE',''
  ) );
#4815 = ORIENTED_EDGE('',*,*,#4816,.F.);
#4816 = EDGE_CURVE('',#4817,#4789,#4819,.T.);
#4817 = VERTEX_POINT('',#4818);
#4818 = CARTESIAN_POINT('',(67.442039971024,5.23459795995,11.5));
#4819 = SURFACE_CURVE('',#4820,(#4828,#4839),.PCURVE_S1.);
#4820 = ( BOUNDED_CURVE() B_SPLINE_CURVE(6,(#4821,#4822,#4823,#4824,
#4825,#4826,#4827),.UNSPECIFIED.,.F.,.F.) B_SPLINE_CURVE_WITH_KNOTS((7,7
),(14.193195354861,15.029301147739),.PIECEWISE_BEZIER_KNOTS.) CURVE() 
GEOMETRIC_REPRESENTATION_ITEM() RATIONAL_B_SPLINE_CURVE((1.,1.,1.,1.,1.,
1.,1.)) REPRESENTATION_ITEM('') );
#4821 = CARTESIAN_POINT('',(67.441986535024,5.234597540564,11.5));
#4822 = CARTESIAN_POINT('',(67.25851667188,5.233168326717,11.5));
#4823 = CARTESIAN_POINT('',(67.076234431524,5.17445666054,11.5));
#4824 = CARTESIAN_POINT('',(66.915918649068,5.059741048246,11.5));
#4825 = CARTESIAN_POINT('',(66.799810249281,4.898064803651,11.5));
#4826 = CARTESIAN_POINT('',(66.742262229283,4.713907242996,11.5));
#4827 = CARTESIAN_POINT('',(66.742262229283,4.53,11.5));
#4828 = PCURVE('',#1818,#4829);
#4829 = DEFINITIONAL_REPRESENTATION('',(#4830),#4838);
#4830 = B_SPLINE_CURVE_WITH_KNOTS('',6,(#4831,#4832,#4833,#4834,#4835,
    #4836,#4837),.UNSPECIFIED.,.F.,.F.,(7,7),(14.193195354861,
    15.029301147739),.PIECEWISE_BEZIER_KNOTS.);
#4831 = CARTESIAN_POINT('',(66.604154654385,11.819862180953));
#4832 = CARTESIAN_POINT('',(66.421708336234,11.800456657839));
#4833 = CARTESIAN_POINT('',(66.246058584312,11.72416092045));
#4834 = CARTESIAN_POINT('',(66.097758862434,11.594284000638));
#4835 = CARTESIAN_POINT('',(65.998056599483,11.422005658036));
#4836 = CARTESIAN_POINT('',(65.958836286396,11.233094174019));
#4837 = CARTESIAN_POINT('',(65.97686234844,11.050072494665));
#4838 = ( GEOMETRIC_REPRESENTATION_CONTEXT(2) 
PARAMETRIC_REPRESENTATION_CONTEXT() REPRESENTATION_CONTEXT('2D SPACE',''
  ) );
#4839 = PCURVE('',#4840,#4862);
#4840 = ( BOUNDED_SURFACE() B_SPLINE_SURFACE(2,6,(
    (#4841,#4842,#4843,#4844,#4845,#4846,#4847)
    ,(#4848,#4849,#4850,#4851,#4852,#4853,#4854)
    ,(#4855,#4856,#4857,#4858,#4859,#4860,#4861
)),.UNSPECIFIED.,.F.,.F.,.F.) B_SPLINE_SURFACE_WITH_KNOTS((3,3),(7,7),(
    0.,0.836105792877),(14.193195354861,15.029301147739),
.PIECEWISE_BEZIER_KNOTS.) GEOMETRIC_REPRESENTATION_ITEM() 
RATIONAL_B_SPLINE_SURFACE((
    (1.,1.,1.,1.,1.,1.,1.)
    ,(0.77022945003,0.766893017695,0.763554932179,0.760533858464
      ,0.758271263065,0.757175245579,0.757175245579)
,(1.,1.,1.,1.,1.,1.,1.))) REPRESENTATION_ITEM('') SURFACE() );
#4841 = CARTESIAN_POINT('',(67.441986535024,5.234597540564,11.5));
#4842 = CARTESIAN_POINT('',(67.25851667188,5.233168326717,11.5));
#4843 = CARTESIAN_POINT('',(67.076234431524,5.17445666054,11.5));
#4844 = CARTESIAN_POINT('',(66.915918649068,5.059741048246,11.5));
#4845 = CARTESIAN_POINT('',(66.799810249281,4.898064803651,11.5));
#4846 = CARTESIAN_POINT('',(66.742262229283,4.713907242996,11.5));
#4847 = CARTESIAN_POINT('',(66.742262229283,4.53,11.5));
#4848 = CARTESIAN_POINT('',(67.443308738847,5.068998431638,11.5));
#4849 = CARTESIAN_POINT('',(67.303321194517,5.066145181699,11.5));
#4850 = CARTESIAN_POINT('',(67.165689866292,5.019711954745,11.5));
#4851 = CARTESIAN_POINT('',(67.04513132813,4.932027049348,11.5));
#4852 = CARTESIAN_POINT('',(66.957836056218,4.808855099161,11.5));
#4853 = CARTESIAN_POINT('',(66.9148013601,4.669291628227,11.5));
#4854 = CARTESIAN_POINT('',(66.9148013601,4.53,11.5));
#4855 = CARTESIAN_POINT('',(67.443555338866,5.038113069863,
    11.337301362278));
#4856 = CARTESIAN_POINT('',(67.312383437021,5.036711130739,
    11.335245507523));
#4857 = CARTESIAN_POINT('',(67.182422850288,4.994734536562,
    11.333199208201));
#4858 = CARTESIAN_POINT('',(67.066632136694,4.913607600478,
    11.331359534591));
#4859 = CARTESIAN_POINT('',(66.981618306762,4.796249172583,
    11.329989793181));
#4860 = CARTESIAN_POINT('',(66.94010054942,4.662749698409,
    11.329325741007));
#4861 = CARTESIAN_POINT('',(66.94010054942,4.53,11.329325741007));
#4862 = DEFINITIONAL_REPRESENTATION('',(#4863),#4867);
#4863 = LINE('',#4864,#4865);
#4864 = CARTESIAN_POINT('',(0.,0.));
#4865 = VECTOR('',#4866,1.);
#4866 = DIRECTION('',(0.,1.));
#4867 = ( GEOMETRIC_REPRESENTATION_CONTEXT(2) 
PARAMETRIC_REPRESENTATION_CONTEXT() REPRESENTATION_CONTEXT('2D SPACE',''
  ) );
#4868 = ORIENTED_EDGE('',*,*,#4869,.F.);
#4869 = EDGE_CURVE('',#4870,#4817,#4872,.T.);
#4870 = VERTEX_POINT('',#4871);
#4871 = CARTESIAN_POINT('',(71.665520859628,5.26717108495,11.5));
#4872 = SURFACE_CURVE('',#4873,(#4877,#4884),.PCURVE_S1.);
#4873 = LINE('',#4874,#4875);
#4874 = CARTESIAN_POINT('',(71.672368692247,5.267223898095,11.5));
#4875 = VECTOR('',#4876,1.);
#4876 = DIRECTION('',(-0.999970260859,-7.712159037143E-03,0.));
#4877 = PCURVE('',#1818,#4878);
#4878 = DEFINITIONAL_REPRESENTATION('',(#4879),#4883);
#4879 = LINE('',#4880,#4881);
#4880 = CARTESIAN_POINT('',(70.810968422976,12.266981395207));
#4881 = VECTOR('',#4882,1.);
#4882 = DIRECTION('',(-0.994399206959,-0.105689248267));
#4883 = ( GEOMETRIC_REPRESENTATION_CONTEXT(2) 
PARAMETRIC_REPRESENTATION_CONTEXT() REPRESENTATION_CONTEXT('2D SPACE',''
  ) );
#4884 = PCURVE('',#4885,#4890);
#4885 = CYLINDRICAL_SURFACE('',#4886,0.2);
#4886 = AXIS2_PLACEMENT_3D('',#4887,#4888,#4889);
#4887 = CARTESIAN_POINT('',(71.672368692247,5.267223898095,11.3));
#4888 = DIRECTION('',(-0.999970260859,-7.712159037143E-03,0.));
#4889 = DIRECTION('',(0.,0.,1.));
#4890 = DEFINITIONAL_REPRESENTATION('',(#4891),#4895);
#4891 = LINE('',#4892,#4893);
#4892 = CARTESIAN_POINT('',(-0.,0.));
#4893 = VECTOR('',#4894,1.);
#4894 = DIRECTION('',(-0.,1.));
#4895 = ( GEOMETRIC_REPRESENTATION_CONTEXT(2) 
PARAMETRIC_REPRESENTATION_CONTEXT() REPRESENTATION_CONTEXT('2D SPACE',''
  ) );
#4896 = ORIENTED_EDGE('',*,*,#4897,.F.);
#4897 = EDGE_CURVE('',#4602,#4870,#4898,.T.);
#4898 = SURFACE_CURVE('',#4899,(#4912,#4928),.PCURVE_S1.);
#4899 = ( BOUNDED_CURVE() B_SPLINE_CURVE(6,(#4900,#4901,#4902,#4903,
    #4904,#4905,#4906,#4907,#4908,#4909,#4910,#4911),.UNSPECIFIED.,.F.,
.F.) B_SPLINE_CURVE_WITH_KNOTS((7,5,7),(9.060000000001,9.962735098132,
9.969580279368),.UNSPECIFIED.) CURVE() GEOMETRIC_REPRESENTATION_ITEM() 
RATIONAL_B_SPLINE_CURVE((1.,1.,1.,1.,1.,1.,1.,1.,1.,1.,1.,1.)) 
REPRESENTATION_ITEM('') );
#4900 = CARTESIAN_POINT('',(72.409039034837,4.530000000002,11.5));
#4901 = CARTESIAN_POINT('',(72.409039034836,4.722216000519,11.5));
#4902 = CARTESIAN_POINT('',(72.348879816371,4.91444540152,11.5));
#4903 = CARTESIAN_POINT('',(72.228325476637,5.083298112942,11.5));
#4904 = CARTESIAN_POINT('',(72.059970956158,5.205485439374,11.5));
#4905 = CARTESIAN_POINT('',(71.866209480591,5.26684375431,11.5));
#4906 = CARTESIAN_POINT('',(71.671022932178,5.267184380425,11.5));
#4907 = CARTESIAN_POINT('',(71.6702168722,5.267190043891,11.5));
#4908 = CARTESIAN_POINT('',(71.668876749972,5.26718838025,11.5));
#4909 = CARTESIAN_POINT('',(71.667822695036,5.267185914967,11.5));
#4910 = CARTESIAN_POINT('',(71.666662165064,5.267179887141,11.5));
#4911 = CARTESIAN_POINT('',(71.665520859628,5.26717108495,11.5));
#4912 = PCURVE('',#1818,#4913);
#4913 = DEFINITIONAL_REPRESENTATION('',(#4914),#4927);
#4914 = B_SPLINE_CURVE_WITH_KNOTS('',6,(#4915,#4916,#4917,#4918,#4919,
    #4920,#4921,#4922,#4923,#4924,#4925,#4926),.UNSPECIFIED.,.F.,.F.,(7,
    5,7),(9.060000000001,9.962735098132,9.969580279368),.UNSPECIFIED.);
#4915 = CARTESIAN_POINT('',(71.616352074787,11.605513752033));
#4916 = CARTESIAN_POINT('',(71.59751161209,11.796804179969));
#4917 = CARTESIAN_POINT('',(71.518800300533,11.982211309305));
#4918 = CARTESIAN_POINT('',(71.382276002983,12.138434557134));
#4919 = CARTESIAN_POINT('',(71.202755703217,12.243531889533));
#4920 = CARTESIAN_POINT('',(71.003913075549,12.285602801671));
#4921 = CARTESIAN_POINT('',(70.809633016519,12.266810160272));
#4922 = CARTESIAN_POINT('',(70.808830282822,12.266736788773));
#4923 = CARTESIAN_POINT('',(70.807496776715,12.266603778194));
#4924 = CARTESIAN_POINT('',(70.806448038982,12.266498009332));
#4925 = CARTESIAN_POINT('',(70.805293688109,12.266378258702));
#4926 = CARTESIAN_POINT('',(70.804158741136,12.266257631401));
#4927 = ( GEOMETRIC_REPRESENTATION_CONTEXT(2) 
PARAMETRIC_REPRESENTATION_CONTEXT() REPRESENTATION_CONTEXT('2D SPACE',''
  ) );
#4928 = PCURVE('',#4929,#4966);
#4929 = ( BOUNDED_SURFACE() B_SPLINE_SURFACE(2,6,(
    (#4930,#4931,#4932,#4933,#4934,#4935,#4936,#4937,#4938,#4939,#4940
      ,#4941)
    ,(#4942,#4943,#4944,#4945,#4946,#4947,#4948,#4949,#4950,#4951,#4952
      ,#4953)
    ,(#4954,#4955,#4956,#4957,#4958,#4959,#4960,#4961,#4962,#4963,#4964
,#4965
    )),.UNSPECIFIED.,.F.,.F.,.F.) B_SPLINE_SURFACE_WITH_KNOTS((3,3),(7,5
    ,7),(0.,0.909580279367),(9.060000000001,9.962735098132,
9.969580279368),.UNSPECIFIED.) GEOMETRIC_REPRESENTATION_ITEM() 
RATIONAL_B_SPLINE_SURFACE((
    (1.,1.,1.,1.,1.,1.,1.,1.,1.,1.,1.,1.)
    ,(0.783066058652,0.783066058652,0.782050742506,0.780020495733
      ,0.777148874009,0.773802141727,0.770370851048,0.770339078375
      ,0.770312952569,0.770284114014,0.77025673033,0.770229447869)
,(1.,1.,1.,1.,1.,1.,1.,1.,1.,1.,1.,1.
))) REPRESENTATION_ITEM('') SURFACE() );
#4930 = CARTESIAN_POINT('',(72.409039034837,4.530000000002,11.5));
#4931 = CARTESIAN_POINT('',(72.409039034836,4.722216000519,11.5));
#4932 = CARTESIAN_POINT('',(72.348879816371,4.91444540152,11.5));
#4933 = CARTESIAN_POINT('',(72.228325476637,5.083298112942,11.5));
#4934 = CARTESIAN_POINT('',(72.059970956158,5.205485439374,11.5));
#4935 = CARTESIAN_POINT('',(71.866209480591,5.26684375431,11.5));
#4936 = CARTESIAN_POINT('',(71.671022932178,5.267184380425,11.5));
#4937 = CARTESIAN_POINT('',(71.6702168722,5.267190043891,11.5));
#4938 = CARTESIAN_POINT('',(71.668876749972,5.26718838025,11.5));
#4939 = CARTESIAN_POINT('',(71.667822695036,5.267185914967,11.5));
#4940 = CARTESIAN_POINT('',(71.666662165064,5.267179887141,11.5));
#4941 = CARTESIAN_POINT('',(71.665520859628,5.26717108495,11.5));
#4942 = CARTESIAN_POINT('',(72.250192017187,4.530000000001,11.5));
#4943 = CARTESIAN_POINT('',(72.250192017186,4.680390076582,11.5));
#4944 = CARTESIAN_POINT('',(72.202655234911,4.831154416663,11.5));
#4945 = CARTESIAN_POINT('',(72.106971689588,4.963330721816,11.5));
#4946 = CARTESIAN_POINT('',(71.974037499691,5.056906867388,11.5));
#4947 = CARTESIAN_POINT('',(71.823509148898,5.102825565921,11.5));
#4948 = CARTESIAN_POINT('',(71.672504108914,5.101661037408,11.5));
#4949 = CARTESIAN_POINT('',(71.671362894703,5.101647856141,11.5));
#4950 = CARTESIAN_POINT('',(71.670221583684,5.101633299567,11.5));
#4951 = CARTESIAN_POINT('',(71.669080374185,5.101615296578,11.5));
#4952 = CARTESIAN_POINT('',(71.667939180804,5.101594843888,11.5));
#4953 = CARTESIAN_POINT('',(71.666798027009,5.101571621418,11.5));
#4954 = CARTESIAN_POINT('',(72.214231450277,4.53,11.345276980885));
#4955 = CARTESIAN_POINT('',(72.214231450277,4.67092131879,
    11.345276980885));
#4956 = CARTESIAN_POINT('',(72.170110163032,4.811828940023,
    11.344641013971));
#4957 = CARTESIAN_POINT('',(72.081783337357,4.935736903217,
    11.343368780912));
#4958 = CARTESIAN_POINT('',(71.958156269069,5.02522144695,
    11.341576954344));
#4959 = CARTESIAN_POINT('',(71.81632170444,5.070419685866,
    11.339503262932));
#4960 = CARTESIAN_POINT('',(71.672781075262,5.070717690136,
    11.337388498991));
#4961 = CARTESIAN_POINT('',(71.671577060555,5.070717192347,
    11.337368917618));
#4962 = CARTESIAN_POINT('',(71.670472870313,5.070713555492,
    11.337352817496));
#4963 = CARTESIAN_POINT('',(71.669315218802,5.0707073625,11.337335045994
    ));
#4964 = CARTESIAN_POINT('',(71.668177508241,5.070698188069,
    11.33731817195));
#4965 = CARTESIAN_POINT('',(71.667036227417,5.07068619461,
    11.337301360946));
#4966 = DEFINITIONAL_REPRESENTATION('',(#4967),#4971);
#4967 = LINE('',#4968,#4969);
#4968 = CARTESIAN_POINT('',(0.,0.));
#4969 = VECTOR('',#4970,1.);
#4970 = DIRECTION('',(0.,1.));
#4971 = ( GEOMETRIC_REPRESENTATION_CONTEXT(2) 
PARAMETRIC_REPRESENTATION_CONTEXT() REPRESENTATION_CONTEXT('2D SPACE',''
  ) );
#4972 = FACE_BOUND('',#4973,.T.);
#4973 = EDGE_LOOP('',(#4974,#4975,#4976,#4977));
#4974 = ORIENTED_EDGE('',*,*,#1802,.F.);
#4975 = ORIENTED_EDGE('',*,*,#4536,.T.);
#4976 = ORIENTED_EDGE('',*,*,#2507,.T.);
#4977 = ORIENTED_EDGE('',*,*,#2283,.F.);
#4978 = ADVANCED_FACE('',(#4979),#2064,.T.);
#4979 = FACE_BOUND('',#4980,.F.);
#4980 = EDGE_LOOP('',(#4981,#4982,#5014,#5015));
#4981 = ORIENTED_EDGE('',*,*,#2656,.T.);
#4982 = ORIENTED_EDGE('',*,*,#4983,.F.);
#4983 = EDGE_CURVE('',#1960,#2601,#4984,.T.);
#4984 = SURFACE_CURVE('',#4985,(#4997,#5007),.PCURVE_S1.);
#4985 = B_SPLINE_CURVE_WITH_KNOTS('',4,(#4986,#4987,#4988,#4989,#4990,
    #4991,#4992,#4993,#4994,#4995,#4996),.UNSPECIFIED.,.F.,.F.,(5,3,3,5)
  ,(-0.891586651552,-5.069775845481E-07,14.569133508305,15.460719804802)
  ,.UNSPECIFIED.);
#4986 = CARTESIAN_POINT('',(73.324427877474,-8.117726135492,
    -4.148400357026));
#4987 = CARTESIAN_POINT('',(73.346403053013,-7.894608434943,
    -4.148400357026));
#4988 = CARTESIAN_POINT('',(73.36829323478,-7.672353690636,
    -4.148400357026));
#4989 = CARTESIAN_POINT('',(73.390098422775,-7.45096190257,
    -4.148400357026));
#4990 = CARTESIAN_POINT('',(73.766741607232,-3.626839492455,
    -4.148400357026));
#4991 = CARTESIAN_POINT('',(73.885810541676,4.382243676091E-06,
    -4.148400357026));
#4992 = CARTESIAN_POINT('',(73.766741544051,3.626840114211,
    -4.148400357026));
#4993 = CARTESIAN_POINT('',(73.39009842704,7.450961860478,
    -4.148400357026));
#4994 = CARTESIAN_POINT('',(73.368293239258,7.672353647594,
    -4.148400357026));
#4995 = CARTESIAN_POINT('',(73.346403057515,7.894608392874,
    -4.148400357026));
#4996 = CARTESIAN_POINT('',(73.324427881811,8.117726096319,
    -4.148400357026));
#4997 = PCURVE('',#2064,#4998);
#4998 = DEFINITIONAL_REPRESENTATION('',(#4999),#5006);
#4999 = B_SPLINE_CURVE_WITH_KNOTS('',5,(#5000,#5001,#5002,#5003,#5004,
    #5005),.UNSPECIFIED.,.F.,.F.,(6,6),(-4.747881391142E-07,
    14.569133508305),.PIECEWISE_BEZIER_KNOTS.);
#5000 = CARTESIAN_POINT('',(-6.185010536755,0.148400357026));
#5001 = CARTESIAN_POINT('',(-6.224280437849,0.148400357026));
#5002 = CARTESIAN_POINT('',(-6.26355050696,0.148400357026));
#5003 = CARTESIAN_POINT('',(-6.302820182453,0.148400357026));
#5004 = CARTESIAN_POINT('',(-6.342090183614,0.148400357026));
#5005 = CARTESIAN_POINT('',(-6.381360077504,0.148400357026));
#5006 = ( GEOMETRIC_REPRESENTATION_CONTEXT(2) 
PARAMETRIC_REPRESENTATION_CONTEXT() REPRESENTATION_CONTEXT('2D SPACE',''
  ) );
#5007 = PCURVE('',#1997,#5008);
#5008 = DEFINITIONAL_REPRESENTATION('',(#5009),#5013);
#5009 = LINE('',#5010,#5011);
#5010 = CARTESIAN_POINT('',(0.,0.));
#5011 = VECTOR('',#5012,1.);
#5012 = DIRECTION('',(0.,1.));
#5013 = ( GEOMETRIC_REPRESENTATION_CONTEXT(2) 
PARAMETRIC_REPRESENTATION_CONTEXT() REPRESENTATION_CONTEXT('2D SPACE',''
  ) );
#5014 = ORIENTED_EDGE('',*,*,#2049,.F.);
#5015 = ORIENTED_EDGE('',*,*,#4562,.T.);
#5016 = ADVANCED_FACE('',(#5017),#1997,.T.);
#5017 = FACE_BOUND('',#5018,.T.);
#5018 = EDGE_LOOP('',(#5019,#5020,#5052,#5053));
#5019 = ORIENTED_EDGE('',*,*,#1959,.T.);
#5020 = ORIENTED_EDGE('',*,*,#5021,.T.);
#5021 = EDGE_CURVE('',#1932,#2578,#5022,.T.);
#5022 = SURFACE_CURVE('',#5023,(#5035,#5042),.PCURVE_S1.);
#5023 = B_SPLINE_CURVE_WITH_KNOTS('',4,(#5024,#5025,#5026,#5027,#5028,
    #5029,#5030,#5031,#5032,#5033,#5034),.UNSPECIFIED.,.F.,.F.,(5,3,3,5)
  ,(-0.891586651552,-5.069775845481E-07,14.569133508305,15.460719804802)
  ,.UNSPECIFIED.);
#5024 = CARTESIAN_POINT('',(73.755315983477,-8.16016484524,
    -4.643887368848));
#5025 = CARTESIAN_POINT('',(73.777163668166,-7.938341579035,
    -4.643887368848));
#5026 = CARTESIAN_POINT('',(73.799011352855,-7.71651831283,
    -4.643887368848));
#5027 = CARTESIAN_POINT('',(73.820859037543,-7.494695046624,
    -4.643887368848));
#5028 = CARTESIAN_POINT('',(74.199712994806,-3.648126249411,
    -4.643887368848));
#5029 = CARTESIAN_POINT('',(74.319480756043,2.121499314902E-06,
    -4.643887368848));
#5030 = CARTESIAN_POINT('',(74.199712746463,3.648128790728,
    -4.643887368848));
#5031 = CARTESIAN_POINT('',(73.820859044895,7.494694970766,
    -4.643887368848));
#5032 = CARTESIAN_POINT('',(73.799011363873,7.716518198527,
    -4.643887368848));
#5033 = CARTESIAN_POINT('',(73.777163675281,7.938341503153,
    -4.643887368848));
#5034 = CARTESIAN_POINT('',(73.755315979118,8.160164884644,
    -4.643887368848));
#5035 = PCURVE('',#1997,#5036);
#5036 = DEFINITIONAL_REPRESENTATION('',(#5037),#5041);
#5037 = LINE('',#5038,#5039);
#5038 = CARTESIAN_POINT('',(14.569134015283,0.));
#5039 = VECTOR('',#5040,1.);
#5040 = DIRECTION('',(0.,1.));
#5041 = ( GEOMETRIC_REPRESENTATION_CONTEXT(2) 
PARAMETRIC_REPRESENTATION_CONTEXT() REPRESENTATION_CONTEXT('2D SPACE',''
  ) );
#5042 = PCURVE('',#1947,#5043);
#5043 = DEFINITIONAL_REPRESENTATION('',(#5044),#5051);
#5044 = B_SPLINE_CURVE_WITH_KNOTS('',5,(#5045,#5046,#5047,#5048,#5049,
    #5050),.UNSPECIFIED.,.F.,.F.,(6,6),(-5.069775845481E-07,
    14.569133500854),.PIECEWISE_BEZIER_KNOTS.);
#5045 = CARTESIAN_POINT('',(4.338198966725E-10,6.856112631152));
#5046 = CARTESIAN_POINT('',(3.926991011131E-02,6.856112631152));
#5047 = CARTESIAN_POINT('',(7.853995601314E-02,6.856112631152));
#5048 = CARTESIAN_POINT('',(0.11780963268,6.856112631152));
#5049 = CARTESIAN_POINT('',(0.157079658275,6.856112631152));
#5050 = CARTESIAN_POINT('',(0.196349540849,6.856112631152));
#5051 = ( GEOMETRIC_REPRESENTATION_CONTEXT(2) 
PARAMETRIC_REPRESENTATION_CONTEXT() REPRESENTATION_CONTEXT('2D SPACE',''
  ) );
#5052 = ORIENTED_EDGE('',*,*,#2600,.F.);
#5053 = ORIENTED_EDGE('',*,*,#4983,.F.);
#5054 = ADVANCED_FACE('',(#5055),#1947,.T.);
#5055 = FACE_BOUND('',#5056,.T.);
#5056 = EDGE_LOOP('',(#5057,#5058,#5080,#5081));
#5057 = ORIENTED_EDGE('',*,*,#1931,.F.);
#5058 = ORIENTED_EDGE('',*,*,#5059,.T.);
#5059 = EDGE_CURVE('',#1904,#2555,#5060,.T.);
#5060 = SURFACE_CURVE('',#5061,(#5066,#5073),.PCURVE_S1.);
#5061 = CIRCLE('',#5062,74.2);
#5062 = AXIS2_PLACEMENT_3D('',#5063,#5064,#5065);
#5063 = CARTESIAN_POINT('',(0.,0.,-11.));
#5064 = DIRECTION('',(-0.,0.,1.));
#5065 = DIRECTION('',(0.995184726672,-9.801714032956E-02,0.));
#5066 = PCURVE('',#1947,#5067);
#5067 = DEFINITIONAL_REPRESENTATION('',(#5068),#5072);
#5068 = LINE('',#5069,#5070);
#5069 = CARTESIAN_POINT('',(0.,0.5));
#5070 = VECTOR('',#5071,1.);
#5071 = DIRECTION('',(1.,0.));
#5072 = ( GEOMETRIC_REPRESENTATION_CONTEXT(2) 
PARAMETRIC_REPRESENTATION_CONTEXT() REPRESENTATION_CONTEXT('2D SPACE',''
  ) );
#5073 = PCURVE('',#1920,#5074);
#5074 = DEFINITIONAL_REPRESENTATION('',(#5075),#5079);
#5075 = LINE('',#5076,#5077);
#5076 = CARTESIAN_POINT('',(0.,6.28318530718));
#5077 = VECTOR('',#5078,1.);
#5078 = DIRECTION('',(1.,0.));
#5079 = ( GEOMETRIC_REPRESENTATION_CONTEXT(2) 
PARAMETRIC_REPRESENTATION_CONTEXT() REPRESENTATION_CONTEXT('2D SPACE',''
  ) );
#5080 = ORIENTED_EDGE('',*,*,#2577,.T.);
#5081 = ORIENTED_EDGE('',*,*,#5021,.F.);
#5082 = ADVANCED_FACE('',(#5083),#1920,.T.);
#5083 = FACE_BOUND('',#5084,.T.);
#5084 = EDGE_LOOP('',(#5085,#5086,#5108,#5109));
#5085 = ORIENTED_EDGE('',*,*,#1903,.F.);
#5086 = ORIENTED_EDGE('',*,*,#5087,.T.);
#5087 = EDGE_CURVE('',#1876,#2532,#5088,.T.);
#5088 = SURFACE_CURVE('',#5089,(#5094,#5101),.PCURVE_S1.);
#5089 = CIRCLE('',#5090,73.7);
#5090 = AXIS2_PLACEMENT_3D('',#5091,#5092,#5093);
#5091 = CARTESIAN_POINT('',(0.,0.,-11.5));
#5092 = DIRECTION('',(-0.,0.,1.));
#5093 = DIRECTION('',(0.995184726672,-9.801714032956E-02,0.));
#5094 = PCURVE('',#1920,#5095);
#5095 = DEFINITIONAL_REPRESENTATION('',(#5096),#5100);
#5096 = LINE('',#5097,#5098);
#5097 = CARTESIAN_POINT('',(0.,4.712388980385));
#5098 = VECTOR('',#5099,1.);
#5099 = DIRECTION('',(1.,0.));
#5100 = ( GEOMETRIC_REPRESENTATION_CONTEXT(2) 
PARAMETRIC_REPRESENTATION_CONTEXT() REPRESENTATION_CONTEXT('2D SPACE',''
  ) );
#5101 = PCURVE('',#1891,#5102);
#5102 = DEFINITIONAL_REPRESENTATION('',(#5103),#5107);
#5103 = CIRCLE('',#5104,73.7);
#5104 = AXIS2_PLACEMENT_2D('',#5105,#5106);
#5105 = CARTESIAN_POINT('',(0.,0.));
#5106 = DIRECTION('',(1.,-1.303316166446E-17));
#5107 = ( GEOMETRIC_REPRESENTATION_CONTEXT(2) 
PARAMETRIC_REPRESENTATION_CONTEXT() REPRESENTATION_CONTEXT('2D SPACE',''
  ) );
#5108 = ORIENTED_EDGE('',*,*,#2554,.T.);
#5109 = ORIENTED_EDGE('',*,*,#5059,.F.);
#5110 = ADVANCED_FACE('',(#5111),#1891,.F.);
#5111 = FACE_BOUND('',#5112,.T.);
#5112 = EDGE_LOOP('',(#5113,#5114,#5115,#5116));
#5113 = ORIENTED_EDGE('',*,*,#1875,.F.);
#5114 = ORIENTED_EDGE('',*,*,#2333,.T.);
#5115 = ORIENTED_EDGE('',*,*,#2531,.T.);
#5116 = ORIENTED_EDGE('',*,*,#5087,.F.);
#5117 = ADVANCED_FACE('',(#5118),#3081,.T.);
#5118 = FACE_BOUND('',#5119,.F.);
#5119 = EDGE_LOOP('',(#5120,#5142,#5143,#5169));
#5120 = ORIENTED_EDGE('',*,*,#5121,.F.);
#5121 = EDGE_CURVE('',#2812,#5122,#5124,.T.);
#5122 = VERTEX_POINT('',#5123);
#5123 = CARTESIAN_POINT('',(66.55,2.1,9.));
#5124 = SURFACE_CURVE('',#5125,(#5130,#5136),.PCURVE_S1.);
#5125 = CIRCLE('',#5126,0.1);
#5126 = AXIS2_PLACEMENT_3D('',#5127,#5128,#5129);
#5127 = CARTESIAN_POINT('',(66.45,2.1,9.));
#5128 = DIRECTION('',(0.,0.,1.));
#5129 = DIRECTION('',(0.,-1.,0.));
#5130 = PCURVE('',#3081,#5131);
#5131 = DEFINITIONAL_REPRESENTATION('',(#5132),#5135);
#5132 = B_SPLINE_CURVE_WITH_KNOTS('',1,(#5133,#5134),.UNSPECIFIED.,.F.,
  .F.,(2,2),(0.,1.570796326795),.PIECEWISE_BEZIER_KNOTS.);
#5133 = CARTESIAN_POINT('',(0.,3.14159265359));
#5134 = CARTESIAN_POINT('',(0.,4.712388980385));
#5135 = ( GEOMETRIC_REPRESENTATION_CONTEXT(2) 
PARAMETRIC_REPRESENTATION_CONTEXT() REPRESENTATION_CONTEXT('2D SPACE',''
  ) );
#5136 = PCURVE('',#3135,#5137);
#5137 = DEFINITIONAL_REPRESENTATION('',(#5138),#5141);
#5138 = B_SPLINE_CURVE_WITH_KNOTS('',1,(#5139,#5140),.UNSPECIFIED.,.F.,
  .F.,(2,2),(0.,1.570796326795),.PIECEWISE_BEZIER_KNOTS.);
#5139 = CARTESIAN_POINT('',(0.,18.));
#5140 = CARTESIAN_POINT('',(1.570796326795,18.));
#5141 = ( GEOMETRIC_REPRESENTATION_CONTEXT(2) 
PARAMETRIC_REPRESENTATION_CONTEXT() REPRESENTATION_CONTEXT('2D SPACE',''
  ) );
#5142 = ORIENTED_EDGE('',*,*,#3066,.T.);
#5143 = ORIENTED_EDGE('',*,*,#5144,.T.);
#5144 = EDGE_CURVE('',#2837,#3521,#5145,.T.);
#5145 = SURFACE_CURVE('',#5146,(#5151,#5157),.PCURVE_S1.);
#5146 = CIRCLE('',#5147,0.1);
#5147 = AXIS2_PLACEMENT_3D('',#5148,#5149,#5150);
#5148 = CARTESIAN_POINT('',(66.45,2.019615242271,9.3));
#5149 = DIRECTION('',(0.,-0.5,0.866025403784));
#5150 = DIRECTION('',(0.,0.866025403784,0.5));
#5151 = PCURVE('',#3081,#5152);
#5152 = DEFINITIONAL_REPRESENTATION('',(#5153),#5156);
#5153 = B_SPLINE_CURVE_WITH_KNOTS('',1,(#5154,#5155),.UNSPECIFIED.,.F.,
  .F.,(2,2),(3.14159265359,4.712388980385),.PIECEWISE_BEZIER_KNOTS.);
#5154 = CARTESIAN_POINT('',(-0.523598775598,3.14159265359));
#5155 = CARTESIAN_POINT('',(-0.523598775598,4.712388980385));
#5156 = ( GEOMETRIC_REPRESENTATION_CONTEXT(2) 
PARAMETRIC_REPRESENTATION_CONTEXT() REPRESENTATION_CONTEXT('2D SPACE',''
  ) );
#5157 = PCURVE('',#2968,#5158);
#5158 = DEFINITIONAL_REPRESENTATION('',(#5159),#5168);
#5159 = B_SPLINE_CURVE_WITH_KNOTS('',7,(#5160,#5161,#5162,#5163,#5164,
    #5165,#5166,#5167),.UNSPECIFIED.,.F.,.F.,(8,8),(3.14159265359,
    4.712388980385),.PIECEWISE_BEZIER_KNOTS.);
#5160 = CARTESIAN_POINT('',(-1.110223024625E-16,18.261799387802));
#5161 = CARTESIAN_POINT('',(8.511099833488E-02,18.261799387802));
#5162 = CARTESIAN_POINT('',(0.160993912335,18.261799387803));
#5163 = CARTESIAN_POINT('',(0.232936443409,18.261799387802));
#5164 = CARTESIAN_POINT('',(0.303451299988,18.261799387803));
#5165 = CARTESIAN_POINT('',(0.375393831063,18.261799387802));
#5166 = CARTESIAN_POINT('',(0.451276745062,18.261799387802));
#5167 = CARTESIAN_POINT('',(0.536387743397,18.261799387802));
#5168 = ( GEOMETRIC_REPRESENTATION_CONTEXT(2) 
PARAMETRIC_REPRESENTATION_CONTEXT() REPRESENTATION_CONTEXT('2D SPACE',''
  ) );
#5169 = ORIENTED_EDGE('',*,*,#5170,.F.);
#5170 = EDGE_CURVE('',#5122,#3521,#5171,.T.);
#5171 = SURFACE_CURVE('',#5172,(#5177,#5184),.PCURVE_S1.);
#5172 = CIRCLE('',#5173,0.6);
#5173 = AXIS2_PLACEMENT_3D('',#5174,#5175,#5176);
#5174 = CARTESIAN_POINT('',(66.55,1.5,9.));
#5175 = DIRECTION('',(1.,0.,-0.));
#5176 = DIRECTION('',(0.,1.,0.));
#5177 = PCURVE('',#3081,#5178);
#5178 = DEFINITIONAL_REPRESENTATION('',(#5179),#5183);
#5179 = LINE('',#5180,#5181);
#5180 = CARTESIAN_POINT('',(-0.,4.712388980385));
#5181 = VECTOR('',#5182,1.);
#5182 = DIRECTION('',(-1.,0.));
#5183 = ( GEOMETRIC_REPRESENTATION_CONTEXT(2) 
PARAMETRIC_REPRESENTATION_CONTEXT() REPRESENTATION_CONTEXT('2D SPACE',''
  ) );
#5184 = PCURVE('',#3536,#5185);
#5185 = DEFINITIONAL_REPRESENTATION('',(#5186),#5190);
#5186 = CIRCLE('',#5187,0.6);
#5187 = AXIS2_PLACEMENT_2D('',#5188,#5189);
#5188 = CARTESIAN_POINT('',(18.5,-6.23));
#5189 = DIRECTION('',(0.,-1.));
#5190 = ( GEOMETRIC_REPRESENTATION_CONTEXT(2) 
PARAMETRIC_REPRESENTATION_CONTEXT() REPRESENTATION_CONTEXT('2D SPACE',''
  ) );
#5191 = ADVANCED_FACE('',(#5192),#2968,.T.);
#5192 = FACE_BOUND('',#5193,.T.);
#5193 = EDGE_LOOP('',(#5194,#5195,#5196,#5197));
#5194 = ORIENTED_EDGE('',*,*,#5144,.T.);
#5195 = ORIENTED_EDGE('',*,*,#3630,.T.);
#5196 = ORIENTED_EDGE('',*,*,#3467,.F.);
#5197 = ORIENTED_EDGE('',*,*,#2836,.F.);
#5198 = ADVANCED_FACE('',(#5199),#3135,.T.);
#5199 = FACE_BOUND('',#5200,.T.);
#5200 = EDGE_LOOP('',(#5201,#5223,#5244,#5245));
#5201 = ORIENTED_EDGE('',*,*,#5202,.T.);
#5202 = EDGE_CURVE('',#3097,#5203,#5205,.T.);
#5203 = VERTEX_POINT('',#5204);
#5204 = CARTESIAN_POINT('',(66.55,2.1,-9.));
#5205 = SURFACE_CURVE('',#5206,(#5211,#5217),.PCURVE_S1.);
#5206 = CIRCLE('',#5207,0.1);
#5207 = AXIS2_PLACEMENT_3D('',#5208,#5209,#5210);
#5208 = CARTESIAN_POINT('',(66.45,2.1,-9.));
#5209 = DIRECTION('',(0.,0.,1.));
#5210 = DIRECTION('',(0.,-1.,0.));
#5211 = PCURVE('',#3135,#5212);
#5212 = DEFINITIONAL_REPRESENTATION('',(#5213),#5216);
#5213 = B_SPLINE_CURVE_WITH_KNOTS('',1,(#5214,#5215),.UNSPECIFIED.,.F.,
  .F.,(2,2),(0.,1.570796326795),.PIECEWISE_BEZIER_KNOTS.);
#5214 = CARTESIAN_POINT('',(0.,0.));
#5215 = CARTESIAN_POINT('',(1.570796326795,0.));
#5216 = ( GEOMETRIC_REPRESENTATION_CONTEXT(2) 
PARAMETRIC_REPRESENTATION_CONTEXT() REPRESENTATION_CONTEXT('2D SPACE',''
  ) );
#5217 = PCURVE('',#3420,#5218);
#5218 = DEFINITIONAL_REPRESENTATION('',(#5219),#5222);
#5219 = B_SPLINE_CURVE_WITH_KNOTS('',1,(#5220,#5221),.UNSPECIFIED.,.F.,
  .F.,(2,2),(0.,1.570796326795),.PIECEWISE_BEZIER_KNOTS.);
#5220 = CARTESIAN_POINT('',(-0.643501108793,3.14159265359));
#5221 = CARTESIAN_POINT('',(-0.643501108793,4.712388980385));
#5222 = ( GEOMETRIC_REPRESENTATION_CONTEXT(2) 
PARAMETRIC_REPRESENTATION_CONTEXT() REPRESENTATION_CONTEXT('2D SPACE',''
  ) );
#5223 = ORIENTED_EDGE('',*,*,#5224,.T.);
#5224 = EDGE_CURVE('',#5203,#5122,#5225,.T.);
#5225 = SURFACE_CURVE('',#5226,(#5230,#5237),.PCURVE_S1.);
#5226 = LINE('',#5227,#5228);
#5227 = CARTESIAN_POINT('',(66.55,2.1,-9.));
#5228 = VECTOR('',#5229,1.);
#5229 = DIRECTION('',(0.,0.,1.));
#5230 = PCURVE('',#3135,#5231);
#5231 = DEFINITIONAL_REPRESENTATION('',(#5232),#5236);
#5232 = LINE('',#5233,#5234);
#5233 = CARTESIAN_POINT('',(1.570796326795,0.));
#5234 = VECTOR('',#5235,1.);
#5235 = DIRECTION('',(0.,1.));
#5236 = ( GEOMETRIC_REPRESENTATION_CONTEXT(2) 
PARAMETRIC_REPRESENTATION_CONTEXT() REPRESENTATION_CONTEXT('2D SPACE',''
  ) );
#5237 = PCURVE('',#3536,#5238);
#5238 = DEFINITIONAL_REPRESENTATION('',(#5239),#5243);
#5239 = LINE('',#5240,#5241);
#5240 = CARTESIAN_POINT('',(0.5,-6.83));
#5241 = VECTOR('',#5242,1.);
#5242 = DIRECTION('',(1.,0.));
#5243 = ( GEOMETRIC_REPRESENTATION_CONTEXT(2) 
PARAMETRIC_REPRESENTATION_CONTEXT() REPRESENTATION_CONTEXT('2D SPACE',''
  ) );
#5244 = ORIENTED_EDGE('',*,*,#5121,.F.);
#5245 = ORIENTED_EDGE('',*,*,#3121,.F.);
#5246 = ADVANCED_FACE('',(#5247),#3420,.T.);
#5247 = FACE_BOUND('',#5248,.F.);
#5248 = EDGE_LOOP('',(#5249,#5274,#5275,#5276));
#5249 = ORIENTED_EDGE('',*,*,#5250,.F.);
#5250 = EDGE_CURVE('',#3176,#4156,#5251,.T.);
#5251 = SURFACE_CURVE('',#5252,(#5256,#5268),.PCURVE_S1.);
#5252 = ( BOUNDED_CURVE() B_SPLINE_CURVE(2,(#5253,#5254,#5255),
.UNSPECIFIED.,.F.,.F.) B_SPLINE_CURVE_WITH_KNOTS((3,3),(0.,
0.536387743432),.PIECEWISE_BEZIER_KNOTS.) CURVE() 
GEOMETRIC_REPRESENTATION_ITEM() RATIONAL_B_SPLINE_CURVE((1.,
0.707106781187,1.)) REPRESENTATION_ITEM('') );
#5253 = CARTESIAN_POINT('',(66.45,1.933012701914,-9.249999999963));
#5254 = CARTESIAN_POINT('',(66.55,1.933012701892,-9.25));
#5255 = CARTESIAN_POINT('',(66.55,2.019615242271,-9.3));
#5256 = PCURVE('',#3420,#5257);
#5257 = DEFINITIONAL_REPRESENTATION('',(#5258),#5267);
#5258 = B_SPLINE_CURVE_WITH_KNOTS('',7,(#5259,#5260,#5261,#5262,#5263,
    #5264,#5265,#5266),.UNSPECIFIED.,.F.,.F.,(8,8),(0.,0.536387743432),
  .PIECEWISE_BEZIER_KNOTS.);
#5259 = CARTESIAN_POINT('',(-0.119902333195,3.14159265359));
#5260 = CARTESIAN_POINT('',(-0.119902333195,3.3436231625));
#5261 = CARTESIAN_POINT('',(-0.119902333195,3.565396086831));
#5262 = CARTESIAN_POINT('',(-0.119902333195,3.803476480191));
#5263 = CARTESIAN_POINT('',(-0.119902333195,4.050505154529));
#5264 = CARTESIAN_POINT('',(-0.119902333195,4.288585546579));
#5265 = CARTESIAN_POINT('',(-0.119902333195,4.510358471474));
#5266 = CARTESIAN_POINT('',(-0.119902333195,4.712388980385));
#5267 = ( GEOMETRIC_REPRESENTATION_CONTEXT(2) 
PARAMETRIC_REPRESENTATION_CONTEXT() REPRESENTATION_CONTEXT('2D SPACE',''
  ) );
#5268 = PCURVE('',#3307,#5269);
#5269 = DEFINITIONAL_REPRESENTATION('',(#5270),#5273);
#5270 = B_SPLINE_CURVE_WITH_KNOTS('',1,(#5271,#5272),.UNSPECIFIED.,.F.,
  .F.,(2,2),(0.,0.536387743432),.PIECEWISE_BEZIER_KNOTS.);
#5271 = CARTESIAN_POINT('',(0.,44.930949137119));
#5272 = CARTESIAN_POINT('',(0.536387743432,44.930949137119));
#5273 = ( GEOMETRIC_REPRESENTATION_CONTEXT(2) 
PARAMETRIC_REPRESENTATION_CONTEXT() REPRESENTATION_CONTEXT('2D SPACE',''
  ) );
#5274 = ORIENTED_EDGE('',*,*,#3405,.T.);
#5275 = ORIENTED_EDGE('',*,*,#5202,.T.);
#5276 = ORIENTED_EDGE('',*,*,#5277,.F.);
#5277 = EDGE_CURVE('',#4156,#5203,#5278,.T.);
#5278 = SURFACE_CURVE('',#5279,(#5284,#5291),.PCURVE_S1.);
#5279 = CIRCLE('',#5280,0.6);
#5280 = AXIS2_PLACEMENT_3D('',#5281,#5282,#5283);
#5281 = CARTESIAN_POINT('',(66.55,1.5,-9.));
#5282 = DIRECTION('',(1.,0.,-0.));
#5283 = DIRECTION('',(-0.,0.8,-0.6));
#5284 = PCURVE('',#3420,#5285);
#5285 = DEFINITIONAL_REPRESENTATION('',(#5286),#5290);
#5286 = LINE('',#5287,#5288);
#5287 = CARTESIAN_POINT('',(-0.,4.712388980385));
#5288 = VECTOR('',#5289,1.);
#5289 = DIRECTION('',(-1.,0.));
#5290 = ( GEOMETRIC_REPRESENTATION_CONTEXT(2) 
PARAMETRIC_REPRESENTATION_CONTEXT() REPRESENTATION_CONTEXT('2D SPACE',''
  ) );
#5291 = PCURVE('',#3536,#5292);
#5292 = DEFINITIONAL_REPRESENTATION('',(#5293),#5297);
#5293 = CIRCLE('',#5294,0.6);
#5294 = AXIS2_PLACEMENT_2D('',#5295,#5296);
#5295 = CARTESIAN_POINT('',(0.5,-6.23));
#5296 = DIRECTION('',(-0.6,-0.8));
#5297 = ( GEOMETRIC_REPRESENTATION_CONTEXT(2) 
PARAMETRIC_REPRESENTATION_CONTEXT() REPRESENTATION_CONTEXT('2D SPACE',''
  ) );
#5298 = ADVANCED_FACE('',(#5299),#3307,.T.);
#5299 = FACE_BOUND('',#5300,.T.);
#5300 = EDGE_LOOP('',(#5301,#5325,#5326,#5327));
#5301 = ORIENTED_EDGE('',*,*,#5302,.T.);
#5302 = EDGE_CURVE('',#3153,#4179,#5303,.T.);
#5303 = SURFACE_CURVE('',#5304,(#5309,#5319),.PCURVE_S1.);
#5304 = CIRCLE('',#5305,0.1);
#5305 = AXIS2_PLACEMENT_3D('',#5306,#5307,#5308);
#5306 = CARTESIAN_POINT('',(66.619722436227,1.5,-9.6));
#5307 = DIRECTION('',(0.,1.,0.));
#5308 = DIRECTION('',(0.,-0.,1.));
#5309 = PCURVE('',#3307,#5310);
#5310 = DEFINITIONAL_REPRESENTATION('',(#5311),#5318);
#5311 = B_SPLINE_CURVE_WITH_KNOTS('',5,(#5312,#5313,#5314,#5315,#5316,
    #5317),.UNSPECIFIED.,.F.,.F.,(6,6),(0.,0.541099525957),
  .PIECEWISE_BEZIER_KNOTS.);
#5312 = CARTESIAN_POINT('',(0.,44.394561393687));
#5313 = CARTESIAN_POINT('',(0.108597547337,44.394561393687));
#5314 = CARTESIAN_POINT('',(0.215195736505,44.394561393687));
#5315 = CARTESIAN_POINT('',(0.321192006926,44.394561393687));
#5316 = CARTESIAN_POINT('',(0.427790196094,44.394561393687));
#5317 = CARTESIAN_POINT('',(0.536387743432,44.394561393687));
#5318 = ( GEOMETRIC_REPRESENTATION_CONTEXT(2) 
PARAMETRIC_REPRESENTATION_CONTEXT() REPRESENTATION_CONTEXT('2D SPACE',''
  ) );
#5319 = PCURVE('',#3452,#5320);
#5320 = DEFINITIONAL_REPRESENTATION('',(#5321),#5324);
#5321 = B_SPLINE_CURVE_WITH_KNOTS('',1,(#5322,#5323),.UNSPECIFIED.,.F.,
  .F.,(2,2),(0.,0.541099525957),.PIECEWISE_BEZIER_KNOTS.);
#5322 = CARTESIAN_POINT('',(0.,3.));
#5323 = CARTESIAN_POINT('',(0.541099525957,3.));
#5324 = ( GEOMETRIC_REPRESENTATION_CONTEXT(2) 
PARAMETRIC_REPRESENTATION_CONTEXT() REPRESENTATION_CONTEXT('2D SPACE',''
  ) );
#5325 = ORIENTED_EDGE('',*,*,#4178,.T.);
#5326 = ORIENTED_EDGE('',*,*,#5250,.F.);
#5327 = ORIENTED_EDGE('',*,*,#3175,.F.);
#5328 = ADVANCED_FACE('',(#5329),#3452,.T.);
#5329 = FACE_BOUND('',#5330,.T.);
#5330 = EDGE_LOOP('',(#5331,#5332,#5333,#5334));
#5331 = ORIENTED_EDGE('',*,*,#3902,.T.);
#5332 = ORIENTED_EDGE('',*,*,#4297,.T.);
#5333 = ORIENTED_EDGE('',*,*,#5302,.F.);
#5334 = ORIENTED_EDGE('',*,*,#3438,.F.);
#5335 = ADVANCED_FACE('',(#5336),#3536,.T.);
#5336 = FACE_BOUND('',#5337,.T.);
#5337 = EDGE_LOOP('',(#5338,#5339,#5340,#5341,#5342,#5343,#5367,#5395));
#5338 = ORIENTED_EDGE('',*,*,#3518,.T.);
#5339 = ORIENTED_EDGE('',*,*,#5170,.F.);
#5340 = ORIENTED_EDGE('',*,*,#5224,.F.);
#5341 = ORIENTED_EDGE('',*,*,#5277,.F.);
#5342 = ORIENTED_EDGE('',*,*,#4155,.T.);
#5343 = ORIENTED_EDGE('',*,*,#5344,.T.);
#5344 = EDGE_CURVE('',#4127,#5345,#5347,.T.);
#5345 = VERTEX_POINT('',#5346);
#5346 = CARTESIAN_POINT('',(66.55,4.53,-9.));
#5347 = SURFACE_CURVE('',#5348,(#5353,#5360),.PCURVE_S1.);
#5348 = CIRCLE('',#5349,0.3);
#5349 = AXIS2_PLACEMENT_3D('',#5350,#5351,#5352);
#5350 = CARTESIAN_POINT('',(66.55,4.23,-9.));
#5351 = DIRECTION('',(1.,-0.,0.));
#5352 = DIRECTION('',(0.,0.,-1.));
#5353 = PCURVE('',#3536,#5354);
#5354 = DEFINITIONAL_REPRESENTATION('',(#5355),#5359);
#5355 = CIRCLE('',#5356,0.3);
#5356 = AXIS2_PLACEMENT_2D('',#5357,#5358);
#5357 = CARTESIAN_POINT('',(0.5,-8.96));
#5358 = DIRECTION('',(-1.,0.));
#5359 = ( GEOMETRIC_REPRESENTATION_CONTEXT(2) 
PARAMETRIC_REPRESENTATION_CONTEXT() REPRESENTATION_CONTEXT('2D SPACE',''
  ) );
#5360 = PCURVE('',#4143,#5361);
#5361 = DEFINITIONAL_REPRESENTATION('',(#5362),#5366);
#5362 = LINE('',#5363,#5364);
#5363 = CARTESIAN_POINT('',(0.,4.712388980385));
#5364 = VECTOR('',#5365,1.);
#5365 = DIRECTION('',(1.,0.));
#5366 = ( GEOMETRIC_REPRESENTATION_CONTEXT(2) 
PARAMETRIC_REPRESENTATION_CONTEXT() REPRESENTATION_CONTEXT('2D SPACE',''
  ) );
#5367 = ORIENTED_EDGE('',*,*,#5368,.T.);
#5368 = EDGE_CURVE('',#5345,#5369,#5371,.T.);
#5369 = VERTEX_POINT('',#5370);
#5370 = CARTESIAN_POINT('',(66.55,4.53,9.));
#5371 = SURFACE_CURVE('',#5372,(#5376,#5383),.PCURVE_S1.);
#5372 = LINE('',#5373,#5374);
#5373 = CARTESIAN_POINT('',(66.55,4.53,-9.));
#5374 = VECTOR('',#5375,1.);
#5375 = DIRECTION('',(0.,0.,1.));
#5376 = PCURVE('',#3536,#5377);
#5377 = DEFINITIONAL_REPRESENTATION('',(#5378),#5382);
#5378 = LINE('',#5379,#5380);
#5379 = CARTESIAN_POINT('',(0.5,-9.26));
#5380 = VECTOR('',#5381,1.);
#5381 = DIRECTION('',(1.,0.));
#5382 = ( GEOMETRIC_REPRESENTATION_CONTEXT(2) 
PARAMETRIC_REPRESENTATION_CONTEXT() REPRESENTATION_CONTEXT('2D SPACE',''
  ) );
#5383 = PCURVE('',#5384,#5389);
#5384 = CYLINDRICAL_SURFACE('',#5385,0.25);
#5385 = AXIS2_PLACEMENT_3D('',#5386,#5387,#5388);
#5386 = CARTESIAN_POINT('',(66.8,4.53,-9.));
#5387 = DIRECTION('',(0.,0.,1.));
#5388 = DIRECTION('',(-1.,0.,0.));
#5389 = DEFINITIONAL_REPRESENTATION('',(#5390),#5394);
#5390 = LINE('',#5391,#5392);
#5391 = CARTESIAN_POINT('',(-0.,0.));
#5392 = VECTOR('',#5393,1.);
#5393 = DIRECTION('',(-0.,1.));
#5394 = ( GEOMETRIC_REPRESENTATION_CONTEXT(2) 
PARAMETRIC_REPRESENTATION_CONTEXT() REPRESENTATION_CONTEXT('2D SPACE',''
  ) );
#5395 = ORIENTED_EDGE('',*,*,#5396,.T.);
#5396 = EDGE_CURVE('',#5369,#3519,#5397,.T.);
#5397 = SURFACE_CURVE('',#5398,(#5403,#5410),.PCURVE_S1.);
#5398 = CIRCLE('',#5399,0.3);
#5399 = AXIS2_PLACEMENT_3D('',#5400,#5401,#5402);
#5400 = CARTESIAN_POINT('',(66.55,4.23,9.));
#5401 = DIRECTION('',(1.,0.,0.));
#5402 = DIRECTION('',(0.,1.,0.));
#5403 = PCURVE('',#3536,#5404);
#5404 = DEFINITIONAL_REPRESENTATION('',(#5405),#5409);
#5405 = CIRCLE('',#5406,0.3);
#5406 = AXIS2_PLACEMENT_2D('',#5407,#5408);
#5407 = CARTESIAN_POINT('',(18.5,-8.96));
#5408 = DIRECTION('',(0.,-1.));
#5409 = ( GEOMETRIC_REPRESENTATION_CONTEXT(2) 
PARAMETRIC_REPRESENTATION_CONTEXT() REPRESENTATION_CONTEXT('2D SPACE',''
  ) );
#5410 = PCURVE('',#3565,#5411);
#5411 = DEFINITIONAL_REPRESENTATION('',(#5412),#5416);
#5412 = LINE('',#5413,#5414);
#5413 = CARTESIAN_POINT('',(0.,4.712388980385));
#5414 = VECTOR('',#5415,1.);
#5415 = DIRECTION('',(1.,0.));
#5416 = ( GEOMETRIC_REPRESENTATION_CONTEXT(2) 
PARAMETRIC_REPRESENTATION_CONTEXT() REPRESENTATION_CONTEXT('2D SPACE',''
  ) );
#5417 = ADVANCED_FACE('',(#5418),#3565,.F.);
#5418 = FACE_BOUND('',#5419,.F.);
#5419 = EDGE_LOOP('',(#5420,#5444,#5445,#5446));
#5420 = ORIENTED_EDGE('',*,*,#5421,.F.);
#5421 = EDGE_CURVE('',#5369,#5422,#5424,.T.);
#5422 = VERTEX_POINT('',#5423);
#5423 = CARTESIAN_POINT('',(66.8,4.78,9.));
#5424 = SURFACE_CURVE('',#5425,(#5430,#5437),.PCURVE_S1.);
#5425 = CIRCLE('',#5426,0.25);
#5426 = AXIS2_PLACEMENT_3D('',#5427,#5428,#5429);
#5427 = CARTESIAN_POINT('',(66.8,4.53,9.));
#5428 = DIRECTION('',(-0.,0.,-1.));
#5429 = DIRECTION('',(-1.,-2.22044604925E-16,0.));
#5430 = PCURVE('',#3565,#5431);
#5431 = DEFINITIONAL_REPRESENTATION('',(#5432),#5436);
#5432 = LINE('',#5433,#5434);
#5433 = CARTESIAN_POINT('',(0.,4.712388980385));
#5434 = VECTOR('',#5435,1.);
#5435 = DIRECTION('',(0.,1.));
#5436 = ( GEOMETRIC_REPRESENTATION_CONTEXT(2) 
PARAMETRIC_REPRESENTATION_CONTEXT() REPRESENTATION_CONTEXT('2D SPACE',''
  ) );
#5437 = PCURVE('',#5384,#5438);
#5438 = DEFINITIONAL_REPRESENTATION('',(#5439),#5443);
#5439 = LINE('',#5440,#5441);
#5440 = CARTESIAN_POINT('',(-0.,18.));
#5441 = VECTOR('',#5442,1.);
#5442 = DIRECTION('',(-1.,0.));
#5443 = ( GEOMETRIC_REPRESENTATION_CONTEXT(2) 
PARAMETRIC_REPRESENTATION_CONTEXT() REPRESENTATION_CONTEXT('2D SPACE',''
  ) );
#5444 = ORIENTED_EDGE('',*,*,#5396,.T.);
#5445 = ORIENTED_EDGE('',*,*,#3548,.T.);
#5446 = ORIENTED_EDGE('',*,*,#5447,.F.);
#5447 = EDGE_CURVE('',#5422,#3549,#5448,.T.);
#5448 = SURFACE_CURVE('',#5449,(#5454,#5461),.PCURVE_S1.);
#5449 = CIRCLE('',#5450,0.55);
#5450 = AXIS2_PLACEMENT_3D('',#5451,#5452,#5453);
#5451 = CARTESIAN_POINT('',(66.8,4.23,9.));
#5452 = DIRECTION('',(1.,0.,0.));
#5453 = DIRECTION('',(0.,1.,0.));
#5454 = PCURVE('',#3565,#5455);
#5455 = DEFINITIONAL_REPRESENTATION('',(#5456),#5460);
#5456 = LINE('',#5457,#5458);
#5457 = CARTESIAN_POINT('',(0.,6.28318530718));
#5458 = VECTOR('',#5459,1.);
#5459 = DIRECTION('',(1.,0.));
#5460 = ( GEOMETRIC_REPRESENTATION_CONTEXT(2) 
PARAMETRIC_REPRESENTATION_CONTEXT() REPRESENTATION_CONTEXT('2D SPACE',''
  ) );
#5461 = PCURVE('',#5462,#5467);
#5462 = CYLINDRICAL_SURFACE('',#5463,0.55);
#5463 = AXIS2_PLACEMENT_3D('',#5464,#5465,#5466);
#5464 = CARTESIAN_POINT('',(66.6,4.23,9.));
#5465 = DIRECTION('',(1.,0.,0.));
#5466 = DIRECTION('',(0.,1.,0.));
#5467 = DEFINITIONAL_REPRESENTATION('',(#5468),#5472);
#5468 = LINE('',#5469,#5470);
#5469 = CARTESIAN_POINT('',(0.,0.2));
#5470 = VECTOR('',#5471,1.);
#5471 = DIRECTION('',(1.,0.));
#5472 = ( GEOMETRIC_REPRESENTATION_CONTEXT(2) 
PARAMETRIC_REPRESENTATION_CONTEXT() REPRESENTATION_CONTEXT('2D SPACE',''
  ) );
#5473 = ADVANCED_FACE('',(#5474),#3593,.F.);
#5474 = FACE_BOUND('',#5475,.F.);
#5475 = EDGE_LOOP('',(#5476,#5477,#5500,#5526));
#5476 = ORIENTED_EDGE('',*,*,#3577,.T.);
#5477 = ORIENTED_EDGE('',*,*,#5478,.T.);
#5478 = EDGE_CURVE('',#3578,#5479,#5481,.T.);
#5479 = VERTEX_POINT('',#5480);
#5480 = CARTESIAN_POINT('',(67.120740007244,-4.23,9.55));
#5481 = SURFACE_CURVE('',#5482,(#5486,#5493),.PCURVE_S1.);
#5482 = LINE('',#5483,#5484);
#5483 = CARTESIAN_POINT('',(66.6,-4.23,9.55));
#5484 = VECTOR('',#5485,1.);
#5485 = DIRECTION('',(1.,0.,0.));
#5486 = PCURVE('',#3593,#5487);
#5487 = DEFINITIONAL_REPRESENTATION('',(#5488),#5492);
#5488 = LINE('',#5489,#5490);
#5489 = CARTESIAN_POINT('',(0.,0.5));
#5490 = VECTOR('',#5491,1.);
#5491 = DIRECTION('',(1.,0.));
#5492 = ( GEOMETRIC_REPRESENTATION_CONTEXT(2) 
PARAMETRIC_REPRESENTATION_CONTEXT() REPRESENTATION_CONTEXT('2D SPACE',''
  ) );
#5493 = PCURVE('',#3970,#5494);
#5494 = DEFINITIONAL_REPRESENTATION('',(#5495),#5499);
#5495 = LINE('',#5496,#5497);
#5496 = CARTESIAN_POINT('',(-1.570796326795,0.));
#5497 = VECTOR('',#5498,1.);
#5498 = DIRECTION('',(-0.,1.));
#5499 = ( GEOMETRIC_REPRESENTATION_CONTEXT(2) 
PARAMETRIC_REPRESENTATION_CONTEXT() REPRESENTATION_CONTEXT('2D SPACE',''
  ) );
#5500 = ORIENTED_EDGE('',*,*,#5501,.T.);
#5501 = EDGE_CURVE('',#5479,#5502,#5504,.T.);
#5502 = VERTEX_POINT('',#5503);
#5503 = CARTESIAN_POINT('',(67.120740007244,4.23,9.55));
#5504 = SURFACE_CURVE('',#5505,(#5509,#5515),.PCURVE_S1.);
#5505 = LINE('',#5506,#5507);
#5506 = CARTESIAN_POINT('',(67.120740007244,-4.73,9.55));
#5507 = VECTOR('',#5508,1.);
#5508 = DIRECTION('',(-0.,1.,0.));
#5509 = PCURVE('',#3593,#5510);
#5510 = DEFINITIONAL_REPRESENTATION('',(#5511),#5514);
#5511 = B_SPLINE_CURVE_WITH_KNOTS('',1,(#5512,#5513),.UNSPECIFIED.,.F.,
  .F.,(2,2),(0.5,8.96),.PIECEWISE_BEZIER_KNOTS.);
#5512 = CARTESIAN_POINT('',(0.520740007244,0.5));
#5513 = CARTESIAN_POINT('',(0.520740007244,8.96));
#5514 = ( GEOMETRIC_REPRESENTATION_CONTEXT(2) 
PARAMETRIC_REPRESENTATION_CONTEXT() REPRESENTATION_CONTEXT('2D SPACE',''
  ) );
#5515 = PCURVE('',#5516,#5521);
#5516 = PLANE('',#5517);
#5517 = AXIS2_PLACEMENT_3D('',#5518,#5519,#5520);
#5518 = CARTESIAN_POINT('',(66.550041208765,-4.73,-4.497970424106));
#5519 = DIRECTION('',(0.999175824706,0.,-4.059151787867E-02));
#5520 = DIRECTION('',(4.059151787867E-02,0.,0.999175824706));
#5521 = DEFINITIONAL_REPRESENTATION('',(#5522),#5525);
#5522 = B_SPLINE_CURVE_WITH_KNOTS('',1,(#5523,#5524),.UNSPECIFIED.,.F.,
  .F.,(2,2),(0.5,8.96),.PIECEWISE_BEZIER_KNOTS.);
#5523 = CARTESIAN_POINT('',(14.059557964429,-0.5));
#5524 = CARTESIAN_POINT('',(14.059557964429,-8.96));
#5525 = ( GEOMETRIC_REPRESENTATION_CONTEXT(2) 
PARAMETRIC_REPRESENTATION_CONTEXT() REPRESENTATION_CONTEXT('2D SPACE',''
  ) );
#5526 = ORIENTED_EDGE('',*,*,#5527,.F.);
#5527 = EDGE_CURVE('',#3549,#5502,#5528,.T.);
#5528 = SURFACE_CURVE('',#5529,(#5533,#5540),.PCURVE_S1.);
#5529 = LINE('',#5530,#5531);
#5530 = CARTESIAN_POINT('',(66.6,4.23,9.55));
#5531 = VECTOR('',#5532,1.);
#5532 = DIRECTION('',(1.,0.,0.));
#5533 = PCURVE('',#3593,#5534);
#5534 = DEFINITIONAL_REPRESENTATION('',(#5535),#5539);
#5535 = LINE('',#5536,#5537);
#5536 = CARTESIAN_POINT('',(0.,8.96));
#5537 = VECTOR('',#5538,1.);
#5538 = DIRECTION('',(1.,0.));
#5539 = ( GEOMETRIC_REPRESENTATION_CONTEXT(2) 
PARAMETRIC_REPRESENTATION_CONTEXT() REPRESENTATION_CONTEXT('2D SPACE',''
  ) );
#5540 = PCURVE('',#5462,#5541);
#5541 = DEFINITIONAL_REPRESENTATION('',(#5542),#5546);
#5542 = LINE('',#5543,#5544);
#5543 = CARTESIAN_POINT('',(1.570796326795,0.));
#5544 = VECTOR('',#5545,1.);
#5545 = DIRECTION('',(0.,1.));
#5546 = ( GEOMETRIC_REPRESENTATION_CONTEXT(2) 
PARAMETRIC_REPRESENTATION_CONTEXT() REPRESENTATION_CONTEXT('2D SPACE',''
  ) );
#5547 = ADVANCED_FACE('',(#5548),#3970,.F.);
#5548 = FACE_BOUND('',#5549,.T.);
#5549 = EDGE_LOOP('',(#5550,#5573,#5574,#5575,#5603));
#5550 = ORIENTED_EDGE('',*,*,#5551,.F.);
#5551 = EDGE_CURVE('',#3932,#5552,#5554,.T.);
#5552 = VERTEX_POINT('',#5553);
#5553 = CARTESIAN_POINT('',(67.348602471024,-4.78,9.));
#5554 = SURFACE_CURVE('',#5555,(#5559,#5566),.PCURVE_S1.);
#5555 = LINE('',#5556,#5557);
#5556 = CARTESIAN_POINT('',(66.6,-4.78,9.));
#5557 = VECTOR('',#5558,1.);
#5558 = DIRECTION('',(1.,0.,0.));
#5559 = PCURVE('',#3970,#5560);
#5560 = DEFINITIONAL_REPRESENTATION('',(#5561),#5565);
#5561 = LINE('',#5562,#5563);
#5562 = CARTESIAN_POINT('',(-0.,0.));
#5563 = VECTOR('',#5564,1.);
#5564 = DIRECTION('',(-0.,1.));
#5565 = ( GEOMETRIC_REPRESENTATION_CONTEXT(2) 
PARAMETRIC_REPRESENTATION_CONTEXT() REPRESENTATION_CONTEXT('2D SPACE',''
  ) );
#5566 = PCURVE('',#4002,#5567);
#5567 = DEFINITIONAL_REPRESENTATION('',(#5568),#5572);
#5568 = LINE('',#5569,#5570);
#5569 = CARTESIAN_POINT('',(13.488873633527,-0.547985491362));
#5570 = VECTOR('',#5571,1.);
#5571 = DIRECTION('',(4.059151787867E-02,0.999175824706));
#5572 = ( GEOMETRIC_REPRESENTATION_CONTEXT(2) 
PARAMETRIC_REPRESENTATION_CONTEXT() REPRESENTATION_CONTEXT('2D SPACE',''
  ) );
#5573 = ORIENTED_EDGE('',*,*,#3955,.F.);
#5574 = ORIENTED_EDGE('',*,*,#5478,.T.);
#5575 = ORIENTED_EDGE('',*,*,#5576,.T.);
#5576 = EDGE_CURVE('',#5479,#5577,#5579,.T.);
#5577 = VERTEX_POINT('',#5578);
#5578 = CARTESIAN_POINT('',(67.117123456923,-4.53,9.460977222865));
#5579 = SURFACE_CURVE('',#5580,(#5585,#5596),.PCURVE_S1.);
#5580 = ELLIPSE('',#5581,0.550453670316,0.55);
#5581 = AXIS2_PLACEMENT_3D('',#5582,#5583,#5584);
#5582 = CARTESIAN_POINT('',(67.098396257244,-4.23,9.));
#5583 = DIRECTION('',(0.999175824706,0.,-4.059151787867E-02));
#5584 = DIRECTION('',(4.059151787867E-02,0.,0.999175824706));
#5585 = PCURVE('',#3970,#5586);
#5586 = DEFINITIONAL_REPRESENTATION('',(#5587),#5595);
#5587 = B_SPLINE_CURVE_WITH_KNOTS('',6,(#5588,#5589,#5590,#5591,#5592,
    #5593,#5594),.UNSPECIFIED.,.F.,.F.,(7,7),(1.025713543303E-18,
    1.570796326795),.PIECEWISE_BEZIER_KNOTS.);
#5588 = CARTESIAN_POINT('',(-1.570796326795,0.520740007244));
#5589 = CARTESIAN_POINT('',(-1.308996938996,0.520740007244));
#5590 = CARTESIAN_POINT('',(-1.047197551197,0.518902694492));
#5591 = CARTESIAN_POINT('',(-0.785398163397,0.515225337784));
#5592 = CARTESIAN_POINT('',(-0.523598775598,0.51009497057));
#5593 = CARTESIAN_POINT('',(-0.261799387799,0.504245837315));
#5594 = CARTESIAN_POINT('',(0.,0.498396257244));
#5595 = ( GEOMETRIC_REPRESENTATION_CONTEXT(2) 
PARAMETRIC_REPRESENTATION_CONTEXT() REPRESENTATION_CONTEXT('2D SPACE',''
  ) );
#5596 = PCURVE('',#5516,#5597);
#5597 = DEFINITIONAL_REPRESENTATION('',(#5598),#5602);
#5598 = ELLIPSE('',#5599,0.550453670316,0.55);
#5599 = AXIS2_PLACEMENT_2D('',#5600,#5601);
#5600 = CARTESIAN_POINT('',(13.509104294113,-0.5));
#5601 = DIRECTION('',(1.,0.));
#5602 = ( GEOMETRIC_REPRESENTATION_CONTEXT(2) 
PARAMETRIC_REPRESENTATION_CONTEXT() REPRESENTATION_CONTEXT('2D SPACE',''
  ) );
#5603 = ORIENTED_EDGE('',*,*,#5604,.T.);
#5604 = EDGE_CURVE('',#5577,#5552,#5605,.T.);
#5605 = SURFACE_CURVE('',#5606,(#5616,#5629),.PCURVE_S1.);
#5606 = B_SPLINE_CURVE_WITH_KNOTS('',8,(#5607,#5608,#5609,#5610,#5611,
    #5612,#5613,#5614,#5615),.UNSPECIFIED.,.F.,.F.,(9,9),(0.,1.),
  .PIECEWISE_BEZIER_KNOTS.);
#5607 = CARTESIAN_POINT('',(67.117123456923,-4.53,9.460977222865));
#5608 = CARTESIAN_POINT('',(67.115701931727,-4.583767445081,
    9.425985833433));
#5609 = CARTESIAN_POINT('',(67.127154005772,-4.635228049561,
    9.382292550596));
#5610 = CARTESIAN_POINT('',(67.149506035468,-4.681353779488,
    9.330305394453));
#5611 = CARTESIAN_POINT('',(67.180700052491,-4.720148106803,
    9.271219051926));
#5612 = CARTESIAN_POINT('',(67.218562276846,-4.750060676074,
    9.206641064777));
#5613 = CARTESIAN_POINT('',(67.260803615908,-4.770170967253,
    9.138454361694));
#5614 = CARTESIAN_POINT('',(67.304987822951,-4.779999892529,
    9.068778788646));
#5615 = CARTESIAN_POINT('',(67.348602471024,-4.78,9.));
#5616 = PCURVE('',#3970,#5617);
#5617 = DEFINITIONAL_REPRESENTATION('',(#5618),#5628);
#5618 = B_SPLINE_CURVE_WITH_KNOTS('',8,(#5619,#5620,#5621,#5622,#5623,
    #5624,#5625,#5626,#5627),.UNSPECIFIED.,.F.,.F.,(9,9),(0.,1.),
  .PIECEWISE_BEZIER_KNOTS.);
#5619 = CARTESIAN_POINT('',(-0.993864981558,0.517123456923));
#5620 = CARTESIAN_POINT('',(-0.877227016786,0.515701931727));
#5621 = CARTESIAN_POINT('',(-0.755474910684,0.527154005772));
#5622 = CARTESIAN_POINT('',(-0.631205819755,0.549506035468));
#5623 = CARTESIAN_POINT('',(-0.505355101364,0.580700052491));
#5624 = CARTESIAN_POINT('',(-0.378698856251,0.618562276846));
#5625 = CARTESIAN_POINT('',(-0.251732616299,0.660803615908));
#5626 = CARTESIAN_POINT('',(-0.125052785068,0.704987822951));
#5627 = CARTESIAN_POINT('',(0.,0.748602471024));
#5628 = ( GEOMETRIC_REPRESENTATION_CONTEXT(2) 
PARAMETRIC_REPRESENTATION_CONTEXT() REPRESENTATION_CONTEXT('2D SPACE',''
  ) );
#5629 = PCURVE('',#5630,#5635);
#5630 = CYLINDRICAL_SURFACE('',#5631,0.25);
#5631 = AXIS2_PLACEMENT_3D('',#5632,#5633,#5634);
#5632 = CARTESIAN_POINT('',(67.550778245697,-4.53,13.97663445348));
#5633 = DIRECTION('',(-4.059151787867E-02,-0.,-0.999175824706));
#5634 = DIRECTION('',(-0.999175824706,0.,4.059151787867E-02));
#5635 = DEFINITIONAL_REPRESENTATION('',(#5636),#5646);
#5636 = B_SPLINE_CURVE_WITH_KNOTS('',8,(#5637,#5638,#5639,#5640,#5641,
    #5642,#5643,#5644,#5645),.UNSPECIFIED.,.F.,.F.,(9,9),(0.,1.),
  .PIECEWISE_BEZIER_KNOTS.);
#5637 = CARTESIAN_POINT('',(0.,4.5295382436));
#5638 = CARTESIAN_POINT('',(-0.215069780325,4.564558495858));
#5639 = CARTESIAN_POINT('',(-0.420912970751,4.607750910702));
#5640 = CARTESIAN_POINT('',(-0.620569968062,4.658787917502));
#5641 = CARTESIAN_POINT('',(-0.815777348763,4.716559350028));
#5642 = CARTESIAN_POINT('',(-1.007773147659,4.779547228436));
#5643 = CARTESIAN_POINT('',(-1.197415116567,4.845963093655));
#5644 = CARTESIAN_POINT('',(-1.385313320574,4.913787737786));
#5645 = CARTESIAN_POINT('',(-1.570796326795,4.980739455887));
#5646 = ( GEOMETRIC_REPRESENTATION_CONTEXT(2) 
PARAMETRIC_REPRESENTATION_CONTEXT() REPRESENTATION_CONTEXT('2D SPACE',''
  ) );
#5647 = ADVANCED_FACE('',(#5648),#4002,.T.);
#5648 = FACE_BOUND('',#5649,.T.);
#5649 = EDGE_LOOP('',(#5650,#5680,#5708,#5729,#5730,#5731,#5754,#5782));
#5650 = ORIENTED_EDGE('',*,*,#5651,.F.);
#5651 = EDGE_CURVE('',#5652,#5654,#5656,.T.);
#5652 = VERTEX_POINT('',#5653);
#5653 = CARTESIAN_POINT('',(71.02,-4.78,-4.17915007244));
#5654 = VERTEX_POINT('',#5655);
#5655 = CARTESIAN_POINT('',(71.036652904138,-4.78,-4.179826596671));
#5656 = SURFACE_CURVE('',#5657,(#5661,#5668),.PCURVE_S1.);
#5657 = LINE('',#5658,#5659);
#5658 = CARTESIAN_POINT('',(66.620295758939,-4.78,-4.000412087647));
#5659 = VECTOR('',#5660,1.);
#5660 = DIRECTION('',(0.999175824706,0.,-4.059151787867E-02));
#5661 = PCURVE('',#4002,#5662);
#5662 = DEFINITIONAL_REPRESENTATION('',(#5663),#5667);
#5663 = LINE('',#5664,#5665);
#5664 = CARTESIAN_POINT('',(0.5,-7.97574568577E-15));
#5665 = VECTOR('',#5666,1.);
#5666 = DIRECTION('',(1.025713543303E-18,1.));
#5667 = ( GEOMETRIC_REPRESENTATION_CONTEXT(2) 
PARAMETRIC_REPRESENTATION_CONTEXT() REPRESENTATION_CONTEXT('2D SPACE',''
  ) );
#5668 = PCURVE('',#5669,#5674);
#5669 = CYLINDRICAL_SURFACE('',#5670,0.55);
#5670 = AXIS2_PLACEMENT_3D('',#5671,#5672,#5673);
#5671 = CARTESIAN_POINT('',(66.620295758939,-4.23,-4.000412087647));
#5672 = DIRECTION('',(0.999175824706,0.,-4.059151787867E-02));
#5673 = DIRECTION('',(0.,-1.,0.));
#5674 = DEFINITIONAL_REPRESENTATION('',(#5675),#5679);
#5675 = LINE('',#5676,#5677);
#5676 = CARTESIAN_POINT('',(0.,0.));
#5677 = VECTOR('',#5678,1.);
#5678 = DIRECTION('',(0.,1.));
#5679 = ( GEOMETRIC_REPRESENTATION_CONTEXT(2) 
PARAMETRIC_REPRESENTATION_CONTEXT() REPRESENTATION_CONTEXT('2D SPACE',''
  ) );
#5680 = ORIENTED_EDGE('',*,*,#5681,.T.);
#5681 = EDGE_CURVE('',#5652,#5682,#5684,.T.);
#5682 = VERTEX_POINT('',#5683);
#5683 = CARTESIAN_POINT('',(71.02,-4.78,-9.));
#5684 = SURFACE_CURVE('',#5685,(#5689,#5696),.PCURVE_S1.);
#5685 = LINE('',#5686,#5687);
#5686 = CARTESIAN_POINT('',(71.02,-4.78,9.));
#5687 = VECTOR('',#5688,1.);
#5688 = DIRECTION('',(-0.,-0.,-1.));
#5689 = PCURVE('',#4002,#5690);
#5690 = DEFINITIONAL_REPRESENTATION('',(#5691),#5695);
#5691 = LINE('',#5692,#5693);
#5692 = CARTESIAN_POINT('',(13.668288142551,3.868371653837));
#5693 = VECTOR('',#5694,1.);
#5694 = DIRECTION('',(-0.999175824706,4.059151787867E-02));
#5695 = ( GEOMETRIC_REPRESENTATION_CONTEXT(2) 
PARAMETRIC_REPRESENTATION_CONTEXT() REPRESENTATION_CONTEXT('2D SPACE',''
  ) );
#5696 = PCURVE('',#5697,#5702);
#5697 = CYLINDRICAL_SURFACE('',#5698,0.25);
#5698 = AXIS2_PLACEMENT_3D('',#5699,#5700,#5701);
#5699 = CARTESIAN_POINT('',(71.02,-4.53,9.));
#5700 = DIRECTION('',(-0.,-0.,-1.));
#5701 = DIRECTION('',(0.,-1.,0.));
#5702 = DEFINITIONAL_REPRESENTATION('',(#5703),#5707);
#5703 = LINE('',#5704,#5705);
#5704 = CARTESIAN_POINT('',(-0.,0.));
#5705 = VECTOR('',#5706,1.);
#5706 = DIRECTION('',(-0.,1.));
#5707 = ( GEOMETRIC_REPRESENTATION_CONTEXT(2) 
PARAMETRIC_REPRESENTATION_CONTEXT() REPRESENTATION_CONTEXT('2D SPACE',''
  ) );
#5708 = ORIENTED_EDGE('',*,*,#5709,.F.);
#5709 = EDGE_CURVE('',#3987,#5682,#5710,.T.);
#5710 = SURFACE_CURVE('',#5711,(#5715,#5722),.PCURVE_S1.);
#5711 = LINE('',#5712,#5713);
#5712 = CARTESIAN_POINT('',(66.6,-4.78,-9.));
#5713 = VECTOR('',#5714,1.);
#5714 = DIRECTION('',(1.,0.,0.));
#5715 = PCURVE('',#4002,#5716);
#5716 = DEFINITIONAL_REPRESENTATION('',(#5717),#5721);
#5717 = LINE('',#5718,#5719);
#5718 = CARTESIAN_POINT('',(-4.496291211176,0.182661830454));
#5719 = VECTOR('',#5720,1.);
#5720 = DIRECTION('',(4.059151787867E-02,0.999175824706));
#5721 = ( GEOMETRIC_REPRESENTATION_CONTEXT(2) 
PARAMETRIC_REPRESENTATION_CONTEXT() REPRESENTATION_CONTEXT('2D SPACE',''
  ) );
#5722 = PCURVE('',#4081,#5723);
#5723 = DEFINITIONAL_REPRESENTATION('',(#5724),#5728);
#5724 = LINE('',#5725,#5726);
#5725 = CARTESIAN_POINT('',(0.,0.));
#5726 = VECTOR('',#5727,1.);
#5727 = DIRECTION('',(0.,1.));
#5728 = ( GEOMETRIC_REPRESENTATION_CONTEXT(2) 
PARAMETRIC_REPRESENTATION_CONTEXT() REPRESENTATION_CONTEXT('2D SPACE',''
  ) );
#5729 = ORIENTED_EDGE('',*,*,#3986,.F.);
#5730 = ORIENTED_EDGE('',*,*,#5551,.T.);
#5731 = ORIENTED_EDGE('',*,*,#5732,.F.);
#5732 = EDGE_CURVE('',#5733,#5552,#5735,.T.);
#5733 = VERTEX_POINT('',#5734);
#5734 = CARTESIAN_POINT('',(67.388412174182,-4.78,9.979931154657));
#5735 = SURFACE_CURVE('',#5736,(#5740,#5747),.PCURVE_S1.);
#5736 = LINE('',#5737,#5738);
#5737 = CARTESIAN_POINT('',(67.550778245697,-4.78,13.97663445348));
#5738 = VECTOR('',#5739,1.);
#5739 = DIRECTION('',(-4.059151787867E-02,-0.,-0.999175824706));
#5740 = PCURVE('',#4002,#5741);
#5741 = DEFINITIONAL_REPRESENTATION('',(#5742),#5746);
#5742 = LINE('',#5743,#5744);
#5743 = CARTESIAN_POINT('',(18.5,0.2));
#5744 = VECTOR('',#5745,1.);
#5745 = DIRECTION('',(-1.,-1.025713543303E-18));
#5746 = ( GEOMETRIC_REPRESENTATION_CONTEXT(2) 
PARAMETRIC_REPRESENTATION_CONTEXT() REPRESENTATION_CONTEXT('2D SPACE',''
  ) );
#5747 = PCURVE('',#5630,#5748);
#5748 = DEFINITIONAL_REPRESENTATION('',(#5749),#5753);
#5749 = LINE('',#5750,#5751);
#5750 = CARTESIAN_POINT('',(-1.570796326795,0.));
#5751 = VECTOR('',#5752,1.);
#5752 = DIRECTION('',(-0.,1.));
#5753 = ( GEOMETRIC_REPRESENTATION_CONTEXT(2) 
PARAMETRIC_REPRESENTATION_CONTEXT() REPRESENTATION_CONTEXT('2D SPACE',''
  ) );
#5754 = ORIENTED_EDGE('',*,*,#5755,.T.);
#5755 = EDGE_CURVE('',#5733,#5756,#5758,.T.);
#5756 = VERTEX_POINT('',#5757);
#5757 = CARTESIAN_POINT('',(71.60493415444,-4.78,9.808634949209));
#5758 = SURFACE_CURVE('',#5759,(#5763,#5770),.PCURVE_S1.);
#5759 = LINE('',#5760,#5761);
#5760 = CARTESIAN_POINT('',(-181.4513310896,-4.78,20.08904572475));
#5761 = VECTOR('',#5762,1.);
#5762 = DIRECTION('',(0.999175824706,0.,-4.059151787867E-02));
#5763 = PCURVE('',#4002,#5764);
#5764 = DEFINITIONAL_REPRESENTATION('',(#5765),#5769);
#5765 = LINE('',#5766,#5767);
#5766 = CARTESIAN_POINT('',(14.5,-248.845));
#5767 = VECTOR('',#5768,1.);
#5768 = DIRECTION('',(1.025713543303E-18,1.));
#5769 = ( GEOMETRIC_REPRESENTATION_CONTEXT(2) 
PARAMETRIC_REPRESENTATION_CONTEXT() REPRESENTATION_CONTEXT('2D SPACE',''
  ) );
#5770 = PCURVE('',#5771,#5776);
#5771 = PLANE('',#5772);
#5772 = AXIS2_PLACEMENT_3D('',#5773,#5774,#5775);
#5773 = CARTESIAN_POINT('',(66.392358773928,-5.73,15.02452009964));
#5774 = DIRECTION('',(-7.576838942179E-03,-0.982424451701,
    -0.186506804731));
#5775 = DIRECTION('',(0.999175824706,0.,-4.059151787867E-02));
#5776 = DEFINITIONAL_REPRESENTATION('',(#5777),#5781);
#5777 = LINE('',#5778,#5779);
#5778 = CARTESIAN_POINT('',(-247.845,-5.089449872039));
#5779 = VECTOR('',#5780,1.);
#5780 = DIRECTION('',(1.,0.));
#5781 = ( GEOMETRIC_REPRESENTATION_CONTEXT(2) 
PARAMETRIC_REPRESENTATION_CONTEXT() REPRESENTATION_CONTEXT('2D SPACE',''
  ) );
#5782 = ORIENTED_EDGE('',*,*,#5783,.T.);
#5783 = EDGE_CURVE('',#5756,#5654,#5784,.T.);
#5784 = SURFACE_CURVE('',#5785,(#5789,#5796),.PCURVE_S1.);
#5785 = LINE('',#5786,#5787);
#5786 = CARTESIAN_POINT('',(71.767300225955,-4.78,13.805338248032));
#5787 = VECTOR('',#5788,1.);
#5788 = DIRECTION('',(-4.059151787867E-02,-0.,-0.999175824706));
#5789 = PCURVE('',#4002,#5790);
#5790 = DEFINITIONAL_REPRESENTATION('',(#5791),#5795);
#5791 = LINE('',#5792,#5793);
#5792 = CARTESIAN_POINT('',(18.5,4.42));
#5793 = VECTOR('',#5794,1.);
#5794 = DIRECTION('',(-1.,-1.025713543303E-18));
#5795 = ( GEOMETRIC_REPRESENTATION_CONTEXT(2) 
PARAMETRIC_REPRESENTATION_CONTEXT() REPRESENTATION_CONTEXT('2D SPACE',''
  ) );
#5796 = PCURVE('',#5797,#5802);
#5797 = CYLINDRICAL_SURFACE('',#5798,0.25);
#5798 = AXIS2_PLACEMENT_3D('',#5799,#5800,#5801);
#5799 = CARTESIAN_POINT('',(71.767300225955,-4.53,13.805338248032));
#5800 = DIRECTION('',(-4.059151787867E-02,-0.,-0.999175824706));
#5801 = DIRECTION('',(0.,-1.,0.));
#5802 = DEFINITIONAL_REPRESENTATION('',(#5803),#5807);
#5803 = LINE('',#5804,#5805);
#5804 = CARTESIAN_POINT('',(-0.,0.));
#5805 = VECTOR('',#5806,1.);
#5806 = DIRECTION('',(-0.,1.));
#5807 = ( GEOMETRIC_REPRESENTATION_CONTEXT(2) 
PARAMETRIC_REPRESENTATION_CONTEXT() REPRESENTATION_CONTEXT('2D SPACE',''
  ) );
#5808 = ADVANCED_FACE('',(#5809),#4081,.F.);
#5809 = FACE_BOUND('',#5810,.F.);
#5810 = EDGE_LOOP('',(#5811,#5812,#5813,#5836));
#5811 = ORIENTED_EDGE('',*,*,#5709,.F.);
#5812 = ORIENTED_EDGE('',*,*,#4066,.T.);
#5813 = ORIENTED_EDGE('',*,*,#5814,.T.);
#5814 = EDGE_CURVE('',#4043,#5815,#5817,.T.);
#5815 = VERTEX_POINT('',#5816);
#5816 = CARTESIAN_POINT('',(71.02,-4.23,-9.55));
#5817 = SURFACE_CURVE('',#5818,(#5822,#5829),.PCURVE_S1.);
#5818 = LINE('',#5819,#5820);
#5819 = CARTESIAN_POINT('',(66.6,-4.23,-9.55));
#5820 = VECTOR('',#5821,1.);
#5821 = DIRECTION('',(1.,0.,0.));
#5822 = PCURVE('',#4081,#5823);
#5823 = DEFINITIONAL_REPRESENTATION('',(#5824),#5828);
#5824 = LINE('',#5825,#5826);
#5825 = CARTESIAN_POINT('',(1.570796326795,0.));
#5826 = VECTOR('',#5827,1.);
#5827 = DIRECTION('',(0.,1.));
#5828 = ( GEOMETRIC_REPRESENTATION_CONTEXT(2) 
PARAMETRIC_REPRESENTATION_CONTEXT() REPRESENTATION_CONTEXT('2D SPACE',''
  ) );
#5829 = PCURVE('',#4114,#5830);
#5830 = DEFINITIONAL_REPRESENTATION('',(#5831),#5835);
#5831 = LINE('',#5832,#5833);
#5832 = CARTESIAN_POINT('',(0.,0.5));
#5833 = VECTOR('',#5834,1.);
#5834 = DIRECTION('',(1.,0.));
#5835 = ( GEOMETRIC_REPRESENTATION_CONTEXT(2) 
PARAMETRIC_REPRESENTATION_CONTEXT() REPRESENTATION_CONTEXT('2D SPACE',''
  ) );
#5836 = ORIENTED_EDGE('',*,*,#5837,.F.);
#5837 = EDGE_CURVE('',#5682,#5815,#5838,.T.);
#5838 = SURFACE_CURVE('',#5839,(#5844,#5851),.PCURVE_S1.);
#5839 = CIRCLE('',#5840,0.55);
#5840 = AXIS2_PLACEMENT_3D('',#5841,#5842,#5843);
#5841 = CARTESIAN_POINT('',(71.02,-4.23,-9.));
#5842 = DIRECTION('',(1.,0.,0.));
#5843 = DIRECTION('',(0.,-1.,0.));
#5844 = PCURVE('',#4081,#5845);
#5845 = DEFINITIONAL_REPRESENTATION('',(#5846),#5850);
#5846 = LINE('',#5847,#5848);
#5847 = CARTESIAN_POINT('',(0.,4.42));
#5848 = VECTOR('',#5849,1.);
#5849 = DIRECTION('',(1.,0.));
#5850 = ( GEOMETRIC_REPRESENTATION_CONTEXT(2) 
PARAMETRIC_REPRESENTATION_CONTEXT() REPRESENTATION_CONTEXT('2D SPACE',''
  ) );
#5851 = PCURVE('',#5852,#5857);
#5852 = TOROIDAL_SURFACE('',#5853,0.3,0.25);
#5853 = AXIS2_PLACEMENT_3D('',#5854,#5855,#5856);
#5854 = CARTESIAN_POINT('',(71.02,-4.23,-9.));
#5855 = DIRECTION('',(1.,0.,0.));
#5856 = DIRECTION('',(0.,-1.,0.));
#5857 = DEFINITIONAL_REPRESENTATION('',(#5858),#5862);
#5858 = LINE('',#5859,#5860);
#5859 = CARTESIAN_POINT('',(0.,0.));
#5860 = VECTOR('',#5861,1.);
#5861 = DIRECTION('',(1.,0.));
#5862 = ( GEOMETRIC_REPRESENTATION_CONTEXT(2) 
PARAMETRIC_REPRESENTATION_CONTEXT() REPRESENTATION_CONTEXT('2D SPACE',''
  ) );
#5863 = ADVANCED_FACE('',(#5864),#4114,.T.);
#5864 = FACE_BOUND('',#5865,.T.);
#5865 = EDGE_LOOP('',(#5866,#5867,#5895,#5921));
#5866 = ORIENTED_EDGE('',*,*,#5814,.T.);
#5867 = ORIENTED_EDGE('',*,*,#5868,.T.);
#5868 = EDGE_CURVE('',#5815,#5869,#5871,.T.);
#5869 = VERTEX_POINT('',#5870);
#5870 = CARTESIAN_POINT('',(71.02,4.23,-9.55));
#5871 = SURFACE_CURVE('',#5872,(#5876,#5883),.PCURVE_S1.);
#5872 = LINE('',#5873,#5874);
#5873 = CARTESIAN_POINT('',(71.02,-4.23,-9.55));
#5874 = VECTOR('',#5875,1.);
#5875 = DIRECTION('',(0.,1.,0.));
#5876 = PCURVE('',#4114,#5877);
#5877 = DEFINITIONAL_REPRESENTATION('',(#5878),#5882);
#5878 = LINE('',#5879,#5880);
#5879 = CARTESIAN_POINT('',(4.42,0.5));
#5880 = VECTOR('',#5881,1.);
#5881 = DIRECTION('',(0.,1.));
#5882 = ( GEOMETRIC_REPRESENTATION_CONTEXT(2) 
PARAMETRIC_REPRESENTATION_CONTEXT() REPRESENTATION_CONTEXT('2D SPACE',''
  ) );
#5883 = PCURVE('',#5884,#5889);
#5884 = CYLINDRICAL_SURFACE('',#5885,0.25);
#5885 = AXIS2_PLACEMENT_3D('',#5886,#5887,#5888);
#5886 = CARTESIAN_POINT('',(71.02,-4.23,-9.3));
#5887 = DIRECTION('',(0.,1.,0.));
#5888 = DIRECTION('',(0.,0.,-1.));
#5889 = DEFINITIONAL_REPRESENTATION('',(#5890),#5894);
#5890 = LINE('',#5891,#5892);
#5891 = CARTESIAN_POINT('',(-0.,0.));
#5892 = VECTOR('',#5893,1.);
#5893 = DIRECTION('',(-0.,1.));
#5894 = ( GEOMETRIC_REPRESENTATION_CONTEXT(2) 
PARAMETRIC_REPRESENTATION_CONTEXT() REPRESENTATION_CONTEXT('2D SPACE',''
  ) );
#5895 = ORIENTED_EDGE('',*,*,#5896,.F.);
#5896 = EDGE_CURVE('',#4099,#5869,#5897,.T.);
#5897 = SURFACE_CURVE('',#5898,(#5902,#5909),.PCURVE_S1.);
#5898 = LINE('',#5899,#5900);
#5899 = CARTESIAN_POINT('',(66.6,4.23,-9.55));
#5900 = VECTOR('',#5901,1.);
#5901 = DIRECTION('',(1.,0.,0.));
#5902 = PCURVE('',#4114,#5903);
#5903 = DEFINITIONAL_REPRESENTATION('',(#5904),#5908);
#5904 = LINE('',#5905,#5906);
#5905 = CARTESIAN_POINT('',(0.,8.96));
#5906 = VECTOR('',#5907,1.);
#5907 = DIRECTION('',(1.,0.));
#5908 = ( GEOMETRIC_REPRESENTATION_CONTEXT(2) 
PARAMETRIC_REPRESENTATION_CONTEXT() REPRESENTATION_CONTEXT('2D SPACE',''
  ) );
#5909 = PCURVE('',#5910,#5915);
#5910 = CYLINDRICAL_SURFACE('',#5911,0.55);
#5911 = AXIS2_PLACEMENT_3D('',#5912,#5913,#5914);
#5912 = CARTESIAN_POINT('',(66.6,4.23,-9.));
#5913 = DIRECTION('',(1.,0.,0.));
#5914 = DIRECTION('',(0.,1.,0.));
#5915 = DEFINITIONAL_REPRESENTATION('',(#5916),#5920);
#5916 = LINE('',#5917,#5918);
#5917 = CARTESIAN_POINT('',(-1.570796326795,0.));
#5918 = VECTOR('',#5919,1.);
#5919 = DIRECTION('',(-0.,1.));
#5920 = ( GEOMETRIC_REPRESENTATION_CONTEXT(2) 
PARAMETRIC_REPRESENTATION_CONTEXT() REPRESENTATION_CONTEXT('2D SPACE',''
  ) );
#5921 = ORIENTED_EDGE('',*,*,#4098,.F.);
#5922 = ADVANCED_FACE('',(#5923),#4143,.F.);
#5923 = FACE_BOUND('',#5924,.F.);
#5924 = EDGE_LOOP('',(#5925,#5926,#5927,#5951));
#5925 = ORIENTED_EDGE('',*,*,#4126,.F.);
#5926 = ORIENTED_EDGE('',*,*,#5344,.T.);
#5927 = ORIENTED_EDGE('',*,*,#5928,.T.);
#5928 = EDGE_CURVE('',#5345,#5929,#5931,.T.);
#5929 = VERTEX_POINT('',#5930);
#5930 = CARTESIAN_POINT('',(66.8,4.78,-9.));
#5931 = SURFACE_CURVE('',#5932,(#5937,#5944),.PCURVE_S1.);
#5932 = CIRCLE('',#5933,0.25);
#5933 = AXIS2_PLACEMENT_3D('',#5934,#5935,#5936);
#5934 = CARTESIAN_POINT('',(66.8,4.53,-9.));
#5935 = DIRECTION('',(0.,-6.123233995737E-17,-1.));
#5936 = DIRECTION('',(0.,1.,-6.123233995737E-17));
#5937 = PCURVE('',#4143,#5938);
#5938 = DEFINITIONAL_REPRESENTATION('',(#5939),#5943);
#5939 = LINE('',#5940,#5941);
#5940 = CARTESIAN_POINT('',(1.570796326795,0.));
#5941 = VECTOR('',#5942,1.);
#5942 = DIRECTION('',(0.,1.));
#5943 = ( GEOMETRIC_REPRESENTATION_CONTEXT(2) 
PARAMETRIC_REPRESENTATION_CONTEXT() REPRESENTATION_CONTEXT('2D SPACE',''
  ) );
#5944 = PCURVE('',#5384,#5945);
#5945 = DEFINITIONAL_REPRESENTATION('',(#5946),#5950);
#5946 = LINE('',#5947,#5948);
#5947 = CARTESIAN_POINT('',(4.712388980385,-0.));
#5948 = VECTOR('',#5949,1.);
#5949 = DIRECTION('',(-1.,0.));
#5950 = ( GEOMETRIC_REPRESENTATION_CONTEXT(2) 
PARAMETRIC_REPRESENTATION_CONTEXT() REPRESENTATION_CONTEXT('2D SPACE',''
  ) );
#5951 = ORIENTED_EDGE('',*,*,#5952,.F.);
#5952 = EDGE_CURVE('',#4099,#5929,#5953,.T.);
#5953 = SURFACE_CURVE('',#5954,(#5959,#5966),.PCURVE_S1.);
#5954 = CIRCLE('',#5955,0.55);
#5955 = AXIS2_PLACEMENT_3D('',#5956,#5957,#5958);
#5956 = CARTESIAN_POINT('',(66.8,4.23,-9.));
#5957 = DIRECTION('',(1.,-0.,0.));
#5958 = DIRECTION('',(0.,0.,-1.));
#5959 = PCURVE('',#4143,#5960);
#5960 = DEFINITIONAL_REPRESENTATION('',(#5961),#5965);
#5961 = LINE('',#5962,#5963);
#5962 = CARTESIAN_POINT('',(0.,6.28318530718));
#5963 = VECTOR('',#5964,1.);
#5964 = DIRECTION('',(1.,0.));
#5965 = ( GEOMETRIC_REPRESENTATION_CONTEXT(2) 
PARAMETRIC_REPRESENTATION_CONTEXT() REPRESENTATION_CONTEXT('2D SPACE',''
  ) );
#5966 = PCURVE('',#5910,#5967);
#5967 = DEFINITIONAL_REPRESENTATION('',(#5968),#5972);
#5968 = LINE('',#5969,#5970);
#5969 = CARTESIAN_POINT('',(-1.570796326795,0.2));
#5970 = VECTOR('',#5971,1.);
#5971 = DIRECTION('',(1.,-0.));
#5972 = ( GEOMETRIC_REPRESENTATION_CONTEXT(2) 
PARAMETRIC_REPRESENTATION_CONTEXT() REPRESENTATION_CONTEXT('2D SPACE',''
  ) );
#5973 = ADVANCED_FACE('',(#5974),#4617,.T.);
#5974 = FACE_BOUND('',#5975,.F.);
#5975 = EDGE_LOOP('',(#5976,#6026,#6054,#6102));
#5976 = ORIENTED_EDGE('',*,*,#5977,.T.);
#5977 = EDGE_CURVE('',#4600,#5978,#5980,.T.);
#5978 = VERTEX_POINT('',#5979);
#5979 = CARTESIAN_POINT('',(72.214231450277,-4.53,11.345276980885));
#5980 = SURFACE_CURVE('',#5981,(#5986,#5992),.PCURVE_S1.);
#5981 = CIRCLE('',#5982,0.2);
#5982 = AXIS2_PLACEMENT_3D('',#5983,#5984,#5985);
#5983 = CARTESIAN_POINT('',(72.409039034837,-4.53,11.3));
#5984 = DIRECTION('',(0.,-1.,0.));
#5985 = DIRECTION('',(0.,0.,1.));
#5986 = PCURVE('',#4617,#5987);
#5987 = DEFINITIONAL_REPRESENTATION('',(#5988),#5991);
#5988 = B_SPLINE_CURVE_WITH_KNOTS('',1,(#5989,#5990),.UNSPECIFIED.,.F.,
  .F.,(2,2),(0.,1.342431707216),.PIECEWISE_BEZIER_KNOTS.);
#5989 = CARTESIAN_POINT('',(0.,1.15463194561E-14));
#5990 = CARTESIAN_POINT('',(-1.342431707216,1.15463194561E-14));
#5991 = ( GEOMETRIC_REPRESENTATION_CONTEXT(2) 
PARAMETRIC_REPRESENTATION_CONTEXT() REPRESENTATION_CONTEXT('2D SPACE',''
  ) );
#5992 = PCURVE('',#4663,#5993);
#5993 = DEFINITIONAL_REPRESENTATION('',(#5994),#6025);
#5994 = B_SPLINE_CURVE_WITH_KNOTS('',8,(#5995,#5996,#5997,#5998,#5999,
    #6000,#6001,#6002,#6003,#6004,#6005,#6006,#6007,#6008,#6009,#6010,
    #6011,#6012,#6013,#6014,#6015,#6016,#6017,#6018,#6019,#6020,#6021,
    #6022,#6023,#6024),.UNSPECIFIED.,.F.,.F.,(9,7,7,7,9),(0.,
    0.335607926804,0.671215853608,1.006823780412,1.342431707216),
  .UNSPECIFIED.);
#5995 = CARTESIAN_POINT('',(4.163336342344E-17,30.058602295486));
#5996 = CARTESIAN_POINT('',(3.067649897177E-02,30.058602295486));
#5997 = CARTESIAN_POINT('',(6.08400412911E-02,30.058602295486));
#5998 = CARTESIAN_POINT('',(9.054661959917E-02,30.058602295486));
#5999 = CARTESIAN_POINT('',(0.119847945189,30.058602295486));
#6000 = CARTESIAN_POINT('',(0.148792072711,30.058602295486));
#6001 = CARTESIAN_POINT('',(0.17742402488,30.058602295486));
#6002 = CARTESIAN_POINT('',(0.205786417178,30.058602295486));
#6003 = CARTESIAN_POINT('',(0.262053747946,30.058602295486));
#6004 = CARTESIAN_POINT('',(0.289958896547,30.058602295487));
#6005 = CARTESIAN_POINT('',(0.317679712113,30.058602295484));
#6006 = CARTESIAN_POINT('',(0.345244538995,30.058602295488));
#6007 = CARTESIAN_POINT('',(0.372707476227,30.058602295484));
#6008 = CARTESIAN_POINT('',(0.400091592068,30.058602295487));
#6009 = CARTESIAN_POINT('',(0.427441025893,30.058602295486));
#6010 = CARTESIAN_POINT('',(0.482139253484,30.058602295486));
#6011 = CARTESIAN_POINT('',(0.509488687308,30.058602295487));
#6012 = CARTESIAN_POINT('',(0.53687280315,30.058602295484));
#6013 = CARTESIAN_POINT('',(0.564335740382,30.058602295488));
#6014 = CARTESIAN_POINT('',(0.591900567264,30.058602295485));
#6015 = CARTESIAN_POINT('',(0.619621382829,30.058602295486));
#6016 = CARTESIAN_POINT('',(0.64752653143,30.058602295486));
#6017 = CARTESIAN_POINT('',(0.703793862199,30.058602295486));
#6018 = CARTESIAN_POINT('',(0.732156254497,30.058602295486));
#6019 = CARTESIAN_POINT('',(0.760788206665,30.058602295486));
#6020 = CARTESIAN_POINT('',(0.789732334188,30.058602295485));
#6021 = CARTESIAN_POINT('',(0.819033659777,30.058602295486));
#6022 = CARTESIAN_POINT('',(0.848740238085,30.058602295486));
#6023 = CARTESIAN_POINT('',(0.878903780405,30.058602295486));
#6024 = CARTESIAN_POINT('',(0.909580279377,30.058602295486));
#6025 = ( GEOMETRIC_REPRESENTATION_CONTEXT(2) 
PARAMETRIC_REPRESENTATION_CONTEXT() REPRESENTATION_CONTEXT('2D SPACE',''
  ) );
#6026 = ORIENTED_EDGE('',*,*,#6027,.T.);
#6027 = EDGE_CURVE('',#5978,#6028,#6030,.T.);
#6028 = VERTEX_POINT('',#6029);
#6029 = CARTESIAN_POINT('',(72.214231450277,4.53,11.345276980885));
#6030 = SURFACE_CURVE('',#6031,(#6035,#6042),.PCURVE_S1.);
#6031 = LINE('',#6032,#6033);
#6032 = CARTESIAN_POINT('',(72.214231450277,-4.53,11.345276980885));
#6033 = VECTOR('',#6034,1.);
#6034 = DIRECTION('',(-0.,1.,0.));
#6035 = PCURVE('',#4617,#6036);
#6036 = DEFINITIONAL_REPRESENTATION('',(#6037),#6041);
#6037 = LINE('',#6038,#6039);
#6038 = CARTESIAN_POINT('',(-1.342431707216,0.));
#6039 = VECTOR('',#6040,1.);
#6040 = DIRECTION('',(-0.,1.));
#6041 = ( GEOMETRIC_REPRESENTATION_CONTEXT(2) 
PARAMETRIC_REPRESENTATION_CONTEXT() REPRESENTATION_CONTEXT('2D SPACE',''
  ) );
#6042 = PCURVE('',#6043,#6048);
#6043 = PLANE('',#6044);
#6044 = AXIS2_PLACEMENT_3D('',#6045,#6046,#6047);
#6045 = CARTESIAN_POINT('',(73.00690273348,-5.73,14.755804251283));
#6046 = DIRECTION('',(0.974037922798,0.,-0.226384904426));
#6047 = DIRECTION('',(0.,1.,0.));
#6048 = DEFINITIONAL_REPRESENTATION('',(#6049),#6053);
#6049 = LINE('',#6050,#6051);
#6050 = CARTESIAN_POINT('',(1.2,-3.501431710792));
#6051 = VECTOR('',#6052,1.);
#6052 = DIRECTION('',(1.,0.));
#6053 = ( GEOMETRIC_REPRESENTATION_CONTEXT(2) 
PARAMETRIC_REPRESENTATION_CONTEXT() REPRESENTATION_CONTEXT('2D SPACE',''
  ) );
#6054 = ORIENTED_EDGE('',*,*,#6055,.F.);
#6055 = EDGE_CURVE('',#4602,#6028,#6056,.T.);
#6056 = SURFACE_CURVE('',#6057,(#6062,#6068),.PCURVE_S1.);
#6057 = CIRCLE('',#6058,0.2);
#6058 = AXIS2_PLACEMENT_3D('',#6059,#6060,#6061);
#6059 = CARTESIAN_POINT('',(72.409039034837,4.53,11.3));
#6060 = DIRECTION('',(0.,-1.,0.));
#6061 = DIRECTION('',(0.,0.,1.));
#6062 = PCURVE('',#4617,#6063);
#6063 = DEFINITIONAL_REPRESENTATION('',(#6064),#6067);
#6064 = B_SPLINE_CURVE_WITH_KNOTS('',1,(#6065,#6066),.UNSPECIFIED.,.F.,
  .F.,(2,2),(0.,1.342431707216),.PIECEWISE_BEZIER_KNOTS.);
#6065 = CARTESIAN_POINT('',(0.,9.06));
#6066 = CARTESIAN_POINT('',(-1.342431707216,9.06));
#6067 = ( GEOMETRIC_REPRESENTATION_CONTEXT(2) 
PARAMETRIC_REPRESENTATION_CONTEXT() REPRESENTATION_CONTEXT('2D SPACE',''
  ) );
#6068 = PCURVE('',#4929,#6069);
#6069 = DEFINITIONAL_REPRESENTATION('',(#6070),#6101);
#6070 = B_SPLINE_CURVE_WITH_KNOTS('',8,(#6071,#6072,#6073,#6074,#6075,
    #6076,#6077,#6078,#6079,#6080,#6081,#6082,#6083,#6084,#6085,#6086,
    #6087,#6088,#6089,#6090,#6091,#6092,#6093,#6094,#6095,#6096,#6097,
    #6098,#6099,#6100),.UNSPECIFIED.,.F.,.F.,(9,7,7,7,9),(0.,
    0.335607926804,0.671215853608,1.006823780412,1.342431707216),
  .UNSPECIFIED.);
#6071 = CARTESIAN_POINT('',(1.387778780781E-17,9.060000000001));
#6072 = CARTESIAN_POINT('',(3.067649897145E-02,9.060000000001));
#6073 = CARTESIAN_POINT('',(6.084004129051E-02,9.06));
#6074 = CARTESIAN_POINT('',(9.054661959824E-02,9.060000000001));
#6075 = CARTESIAN_POINT('',(0.119847945188,9.06));
#6076 = CARTESIAN_POINT('',(0.14879207271,9.060000000001));
#6077 = CARTESIAN_POINT('',(0.177424024878,9.06));
#6078 = CARTESIAN_POINT('',(0.205786417176,9.060000000001));
#6079 = CARTESIAN_POINT('',(0.262053747944,9.06));
#6080 = CARTESIAN_POINT('',(0.289958896544,9.060000000001));
#6081 = CARTESIAN_POINT('',(0.31767971211,9.06));
#6082 = CARTESIAN_POINT('',(0.345244538992,9.060000000001));
#6083 = CARTESIAN_POINT('',(0.372707476223,9.06));
#6084 = CARTESIAN_POINT('',(0.400091592064,9.060000000001));
#6085 = CARTESIAN_POINT('',(0.427441025888,9.060000000001));
#6086 = CARTESIAN_POINT('',(0.482139253479,9.06));
#6087 = CARTESIAN_POINT('',(0.509488687303,9.060000000001));
#6088 = CARTESIAN_POINT('',(0.536872803144,9.06));
#6089 = CARTESIAN_POINT('',(0.564335740376,9.060000000001));
#6090 = CARTESIAN_POINT('',(0.591900567257,9.06));
#6091 = CARTESIAN_POINT('',(0.619621382823,9.060000000001));
#6092 = CARTESIAN_POINT('',(0.647526531424,9.06));
#6093 = CARTESIAN_POINT('',(0.703793862192,9.060000000001));
#6094 = CARTESIAN_POINT('',(0.732156254489,9.06));
#6095 = CARTESIAN_POINT('',(0.760788206658,9.060000000001));
#6096 = CARTESIAN_POINT('',(0.789732334179,9.06));
#6097 = CARTESIAN_POINT('',(0.819033659769,9.060000000001));
#6098 = CARTESIAN_POINT('',(0.848740238077,9.060000000001));
#6099 = CARTESIAN_POINT('',(0.878903780396,9.060000000001));
#6100 = CARTESIAN_POINT('',(0.909580279367,9.060000000001));
#6101 = ( GEOMETRIC_REPRESENTATION_CONTEXT(2) 
PARAMETRIC_REPRESENTATION_CONTEXT() REPRESENTATION_CONTEXT('2D SPACE',''
  ) );
#6102 = ORIENTED_EDGE('',*,*,#4599,.F.);
#6103 = ADVANCED_FACE('',(#6104),#4663,.F.);
#6104 = FACE_BOUND('',#6105,.F.);
#6105 = EDGE_LOOP('',(#6106,#6156,#6270,#6271));
#6106 = ORIENTED_EDGE('',*,*,#6107,.T.);
#6107 = EDGE_CURVE('',#4630,#6108,#6110,.T.);
#6108 = VERTEX_POINT('',#6109);
#6109 = CARTESIAN_POINT('',(71.667036227417,-5.07068619461,
    11.337301360946));
#6110 = SURFACE_CURVE('',#6111,(#6116,#6150),.PCURVE_S1.);
#6111 = CIRCLE('',#6112,0.2);
#6112 = AXIS2_PLACEMENT_3D('',#6113,#6114,#6115);
#6113 = CARTESIAN_POINT('',(71.665520859628,-5.26717108495,11.3));
#6114 = DIRECTION('',(-0.999970260859,7.712159037143E-03,0.));
#6115 = DIRECTION('',(0.,0.,1.));
#6116 = PCURVE('',#4663,#6117);
#6117 = DEFINITIONAL_REPRESENTATION('',(#6118),#6149);
#6118 = B_SPLINE_CURVE_WITH_KNOTS('',8,(#6119,#6120,#6121,#6122,#6123,
    #6124,#6125,#6126,#6127,#6128,#6129,#6130,#6131,#6132,#6133,#6134,
    #6135,#6136,#6137,#6138,#6139,#6140,#6141,#6142,#6143,#6144,#6145,
    #6146,#6147,#6148),.UNSPECIFIED.,.F.,.F.,(9,7,7,7,9),(0.,
    0.345797742815,0.691595485629,1.037393228444,1.383190971258),
  .UNSPECIFIED.);
#6119 = CARTESIAN_POINT('',(1.387778780781E-17,29.149022016109));
#6120 = CARTESIAN_POINT('',(3.082344972705E-02,29.149022016109));
#6121 = CARTESIAN_POINT('',(6.109818339638E-02,29.14902201611));
#6122 = CARTESIAN_POINT('',(9.088588668646E-02,29.149022016108));
#6123 = CARTESIAN_POINT('',(0.120240882346,29.14902201611));
#6124 = CARTESIAN_POINT('',(0.149215747406,29.149022016109));
#6125 = CARTESIAN_POINT('',(0.177859583698,29.14902201611));
#6126 = CARTESIAN_POINT('',(0.206216321229,29.149022016109));
#6127 = CARTESIAN_POINT('',(0.262444546771,29.14902201611));
#6128 = CARTESIAN_POINT('',(0.290316078599,29.149022016108));
#6129 = CARTESIAN_POINT('',(0.317992585023,29.149022016112));
#6130 = CARTESIAN_POINT('',(0.345502660231,29.149022016106));
#6131 = CARTESIAN_POINT('',(0.372906056233,29.149022016112));
#6132 = CARTESIAN_POINT('',(0.400225171112,29.149022016108));
#6133 = CARTESIAN_POINT('',(0.427507848398,29.149022016109));
#6134 = CARTESIAN_POINT('',(0.482072430978,29.149022016109));
#6135 = CARTESIAN_POINT('',(0.509355108265,29.149022016108));
#6136 = CARTESIAN_POINT('',(0.536674223143,29.149022016111));
#6137 = CARTESIAN_POINT('',(0.564077619146,29.149022016107));
#6138 = CARTESIAN_POINT('',(0.591587694354,29.149022016111));
#6139 = CARTESIAN_POINT('',(0.619264200777,29.149022016108));
#6140 = CARTESIAN_POINT('',(0.647135732606,29.149022016109));
#6141 = CARTESIAN_POINT('',(0.703363958148,29.149022016109));
#6142 = CARTESIAN_POINT('',(0.731720695679,29.149022016109));
#6143 = CARTESIAN_POINT('',(0.76036453197,29.14902201611));
#6144 = CARTESIAN_POINT('',(0.789339397031,29.149022016109));
#6145 = CARTESIAN_POINT('',(0.81869439269,29.149022016109));
#6146 = CARTESIAN_POINT('',(0.84848209598,29.149022016109));
#6147 = CARTESIAN_POINT('',(0.87875682965,29.149022016109));
#6148 = CARTESIAN_POINT('',(0.909580279377,29.149022016109));
#6149 = ( GEOMETRIC_REPRESENTATION_CONTEXT(2) 
PARAMETRIC_REPRESENTATION_CONTEXT() REPRESENTATION_CONTEXT('2D SPACE',''
  ) );
#6150 = PCURVE('',#4723,#6151);
#6151 = DEFINITIONAL_REPRESENTATION('',(#6152),#6155);
#6152 = B_SPLINE_CURVE_WITH_KNOTS('',1,(#6153,#6154),.UNSPECIFIED.,.F.,
  .F.,(2,2),(0.,1.383190971258),.PIECEWISE_BEZIER_KNOTS.);
#6153 = CARTESIAN_POINT('',(0.,4.216758458759));
#6154 = CARTESIAN_POINT('',(-1.383190971258,4.216758458759));
#6155 = ( GEOMETRIC_REPRESENTATION_CONTEXT(2) 
PARAMETRIC_REPRESENTATION_CONTEXT() REPRESENTATION_CONTEXT('2D SPACE',''
  ) );
#6156 = ORIENTED_EDGE('',*,*,#6157,.T.);
#6157 = EDGE_CURVE('',#6108,#5978,#6158,.T.);
#6158 = SURFACE_CURVE('',#6159,(#6172,#6179),.PCURVE_S1.);
#6159 = ( BOUNDED_CURVE() B_SPLINE_CURVE(6,(#6160,#6161,#6162,#6163,
    #6164,#6165,#6166,#6167,#6168,#6169,#6170,#6171),.UNSPECIFIED.,.F.,
.F.) B_SPLINE_CURVE_WITH_KNOTS((7,5,7),(29.149022016109,29.155867197345,
30.058602295486),.UNSPECIFIED.) CURVE() GEOMETRIC_REPRESENTATION_ITEM() 
RATIONAL_B_SPLINE_CURVE((1.,1.,1.,1.,1.,1.,1.,1.,1.,1.,1.,1.)) 
REPRESENTATION_ITEM('') );
#6160 = CARTESIAN_POINT('',(71.667036227417,-5.07068619461,
    11.337301360946));
#6161 = CARTESIAN_POINT('',(71.668177508241,-5.070698188069,
    11.33731817195));
#6162 = CARTESIAN_POINT('',(71.669315218802,-5.0707073625,
    11.337335045994));
#6163 = CARTESIAN_POINT('',(71.670472870313,-5.070713555492,
    11.337352817496));
#6164 = CARTESIAN_POINT('',(71.671577060555,-5.070717192347,
    11.337368917618));
#6165 = CARTESIAN_POINT('',(71.672781075262,-5.070717690136,
    11.337388498991));
#6166 = CARTESIAN_POINT('',(71.816321704443,-5.070419685866,
    11.339503262932));
#6167 = CARTESIAN_POINT('',(71.958156269067,-5.02522144695,
    11.341576954344));
#6168 = CARTESIAN_POINT('',(72.081783337358,-4.935736903212,
    11.343368780912));
#6169 = CARTESIAN_POINT('',(72.170110163033,-4.811828940029,
    11.344641013971));
#6170 = CARTESIAN_POINT('',(72.214231450277,-4.670921318786,
    11.345276980885));
#6171 = CARTESIAN_POINT('',(72.214231450277,-4.53,11.345276980885));
#6172 = PCURVE('',#4663,#6173);
#6173 = DEFINITIONAL_REPRESENTATION('',(#6174),#6178);
#6174 = LINE('',#6175,#6176);
#6175 = CARTESIAN_POINT('',(0.909580279377,0.));
#6176 = VECTOR('',#6177,1.);
#6177 = DIRECTION('',(0.,1.));
#6178 = ( GEOMETRIC_REPRESENTATION_CONTEXT(2) 
PARAMETRIC_REPRESENTATION_CONTEXT() REPRESENTATION_CONTEXT('2D SPACE',''
  ) );
#6179 = PCURVE('',#6180,#6185);
#6180 = CONICAL_SURFACE('',#6181,0.25,0.187761946514);
#6181 = AXIS2_PLACEMENT_3D('',#6182,#6183,#6184);
#6182 = CARTESIAN_POINT('',(71.60493415444,-4.53,9.808634949209));
#6183 = DIRECTION('',(4.059151787867E-02,0.,0.999175824706));
#6184 = DIRECTION('',(0.,-1.,0.));
#6185 = DEFINITIONAL_REPRESENTATION('',(#6186),#6269);
#6186 = B_SPLINE_CURVE_WITH_KNOTS('',11,(#6187,#6188,#6189,#6190,#6191,
    #6192,#6193,#6194,#6195,#6196,#6197,#6198,#6199,#6200,#6201,#6202,
    #6203,#6204,#6205,#6206,#6207,#6208,#6209,#6210,#6211,#6212,#6213,
    #6214,#6215,#6216,#6217,#6218,#6219,#6220,#6221,#6222,#6223,#6224,
    #6225,#6226,#6227,#6228,#6229,#6230,#6231,#6232,#6233,#6234,#6235,
    #6236,#6237,#6238,#6239,#6240,#6241,#6242,#6243,#6244,#6245,#6246,
    #6247,#6248,#6249,#6250,#6251,#6252,#6253,#6254,#6255,#6256,#6257,
    #6258,#6259,#6260,#6261,#6262,#6263,#6264,#6265,#6266,#6267,#6268),
  .UNSPECIFIED.,.F.,.F.,(12,10,10,10,10,10,10,10,12),(29.149022016109,
    29.156128112042,29.163234207975,29.17744639984,29.20587078357,
    29.262719551031,29.376417085953,29.603812155798,30.058602295486),
  .UNSPECIFIED.);
#6187 = CARTESIAN_POINT('',(5.174653031218E-14,1.529927340053));
#6188 = CARTESIAN_POINT('',(1.193531473833E-03,1.529963083427));
#6189 = CARTESIAN_POINT('',(2.381037402714E-03,1.529998647263));
#6190 = CARTESIAN_POINT('',(3.605117131024E-03,1.530035682264));
#6191 = CARTESIAN_POINT('',(4.701789682409E-03,1.53006789143));
#6192 = CARTESIAN_POINT('',(6.113298908762E-03,1.53011221939));
#6193 = CARTESIAN_POINT('',(6.965580213126E-03,1.530135154721));
#6194 = CARTESIAN_POINT('',(8.538818539514E-03,1.530185771279));
#6195 = CARTESIAN_POINT('',(9.426027793315E-03,1.530210178669));
#6196 = CARTESIAN_POINT('',(1.082914465771E-02,1.530254424013));
#6197 = CARTESIAN_POINT('',(1.193022249816E-02,1.530287180339));
#6198 = CARTESIAN_POINT('',(1.418916012194E-02,1.530354846298));
#6199 = CARTESIAN_POINT('',(1.531859775704E-02,1.530388678401));
#6200 = CARTESIAN_POINT('',(1.644800422069E-02,1.530422509569));
#6201 = CARTESIAN_POINT('',(1.757737951821E-02,1.530456339746));
#6202 = CARTESIAN_POINT('',(1.870672365493E-02,1.530490168874));
#6203 = CARTESIAN_POINT('',(1.983603663617E-02,1.530523996895));
#6204 = CARTESIAN_POINT('',(2.096531846728E-02,1.530557823751));
#6205 = CARTESIAN_POINT('',(2.209456915356E-02,1.530591649386));
#6206 = CARTESIAN_POINT('',(2.322378870035E-02,1.530625473741));
#6207 = CARTESIAN_POINT('',(2.435297711298E-02,1.530659296759));
#6208 = CARTESIAN_POINT('',(2.774044896437E-02,1.53076076163));
#6209 = CARTESIAN_POINT('',(2.999863887182E-02,1.530828399293));
#6210 = CARTESIAN_POINT('',(3.225670423351E-02,1.530896030919));
#6211 = CARTESIAN_POINT('',(3.451464516362E-02,1.53096365604));
#6212 = CARTESIAN_POINT('',(3.677246177672E-02,1.531031274215));
#6213 = CARTESIAN_POINT('',(3.903015418683E-02,1.531098884966));
#6214 = CARTESIAN_POINT('',(4.128772250858E-02,1.531166487855));
#6215 = CARTESIAN_POINT('',(4.354516685604E-02,1.531234082409));
#6216 = CARTESIAN_POINT('',(4.580248734372E-02,1.531301668181));
#6217 = CARTESIAN_POINT('',(4.805968408584E-02,1.531369244707));
#6218 = CARTESIAN_POINT('',(5.483090341861E-02,1.531571945183));
#6219 = CARTESIAN_POINT('',(5.93445558661E-02,1.531707040038));
#6220 = CARTESIAN_POINT('',(6.385771578159E-02,1.531842092462));
#6221 = CARTESIAN_POINT('',(6.837038440732E-02,1.531977098815));
#6222 = CARTESIAN_POINT('',(7.288256298579E-02,1.532112055463));
#6223 = CARTESIAN_POINT('',(7.739425275906E-02,1.532246958766));
#6224 = CARTESIAN_POINT('',(8.190545496978E-02,1.532381805091));
#6225 = CARTESIAN_POINT('',(8.641617085997E-02,1.532516590797));
#6226 = CARTESIAN_POINT('',(9.092640167218E-02,1.53265131225));
#6227 = CARTESIAN_POINT('',(9.543614864861E-02,1.532785965811));
#6228 = CARTESIAN_POINT('',(0.108963941798,1.533189711911));
#6229 = CARTESIAN_POINT('',(0.117980539084,1.533458589498));
#6230 = CARTESIAN_POINT('',(0.12699521462,1.533727151851));
#6231 = CARTESIAN_POINT('',(0.136007978138,1.533995370218));
#6232 = CARTESIAN_POINT('',(0.145018839368,1.534263215844));
#6233 = CARTESIAN_POINT('',(0.15402780804,1.534530659977));
#6234 = CARTESIAN_POINT('',(0.163034893887,1.534797673864));
#6235 = CARTESIAN_POINT('',(0.172040106638,1.53506422875));
#6236 = CARTESIAN_POINT('',(0.181043456025,1.535330295883));
#6237 = CARTESIAN_POINT('',(0.190044951777,1.535595846509));
#6238 = CARTESIAN_POINT('',(0.217043907326,1.536390862607));
#6239 = CARTESIAN_POINT('',(0.235035827675,1.536918682794));
#6240 = CARTESIAN_POINT('',(0.253020448937,1.537444092035));
#6241 = CARTESIAN_POINT('',(0.270997855378,1.537966869933));
#6242 = CARTESIAN_POINT('',(0.28896813126,1.538486796084));
#6243 = CARTESIAN_POINT('',(0.30693136085,1.539003650096));
#6244 = CARTESIAN_POINT('',(0.32488762841,1.539517211561));
#6245 = CARTESIAN_POINT('',(0.342837018206,1.540027260086));
#6246 = CARTESIAN_POINT('',(0.360779614502,1.540533575267));
#6247 = CARTESIAN_POINT('',(0.378715501563,1.541035936707));
#6248 = CARTESIAN_POINT('',(0.432503287829,1.542530498604));
#6249 = CARTESIAN_POINT('',(0.468335340739,1.543510242276));
#6250 = CARTESIAN_POINT('',(0.504141664289,1.544471641505));
#6251 = CARTESIAN_POINT('',(0.539923028967,1.545413036505));
#6252 = CARTESIAN_POINT('',(0.575680233828,1.546332821197));
#6253 = CARTESIAN_POINT('',(0.611414106514,1.547229443244));
#6254 = CARTESIAN_POINT('',(0.647125503228,1.548101404012));
#6255 = CARTESIAN_POINT('',(0.682815308761,1.548947258607));
#6256 = CARTESIAN_POINT('',(0.718484436468,1.549765615844));
#6257 = CARTESIAN_POINT('',(0.754133828287,1.550555138269));
#6258 = CARTESIAN_POINT('',(0.861025707609,1.552833349904));
#6259 = CARTESIAN_POINT('',(0.9322115587,1.554231768244));
#6260 = CARTESIAN_POINT('',(1.003330179445,1.555499618566));
#6261 = CARTESIAN_POINT('',(1.074389271959,1.556627820132));
#6262 = CARTESIAN_POINT('',(1.145396310985,1.557608444276));
#6263 = CARTESIAN_POINT('',(1.216358785815,1.558434768555));
#6264 = CARTESIAN_POINT('',(1.287284442266,1.559101330979));
#6265 = CARTESIAN_POINT('',(1.358181524582,1.559603984145));
#6266 = CARTESIAN_POINT('',(1.429059017412,1.559939949474));
#6267 = CARTESIAN_POINT('',(1.499926887732,1.560107871355));
#6268 = CARTESIAN_POINT('',(1.570796326795,1.560107871355));
#6269 = ( GEOMETRIC_REPRESENTATION_CONTEXT(2) 
PARAMETRIC_REPRESENTATION_CONTEXT() REPRESENTATION_CONTEXT('2D SPACE',''
  ) );
#6270 = ORIENTED_EDGE('',*,*,#5977,.F.);
#6271 = ORIENTED_EDGE('',*,*,#4629,.F.);
#6272 = ADVANCED_FACE('',(#6273),#4929,.F.);
#6273 = FACE_BOUND('',#6274,.F.);
#6274 = EDGE_LOOP('',(#6275,#6276,#6392,#6417));
#6275 = ORIENTED_EDGE('',*,*,#6055,.T.);
#6276 = ORIENTED_EDGE('',*,*,#6277,.T.);
#6277 = EDGE_CURVE('',#6028,#6278,#6280,.T.);
#6278 = VERTEX_POINT('',#6279);
#6279 = CARTESIAN_POINT('',(71.667036227417,5.07068619461,
    11.337301360946));
#6280 = SURFACE_CURVE('',#6281,(#6294,#6301),.PCURVE_S1.);
#6281 = ( BOUNDED_CURVE() B_SPLINE_CURVE(6,(#6282,#6283,#6284,#6285,
    #6286,#6287,#6288,#6289,#6290,#6291,#6292,#6293),.UNSPECIFIED.,.F.,
.F.) B_SPLINE_CURVE_WITH_KNOTS((7,5,7),(9.060000000001,9.962735098132,
9.969580279368),.UNSPECIFIED.) CURVE() GEOMETRIC_REPRESENTATION_ITEM() 
RATIONAL_B_SPLINE_CURVE((1.,1.,1.,1.,1.,1.,1.,1.,1.,1.,1.,1.)) 
REPRESENTATION_ITEM('') );
#6282 = CARTESIAN_POINT('',(72.214231450277,4.53,11.345276980885));
#6283 = CARTESIAN_POINT('',(72.214231450277,4.67092131879,
    11.345276980885));
#6284 = CARTESIAN_POINT('',(72.170110163032,4.811828940023,
    11.344641013971));
#6285 = CARTESIAN_POINT('',(72.081783337357,4.935736903217,
    11.343368780912));
#6286 = CARTESIAN_POINT('',(71.958156269069,5.02522144695,
    11.341576954344));
#6287 = CARTESIAN_POINT('',(71.81632170444,5.070419685866,
    11.339503262932));
#6288 = CARTESIAN_POINT('',(71.672781075262,5.070717690136,
    11.337388498991));
#6289 = CARTESIAN_POINT('',(71.671577060555,5.070717192347,
    11.337368917618));
#6290 = CARTESIAN_POINT('',(71.670472870313,5.070713555492,
    11.337352817496));
#6291 = CARTESIAN_POINT('',(71.669315218802,5.0707073625,11.337335045994
    ));
#6292 = CARTESIAN_POINT('',(71.668177508241,5.070698188069,
    11.33731817195));
#6293 = CARTESIAN_POINT('',(71.667036227417,5.07068619461,
    11.337301360946));
#6294 = PCURVE('',#4929,#6295);
#6295 = DEFINITIONAL_REPRESENTATION('',(#6296),#6300);
#6296 = LINE('',#6297,#6298);
#6297 = CARTESIAN_POINT('',(0.909580279367,0.));
#6298 = VECTOR('',#6299,1.);
#6299 = DIRECTION('',(0.,1.));
#6300 = ( GEOMETRIC_REPRESENTATION_CONTEXT(2) 
PARAMETRIC_REPRESENTATION_CONTEXT() REPRESENTATION_CONTEXT('2D SPACE',''
  ) );
#6301 = PCURVE('',#6302,#6307);
#6302 = CONICAL_SURFACE('',#6303,0.25,0.187761946514);
#6303 = AXIS2_PLACEMENT_3D('',#6304,#6305,#6306);
#6304 = CARTESIAN_POINT('',(71.60493415444,4.53,9.808634949209));
#6305 = DIRECTION('',(4.059151787867E-02,0.,0.999175824706));
#6306 = DIRECTION('',(0.,1.,0.));
#6307 = DEFINITIONAL_REPRESENTATION('',(#6308),#6391);
#6308 = B_SPLINE_CURVE_WITH_KNOTS('',11,(#6309,#6310,#6311,#6312,#6313,
    #6314,#6315,#6316,#6317,#6318,#6319,#6320,#6321,#6322,#6323,#6324,
    #6325,#6326,#6327,#6328,#6329,#6330,#6331,#6332,#6333,#6334,#6335,
    #6336,#6337,#6338,#6339,#6340,#6341,#6342,#6343,#6344,#6345,#6346,
    #6347,#6348,#6349,#6350,#6351,#6352,#6353,#6354,#6355,#6356,#6357,
    #6358,#6359,#6360,#6361,#6362,#6363,#6364,#6365,#6366,#6367,#6368,
    #6369,#6370,#6371,#6372,#6373,#6374,#6375,#6376,#6377,#6378,#6379,
    #6380,#6381,#6382,#6383,#6384,#6385,#6386,#6387,#6388,#6389,#6390),
  .UNSPECIFIED.,.F.,.F.,(12,10,10,10,10,10,10,10,12),(9.060000000001,
    9.514790139684,9.742185209526,9.855882744447,9.912731511907,
    9.941155895638,9.955368087503,9.962474183435,9.969580279368),
  .UNSPECIFIED.);
#6309 = CARTESIAN_POINT('',(4.712388980385,1.560107871355));
#6310 = CARTESIAN_POINT('',(4.783258419449,1.560107871355));
#6311 = CARTESIAN_POINT('',(4.854126289771,1.559939949474));
#6312 = CARTESIAN_POINT('',(4.925003782596,1.559603984146));
#6313 = CARTESIAN_POINT('',(4.995900864921,1.559101330978));
#6314 = CARTESIAN_POINT('',(5.066826521356,1.558434768556));
#6315 = CARTESIAN_POINT('',(5.137788996203,1.557608444275));
#6316 = CARTESIAN_POINT('',(5.208796035215,1.556627820132));
#6317 = CARTESIAN_POINT('',(5.279855127738,1.555499618566));
#6318 = CARTESIAN_POINT('',(5.350973748478,1.554231768244));
#6319 = CARTESIAN_POINT('',(5.422159599572,1.552833349904));
#6320 = CARTESIAN_POINT('',(5.529051478893,1.550555138269));
#6321 = CARTESIAN_POINT('',(5.564700870714,1.549765615844));
#6322 = CARTESIAN_POINT('',(5.600369998416,1.548947258605));
#6323 = CARTESIAN_POINT('',(5.636059803959,1.548101404014));
#6324 = CARTESIAN_POINT('',(5.671771200658,1.547229443241));
#6325 = CARTESIAN_POINT('',(5.70750507336,1.5463328212));
#6326 = CARTESIAN_POINT('',(5.743262278208,1.545413036502));
#6327 = CARTESIAN_POINT('',(5.779043642895,1.544471641507));
#6328 = CARTESIAN_POINT('',(5.814849966441,1.543510242275));
#6329 = CARTESIAN_POINT('',(5.850682019352,1.542530498604));
#6330 = CARTESIAN_POINT('',(5.904469805619,1.541035936707));
#6331 = CARTESIAN_POINT('',(5.922405692679,1.540533575267));
#6332 = CARTESIAN_POINT('',(5.940348288976,1.540027260086));
#6333 = CARTESIAN_POINT('',(5.95829767877,1.539517211561));
#6334 = CARTESIAN_POINT('',(5.976253946332,1.539003650095));
#6335 = CARTESIAN_POINT('',(5.994217175921,1.538486796085));
#6336 = CARTESIAN_POINT('',(6.012187451804,1.537966869932));
#6337 = CARTESIAN_POINT('',(6.030164858245,1.537444092035));
#6338 = CARTESIAN_POINT('',(6.048149479506,1.536918682793));
#6339 = CARTESIAN_POINT('',(6.066141399855,1.536390862607));
#6340 = CARTESIAN_POINT('',(6.093140355404,1.535595846509));
#6341 = CARTESIAN_POINT('',(6.102141851157,1.535330295883));
#6342 = CARTESIAN_POINT('',(6.111145200542,1.535064228749));
#6343 = CARTESIAN_POINT('',(6.120150413296,1.534797673864));
#6344 = CARTESIAN_POINT('',(6.12915749914,1.534530659976));
#6345 = CARTESIAN_POINT('',(6.138166467814,1.534263215845));
#6346 = CARTESIAN_POINT('',(6.147177329044,1.533995370217));
#6347 = CARTESIAN_POINT('',(6.156190092561,1.533727151851));
#6348 = CARTESIAN_POINT('',(6.165204768098,1.533458589498));
#6349 = CARTESIAN_POINT('',(6.174221365383,1.533189711911));
#6350 = CARTESIAN_POINT('',(6.187749158533,1.532785965811));
#6351 = CARTESIAN_POINT('',(6.192258905507,1.532651312249));
#6352 = CARTESIAN_POINT('',(6.196769136324,1.532516590798));
#6353 = CARTESIAN_POINT('',(6.201279852206,1.532381805089));
#6354 = CARTESIAN_POINT('',(6.205791054427,1.532246958768));
#6355 = CARTESIAN_POINT('',(6.21030274419,1.532112055461));
#6356 = CARTESIAN_POINT('',(6.214814922776,1.531977098816));
#6357 = CARTESIAN_POINT('',(6.219327591398,1.531842092461));
#6358 = CARTESIAN_POINT('',(6.223840751315,1.531707040039));
#6359 = CARTESIAN_POINT('',(6.228354403762,1.531571945183));
#6360 = CARTESIAN_POINT('',(6.235125623094,1.531369244707));
#6361 = CARTESIAN_POINT('',(6.237382819838,1.531301668181));
#6362 = CARTESIAN_POINT('',(6.239640140321,1.531234082409));
#6363 = CARTESIAN_POINT('',(6.241897584677,1.531166487855));
#6364 = CARTESIAN_POINT('',(6.244155152988,1.531098884967));
#6365 = CARTESIAN_POINT('',(6.246412845408,1.531031274213));
#6366 = CARTESIAN_POINT('',(6.248670662014,1.530963656042));
#6367 = CARTESIAN_POINT('',(6.250928602948,1.530896030918));
#6368 = CARTESIAN_POINT('',(6.253186668308,1.530828399294));
#6369 = CARTESIAN_POINT('',(6.255444858216,1.53076076163));
#6370 = CARTESIAN_POINT('',(6.258832330067,1.530659296759));
#6371 = CARTESIAN_POINT('',(6.259961518479,1.530625473741));
#6372 = CARTESIAN_POINT('',(6.261090738029,1.530591649386));
#6373 = CARTESIAN_POINT('',(6.262219988709,1.530557823751));
#6374 = CARTESIAN_POINT('',(6.263349270549,1.530523996896));
#6375 = CARTESIAN_POINT('',(6.26447858352,1.530490168873));
#6376 = CARTESIAN_POINT('',(6.265607927665,1.530456339747));
#6377 = CARTESIAN_POINT('',(6.266737302958,1.530422509569));
#6378 = CARTESIAN_POINT('',(6.267866709423,1.530388678401));
#6379 = CARTESIAN_POINT('',(6.268996147058,1.530354846298));
#6380 = CARTESIAN_POINT('',(6.271255084682,1.530287180339));
#6381 = CARTESIAN_POINT('',(6.272356162523,1.530254424014));
#6382 = CARTESIAN_POINT('',(6.273759279385,1.530210178667));
#6383 = CARTESIAN_POINT('',(6.274646488644,1.530185771283));
#6384 = CARTESIAN_POINT('',(6.276219726961,1.530135154716));
#6385 = CARTESIAN_POINT('',(6.277072008276,1.530112219395));
#6386 = CARTESIAN_POINT('',(6.278483517493,1.530067891426));
#6387 = CARTESIAN_POINT('',(6.279580190051,1.530035682266));
#6388 = CARTESIAN_POINT('',(6.280804269776,1.529998647262));
#6389 = CARTESIAN_POINT('',(6.281991775706,1.529963083427));
#6390 = CARTESIAN_POINT('',(6.28318530718,1.529927340053));
#6391 = ( GEOMETRIC_REPRESENTATION_CONTEXT(2) 
PARAMETRIC_REPRESENTATION_CONTEXT() REPRESENTATION_CONTEXT('2D SPACE',''
  ) );
#6392 = ORIENTED_EDGE('',*,*,#6393,.F.);
#6393 = EDGE_CURVE('',#4870,#6278,#6394,.T.);
#6394 = SURFACE_CURVE('',#6395,(#6399,#6405),.PCURVE_S1.);
#6395 = ( BOUNDED_CURVE() B_SPLINE_CURVE(2,(#6396,#6397,#6398),
.UNSPECIFIED.,.F.,.F.) B_SPLINE_CURVE_WITH_KNOTS((3,3),(0.,
0.909580279367),.PIECEWISE_BEZIER_KNOTS.) CURVE() 
GEOMETRIC_REPRESENTATION_ITEM() RATIONAL_B_SPLINE_CURVE((1.,
0.770229447869,1.)) REPRESENTATION_ITEM('') );
#6396 = CARTESIAN_POINT('',(71.665520859628,5.26717108495,11.5));
#6397 = CARTESIAN_POINT('',(71.666798027009,5.101571621418,11.5));
#6398 = CARTESIAN_POINT('',(71.667036227417,5.07068619461,
    11.337301360946));
#6399 = PCURVE('',#4929,#6400);
#6400 = DEFINITIONAL_REPRESENTATION('',(#6401),#6404);
#6401 = B_SPLINE_CURVE_WITH_KNOTS('',1,(#6402,#6403),.UNSPECIFIED.,.F.,
  .F.,(2,2),(0.,0.909580279367),.PIECEWISE_BEZIER_KNOTS.);
#6402 = CARTESIAN_POINT('',(0.,9.969580279368));
#6403 = CARTESIAN_POINT('',(0.909580279367,9.969580279368));
#6404 = ( GEOMETRIC_REPRESENTATION_CONTEXT(2) 
PARAMETRIC_REPRESENTATION_CONTEXT() REPRESENTATION_CONTEXT('2D SPACE',''
  ) );
#6405 = PCURVE('',#4885,#6406);
#6406 = DEFINITIONAL_REPRESENTATION('',(#6407),#6416);
#6407 = B_SPLINE_CURVE_WITH_KNOTS('',7,(#6408,#6409,#6410,#6411,#6412,
    #6413,#6414,#6415),.UNSPECIFIED.,.F.,.F.,(8,8),(0.,0.909580279367),
  .PIECEWISE_BEZIER_KNOTS.);
#6408 = CARTESIAN_POINT('',(1.110223024625E-16,6.848036273631E-03));
#6409 = CARTESIAN_POINT('',(-0.182219109559,6.848036273631E-03));
#6410 = CARTESIAN_POINT('',(-0.378400099706,6.848036273631E-03));
#6411 = CARTESIAN_POINT('',(-0.585472611701,6.848036273631E-03));
#6412 = CARTESIAN_POINT('',(-0.797718359687,6.848036273631E-03));
#6413 = CARTESIAN_POINT('',(-1.004790871454,6.848036273631E-03));
#6414 = CARTESIAN_POINT('',(-1.200971861699,6.848036273631E-03));
#6415 = CARTESIAN_POINT('',(-1.383190971258,6.848036273631E-03));
#6416 = ( GEOMETRIC_REPRESENTATION_CONTEXT(2) 
PARAMETRIC_REPRESENTATION_CONTEXT() REPRESENTATION_CONTEXT('2D SPACE',''
  ) );
#6417 = ORIENTED_EDGE('',*,*,#4897,.F.);
#6418 = ADVANCED_FACE('',(#6419),#4723,.T.);
#6419 = FACE_BOUND('',#6420,.F.);
#6420 = EDGE_LOOP('',(#6421,#6446,#6467,#6468));
#6421 = ORIENTED_EDGE('',*,*,#6422,.T.);
#6422 = EDGE_CURVE('',#4708,#6423,#6425,.T.);
#6423 = VERTEX_POINT('',#6424);
#6424 = CARTESIAN_POINT('',(67.443555338866,-5.038113069863,
    11.337301362278));
#6425 = SURFACE_CURVE('',#6426,(#6430,#6440),.PCURVE_S1.);
#6426 = ( BOUNDED_CURVE() B_SPLINE_CURVE(2,(#6427,#6428,#6429),
.UNSPECIFIED.,.F.,.F.) B_SPLINE_CURVE_WITH_KNOTS((3,3),(0.,
0.836105792877),.PIECEWISE_BEZIER_KNOTS.) CURVE() 
GEOMETRIC_REPRESENTATION_ITEM() RATIONAL_B_SPLINE_CURVE((1.,
0.77022945003,1.)) REPRESENTATION_ITEM('') );
#6427 = CARTESIAN_POINT('',(67.441986535024,-5.234597540564,11.5));
#6428 = CARTESIAN_POINT('',(67.443308738847,-5.068998431638,11.5));
#6429 = CARTESIAN_POINT('',(67.443555338866,-5.038113069863,
    11.337301362278));
#6430 = PCURVE('',#4723,#6431);
#6431 = DEFINITIONAL_REPRESENTATION('',(#6432),#6439);
#6432 = B_SPLINE_CURVE_WITH_KNOTS('',5,(#6433,#6434,#6435,#6436,#6437,
    #6438),.UNSPECIFIED.,.F.,.F.,(6,6),(0.,0.836105792877),
  .PIECEWISE_BEZIER_KNOTS.);
#6433 = CARTESIAN_POINT('',(0.,-6.848036273622E-03));
#6434 = CARTESIAN_POINT('',(-0.255106752339,-6.848036273622E-03));
#6435 = CARTESIAN_POINT('',(-0.539317284933,-6.848036273623E-03));
#6436 = CARTESIAN_POINT('',(-0.843873624622,-6.848036273622E-03));
#6437 = CARTESIAN_POINT('',(-1.128084218919,-6.848036273623E-03));
#6438 = CARTESIAN_POINT('',(-1.383190971258,-6.848036273622E-03));
#6439 = ( GEOMETRIC_REPRESENTATION_CONTEXT(2) 
PARAMETRIC_REPRESENTATION_CONTEXT() REPRESENTATION_CONTEXT('2D SPACE',''
  ) );
#6440 = PCURVE('',#4759,#6441);
#6441 = DEFINITIONAL_REPRESENTATION('',(#6442),#6445);
#6442 = B_SPLINE_CURVE_WITH_KNOTS('',1,(#6443,#6444),.UNSPECIFIED.,.F.,
  .F.,(2,2),(0.,0.836105792877),.PIECEWISE_BEZIER_KNOTS.);
#6443 = CARTESIAN_POINT('',(0.,24.925406940616));
#6444 = CARTESIAN_POINT('',(0.836105792877,24.925406940616));
#6445 = ( GEOMETRIC_REPRESENTATION_CONTEXT(2) 
PARAMETRIC_REPRESENTATION_CONTEXT() REPRESENTATION_CONTEXT('2D SPACE',''
  ) );
#6446 = ORIENTED_EDGE('',*,*,#6447,.T.);
#6447 = EDGE_CURVE('',#6423,#6108,#6448,.T.);
#6448 = SURFACE_CURVE('',#6449,(#6453,#6460),.PCURVE_S1.);
#6449 = LINE('',#6450,#6451);
#6450 = CARTESIAN_POINT('',(67.450403171431,-5.038165882755,
    11.337301360946));
#6451 = VECTOR('',#6452,1.);
#6452 = DIRECTION('',(0.999970260859,-7.712159037143E-03,0.));
#6453 = PCURVE('',#4723,#6454);
#6454 = DEFINITIONAL_REPRESENTATION('',(#6455),#6459);
#6455 = LINE('',#6456,#6457);
#6456 = CARTESIAN_POINT('',(-1.383190971258,0.));
#6457 = VECTOR('',#6458,1.);
#6458 = DIRECTION('',(-0.,1.));
#6459 = ( GEOMETRIC_REPRESENTATION_CONTEXT(2) 
PARAMETRIC_REPRESENTATION_CONTEXT() REPRESENTATION_CONTEXT('2D SPACE',''
  ) );
#6460 = PCURVE('',#5771,#6461);
#6461 = DEFINITIONAL_REPRESENTATION('',(#6462),#6466);
#6462 = LINE('',#6463,#6464);
#6463 = CARTESIAN_POINT('',(1.206842188804,-3.706373746827));
#6464 = VECTOR('',#6465,1.);
#6465 = DIRECTION('',(0.999146110075,4.131647034183E-02));
#6466 = ( GEOMETRIC_REPRESENTATION_CONTEXT(2) 
PARAMETRIC_REPRESENTATION_CONTEXT() REPRESENTATION_CONTEXT('2D SPACE',''
  ) );
#6467 = ORIENTED_EDGE('',*,*,#6107,.F.);
#6468 = ORIENTED_EDGE('',*,*,#4707,.F.);
#6469 = ADVANCED_FACE('',(#6470),#4885,.T.);
#6470 = FACE_BOUND('',#6471,.F.);
#6471 = EDGE_LOOP('',(#6472,#6473,#6501,#6525));
#6472 = ORIENTED_EDGE('',*,*,#6393,.T.);
#6473 = ORIENTED_EDGE('',*,*,#6474,.T.);
#6474 = EDGE_CURVE('',#6278,#6475,#6477,.T.);
#6475 = VERTEX_POINT('',#6476);
#6476 = CARTESIAN_POINT('',(67.443555338812,5.03811306961,
    11.337301360946));
#6477 = SURFACE_CURVE('',#6478,(#6482,#6489),.PCURVE_S1.);
#6478 = LINE('',#6479,#6480);
#6479 = CARTESIAN_POINT('',(71.673884060036,5.070739007755,
    11.337301360946));
#6480 = VECTOR('',#6481,1.);
#6481 = DIRECTION('',(-0.999970260859,-7.712159037143E-03,0.));
#6482 = PCURVE('',#4885,#6483);
#6483 = DEFINITIONAL_REPRESENTATION('',(#6484),#6488);
#6484 = LINE('',#6485,#6486);
#6485 = CARTESIAN_POINT('',(-1.383190971258,0.));
#6486 = VECTOR('',#6487,1.);
#6487 = DIRECTION('',(-0.,1.));
#6488 = ( GEOMETRIC_REPRESENTATION_CONTEXT(2) 
PARAMETRIC_REPRESENTATION_CONTEXT() REPRESENTATION_CONTEXT('2D SPACE',''
  ) );
#6489 = PCURVE('',#6490,#6495);
#6490 = PLANE('',#6491);
#6491 = AXIS2_PLACEMENT_3D('',#6492,#6493,#6494);
#6492 = CARTESIAN_POINT('',(73.00690273348,5.73,14.755804251283));
#6493 = DIRECTION('',(-7.576838942179E-03,0.982424451701,-0.186506804731
    ));
#6494 = DIRECTION('',(-0.999175824706,0.,4.059151787867E-02));
#6495 = DEFINITIONAL_REPRESENTATION('',(#6496),#6500);
#6496 = LINE('',#6497,#6498);
#6497 = CARTESIAN_POINT('',(1.193157811196,-3.531869234339));
#6498 = VECTOR('',#6499,1.);
#6499 = DIRECTION('',(0.999146110075,-4.131647034183E-02));
#6500 = ( GEOMETRIC_REPRESENTATION_CONTEXT(2) 
PARAMETRIC_REPRESENTATION_CONTEXT() REPRESENTATION_CONTEXT('2D SPACE',''
  ) );
#6501 = ORIENTED_EDGE('',*,*,#6502,.F.);
#6502 = EDGE_CURVE('',#4817,#6475,#6503,.T.);
#6503 = SURFACE_CURVE('',#6504,(#6509,#6515),.PCURVE_S1.);
#6504 = CIRCLE('',#6505,0.2);
#6505 = AXIS2_PLACEMENT_3D('',#6506,#6507,#6508);
#6506 = CARTESIAN_POINT('',(67.442039971024,5.23459795995,11.3));
#6507 = DIRECTION('',(0.999970260859,7.712159037143E-03,-0.));
#6508 = DIRECTION('',(0.,0.,1.));
#6509 = PCURVE('',#4885,#6510);
#6510 = DEFINITIONAL_REPRESENTATION('',(#6511),#6514);
#6511 = B_SPLINE_CURVE_WITH_KNOTS('',1,(#6512,#6513),.UNSPECIFIED.,.F.,
  .F.,(2,2),(0.,1.383190971258),.PIECEWISE_BEZIER_KNOTS.);
#6512 = CARTESIAN_POINT('',(0.,4.230454531306));
#6513 = CARTESIAN_POINT('',(-1.383190971258,4.230454531306));
#6514 = ( GEOMETRIC_REPRESENTATION_CONTEXT(2) 
PARAMETRIC_REPRESENTATION_CONTEXT() REPRESENTATION_CONTEXT('2D SPACE',''
  ) );
#6515 = PCURVE('',#4840,#6516);
#6516 = DEFINITIONAL_REPRESENTATION('',(#6517),#6524);
#6517 = B_SPLINE_CURVE_WITH_KNOTS('',5,(#6518,#6519,#6520,#6521,#6522,
    #6523),.UNSPECIFIED.,.F.,.F.,(6,6),(0.,1.383190971258),
  .PIECEWISE_BEZIER_KNOTS.);
#6518 = CARTESIAN_POINT('',(5.551115123126E-17,14.193195354861));
#6519 = CARTESIAN_POINT('',(0.181334907543,14.193195354861));
#6520 = CARTESIAN_POINT('',(0.340132139735,14.193195354861));
#6521 = CARTESIAN_POINT('',(0.495973633622,14.193195354861));
#6522 = CARTESIAN_POINT('',(0.654770885334,14.193195354861));
#6523 = CARTESIAN_POINT('',(0.836105792877,14.193195354861));
#6524 = ( GEOMETRIC_REPRESENTATION_CONTEXT(2) 
PARAMETRIC_REPRESENTATION_CONTEXT() REPRESENTATION_CONTEXT('2D SPACE',''
  ) );
#6525 = ORIENTED_EDGE('',*,*,#4869,.F.);
#6526 = ADVANCED_FACE('',(#6527),#4759,.F.);
#6527 = FACE_BOUND('',#6528,.F.);
#6528 = EDGE_LOOP('',(#6529,#6557,#6592,#6593));
#6529 = ORIENTED_EDGE('',*,*,#6530,.T.);
#6530 = EDGE_CURVE('',#4736,#6531,#6533,.T.);
#6531 = VERTEX_POINT('',#6532);
#6532 = CARTESIAN_POINT('',(66.94010054942,-4.53,11.329325741007));
#6533 = SURFACE_CURVE('',#6534,(#6539,#6551),.PCURVE_S1.);
#6534 = CIRCLE('',#6535,0.2);
#6535 = AXIS2_PLACEMENT_3D('',#6536,#6537,#6538);
#6536 = CARTESIAN_POINT('',(66.742262229283,-4.53,11.3));
#6537 = DIRECTION('',(-0.,1.,0.));
#6538 = DIRECTION('',(0.,0.,1.));
#6539 = PCURVE('',#4759,#6540);
#6540 = DEFINITIONAL_REPRESENTATION('',(#6541),#6550);
#6541 = B_SPLINE_CURVE_WITH_KNOTS('',7,(#6542,#6543,#6544,#6545,#6546,
    #6547,#6548,#6549),.UNSPECIFIED.,.F.,.F.,(8,8),(0.,1.423637053346),
  .PIECEWISE_BEZIER_KNOTS.);
#6542 = CARTESIAN_POINT('',(0.,24.089301147739));
#6543 = CARTESIAN_POINT('',(0.130160276461,24.089301147738));
#6544 = CARTESIAN_POINT('',(0.248840911846,24.089301147739));
#6545 = CARTESIAN_POINT('',(0.362251811985,24.089301147739));
#6546 = CARTESIAN_POINT('',(0.473853980892,24.089301147738));
#6547 = CARTESIAN_POINT('',(0.587264881031,24.089301147739));
#6548 = CARTESIAN_POINT('',(0.705945516416,24.089301147739));
#6549 = CARTESIAN_POINT('',(0.836105792877,24.089301147739));
#6550 = ( GEOMETRIC_REPRESENTATION_CONTEXT(2) 
PARAMETRIC_REPRESENTATION_CONTEXT() REPRESENTATION_CONTEXT('2D SPACE',''
  ) );
#6551 = PCURVE('',#4804,#6552);
#6552 = DEFINITIONAL_REPRESENTATION('',(#6553),#6556);
#6553 = B_SPLINE_CURVE_WITH_KNOTS('',1,(#6554,#6555),.UNSPECIFIED.,.F.,
  .F.,(2,2),(0.,1.423637053346),.PIECEWISE_BEZIER_KNOTS.);
#6554 = CARTESIAN_POINT('',(0.,9.06));
#6555 = CARTESIAN_POINT('',(-1.423637053346,9.06));
#6556 = ( GEOMETRIC_REPRESENTATION_CONTEXT(2) 
PARAMETRIC_REPRESENTATION_CONTEXT() REPRESENTATION_CONTEXT('2D SPACE',''
  ) );
#6557 = ORIENTED_EDGE('',*,*,#6558,.T.);
#6558 = EDGE_CURVE('',#6531,#6423,#6559,.T.);
#6559 = SURFACE_CURVE('',#6560,(#6568,#6575),.PCURVE_S1.);
#6560 = ( BOUNDED_CURVE() B_SPLINE_CURVE(6,(#6561,#6562,#6563,#6564,
#6565,#6566,#6567),.UNSPECIFIED.,.F.,.F.) B_SPLINE_CURVE_WITH_KNOTS((7,7
),(24.089301147739,24.925406940616),.PIECEWISE_BEZIER_KNOTS.) CURVE() 
GEOMETRIC_REPRESENTATION_ITEM() RATIONAL_B_SPLINE_CURVE((1.,1.,1.,1.,1.,
1.,1.)) REPRESENTATION_ITEM('') );
#6561 = CARTESIAN_POINT('',(66.94010054942,-4.53,11.329325741007));
#6562 = CARTESIAN_POINT('',(66.94010054942,-4.662749698409,
    11.329325741007));
#6563 = CARTESIAN_POINT('',(66.981618306762,-4.796249172583,
    11.329989793181));
#6564 = CARTESIAN_POINT('',(67.066632136694,-4.913607600478,
    11.331359534591));
#6565 = CARTESIAN_POINT('',(67.182422850288,-4.994734536562,
    11.333199208201));
#6566 = CARTESIAN_POINT('',(67.312383437021,-5.036711130739,
    11.335245507523));
#6567 = CARTESIAN_POINT('',(67.443555338866,-5.038113069863,
    11.337301362278));
#6568 = PCURVE('',#4759,#6569);
#6569 = DEFINITIONAL_REPRESENTATION('',(#6570),#6574);
#6570 = LINE('',#6571,#6572);
#6571 = CARTESIAN_POINT('',(0.836105792877,0.));
#6572 = VECTOR('',#6573,1.);
#6573 = DIRECTION('',(0.,1.));
#6574 = ( GEOMETRIC_REPRESENTATION_CONTEXT(2) 
PARAMETRIC_REPRESENTATION_CONTEXT() REPRESENTATION_CONTEXT('2D SPACE',''
  ) );
#6575 = PCURVE('',#6576,#6581);
#6576 = CONICAL_SURFACE('',#6577,0.25,0.187761946514);
#6577 = AXIS2_PLACEMENT_3D('',#6578,#6579,#6580);
#6578 = CARTESIAN_POINT('',(67.388412174182,-4.53,9.979931154657));
#6579 = DIRECTION('',(4.059151787867E-02,0.,0.999175824706));
#6580 = DIRECTION('',(-0.999175824706,0.,4.059151787867E-02));
#6581 = DEFINITIONAL_REPRESENTATION('',(#6582),#6591);
#6582 = B_SPLINE_CURVE_WITH_KNOTS('',7,(#6583,#6584,#6585,#6586,#6587,
    #6588,#6589,#6590),.UNSPECIFIED.,.F.,.F.,(8,8),(24.089301147739,
    24.925406940616),.PIECEWISE_BEZIER_KNOTS.);
#6583 = CARTESIAN_POINT('',(3.793724160358E-16,1.330084799338));
#6584 = CARTESIAN_POINT('',(0.226341374568,1.330084799338));
#6585 = CARTESIAN_POINT('',(0.453667279596,1.331760872051));
#6586 = CARTESIAN_POINT('',(0.681510132845,1.335192855376));
#6587 = CARTESIAN_POINT('',(0.906472593401,1.34004849778));
#6588 = CARTESIAN_POINT('',(1.129313383451,1.345885888191));
#6589 = CARTESIAN_POINT('',(1.349843802573,1.352165303984));
#6590 = CARTESIAN_POINT('',(1.570796326795,1.358489841386));
#6591 = ( GEOMETRIC_REPRESENTATION_CONTEXT(2) 
PARAMETRIC_REPRESENTATION_CONTEXT() REPRESENTATION_CONTEXT('2D SPACE',''
  ) );
#6592 = ORIENTED_EDGE('',*,*,#6422,.F.);
#6593 = ORIENTED_EDGE('',*,*,#4735,.F.);
#6594 = ADVANCED_FACE('',(#6595),#4840,.F.);
#6595 = FACE_BOUND('',#6596,.F.);
#6596 = EDGE_LOOP('',(#6597,#6598,#6635,#6660));
#6597 = ORIENTED_EDGE('',*,*,#6502,.T.);
#6598 = ORIENTED_EDGE('',*,*,#6599,.T.);
#6599 = EDGE_CURVE('',#6475,#6600,#6602,.T.);
#6600 = VERTEX_POINT('',#6601);
#6601 = CARTESIAN_POINT('',(66.94010054942,4.53,11.329325741007));
#6602 = SURFACE_CURVE('',#6603,(#6611,#6618),.PCURVE_S1.);
#6603 = ( BOUNDED_CURVE() B_SPLINE_CURVE(6,(#6604,#6605,#6606,#6607,
#6608,#6609,#6610),.UNSPECIFIED.,.F.,.F.) B_SPLINE_CURVE_WITH_KNOTS((7,7
),(14.193195354861,15.029301147739),.PIECEWISE_BEZIER_KNOTS.) CURVE() 
GEOMETRIC_REPRESENTATION_ITEM() RATIONAL_B_SPLINE_CURVE((1.,1.,1.,1.,1.,
1.,1.)) REPRESENTATION_ITEM('') );
#6604 = CARTESIAN_POINT('',(67.443555338866,5.038113069863,
    11.337301362278));
#6605 = CARTESIAN_POINT('',(67.312383437021,5.036711130739,
    11.335245507523));
#6606 = CARTESIAN_POINT('',(67.182422850288,4.994734536562,
    11.333199208201));
#6607 = CARTESIAN_POINT('',(67.066632136694,4.913607600478,
    11.331359534591));
#6608 = CARTESIAN_POINT('',(66.981618306762,4.796249172583,
    11.329989793181));
#6609 = CARTESIAN_POINT('',(66.94010054942,4.662749698409,
    11.329325741007));
#6610 = CARTESIAN_POINT('',(66.94010054942,4.53,11.329325741007));
#6611 = PCURVE('',#4840,#6612);
#6612 = DEFINITIONAL_REPRESENTATION('',(#6613),#6617);
#6613 = LINE('',#6614,#6615);
#6614 = CARTESIAN_POINT('',(0.836105792877,0.));
#6615 = VECTOR('',#6616,1.);
#6616 = DIRECTION('',(0.,1.));
#6617 = ( GEOMETRIC_REPRESENTATION_CONTEXT(2) 
PARAMETRIC_REPRESENTATION_CONTEXT() REPRESENTATION_CONTEXT('2D SPACE',''
  ) );
#6618 = PCURVE('',#6619,#6624);
#6619 = CONICAL_SURFACE('',#6620,0.25,0.187761946514);
#6620 = AXIS2_PLACEMENT_3D('',#6621,#6622,#6623);
#6621 = CARTESIAN_POINT('',(67.388412174182,4.53,9.979931154657));
#6622 = DIRECTION('',(4.059151787867E-02,0.,0.999175824706));
#6623 = DIRECTION('',(-0.999175824706,0.,4.059151787867E-02));
#6624 = DEFINITIONAL_REPRESENTATION('',(#6625),#6634);
#6625 = B_SPLINE_CURVE_WITH_KNOTS('',7,(#6626,#6627,#6628,#6629,#6630,
    #6631,#6632,#6633),.UNSPECIFIED.,.F.,.F.,(8,8),(14.193195354861,
    15.029301147739),.PIECEWISE_BEZIER_KNOTS.);
#6626 = CARTESIAN_POINT('',(4.712388980385,1.358489841386));
#6627 = CARTESIAN_POINT('',(4.933341504607,1.352165303984));
#6628 = CARTESIAN_POINT('',(5.153871923729,1.345885888191));
#6629 = CARTESIAN_POINT('',(5.376712713778,1.34004849778));
#6630 = CARTESIAN_POINT('',(5.601675174335,1.335192855376));
#6631 = CARTESIAN_POINT('',(5.829518027584,1.331760872051));
#6632 = CARTESIAN_POINT('',(6.056843932611,1.330084799338));
#6633 = CARTESIAN_POINT('',(6.28318530718,1.330084799338));
#6634 = ( GEOMETRIC_REPRESENTATION_CONTEXT(2) 
PARAMETRIC_REPRESENTATION_CONTEXT() REPRESENTATION_CONTEXT('2D SPACE',''
  ) );
#6635 = ORIENTED_EDGE('',*,*,#6636,.F.);
#6636 = EDGE_CURVE('',#4789,#6600,#6637,.T.);
#6637 = SURFACE_CURVE('',#6638,(#6642,#6648),.PCURVE_S1.);
#6638 = ( BOUNDED_CURVE() B_SPLINE_CURVE(2,(#6639,#6640,#6641),
.UNSPECIFIED.,.F.,.F.) B_SPLINE_CURVE_WITH_KNOTS((3,3),(0.,
0.836105792877),.PIECEWISE_BEZIER_KNOTS.) CURVE() 
GEOMETRIC_REPRESENTATION_ITEM() RATIONAL_B_SPLINE_CURVE((1.,
0.757175245579,1.)) REPRESENTATION_ITEM('') );
#6639 = CARTESIAN_POINT('',(66.742262229283,4.53,11.5));
#6640 = CARTESIAN_POINT('',(66.9148013601,4.53,11.5));
#6641 = CARTESIAN_POINT('',(66.94010054942,4.53,11.329325741007));
#6642 = PCURVE('',#4840,#6643);
#6643 = DEFINITIONAL_REPRESENTATION('',(#6644),#6647);
#6644 = B_SPLINE_CURVE_WITH_KNOTS('',1,(#6645,#6646),.UNSPECIFIED.,.F.,
  .F.,(2,2),(0.,0.836105792877),.PIECEWISE_BEZIER_KNOTS.);
#6645 = CARTESIAN_POINT('',(0.,15.029301147739));
#6646 = CARTESIAN_POINT('',(0.836105792877,15.029301147739));
#6647 = ( GEOMETRIC_REPRESENTATION_CONTEXT(2) 
PARAMETRIC_REPRESENTATION_CONTEXT() REPRESENTATION_CONTEXT('2D SPACE',''
  ) );
#6648 = PCURVE('',#4804,#6649);
#6649 = DEFINITIONAL_REPRESENTATION('',(#6650),#6659);
#6650 = B_SPLINE_CURVE_WITH_KNOTS('',7,(#6651,#6652,#6653,#6654,#6655,
    #6656,#6657,#6658),.UNSPECIFIED.,.F.,.F.,(8,8),(0.,0.836105792877),
  .PIECEWISE_BEZIER_KNOTS.);
#6651 = CARTESIAN_POINT('',(0.,1.15463194561E-14));
#6652 = CARTESIAN_POINT('',(-0.186631941069,1.15463194561E-14));
#6653 = CARTESIAN_POINT('',(-0.388377545087,1.15463194561E-14));
#6654 = CARTESIAN_POINT('',(-0.602059845383,1.15463194561E-14));
#6655 = CARTESIAN_POINT('',(-0.821577208123,1.15463194561E-14));
#6656 = CARTESIAN_POINT('',(-1.035259508139,1.15463194561E-14));
#6657 = CARTESIAN_POINT('',(-1.237005112277,1.15463194561E-14));
#6658 = CARTESIAN_POINT('',(-1.423637053346,1.15463194561E-14));
#6659 = ( GEOMETRIC_REPRESENTATION_CONTEXT(2) 
PARAMETRIC_REPRESENTATION_CONTEXT() REPRESENTATION_CONTEXT('2D SPACE',''
  ) );
#6660 = ORIENTED_EDGE('',*,*,#4816,.F.);
#6661 = ADVANCED_FACE('',(#6662),#4804,.T.);
#6662 = FACE_BOUND('',#6663,.F.);
#6663 = EDGE_LOOP('',(#6664,#6665,#6691,#6692));
#6664 = ORIENTED_EDGE('',*,*,#6636,.T.);
#6665 = ORIENTED_EDGE('',*,*,#6666,.T.);
#6666 = EDGE_CURVE('',#6600,#6531,#6667,.T.);
#6667 = SURFACE_CURVE('',#6668,(#6672,#6679),.PCURVE_S1.);
#6668 = LINE('',#6669,#6670);
#6669 = CARTESIAN_POINT('',(66.94010054942,4.53,11.329325741007));
#6670 = VECTOR('',#6671,1.);
#6671 = DIRECTION('',(0.,-1.,0.));
#6672 = PCURVE('',#4804,#6673);
#6673 = DEFINITIONAL_REPRESENTATION('',(#6674),#6678);
#6674 = LINE('',#6675,#6676);
#6675 = CARTESIAN_POINT('',(-1.423637053346,0.));
#6676 = VECTOR('',#6677,1.);
#6677 = DIRECTION('',(-0.,1.));
#6678 = ( GEOMETRIC_REPRESENTATION_CONTEXT(2) 
PARAMETRIC_REPRESENTATION_CONTEXT() REPRESENTATION_CONTEXT('2D SPACE',''
  ) );
#6679 = PCURVE('',#6680,#6685);
#6680 = PLANE('',#6681);
#6681 = AXIS2_PLACEMENT_3D('',#6682,#6683,#6684);
#6682 = CARTESIAN_POINT('',(66.392358773928,5.73,15.02452009964));
#6683 = DIRECTION('',(-0.989191600682,-0.,-0.146628705035));
#6684 = DIRECTION('',(0.,-1.,0.));
#6685 = DEFINITIONAL_REPRESENTATION('',(#6686),#6690);
#6686 = LINE('',#6687,#6688);
#6687 = CARTESIAN_POINT('',(1.2,-3.735569889681));
#6688 = VECTOR('',#6689,1.);
#6689 = DIRECTION('',(1.,0.));
#6690 = ( GEOMETRIC_REPRESENTATION_CONTEXT(2) 
PARAMETRIC_REPRESENTATION_CONTEXT() REPRESENTATION_CONTEXT('2D SPACE',''
  ) );
#6691 = ORIENTED_EDGE('',*,*,#6530,.F.);
#6692 = ORIENTED_EDGE('',*,*,#4788,.F.);
#6693 = ADVANCED_FACE('',(#6694),#5384,.F.);
#6694 = FACE_BOUND('',#6695,.T.);
#6695 = EDGE_LOOP('',(#6696,#6697,#6723,#6724));
#6696 = ORIENTED_EDGE('',*,*,#5928,.T.);
#6697 = ORIENTED_EDGE('',*,*,#6698,.T.);
#6698 = EDGE_CURVE('',#5929,#5422,#6699,.T.);
#6699 = SURFACE_CURVE('',#6700,(#6704,#6711),.PCURVE_S1.);
#6700 = LINE('',#6701,#6702);
#6701 = CARTESIAN_POINT('',(66.8,4.78,-9.));
#6702 = VECTOR('',#6703,1.);
#6703 = DIRECTION('',(0.,0.,1.));
#6704 = PCURVE('',#5384,#6705);
#6705 = DEFINITIONAL_REPRESENTATION('',(#6706),#6710);
#6706 = LINE('',#6707,#6708);
#6707 = CARTESIAN_POINT('',(-1.570796326795,0.));
#6708 = VECTOR('',#6709,1.);
#6709 = DIRECTION('',(-0.,1.));
#6710 = ( GEOMETRIC_REPRESENTATION_CONTEXT(2) 
PARAMETRIC_REPRESENTATION_CONTEXT() REPRESENTATION_CONTEXT('2D SPACE',''
  ) );
#6711 = PCURVE('',#6712,#6717);
#6712 = PLANE('',#6713);
#6713 = AXIS2_PLACEMENT_3D('',#6714,#6715,#6716);
#6714 = CARTESIAN_POINT('',(66.6,4.78,-4.5));
#6715 = DIRECTION('',(0.,1.,0.));
#6716 = DIRECTION('',(4.059151787867E-02,0.,0.999175824706));
#6717 = DEFINITIONAL_REPRESENTATION('',(#6718),#6722);
#6718 = LINE('',#6719,#6720);
#6719 = CARTESIAN_POINT('',(-4.4881729076,0.382496995395));
#6720 = VECTOR('',#6721,1.);
#6721 = DIRECTION('',(0.999175824706,-4.059151787867E-02));
#6722 = ( GEOMETRIC_REPRESENTATION_CONTEXT(2) 
PARAMETRIC_REPRESENTATION_CONTEXT() REPRESENTATION_CONTEXT('2D SPACE',''
  ) );
#6723 = ORIENTED_EDGE('',*,*,#5421,.F.);
#6724 = ORIENTED_EDGE('',*,*,#5368,.F.);
#6725 = ADVANCED_FACE('',(#6726),#5462,.F.);
#6726 = FACE_BOUND('',#6727,.F.);
#6727 = EDGE_LOOP('',(#6728,#6751,#6752,#6753,#6781));
#6728 = ORIENTED_EDGE('',*,*,#6729,.F.);
#6729 = EDGE_CURVE('',#5422,#6730,#6732,.T.);
#6730 = VERTEX_POINT('',#6731);
#6731 = CARTESIAN_POINT('',(67.348602471024,4.78,9.));
#6732 = SURFACE_CURVE('',#6733,(#6737,#6744),.PCURVE_S1.);
#6733 = LINE('',#6734,#6735);
#6734 = CARTESIAN_POINT('',(66.6,4.78,9.));
#6735 = VECTOR('',#6736,1.);
#6736 = DIRECTION('',(1.,0.,0.));
#6737 = PCURVE('',#5462,#6738);
#6738 = DEFINITIONAL_REPRESENTATION('',(#6739),#6743);
#6739 = LINE('',#6740,#6741);
#6740 = CARTESIAN_POINT('',(0.,0.));
#6741 = VECTOR('',#6742,1.);
#6742 = DIRECTION('',(0.,1.));
#6743 = ( GEOMETRIC_REPRESENTATION_CONTEXT(2) 
PARAMETRIC_REPRESENTATION_CONTEXT() REPRESENTATION_CONTEXT('2D SPACE',''
  ) );
#6744 = PCURVE('',#6712,#6745);
#6745 = DEFINITIONAL_REPRESENTATION('',(#6746),#6750);
#6746 = LINE('',#6747,#6748);
#6747 = CARTESIAN_POINT('',(13.488873633527,-0.547985491362));
#6748 = VECTOR('',#6749,1.);
#6749 = DIRECTION('',(4.059151787867E-02,0.999175824706));
#6750 = ( GEOMETRIC_REPRESENTATION_CONTEXT(2) 
PARAMETRIC_REPRESENTATION_CONTEXT() REPRESENTATION_CONTEXT('2D SPACE',''
  ) );
#6751 = ORIENTED_EDGE('',*,*,#5447,.T.);
#6752 = ORIENTED_EDGE('',*,*,#5527,.T.);
#6753 = ORIENTED_EDGE('',*,*,#6754,.F.);
#6754 = EDGE_CURVE('',#6755,#5502,#6757,.T.);
#6755 = VERTEX_POINT('',#6756);
#6756 = CARTESIAN_POINT('',(67.117123456923,4.53,9.460977222865));
#6757 = SURFACE_CURVE('',#6758,(#6763,#6774),.PCURVE_S1.);
#6758 = ELLIPSE('',#6759,0.550453670316,0.55);
#6759 = AXIS2_PLACEMENT_3D('',#6760,#6761,#6762);
#6760 = CARTESIAN_POINT('',(67.098396257244,4.23,9.));
#6761 = DIRECTION('',(0.999175824706,0.,-4.059151787867E-02));
#6762 = DIRECTION('',(4.059151787867E-02,0.,0.999175824706));
#6763 = PCURVE('',#5462,#6764);
#6764 = DEFINITIONAL_REPRESENTATION('',(#6765),#6773);
#6765 = B_SPLINE_CURVE_WITH_KNOTS('',6,(#6766,#6767,#6768,#6769,#6770,
    #6771,#6772),.UNSPECIFIED.,.F.,.F.,(7,7),(4.712388980385,
    6.28318530718),.PIECEWISE_BEZIER_KNOTS.);
#6766 = CARTESIAN_POINT('',(0.,0.498396257244));
#6767 = CARTESIAN_POINT('',(0.261799387799,0.504245837315));
#6768 = CARTESIAN_POINT('',(0.523598775598,0.51009497057));
#6769 = CARTESIAN_POINT('',(0.785398163397,0.515225337784));
#6770 = CARTESIAN_POINT('',(1.047197551197,0.518902694492));
#6771 = CARTESIAN_POINT('',(1.308996938996,0.520740007244));
#6772 = CARTESIAN_POINT('',(1.570796326795,0.520740007244));
#6773 = ( GEOMETRIC_REPRESENTATION_CONTEXT(2) 
PARAMETRIC_REPRESENTATION_CONTEXT() REPRESENTATION_CONTEXT('2D SPACE',''
  ) );
#6774 = PCURVE('',#5516,#6775);
#6775 = DEFINITIONAL_REPRESENTATION('',(#6776),#6780);
#6776 = ELLIPSE('',#6777,0.550453670316,0.55);
#6777 = AXIS2_PLACEMENT_2D('',#6778,#6779);
#6778 = CARTESIAN_POINT('',(13.509104294113,-8.96));
#6779 = DIRECTION('',(1.,0.));
#6780 = ( GEOMETRIC_REPRESENTATION_CONTEXT(2) 
PARAMETRIC_REPRESENTATION_CONTEXT() REPRESENTATION_CONTEXT('2D SPACE',''
  ) );
#6781 = ORIENTED_EDGE('',*,*,#6782,.T.);
#6782 = EDGE_CURVE('',#6755,#6730,#6783,.T.);
#6783 = SURFACE_CURVE('',#6784,(#6794,#6807),.PCURVE_S1.);
#6784 = B_SPLINE_CURVE_WITH_KNOTS('',8,(#6785,#6786,#6787,#6788,#6789,
    #6790,#6791,#6792,#6793),.UNSPECIFIED.,.F.,.F.,(9,9),(0.,1.),
  .PIECEWISE_BEZIER_KNOTS.);
#6785 = CARTESIAN_POINT('',(67.117123456923,4.53,9.460977222865));
#6786 = CARTESIAN_POINT('',(67.115701931727,4.583767445081,
    9.425985833433));
#6787 = CARTESIAN_POINT('',(67.127154005772,4.635228049561,
    9.382292550596));
#6788 = CARTESIAN_POINT('',(67.149506035469,4.681353779489,
    9.330305394452));
#6789 = CARTESIAN_POINT('',(67.18070005249,4.720148106801,9.271219051927
    ));
#6790 = CARTESIAN_POINT('',(67.218562276846,4.750060676075,
    9.206641064776));
#6791 = CARTESIAN_POINT('',(67.260803615908,4.770170967253,
    9.138454361693));
#6792 = CARTESIAN_POINT('',(67.304987822951,4.779999892529,
    9.068778788646));
#6793 = CARTESIAN_POINT('',(67.348602471024,4.78,9.));
#6794 = PCURVE('',#5462,#6795);
#6795 = DEFINITIONAL_REPRESENTATION('',(#6796),#6806);
#6796 = B_SPLINE_CURVE_WITH_KNOTS('',8,(#6797,#6798,#6799,#6800,#6801,
    #6802,#6803,#6804,#6805),.UNSPECIFIED.,.F.,.F.,(9,9),(0.,1.),
  .PIECEWISE_BEZIER_KNOTS.);
#6797 = CARTESIAN_POINT('',(0.993864981558,0.517123456923));
#6798 = CARTESIAN_POINT('',(0.877227016787,0.515701931727));
#6799 = CARTESIAN_POINT('',(0.755474910684,0.527154005772));
#6800 = CARTESIAN_POINT('',(0.631205819752,0.549506035469));
#6801 = CARTESIAN_POINT('',(0.505355101369,0.58070005249));
#6802 = CARTESIAN_POINT('',(0.378698856249,0.618562276846));
#6803 = CARTESIAN_POINT('',(0.251732616299,0.660803615908));
#6804 = CARTESIAN_POINT('',(0.125052785068,0.704987822951));
#6805 = CARTESIAN_POINT('',(0.,0.748602471024));
#6806 = ( GEOMETRIC_REPRESENTATION_CONTEXT(2) 
PARAMETRIC_REPRESENTATION_CONTEXT() REPRESENTATION_CONTEXT('2D SPACE',''
  ) );
#6807 = PCURVE('',#6808,#6813);
#6808 = CYLINDRICAL_SURFACE('',#6809,0.25);
#6809 = AXIS2_PLACEMENT_3D('',#6810,#6811,#6812);
#6810 = CARTESIAN_POINT('',(66.82013092388,4.53,-4.008530391223));
#6811 = DIRECTION('',(4.059151787867E-02,0.,0.999175824706));
#6812 = DIRECTION('',(-0.999175824706,0.,4.059151787867E-02));
#6813 = DEFINITIONAL_REPRESENTATION('',(#6814),#6824);
#6814 = B_SPLINE_CURVE_WITH_KNOTS('',8,(#6815,#6816,#6817,#6818,#6819,
    #6820,#6821,#6822,#6823),.UNSPECIFIED.,.F.,.F.,(9,9),(0.,1.),
  .PIECEWISE_BEZIER_KNOTS.);
#6815 = CARTESIAN_POINT('',(0.,13.4704617564));
#6816 = CARTESIAN_POINT('',(-0.215069780324,13.435441504142));
#6817 = CARTESIAN_POINT('',(-0.420912970751,13.392249089298));
#6818 = CARTESIAN_POINT('',(-0.620569968069,13.341212082496));
#6819 = CARTESIAN_POINT('',(-0.815777348751,13.283440649976));
#6820 = CARTESIAN_POINT('',(-1.007773147667,13.220452771562));
#6821 = CARTESIAN_POINT('',(-1.197415116565,13.154036906345));
#6822 = CARTESIAN_POINT('',(-1.385313320574,13.086212262214));
#6823 = CARTESIAN_POINT('',(-1.570796326795,13.019260544113));
#6824 = ( GEOMETRIC_REPRESENTATION_CONTEXT(2) 
PARAMETRIC_REPRESENTATION_CONTEXT() REPRESENTATION_CONTEXT('2D SPACE',''
  ) );
#6825 = ADVANCED_FACE('',(#6826),#5516,.T.);
#6826 = FACE_BOUND('',#6827,.T.);
#6827 = EDGE_LOOP('',(#6828,#6851,#6852,#6853,#6854,#6877));
#6828 = ORIENTED_EDGE('',*,*,#6829,.T.);
#6829 = EDGE_CURVE('',#6830,#5577,#6832,.T.);
#6830 = VERTEX_POINT('',#6831);
#6831 = CARTESIAN_POINT('',(67.138618218005,-4.53,9.990079034127));
#6832 = SURFACE_CURVE('',#6833,(#6837,#6844),.PCURVE_S1.);
#6833 = LINE('',#6834,#6835);
#6834 = CARTESIAN_POINT('',(67.30098428952,-4.53,13.986782332949));
#6835 = VECTOR('',#6836,1.);
#6836 = DIRECTION('',(-4.059151787867E-02,-0.,-0.999175824706));
#6837 = PCURVE('',#5516,#6838);
#6838 = DEFINITIONAL_REPRESENTATION('',(#6839),#6843);
#6839 = LINE('',#6840,#6841);
#6840 = CARTESIAN_POINT('',(18.5,-0.2));
#6841 = VECTOR('',#6842,1.);
#6842 = DIRECTION('',(-1.,0.));
#6843 = ( GEOMETRIC_REPRESENTATION_CONTEXT(2) 
PARAMETRIC_REPRESENTATION_CONTEXT() REPRESENTATION_CONTEXT('2D SPACE',''
  ) );
#6844 = PCURVE('',#5630,#6845);
#6845 = DEFINITIONAL_REPRESENTATION('',(#6846),#6850);
#6846 = LINE('',#6847,#6848);
#6847 = CARTESIAN_POINT('',(-0.,0.));
#6848 = VECTOR('',#6849,1.);
#6849 = DIRECTION('',(-0.,1.));
#6850 = ( GEOMETRIC_REPRESENTATION_CONTEXT(2) 
PARAMETRIC_REPRESENTATION_CONTEXT() REPRESENTATION_CONTEXT('2D SPACE',''
  ) );
#6851 = ORIENTED_EDGE('',*,*,#5576,.F.);
#6852 = ORIENTED_EDGE('',*,*,#5501,.T.);
#6853 = ORIENTED_EDGE('',*,*,#6754,.F.);
#6854 = ORIENTED_EDGE('',*,*,#6855,.T.);
#6855 = EDGE_CURVE('',#6755,#6856,#6858,.T.);
#6856 = VERTEX_POINT('',#6857);
#6857 = CARTESIAN_POINT('',(67.138618218005,4.53,9.990079034127));
#6858 = SURFACE_CURVE('',#6859,(#6863,#6870),.PCURVE_S1.);
#6859 = LINE('',#6860,#6861);
#6860 = CARTESIAN_POINT('',(66.570336967704,4.53,-3.998382511753));
#6861 = VECTOR('',#6862,1.);
#6862 = DIRECTION('',(4.059151787867E-02,0.,0.999175824706));
#6863 = PCURVE('',#5516,#6864);
#6864 = DEFINITIONAL_REPRESENTATION('',(#6865),#6869);
#6865 = LINE('',#6866,#6867);
#6866 = CARTESIAN_POINT('',(0.5,-9.26));
#6867 = VECTOR('',#6868,1.);
#6868 = DIRECTION('',(1.,0.));
#6869 = ( GEOMETRIC_REPRESENTATION_CONTEXT(2) 
PARAMETRIC_REPRESENTATION_CONTEXT() REPRESENTATION_CONTEXT('2D SPACE',''
  ) );
#6870 = PCURVE('',#6808,#6871);
#6871 = DEFINITIONAL_REPRESENTATION('',(#6872),#6876);
#6872 = LINE('',#6873,#6874);
#6873 = CARTESIAN_POINT('',(-0.,0.));
#6874 = VECTOR('',#6875,1.);
#6875 = DIRECTION('',(-0.,1.));
#6876 = ( GEOMETRIC_REPRESENTATION_CONTEXT(2) 
PARAMETRIC_REPRESENTATION_CONTEXT() REPRESENTATION_CONTEXT('2D SPACE',''
  ) );
#6877 = ORIENTED_EDGE('',*,*,#6878,.T.);
#6878 = EDGE_CURVE('',#6856,#6830,#6879,.T.);
#6879 = SURFACE_CURVE('',#6880,(#6884,#6891),.PCURVE_S1.);
#6880 = LINE('',#6881,#6882);
#6881 = CARTESIAN_POINT('',(67.138618218005,-252.365,9.990079034127));
#6882 = VECTOR('',#6883,1.);
#6883 = DIRECTION('',(0.,-1.,0.));
#6884 = PCURVE('',#5516,#6885);
#6885 = DEFINITIONAL_REPRESENTATION('',(#6886),#6890);
#6886 = LINE('',#6887,#6888);
#6887 = CARTESIAN_POINT('',(14.5,247.635));
#6888 = VECTOR('',#6889,1.);
#6889 = DIRECTION('',(0.,1.));
#6890 = ( GEOMETRIC_REPRESENTATION_CONTEXT(2) 
PARAMETRIC_REPRESENTATION_CONTEXT() REPRESENTATION_CONTEXT('2D SPACE',''
  ) );
#6891 = PCURVE('',#6680,#6892);
#6892 = DEFINITIONAL_REPRESENTATION('',(#6893),#6897);
#6893 = LINE('',#6894,#6895);
#6894 = CARTESIAN_POINT('',(258.095,-5.089449872039));
#6895 = VECTOR('',#6896,1.);
#6896 = DIRECTION('',(1.,0.));
#6897 = ( GEOMETRIC_REPRESENTATION_CONTEXT(2) 
PARAMETRIC_REPRESENTATION_CONTEXT() REPRESENTATION_CONTEXT('2D SPACE',''
  ) );
#6898 = ADVANCED_FACE('',(#6899),#5630,.F.);
#6899 = FACE_BOUND('',#6900,.T.);
#6900 = EDGE_LOOP('',(#6901,#6902,#6924,#6925));
#6901 = ORIENTED_EDGE('',*,*,#6829,.F.);
#6902 = ORIENTED_EDGE('',*,*,#6903,.F.);
#6903 = EDGE_CURVE('',#5733,#6830,#6904,.T.);
#6904 = SURFACE_CURVE('',#6905,(#6910,#6917),.PCURVE_S1.);
#6905 = CIRCLE('',#6906,0.25);
#6906 = AXIS2_PLACEMENT_3D('',#6907,#6908,#6909);
#6907 = CARTESIAN_POINT('',(67.388412174182,-4.53,9.979931154657));
#6908 = DIRECTION('',(-4.059151787867E-02,0.,-0.999175824706));
#6909 = DIRECTION('',(-0.999175824706,0.,4.059151787867E-02));
#6910 = PCURVE('',#5630,#6911);
#6911 = DEFINITIONAL_REPRESENTATION('',(#6912),#6916);
#6912 = LINE('',#6913,#6914);
#6913 = CARTESIAN_POINT('',(-6.28318530718,4.));
#6914 = VECTOR('',#6915,1.);
#6915 = DIRECTION('',(1.,-0.));
#6916 = ( GEOMETRIC_REPRESENTATION_CONTEXT(2) 
PARAMETRIC_REPRESENTATION_CONTEXT() REPRESENTATION_CONTEXT('2D SPACE',''
  ) );
#6917 = PCURVE('',#6576,#6918);
#6918 = DEFINITIONAL_REPRESENTATION('',(#6919),#6923);
#6919 = LINE('',#6920,#6921);
#6920 = CARTESIAN_POINT('',(6.28318530718,0.));
#6921 = VECTOR('',#6922,1.);
#6922 = DIRECTION('',(-1.,0.));
#6923 = ( GEOMETRIC_REPRESENTATION_CONTEXT(2) 
PARAMETRIC_REPRESENTATION_CONTEXT() REPRESENTATION_CONTEXT('2D SPACE',''
  ) );
#6924 = ORIENTED_EDGE('',*,*,#5732,.T.);
#6925 = ORIENTED_EDGE('',*,*,#5604,.F.);
#6926 = ADVANCED_FACE('',(#6927),#5669,.F.);
#6927 = FACE_BOUND('',#6928,.F.);
#6928 = EDGE_LOOP('',(#6929,#6930,#7040));
#6929 = ORIENTED_EDGE('',*,*,#5651,.F.);
#6930 = ORIENTED_EDGE('',*,*,#6931,.T.);
#6931 = EDGE_CURVE('',#5652,#6932,#6934,.T.);
#6932 = VERTEX_POINT('',#6933);
#6933 = CARTESIAN_POINT('',(71.035706979794,-4.779506093682,
    -4.203110888226));
#6934 = SURFACE_CURVE('',#6935,(#6968,#7004),.PCURVE_S1.);
#6935 = B_SPLINE_CURVE_WITH_KNOTS('',4,(#6936,#6937,#6938,#6939,#6940,
    #6941,#6942,#6943,#6944,#6945,#6946,#6947,#6948,#6949,#6950,#6951,
    #6952,#6953,#6954,#6955,#6956,#6957,#6958,#6959,#6960,#6961,#6962,
    #6963,#6964,#6965,#6966,#6967),.UNSPECIFIED.,.F.,.F.,(5,3,3,3,3,3,3,
    3,3,3,5),(0.,8.790288605433E-03,1.758057676256E-02,
    2.637086404649E-02,3.516115002115E-02,4.395143424704E-02,
    5.274171628858E-02,6.153199570883E-02,7.032227207128E-02,
    7.72938681017E-02,1.),.UNSPECIFIED.);
#6936 = CARTESIAN_POINT('',(71.02,-4.78,-4.17915007244));
#6937 = CARTESIAN_POINT('',(71.02003453751,-4.78,-4.1792027452));
#6938 = CARTESIAN_POINT('',(71.020069075028,-4.779999993638,
    -4.179255417941));
#6939 = CARTESIAN_POINT('',(71.020103612538,-4.779999980915,
    -4.179308090697));
#6940 = CARTESIAN_POINT('',(71.020172687554,-4.779999942744,
    -4.179413436191));
#6941 = CARTESIAN_POINT('',(71.020207225058,-4.779999917296,
    -4.179466108935));
#6942 = CARTESIAN_POINT('',(71.020241762558,-4.779999885487,
    -4.179518781676));
#6943 = CARTESIAN_POINT('',(71.020310837542,-4.779999809146,
    -4.179624127141));
#6944 = CARTESIAN_POINT('',(71.020345375027,-4.779999764613,
    -4.179676799867));
#6945 = CARTESIAN_POINT('',(71.020379912504,-4.779999713718,
    -4.179729472587));
#6946 = CARTESIAN_POINT('',(71.020448987436,-4.779999599206,
    -4.179834818004));
#6947 = CARTESIAN_POINT('',(71.02048352489,-4.779999535588,
    -4.179887490702));
#6948 = CARTESIAN_POINT('',(71.020518062334,-4.779999465608,
    -4.179940163392));
#6949 = CARTESIAN_POINT('',(71.020587137192,-4.779999312925,
    -4.180045508742));
#6950 = CARTESIAN_POINT('',(71.020621674605,-4.779999230221,
    -4.180098181402));
#6951 = CARTESIAN_POINT('',(71.020656212006,-4.779999141156,
    -4.180150854051));
#6952 = CARTESIAN_POINT('',(71.020725286769,-4.779998950302,
    -4.180256199314));
#6953 = CARTESIAN_POINT('',(71.020759824131,-4.779998848513,
    -4.180308871927));
#6954 = CARTESIAN_POINT('',(71.020794361477,-4.779998740362,
    -4.180361544527));
#6955 = CARTESIAN_POINT('',(71.020863436124,-4.779998511337,
    -4.180466889683));
#6956 = CARTESIAN_POINT('',(71.020897973425,-4.779998390463,
    -4.18051956224));
#6957 = CARTESIAN_POINT('',(71.020932510706,-4.779998263227,
    -4.18057223478));
#6958 = CARTESIAN_POINT('',(71.021001585216,-4.779997996032,
    -4.180677579811));
#6959 = CARTESIAN_POINT('',(71.021036122444,-4.779997856072,
    -4.1807302523));
#6960 = CARTESIAN_POINT('',(71.02107065965,-4.779997709751,
    -4.180782924772));
#6961 = CARTESIAN_POINT('',(71.021132588382,-4.779997435975,
    -4.180877371915));
#6962 = CARTESIAN_POINT('',(71.021159979916,-4.77999731088,
    -4.180919146592));
#6963 = CARTESIAN_POINT('',(71.021187371434,-4.779997181783,
    -4.180960921257));
#6964 = CARTESIAN_POINT('',(71.024840088763,-4.779979432831,
    -4.186531663376));
#6965 = CARTESIAN_POINT('',(71.028465129325,-4.779891719956,
    -4.192060402701));
#6966 = CARTESIAN_POINT('',(71.03208818296,-4.779733913464,
    -4.197587552936));
#6967 = CARTESIAN_POINT('',(71.035707545231,-4.779506058088,
    -4.203111751191));
#6968 = PCURVE('',#5669,#6969);
#6969 = DEFINITIONAL_REPRESENTATION('',(#6970),#7003);
#6970 = B_SPLINE_CURVE_WITH_KNOTS('',4,(#6971,#6972,#6973,#6974,#6975,
    #6976,#6977,#6978,#6979,#6980,#6981,#6982,#6983,#6984,#6985,#6986,
    #6987,#6988,#6989,#6990,#6991,#6992,#6993,#6994,#6995,#6996,#6997,
    #6998,#6999,#7000,#7001,#7002),.UNSPECIFIED.,.F.,.F.,(5,3,3,3,3,3,3,
    3,3,3,5),(0.,8.790288605433E-03,1.758057676256E-02,
    2.637086404649E-02,3.516115002115E-02,4.395143424704E-02,
    5.274171628858E-02,6.153199570883E-02,7.032227207128E-02,
    7.72938681017E-02,1.),.UNSPECIFIED.);
#6971 = CARTESIAN_POINT('',(0.,4.403333359628));
#6972 = CARTESIAN_POINT('',(9.314076079007E-05,4.40337000674));
#6973 = CARTESIAN_POINT('',(1.862814865365E-04,4.40340665386));
#6974 = CARTESIAN_POINT('',(2.794222410945E-04,4.403443300972));
#6975 = CARTESIAN_POINT('',(4.65703730384E-04,4.403516595192));
#6976 = CARTESIAN_POINT('',(5.588444731055E-04,4.403553242298));
#6977 = CARTESIAN_POINT('',(6.519852160179E-04,4.403589889399));
#6978 = CARTESIAN_POINT('',(8.382666937496E-04,4.403663183586));
#6979 = CARTESIAN_POINT('',(9.314074285132E-04,4.403699830671));
#6980 = CARTESIAN_POINT('',(1.02454816389E-03,4.403736477749));
#6981 = CARTESIAN_POINT('',(1.210829622305E-03,4.403809771881));
#6982 = CARTESIAN_POINT('',(1.303970345302E-03,4.403846418936));
#6983 = CARTESIAN_POINT('',(1.397111069267E-03,4.403883065979));
#6984 = CARTESIAN_POINT('',(1.583392500553E-03,4.403956360035));
#6985 = CARTESIAN_POINT('',(1.676533207873E-03,4.403993007047));
#6986 = CARTESIAN_POINT('',(1.769673916439E-03,4.404029654045));
#6987 = CARTESIAN_POINT('',(1.955955312827E-03,4.404102948002));
#6988 = CARTESIAN_POINT('',(2.049096000699E-03,4.404139594961));
#6989 = CARTESIAN_POINT('',(2.142236689943E-03,4.404176241903));
#6990 = CARTESIAN_POINT('',(2.32851804368E-03,4.40424953574));
#6991 = CARTESIAN_POINT('',(2.421658708182E-03,4.404286182635));
#6992 = CARTESIAN_POINT('',(2.51479937429E-03,4.40432282951));
#6993 = CARTESIAN_POINT('',(2.70108067761E-03,4.404396123205));
#6994 = CARTESIAN_POINT('',(2.794221314804E-03,4.404432770025));
#6995 = CARTESIAN_POINT('',(2.887361953901E-03,4.404469416822));
#6996 = CARTESIAN_POINT('',(3.054372732508E-03,4.404535128266));
#6997 = CARTESIAN_POINT('',(3.128242871269E-03,4.404564192922));
#6998 = CARTESIAN_POINT('',(3.202113011398E-03,4.404593257563));
#6999 = CARTESIAN_POINT('',(1.305285952533E-02,4.40846908929));
#7000 = CARTESIAN_POINT('',(2.282975998488E-02,4.412315562104));
#7001 = CARTESIAN_POINT('',(3.260682998353E-02,4.416159985126));
#7002 = CARTESIAN_POINT('',(4.23842107058E-02,4.4200006));
#7003 = ( GEOMETRIC_REPRESENTATION_CONTEXT(2) 
PARAMETRIC_REPRESENTATION_CONTEXT() REPRESENTATION_CONTEXT('2D SPACE',''
  ) );
#7004 = PCURVE('',#5697,#7005);
#7005 = DEFINITIONAL_REPRESENTATION('',(#7006),#7039);
#7006 = B_SPLINE_CURVE_WITH_KNOTS('',4,(#7007,#7008,#7009,#7010,#7011,
    #7012,#7013,#7014,#7015,#7016,#7017,#7018,#7019,#7020,#7021,#7022,
    #7023,#7024,#7025,#7026,#7027,#7028,#7029,#7030,#7031,#7032,#7033,
    #7034,#7035,#7036,#7037,#7038),.UNSPECIFIED.,.F.,.F.,(5,3,3,3,3,3,3,
    3,3,3,5),(0.,8.790288605433E-03,1.758057676256E-02,
    2.637086404649E-02,3.516115002115E-02,4.395143424704E-02,
    5.274171628858E-02,6.153199570883E-02,7.032227207128E-02,
    7.72938681017E-02,1.),.UNSPECIFIED.);
#7007 = CARTESIAN_POINT('',(0.,13.17915007244));
#7008 = CARTESIAN_POINT('',(-1.381500394958E-04,13.1792027452));
#7009 = CARTESIAN_POINT('',(-2.763001129072E-04,13.179255417941));
#7010 = CARTESIAN_POINT('',(-4.144501596989E-04,13.179308090697));
#7011 = CARTESIAN_POINT('',(-6.907502658949E-04,13.179413436191));
#7012 = CARTESIAN_POINT('',(-8.289003175658E-04,13.179466108935));
#7013 = CARTESIAN_POINT('',(-9.670503728488E-04,13.179518781676));
#7014 = CARTESIAN_POINT('',(-1.243350478717E-03,13.179624127141));
#7015 = CARTESIAN_POINT('',(-1.381500529356E-03,13.179676799867));
#7016 = CARTESIAN_POINT('',(-1.519650585731E-03,13.179729472587));
#7017 = CARTESIAN_POINT('',(-1.795950691603E-03,13.179834818004));
#7018 = CARTESIAN_POINT('',(-1.934100741137E-03,13.179887490702));
#7019 = CARTESIAN_POINT('',(-2.0722507986E-03,13.179940163392));
#7020 = CARTESIAN_POINT('',(-2.348550904477E-03,13.180045508742));
#7021 = CARTESIAN_POINT('',(-2.486700952893E-03,13.180098181402));
#7022 = CARTESIAN_POINT('',(-2.624851011497E-03,13.180150854051));
#7023 = CARTESIAN_POINT('',(-2.901151117361E-03,13.180256199314));
#7024 = CARTESIAN_POINT('',(-3.039301164574E-03,13.180308871927));
#7025 = CARTESIAN_POINT('',(-3.177451224381E-03,13.180361544527));
#7026 = CARTESIAN_POINT('',(-3.453751330251E-03,13.180466889683));
#7027 = CARTESIAN_POINT('',(-3.591901376305E-03,13.18051956224));
#7028 = CARTESIAN_POINT('',(-3.73005143726E-03,13.18057223478));
#7029 = CARTESIAN_POINT('',(-4.006351543133E-03,13.180677579811));
#7030 = CARTESIAN_POINT('',(-4.144501588069E-03,13.1807302523));
#7031 = CARTESIAN_POINT('',(-4.28265165015E-03,13.180782924772));
#7032 = CARTESIAN_POINT('',(-4.530368996975E-03,13.180877371915));
#7033 = CARTESIAN_POINT('',(-4.639936274934E-03,13.180919146592));
#7034 = CARTESIAN_POINT('',(-4.749503564938E-03,13.180960921257));
#7035 = CARTESIAN_POINT('',(-1.936054536531E-02,13.186531663376));
#7036 = CARTESIAN_POINT('',(-3.386224152568E-02,13.192060402701));
#7037 = CARTESIAN_POINT('',(-4.83654831492E-02,13.197587552936));
#7038 = CARTESIAN_POINT('',(-6.287159293369E-02,13.203111751191));
#7039 = ( GEOMETRIC_REPRESENTATION_CONTEXT(2) 
PARAMETRIC_REPRESENTATION_CONTEXT() REPRESENTATION_CONTEXT('2D SPACE',''
  ) );
#7040 = ORIENTED_EDGE('',*,*,#7041,.F.);
#7041 = EDGE_CURVE('',#5654,#6932,#7042,.T.);
#7042 = SURFACE_CURVE('',#7043,(#7048,#7055),.PCURVE_S1.);
#7043 = CIRCLE('',#7044,0.55);
#7044 = AXIS2_PLACEMENT_3D('',#7045,#7046,#7047);
#7045 = CARTESIAN_POINT('',(71.036652904138,-4.23,-4.179826596671));
#7046 = DIRECTION('',(0.999175824706,0.,-4.059151787867E-02));
#7047 = DIRECTION('',(0.,-1.,0.));
#7048 = PCURVE('',#5669,#7049);
#7049 = DEFINITIONAL_REPRESENTATION('',(#7050),#7054);
#7050 = LINE('',#7051,#7052);
#7051 = CARTESIAN_POINT('',(0.,4.42));
#7052 = VECTOR('',#7053,1.);
#7053 = DIRECTION('',(1.,0.));
#7054 = ( GEOMETRIC_REPRESENTATION_CONTEXT(2) 
PARAMETRIC_REPRESENTATION_CONTEXT() REPRESENTATION_CONTEXT('2D SPACE',''
  ) );
#7055 = PCURVE('',#7056,#7061);
#7056 = TOROIDAL_SURFACE('',#7057,0.3,0.25);
#7057 = AXIS2_PLACEMENT_3D('',#7058,#7059,#7060);
#7058 = CARTESIAN_POINT('',(71.036652904138,-4.23,-4.179826596671));
#7059 = DIRECTION('',(0.999175824706,0.,-4.059151787867E-02));
#7060 = DIRECTION('',(0.,-1.,0.));
#7061 = DEFINITIONAL_REPRESENTATION('',(#7062),#7066);
#7062 = LINE('',#7063,#7064);
#7063 = CARTESIAN_POINT('',(0.,0.));
#7064 = VECTOR('',#7065,1.);
#7065 = DIRECTION('',(1.,0.));
#7066 = ( GEOMETRIC_REPRESENTATION_CONTEXT(2) 
PARAMETRIC_REPRESENTATION_CONTEXT() REPRESENTATION_CONTEXT('2D SPACE',''
  ) );
#7067 = ADVANCED_FACE('',(#7068),#5697,.F.);
#7068 = FACE_BOUND('',#7069,.T.);
#7069 = EDGE_LOOP('',(#7070,#7071,#7072,#7242,#7270));
#7070 = ORIENTED_EDGE('',*,*,#5681,.F.);
#7071 = ORIENTED_EDGE('',*,*,#6931,.T.);
#7072 = ORIENTED_EDGE('',*,*,#7073,.T.);
#7073 = EDGE_CURVE('',#6932,#7074,#7076,.T.);
#7074 = VERTEX_POINT('',#7075);
#7075 = CARTESIAN_POINT('',(71.27,-4.53,-4.394326886437));
#7076 = SURFACE_CURVE('',#7077,(#7130,#7186),.PCURVE_S1.);
#7077 = B_SPLINE_CURVE_WITH_KNOTS('',6,(#7078,#7079,#7080,#7081,#7082,
    #7083,#7084,#7085,#7086,#7087,#7088,#7089,#7090,#7091,#7092,#7093,
    #7094,#7095,#7096,#7097,#7098,#7099,#7100,#7101,#7102,#7103,#7104,
    #7105,#7106,#7107,#7108,#7109,#7110,#7111,#7112,#7113,#7114,#7115,
    #7116,#7117,#7118,#7119,#7120,#7121,#7122,#7123,#7124,#7125,#7126,
    #7127,#7128,#7129),.UNSPECIFIED.,.F.,.F.,(7,5,5,5,5,5,5,5,5,5,7),(0.
    ,3.567745493613E-02,0.100823548486,0.167368610315,0.251787085055,
    0.330104847756,0.520741263383,0.684011330689,0.845799594082,
    0.930810275373,1.),.UNSPECIFIED.);
#7078 = CARTESIAN_POINT('',(71.035706979794,-4.779506093682,
    -4.203110888226));
#7079 = CARTESIAN_POINT('',(71.037591444351,-4.779387462324,
    -4.20598712841));
#7080 = CARTESIAN_POINT('',(71.039556624878,-4.779246596536,
    -4.208534665467));
#7081 = CARTESIAN_POINT('',(71.041564343784,-4.779083149333,
    -4.210876775253));
#7082 = CARTESIAN_POINT('',(71.043601497132,-4.778897115498,
    -4.213045223536));
#7083 = CARTESIAN_POINT('',(71.045658100234,-4.778688606104,
    -4.215079832067));
#7084 = CARTESIAN_POINT('',(71.051523099647,-4.778033937714,
    -4.220517346034));
#7085 = CARTESIAN_POINT('',(71.055365760271,-4.777534773768,
    -4.223655576685));
#7086 = CARTESIAN_POINT('',(71.059233534345,-4.776958410445,
    -4.226555313919));
#7087 = CARTESIAN_POINT('',(71.063115256542,-4.776304783186,
    -4.229256498658));
#7088 = CARTESIAN_POINT('',(71.067002120505,-4.775573978109,
    -4.231802365837));
#7089 = CARTESIAN_POINT('',(71.074863612456,-4.77393943307,
    -4.236684615595));
#7090 = CARTESIAN_POINT('',(71.078836697261,-4.773032641889,
    -4.239014838326));
#7091 = CARTESIAN_POINT('',(71.082804546101,-4.772044970665,
    -4.241234977376));
#7092 = CARTESIAN_POINT('',(71.086762708332,-4.770976593946,
    -4.243362221703));
#7093 = CARTESIAN_POINT('',(71.090707645559,-4.769827799137,
    -4.245408314017));
#7094 = CARTESIAN_POINT('',(71.099620102718,-4.767039887424,
    -4.249889580799));
#7095 = CARTESIAN_POINT('',(71.104577513408,-4.765352008491,
    -4.252281447455));
#7096 = CARTESIAN_POINT('',(71.10950212185,-4.76353594738,
    -4.254579076698));
#7097 = CARTESIAN_POINT('',(71.114388299396,-4.76159269512,
    -4.256796261144));
#7098 = CARTESIAN_POINT('',(71.119230957274,-4.75952345472,
    -4.258943178677));
#7099 = CARTESIAN_POINT('',(71.128473222416,-4.755294221853,
    -4.262963689951));
#7100 = CARTESIAN_POINT('',(71.132879517842,-4.753151607554,
    -4.264845860332));
#7101 = CARTESIAN_POINT('',(71.137240406571,-4.75090282641,
    -4.266681950016));
#7102 = CARTESIAN_POINT('',(71.141552239982,-4.748549112237,
    -4.268477756882));
#7103 = CARTESIAN_POINT('',(71.145811528987,-4.746091828173,
    -4.270238233276));
#7104 = CARTESIAN_POINT('',(71.160246645637,-4.737302621958,
    -4.276176729656));
#7105 = CARTESIAN_POINT('',(71.170146881159,-4.730468190004,
    -4.280201464453));
#7106 = CARTESIAN_POINT('',(71.179668060079,-4.72305016176,
    -4.284103794943));
#7107 = CARTESIAN_POINT('',(71.188765514033,-4.715074419992,
    -4.287931403406));
#7108 = CARTESIAN_POINT('',(71.197397865135,-4.706570382463,
    -4.29173118756));
#7109 = CARTESIAN_POINT('',(71.212489908644,-4.689860986764,
    -4.298844557019));
#7110 = CARTESIAN_POINT('',(71.219082615028,-4.681789060046,
    -4.302149156767));
#7111 = CARTESIAN_POINT('',(71.225283190198,-4.673372613545,
    -4.305514463767));
#7112 = CARTESIAN_POINT('',(71.23106849537,-4.664633204959,
    -4.308984784075));
#7113 = CARTESIAN_POINT('',(71.236416526175,-4.655596507218,
    -4.312615313651));
#7114 = CARTESIAN_POINT('',(71.246155529558,-4.637062007765,
    -4.320334532524));
#7115 = CARTESIAN_POINT('',(71.250550338263,-4.627577419469,
    -4.324415203259));
#7116 = CARTESIAN_POINT('',(71.254481925105,-4.617846499146,
    -4.328823678127));
#7117 = CARTESIAN_POINT('',(71.257925348485,-4.607901217863,
    -4.333668401557));
#7118 = CARTESIAN_POINT('',(71.260858854456,-4.59780023551,
    -4.339106294022));
#7119 = CARTESIAN_POINT('',(71.264542724379,-4.582241624013,
    -4.348625910907));
#7120 = CARTESIAN_POINT('',(71.265667830032,-4.576857916454,
    -4.352124890572));
#7121 = CARTESIAN_POINT('',(71.266647270372,-4.57146150014,
    -4.355871439616));
#7122 = CARTESIAN_POINT('',(71.267479583748,-4.566068980296,
    -4.359892642677));
#7123 = CARTESIAN_POINT('',(71.268165670705,-4.560699542234,
    -4.364211493353));
#7124 = CARTESIAN_POINT('',(71.269151281956,-4.551038657505,
    -4.372593406721));
#7125 = CARTESIAN_POINT('',(71.269499051804,-4.546731820254,
    -4.376555057628));
#7126 = CARTESIAN_POINT('',(71.269754003964,-4.542466120949,
    -4.380718450472));
#7127 = CARTESIAN_POINT('',(71.269919530386,-4.538251265445,
    -4.385078338213));
#7128 = CARTESIAN_POINT('',(71.27,-4.534094236352,-4.389621802725));
#7129 = CARTESIAN_POINT('',(71.27,-4.53,-4.394326886437));
#7130 = PCURVE('',#5697,#7131);
#7131 = DEFINITIONAL_REPRESENTATION('',(#7132),#7185);
#7132 = B_SPLINE_CURVE_WITH_KNOTS('',6,(#7133,#7134,#7135,#7136,#7137,
    #7138,#7139,#7140,#7141,#7142,#7143,#7144,#7145,#7146,#7147,#7148,
    #7149,#7150,#7151,#7152,#7153,#7154,#7155,#7156,#7157,#7158,#7159,
    #7160,#7161,#7162,#7163,#7164,#7165,#7166,#7167,#7168,#7169,#7170,
    #7171,#7172,#7173,#7174,#7175,#7176,#7177,#7178,#7179,#7180,#7181,
    #7182,#7183,#7184),.UNSPECIFIED.,.F.,.F.,(7,5,5,5,5,5,5,5,5,5,7),(0.
    ,3.567745493613E-02,0.100823548486,0.167368610315,0.251787085055,
    0.330104847756,0.520741263383,0.684011330689,0.845799594082,
    0.930810275373,1.),.UNSPECIFIED.);
#7133 = CARTESIAN_POINT('',(-6.286932670913E-02,13.203110888226));
#7134 = CARTESIAN_POINT('',(-7.042210640109E-02,13.20598712841));
#7135 = CARTESIAN_POINT('',(-7.830269953486E-02,13.208534665467));
#7136 = CARTESIAN_POINT('',(-8.635956293579E-02,13.210876775253));
#7137 = CARTESIAN_POINT('',(-9.454148591069E-02,13.213045223536));
#7138 = CARTESIAN_POINT('',(-0.10280964491,13.215079832067));
#7139 = CARTESIAN_POINT('',(-0.126415342127,13.220517346034));
#7140 = CARTESIAN_POINT('',(-0.141912608649,13.223655576685));
#7141 = CARTESIAN_POINT('',(-0.157550364887,13.226555313919));
#7142 = CARTESIAN_POINT('',(-0.173291604763,13.229256498658));
#7143 = CARTESIAN_POINT('',(-0.189108580423,13.231802365837));
#7144 = CARTESIAN_POINT('',(-0.221227059385,13.236684615595));
#7145 = CARTESIAN_POINT('',(-0.237524996326,13.239014838326));
#7146 = CARTESIAN_POINT('',(-0.253875993117,13.241234977376));
#7147 = CARTESIAN_POINT('',(-0.270270460516,13.243362221703));
#7148 = CARTESIAN_POINT('',(-0.286702455073,13.245408314017));
#7149 = CARTESIAN_POINT('',(-0.324055761611,13.249889580799));
#7150 = CARTESIAN_POINT('',(-0.344996712791,13.252281447455));
#7151 = CARTESIAN_POINT('',(-0.365981927958,13.254579076698));
#7152 = CARTESIAN_POINT('',(-0.387005523921,13.256796261144));
#7153 = CARTESIAN_POINT('',(-0.40806365124,13.258943178677));
#7154 = CARTESIAN_POINT('',(-0.448719450454,13.262963689951));
#7155 = CARTESIAN_POINT('',(-0.468312516578,13.264845860332));
#7156 = CARTESIAN_POINT('',(-0.487930638337,13.266681950016));
#7157 = CARTESIAN_POINT('',(-0.507572132114,13.268477756882));
#7158 = CARTESIAN_POINT('',(-0.52723580085,13.270238233276));
#7159 = CARTESIAN_POINT('',(-0.594837308358,13.276176729656));
#7160 = CARTESIAN_POINT('',(-0.64287885223,13.280201464453));
#7161 = CARTESIAN_POINT('',(-0.691037594071,13.284103794943));
#7162 = CARTESIAN_POINT('',(-0.739309806357,13.287931403406));
#7163 = CARTESIAN_POINT('',(-0.787697882395,13.29173118756));
#7164 = CARTESIAN_POINT('',(-0.877762186703,13.298844557019));
#7165 = CARTESIAN_POINT('',(-0.919399018655,13.302149156767));
#7166 = CARTESIAN_POINT('',(-0.961136217068,13.305514463767));
#7167 = CARTESIAN_POINT('',(-1.002979895047,13.308984784075));
#7168 = CARTESIAN_POINT('',(-1.044928736863,13.312615313651));
#7169 = CARTESIAN_POINT('',(-1.128678445579,13.320334532524));
#7170 = CARTESIAN_POINT('',(-1.170439744596,13.324415203259));
#7171 = CARTESIAN_POINT('',(-1.212341375569,13.328823678127));
#7172 = CARTESIAN_POINT('',(-1.254358093007,13.333668401557));
#7173 = CARTESIAN_POINT('',(-1.296378571102,13.339106294022));
#7174 = CARTESIAN_POINT('',(-1.36033371655,13.348625910907));
#7175 = CARTESIAN_POINT('',(-1.382326071996,13.352124890572));
#7176 = CARTESIAN_POINT('',(-1.404252874953,13.355871439616));
#7177 = CARTESIAN_POINT('',(-1.426067131645,13.359892642677));
#7178 = CARTESIAN_POINT('',(-1.447712513815,13.364211493353));
#7179 = CARTESIAN_POINT('',(-1.486556637857,13.372593406721));
#7180 = CARTESIAN_POINT('',(-1.503836200146,13.376555057628));
#7181 = CARTESIAN_POINT('',(-1.520923962179,13.380718450472));
#7182 = CARTESIAN_POINT('',(-1.537791250086,13.385078338213));
#7183 = CARTESIAN_POINT('',(-1.554419381388,13.389621802725));
#7184 = CARTESIAN_POINT('',(-1.570796326795,13.394326886437));
#7185 = ( GEOMETRIC_REPRESENTATION_CONTEXT(2) 
PARAMETRIC_REPRESENTATION_CONTEXT() REPRESENTATION_CONTEXT('2D SPACE',''
  ) );
#7186 = PCURVE('',#7056,#7187);
#7187 = DEFINITIONAL_REPRESENTATION('',(#7188),#7241);
#7188 = B_SPLINE_CURVE_WITH_KNOTS('',6,(#7189,#7190,#7191,#7192,#7193,
    #7194,#7195,#7196,#7197,#7198,#7199,#7200,#7201,#7202,#7203,#7204,
    #7205,#7206,#7207,#7208,#7209,#7210,#7211,#7212,#7213,#7214,#7215,
    #7216,#7217,#7218,#7219,#7220,#7221,#7222,#7223,#7224,#7225,#7226,
    #7227,#7228,#7229,#7230,#7231,#7232,#7233,#7234,#7235,#7236,#7237,
    #7238,#7239,#7240),.UNSPECIFIED.,.F.,.F.,(7,5,5,5,5,5,5,5,5,5,7),(0.
    ,3.567745493613E-02,0.100823548486,0.167368610315,0.251787085055,
    0.330104847756,0.520741263383,0.684011330689,0.845799594082,
    0.930810275373,1.),.UNSPECIFIED.);
#7189 = CARTESIAN_POINT('',(4.238268333003E-02,0.));
#7190 = CARTESIAN_POINT('',(4.747339372154E-02,7.998649532515E-03));
#7191 = CARTESIAN_POINT('',(5.196325356527E-02,1.626652622739E-02));
#7192 = CARTESIAN_POINT('',(5.607988182218E-02,2.467198554441E-02));
#7193 = CARTESIAN_POINT('',(5.988257341411E-02,3.316903086745E-02));
#7194 = CARTESIAN_POINT('',(6.344489266267E-02,4.172537040334E-02));
#7195 = CARTESIAN_POINT('',(7.295414959425E-02,6.607975678089E-02));
#7196 = CARTESIAN_POINT('',(7.842868840898E-02,8.198237488505E-02));
#7197 = CARTESIAN_POINT('',(8.348666518182E-02,9.796930115721E-02));
#7198 = CARTESIAN_POINT('',(8.820365972761E-02,0.114010160517));
#7199 = CARTESIAN_POINT('',(9.266078733989E-02,0.130084276676));
#7200 = CARTESIAN_POINT('',(0.101240339334,0.162644355628));
#7201 = CARTESIAN_POINT('',(0.105352699564,0.179125063446));
#7202 = CARTESIAN_POINT('',(0.1092930604,0.19562270661));
#7203 = CARTESIAN_POINT('',(0.113094774717,0.212130319374));
#7204 = CARTESIAN_POINT('',(0.116781154203,0.228643601431));
#7205 = CARTESIAN_POINT('',(0.124929725216,0.266112013455));
#7206 = CARTESIAN_POINT('',(0.129333980608,0.287068148629));
#7207 = CARTESIAN_POINT('',(0.133625770153,0.308021819968));
#7208 = CARTESIAN_POINT('',(0.137833978721,0.328968378601));
#7209 = CARTESIAN_POINT('',(0.141980938083,0.349904328265));
#7210 = CARTESIAN_POINT('',(0.149896193186,0.390237219739));
#7211 = CARTESIAN_POINT('',(0.153670274197,0.409635868358));
#7212 = CARTESIAN_POINT('',(0.157424381533,0.429020358527));
#7213 = CARTESIAN_POINT('',(0.161172355841,0.448388367507));
#7214 = CARTESIAN_POINT('',(0.164926670454,0.467737617796));
#7215 = CARTESIAN_POINT('',(0.177879426347,0.534113570453));
#7216 = CARTESIAN_POINT('',(0.187164552306,0.581035306606));
#7217 = CARTESIAN_POINT('',(0.196720628463,0.627799343044));
#7218 = CARTESIAN_POINT('',(0.206694665588,0.674367453932));
#7219 = CARTESIAN_POINT('',(0.217248909851,0.720683014676));
#7220 = CARTESIAN_POINT('',(0.23831397576,0.806035174751));
#7221 = CARTESIAN_POINT('',(0.248612308541,0.845156358031));
#7222 = CARTESIAN_POINT('',(0.259625639363,0.883974063848));
#7223 = CARTESIAN_POINT('',(0.27151673926,0.922405170727));
#7224 = CARTESIAN_POINT('',(0.28448890187,0.960327763763));
#7225 = CARTESIAN_POINT('',(0.313070730038,1.034404271181));
#7226 = CARTESIAN_POINT('',(0.328642135871,1.070537971408));
#7227 = CARTESIAN_POINT('',(0.345870906103,1.105781592856));
#7228 = CARTESIAN_POINT('',(0.365126093294,1.139802660221));
#7229 = CARTESIAN_POINT('',(0.386912569684,1.172029734737));
#7230 = CARTESIAN_POINT('',(0.42485757014,1.217110909297));
#7231 = CARTESIAN_POINT('',(0.438773783778,1.231893279581));
#7232 = CARTESIAN_POINT('',(0.453605769359,1.245793431468));
#7233 = CARTESIAN_POINT('',(0.469410379856,1.25864352779));
#7234 = CARTESIAN_POINT('',(0.486212561597,1.270253156565));
#7235 = CARTESIAN_POINT('',(0.518411178515,1.288767325818));
#7236 = CARTESIAN_POINT('',(0.533489474959,1.296146923007));
#7237 = CARTESIAN_POINT('',(0.549167213379,1.30250635231));
#7238 = CARTESIAN_POINT('',(0.565388207983,1.307776672411));
#7239 = CARTESIAN_POINT('',(0.582072123687,1.311920320602));
#7240 = CARTESIAN_POINT('',(0.59911517807,1.314938975667));
#7241 = ( GEOMETRIC_REPRESENTATION_CONTEXT(2) 
PARAMETRIC_REPRESENTATION_CONTEXT() REPRESENTATION_CONTEXT('2D SPACE',''
  ) );
#7242 = ORIENTED_EDGE('',*,*,#7243,.T.);
#7243 = EDGE_CURVE('',#7074,#7244,#7246,.T.);
#7244 = VERTEX_POINT('',#7245);
#7245 = CARTESIAN_POINT('',(71.27,-4.53,-9.));
#7246 = SURFACE_CURVE('',#7247,(#7251,#7258),.PCURVE_S1.);
#7247 = LINE('',#7248,#7249);
#7248 = CARTESIAN_POINT('',(71.27,-4.53,9.));
#7249 = VECTOR('',#7250,1.);
#7250 = DIRECTION('',(-0.,-0.,-1.));
#7251 = PCURVE('',#5697,#7252);
#7252 = DEFINITIONAL_REPRESENTATION('',(#7253),#7257);
#7253 = LINE('',#7254,#7255);
#7254 = CARTESIAN_POINT('',(-1.570796326795,0.));
#7255 = VECTOR('',#7256,1.);
#7256 = DIRECTION('',(-0.,1.));
#7257 = ( GEOMETRIC_REPRESENTATION_CONTEXT(2) 
PARAMETRIC_REPRESENTATION_CONTEXT() REPRESENTATION_CONTEXT('2D SPACE',''
  ) );
#7258 = PCURVE('',#7259,#7264);
#7259 = PLANE('',#7260);
#7260 = AXIS2_PLACEMENT_3D('',#7261,#7262,#7263);
#7261 = CARTESIAN_POINT('',(71.27,-4.73,-9.5));
#7262 = DIRECTION('',(1.,0.,0.));
#7263 = DIRECTION('',(0.,0.,1.));
#7264 = DEFINITIONAL_REPRESENTATION('',(#7265),#7269);
#7265 = LINE('',#7266,#7267);
#7266 = CARTESIAN_POINT('',(18.5,-0.2));
#7267 = VECTOR('',#7268,1.);
#7268 = DIRECTION('',(-1.,0.));
#7269 = ( GEOMETRIC_REPRESENTATION_CONTEXT(2) 
PARAMETRIC_REPRESENTATION_CONTEXT() REPRESENTATION_CONTEXT('2D SPACE',''
  ) );
#7270 = ORIENTED_EDGE('',*,*,#7271,.F.);
#7271 = EDGE_CURVE('',#5682,#7244,#7272,.T.);
#7272 = SURFACE_CURVE('',#7273,(#7278,#7285),.PCURVE_S1.);
#7273 = CIRCLE('',#7274,0.25);
#7274 = AXIS2_PLACEMENT_3D('',#7275,#7276,#7277);
#7275 = CARTESIAN_POINT('',(71.02,-4.53,-9.));
#7276 = DIRECTION('',(-0.,0.,1.));
#7277 = DIRECTION('',(0.,-1.,0.));
#7278 = PCURVE('',#5697,#7279);
#7279 = DEFINITIONAL_REPRESENTATION('',(#7280),#7284);
#7280 = LINE('',#7281,#7282);
#7281 = CARTESIAN_POINT('',(-0.,18.));
#7282 = VECTOR('',#7283,1.);
#7283 = DIRECTION('',(-1.,0.));
#7284 = ( GEOMETRIC_REPRESENTATION_CONTEXT(2) 
PARAMETRIC_REPRESENTATION_CONTEXT() REPRESENTATION_CONTEXT('2D SPACE',''
  ) );
#7285 = PCURVE('',#5852,#7286);
#7286 = DEFINITIONAL_REPRESENTATION('',(#7287),#7291);
#7287 = LINE('',#7288,#7289);
#7288 = CARTESIAN_POINT('',(0.,0.));
#7289 = VECTOR('',#7290,1.);
#7290 = DIRECTION('',(0.,1.));
#7291 = ( GEOMETRIC_REPRESENTATION_CONTEXT(2) 
PARAMETRIC_REPRESENTATION_CONTEXT() REPRESENTATION_CONTEXT('2D SPACE',''
  ) );
#7292 = ADVANCED_FACE('',(#7293),#5771,.F.);
#7293 = FACE_BOUND('',#7294,.F.);
#7294 = EDGE_LOOP('',(#7295,#7313,#7314,#7332));
#7295 = ORIENTED_EDGE('',*,*,#7296,.F.);
#7296 = EDGE_CURVE('',#5733,#6423,#7297,.T.);
#7297 = SURFACE_CURVE('',#7298,(#7301,#7307),.PCURVE_S1.);
#7298 = B_SPLINE_CURVE_WITH_KNOTS('',1,(#7299,#7300),.UNSPECIFIED.,.F.,
  .F.,(2,2),(0.,1.),.PIECEWISE_BEZIER_KNOTS.);
#7299 = CARTESIAN_POINT('',(67.388412174182,-4.78,9.979931154657));
#7300 = CARTESIAN_POINT('',(67.591369763575,-5.73,14.975810278185));
#7301 = PCURVE('',#5771,#7302);
#7302 = DEFINITIONAL_REPRESENTATION('',(#7303),#7306);
#7303 = B_SPLINE_CURVE_WITH_KNOTS('',1,(#7304,#7305),.UNSPECIFIED.,.F.,
  .F.,(2,2),(0.,1.),.PIECEWISE_BEZIER_KNOTS.);
#7304 = CARTESIAN_POINT('',(1.2,-5.089449872039));
#7305 = CARTESIAN_POINT('',(1.2,0.));
#7306 = ( GEOMETRIC_REPRESENTATION_CONTEXT(2) 
PARAMETRIC_REPRESENTATION_CONTEXT() REPRESENTATION_CONTEXT('2D SPACE',''
  ) );
#7307 = PCURVE('',#6576,#7308);
#7308 = DEFINITIONAL_REPRESENTATION('',(#7309),#7312);
#7309 = B_SPLINE_CURVE_WITH_KNOTS('',1,(#7310,#7311),.UNSPECIFIED.,.F.,
  .F.,(2,2),(0.,1.),.PIECEWISE_BEZIER_KNOTS.);
#7310 = CARTESIAN_POINT('',(1.570796326795,0.));
#7311 = CARTESIAN_POINT('',(1.570796326795,5.));
#7312 = ( GEOMETRIC_REPRESENTATION_CONTEXT(2) 
PARAMETRIC_REPRESENTATION_CONTEXT() REPRESENTATION_CONTEXT('2D SPACE',''
  ) );
#7313 = ORIENTED_EDGE('',*,*,#5755,.T.);
#7314 = ORIENTED_EDGE('',*,*,#7315,.T.);
#7315 = EDGE_CURVE('',#5756,#6108,#7316,.T.);
#7316 = SURFACE_CURVE('',#7317,(#7320,#7326),.PCURVE_S1.);
#7317 = B_SPLINE_CURVE_WITH_KNOTS('',1,(#7318,#7319),.UNSPECIFIED.,.F.,
  .F.,(2,2),(0.,1.),.PIECEWISE_BEZIER_KNOTS.);
#7318 = CARTESIAN_POINT('',(71.60493415444,-4.78,9.808634949209));
#7319 = CARTESIAN_POINT('',(71.807891743833,-5.73,14.804514072737));
#7320 = PCURVE('',#5771,#7321);
#7321 = DEFINITIONAL_REPRESENTATION('',(#7322),#7325);
#7322 = B_SPLINE_CURVE_WITH_KNOTS('',1,(#7323,#7324),.UNSPECIFIED.,.F.,
  .F.,(2,2),(0.,1.),.PIECEWISE_BEZIER_KNOTS.);
#7323 = CARTESIAN_POINT('',(5.42,-5.089449872039));
#7324 = CARTESIAN_POINT('',(5.42,0.));
#7325 = ( GEOMETRIC_REPRESENTATION_CONTEXT(2) 
PARAMETRIC_REPRESENTATION_CONTEXT() REPRESENTATION_CONTEXT('2D SPACE',''
  ) );
#7326 = PCURVE('',#6180,#7327);
#7327 = DEFINITIONAL_REPRESENTATION('',(#7328),#7331);
#7328 = B_SPLINE_CURVE_WITH_KNOTS('',1,(#7329,#7330),.UNSPECIFIED.,.F.,
  .F.,(2,2),(0.,1.),.PIECEWISE_BEZIER_KNOTS.);
#7329 = CARTESIAN_POINT('',(0.,0.));
#7330 = CARTESIAN_POINT('',(0.,5.));
#7331 = ( GEOMETRIC_REPRESENTATION_CONTEXT(2) 
PARAMETRIC_REPRESENTATION_CONTEXT() REPRESENTATION_CONTEXT('2D SPACE',''
  ) );
#7332 = ORIENTED_EDGE('',*,*,#6447,.F.);
#7333 = ADVANCED_FACE('',(#7334),#5797,.F.);
#7334 = FACE_BOUND('',#7335,.T.);
#7335 = EDGE_LOOP('',(#7336,#7337,#7361,#7389));
#7336 = ORIENTED_EDGE('',*,*,#5783,.F.);
#7337 = ORIENTED_EDGE('',*,*,#7338,.F.);
#7338 = EDGE_CURVE('',#7339,#5756,#7341,.T.);
#7339 = VERTEX_POINT('',#7340);
#7340 = CARTESIAN_POINT('',(71.854728110616,-4.53,9.798487069739));
#7341 = SURFACE_CURVE('',#7342,(#7347,#7354),.PCURVE_S1.);
#7342 = CIRCLE('',#7343,0.25);
#7343 = AXIS2_PLACEMENT_3D('',#7344,#7345,#7346);
#7344 = CARTESIAN_POINT('',(71.60493415444,-4.53,9.808634949209));
#7345 = DIRECTION('',(-4.059151787867E-02,-0.,-0.999175824706));
#7346 = DIRECTION('',(0.,-1.,0.));
#7347 = PCURVE('',#5797,#7348);
#7348 = DEFINITIONAL_REPRESENTATION('',(#7349),#7353);
#7349 = LINE('',#7350,#7351);
#7350 = CARTESIAN_POINT('',(-6.28318530718,4.));
#7351 = VECTOR('',#7352,1.);
#7352 = DIRECTION('',(1.,-0.));
#7353 = ( GEOMETRIC_REPRESENTATION_CONTEXT(2) 
PARAMETRIC_REPRESENTATION_CONTEXT() REPRESENTATION_CONTEXT('2D SPACE',''
  ) );
#7354 = PCURVE('',#6180,#7355);
#7355 = DEFINITIONAL_REPRESENTATION('',(#7356),#7360);
#7356 = LINE('',#7357,#7358);
#7357 = CARTESIAN_POINT('',(6.28318530718,0.));
#7358 = VECTOR('',#7359,1.);
#7359 = DIRECTION('',(-1.,0.));
#7360 = ( GEOMETRIC_REPRESENTATION_CONTEXT(2) 
PARAMETRIC_REPRESENTATION_CONTEXT() REPRESENTATION_CONTEXT('2D SPACE',''
  ) );
#7361 = ORIENTED_EDGE('',*,*,#7362,.T.);
#7362 = EDGE_CURVE('',#7339,#7363,#7365,.T.);
#7363 = VERTEX_POINT('',#7364);
#7364 = CARTESIAN_POINT('',(71.286446860315,-4.53,-4.189974476141));
#7365 = SURFACE_CURVE('',#7366,(#7370,#7377),.PCURVE_S1.);
#7366 = LINE('',#7367,#7368);
#7367 = CARTESIAN_POINT('',(72.017094182131,-4.53,13.795190368562));
#7368 = VECTOR('',#7369,1.);
#7369 = DIRECTION('',(-4.059151787867E-02,-0.,-0.999175824706));
#7370 = PCURVE('',#5797,#7371);
#7371 = DEFINITIONAL_REPRESENTATION('',(#7372),#7376);
#7372 = LINE('',#7373,#7374);
#7373 = CARTESIAN_POINT('',(-1.570796326795,0.));
#7374 = VECTOR('',#7375,1.);
#7375 = DIRECTION('',(-0.,1.));
#7376 = ( GEOMETRIC_REPRESENTATION_CONTEXT(2) 
PARAMETRIC_REPRESENTATION_CONTEXT() REPRESENTATION_CONTEXT('2D SPACE',''
  ) );
#7377 = PCURVE('',#7378,#7383);
#7378 = PLANE('',#7379);
#7379 = AXIS2_PLACEMENT_3D('',#7380,#7381,#7382);
#7380 = CARTESIAN_POINT('',(71.266151101376,-4.73,-4.689562388493));
#7381 = DIRECTION('',(0.999175824706,0.,-4.059151787867E-02));
#7382 = DIRECTION('',(4.059151787867E-02,0.,0.999175824706));
#7383 = DEFINITIONAL_REPRESENTATION('',(#7384),#7388);
#7384 = LINE('',#7385,#7386);
#7385 = CARTESIAN_POINT('',(18.5,-0.2));
#7386 = VECTOR('',#7387,1.);
#7387 = DIRECTION('',(-1.,0.));
#7388 = ( GEOMETRIC_REPRESENTATION_CONTEXT(2) 
PARAMETRIC_REPRESENTATION_CONTEXT() REPRESENTATION_CONTEXT('2D SPACE',''
  ) );
#7389 = ORIENTED_EDGE('',*,*,#7390,.F.);
#7390 = EDGE_CURVE('',#5654,#7363,#7391,.T.);
#7391 = SURFACE_CURVE('',#7392,(#7397,#7404),.PCURVE_S1.);
#7392 = CIRCLE('',#7393,0.25);
#7393 = AXIS2_PLACEMENT_3D('',#7394,#7395,#7396);
#7394 = CARTESIAN_POINT('',(71.036652904138,-4.53,-4.179826596671));
#7395 = DIRECTION('',(4.059151787867E-02,0.,0.999175824706));
#7396 = DIRECTION('',(0.,-1.,0.));
#7397 = PCURVE('',#5797,#7398);
#7398 = DEFINITIONAL_REPRESENTATION('',(#7399),#7403);
#7399 = LINE('',#7400,#7401);
#7400 = CARTESIAN_POINT('',(-0.,18.));
#7401 = VECTOR('',#7402,1.);
#7402 = DIRECTION('',(-1.,0.));
#7403 = ( GEOMETRIC_REPRESENTATION_CONTEXT(2) 
PARAMETRIC_REPRESENTATION_CONTEXT() REPRESENTATION_CONTEXT('2D SPACE',''
  ) );
#7404 = PCURVE('',#7056,#7405);
#7405 = DEFINITIONAL_REPRESENTATION('',(#7406),#7410);
#7406 = LINE('',#7407,#7408);
#7407 = CARTESIAN_POINT('',(0.,0.));
#7408 = VECTOR('',#7409,1.);
#7409 = DIRECTION('',(0.,1.));
#7410 = ( GEOMETRIC_REPRESENTATION_CONTEXT(2) 
PARAMETRIC_REPRESENTATION_CONTEXT() REPRESENTATION_CONTEXT('2D SPACE',''
  ) );
#7411 = ADVANCED_FACE('',(#7412),#5852,.F.);
#7412 = FACE_BOUND('',#7413,.F.);
#7413 = EDGE_LOOP('',(#7414,#7415,#7416,#7440));
#7414 = ORIENTED_EDGE('',*,*,#7271,.F.);
#7415 = ORIENTED_EDGE('',*,*,#5837,.T.);
#7416 = ORIENTED_EDGE('',*,*,#7417,.T.);
#7417 = EDGE_CURVE('',#5815,#7418,#7420,.T.);
#7418 = VERTEX_POINT('',#7419);
#7419 = CARTESIAN_POINT('',(71.27,-4.23,-9.3));
#7420 = SURFACE_CURVE('',#7421,(#7426,#7433),.PCURVE_S1.);
#7421 = CIRCLE('',#7422,0.25);
#7422 = AXIS2_PLACEMENT_3D('',#7423,#7424,#7425);
#7423 = CARTESIAN_POINT('',(71.02,-4.23,-9.3));
#7424 = DIRECTION('',(0.,-1.,6.123233995737E-17));
#7425 = DIRECTION('',(0.,-6.123233995737E-17,-1.));
#7426 = PCURVE('',#5852,#7427);
#7427 = DEFINITIONAL_REPRESENTATION('',(#7428),#7432);
#7428 = LINE('',#7429,#7430);
#7429 = CARTESIAN_POINT('',(1.570796326795,0.));
#7430 = VECTOR('',#7431,1.);
#7431 = DIRECTION('',(0.,1.));
#7432 = ( GEOMETRIC_REPRESENTATION_CONTEXT(2) 
PARAMETRIC_REPRESENTATION_CONTEXT() REPRESENTATION_CONTEXT('2D SPACE',''
  ) );
#7433 = PCURVE('',#5884,#7434);
#7434 = DEFINITIONAL_REPRESENTATION('',(#7435),#7439);
#7435 = LINE('',#7436,#7437);
#7436 = CARTESIAN_POINT('',(-0.,0.));
#7437 = VECTOR('',#7438,1.);
#7438 = DIRECTION('',(-1.,0.));
#7439 = ( GEOMETRIC_REPRESENTATION_CONTEXT(2) 
PARAMETRIC_REPRESENTATION_CONTEXT() REPRESENTATION_CONTEXT('2D SPACE',''
  ) );
#7440 = ORIENTED_EDGE('',*,*,#7441,.F.);
#7441 = EDGE_CURVE('',#7244,#7418,#7442,.T.);
#7442 = SURFACE_CURVE('',#7443,(#7448,#7455),.PCURVE_S1.);
#7443 = CIRCLE('',#7444,0.3);
#7444 = AXIS2_PLACEMENT_3D('',#7445,#7446,#7447);
#7445 = CARTESIAN_POINT('',(71.27,-4.23,-9.));
#7446 = DIRECTION('',(1.,0.,0.));
#7447 = DIRECTION('',(0.,-1.,0.));
#7448 = PCURVE('',#5852,#7449);
#7449 = DEFINITIONAL_REPRESENTATION('',(#7450),#7454);
#7450 = LINE('',#7451,#7452);
#7451 = CARTESIAN_POINT('',(0.,1.570796326795));
#7452 = VECTOR('',#7453,1.);
#7453 = DIRECTION('',(1.,0.));
#7454 = ( GEOMETRIC_REPRESENTATION_CONTEXT(2) 
PARAMETRIC_REPRESENTATION_CONTEXT() REPRESENTATION_CONTEXT('2D SPACE',''
  ) );
#7455 = PCURVE('',#7259,#7456);
#7456 = DEFINITIONAL_REPRESENTATION('',(#7457),#7461);
#7457 = CIRCLE('',#7458,0.3);
#7458 = AXIS2_PLACEMENT_2D('',#7459,#7460);
#7459 = CARTESIAN_POINT('',(0.5,-0.5));
#7460 = DIRECTION('',(0.,1.));
#7461 = ( GEOMETRIC_REPRESENTATION_CONTEXT(2) 
PARAMETRIC_REPRESENTATION_CONTEXT() REPRESENTATION_CONTEXT('2D SPACE',''
  ) );
#7462 = ADVANCED_FACE('',(#7463),#5884,.F.);
#7463 = FACE_BOUND('',#7464,.T.);
#7464 = EDGE_LOOP('',(#7465,#7466,#7489,#7516));
#7465 = ORIENTED_EDGE('',*,*,#7417,.T.);
#7466 = ORIENTED_EDGE('',*,*,#7467,.T.);
#7467 = EDGE_CURVE('',#7418,#7468,#7470,.T.);
#7468 = VERTEX_POINT('',#7469);
#7469 = CARTESIAN_POINT('',(71.27,4.23,-9.3));
#7470 = SURFACE_CURVE('',#7471,(#7475,#7482),.PCURVE_S1.);
#7471 = LINE('',#7472,#7473);
#7472 = CARTESIAN_POINT('',(71.27,-4.23,-9.3));
#7473 = VECTOR('',#7474,1.);
#7474 = DIRECTION('',(0.,1.,0.));
#7475 = PCURVE('',#5884,#7476);
#7476 = DEFINITIONAL_REPRESENTATION('',(#7477),#7481);
#7477 = LINE('',#7478,#7479);
#7478 = CARTESIAN_POINT('',(-1.570796326795,0.));
#7479 = VECTOR('',#7480,1.);
#7480 = DIRECTION('',(-0.,1.));
#7481 = ( GEOMETRIC_REPRESENTATION_CONTEXT(2) 
PARAMETRIC_REPRESENTATION_CONTEXT() REPRESENTATION_CONTEXT('2D SPACE',''
  ) );
#7482 = PCURVE('',#7259,#7483);
#7483 = DEFINITIONAL_REPRESENTATION('',(#7484),#7488);
#7484 = LINE('',#7485,#7486);
#7485 = CARTESIAN_POINT('',(0.2,-0.5));
#7486 = VECTOR('',#7487,1.);
#7487 = DIRECTION('',(0.,-1.));
#7488 = ( GEOMETRIC_REPRESENTATION_CONTEXT(2) 
PARAMETRIC_REPRESENTATION_CONTEXT() REPRESENTATION_CONTEXT('2D SPACE',''
  ) );
#7489 = ORIENTED_EDGE('',*,*,#7490,.F.);
#7490 = EDGE_CURVE('',#5869,#7468,#7491,.T.);
#7491 = SURFACE_CURVE('',#7492,(#7497,#7504),.PCURVE_S1.);
#7492 = CIRCLE('',#7493,0.25);
#7493 = AXIS2_PLACEMENT_3D('',#7494,#7495,#7496);
#7494 = CARTESIAN_POINT('',(71.02,4.23,-9.3));
#7495 = DIRECTION('',(0.,-1.,0.));
#7496 = DIRECTION('',(0.,0.,-1.));
#7497 = PCURVE('',#5884,#7498);
#7498 = DEFINITIONAL_REPRESENTATION('',(#7499),#7503);
#7499 = LINE('',#7500,#7501);
#7500 = CARTESIAN_POINT('',(-0.,8.46));
#7501 = VECTOR('',#7502,1.);
#7502 = DIRECTION('',(-1.,0.));
#7503 = ( GEOMETRIC_REPRESENTATION_CONTEXT(2) 
PARAMETRIC_REPRESENTATION_CONTEXT() REPRESENTATION_CONTEXT('2D SPACE',''
  ) );
#7504 = PCURVE('',#7505,#7510);
#7505 = TOROIDAL_SURFACE('',#7506,0.3,0.25);
#7506 = AXIS2_PLACEMENT_3D('',#7507,#7508,#7509);
#7507 = CARTESIAN_POINT('',(71.02,4.23,-9.));
#7508 = DIRECTION('',(1.,0.,0.));
#7509 = DIRECTION('',(0.,0.,-1.));
#7510 = DEFINITIONAL_REPRESENTATION('',(#7511),#7515);
#7511 = LINE('',#7512,#7513);
#7512 = CARTESIAN_POINT('',(0.,0.));
#7513 = VECTOR('',#7514,1.);
#7514 = DIRECTION('',(0.,1.));
#7515 = ( GEOMETRIC_REPRESENTATION_CONTEXT(2) 
PARAMETRIC_REPRESENTATION_CONTEXT() REPRESENTATION_CONTEXT('2D SPACE',''
  ) );
#7516 = ORIENTED_EDGE('',*,*,#5868,.F.);
#7517 = ADVANCED_FACE('',(#7518),#5910,.F.);
#7518 = FACE_BOUND('',#7519,.T.);
#7519 = EDGE_LOOP('',(#7520,#7543,#7544,#7545));
#7520 = ORIENTED_EDGE('',*,*,#7521,.F.);
#7521 = EDGE_CURVE('',#5929,#7522,#7524,.T.);
#7522 = VERTEX_POINT('',#7523);
#7523 = CARTESIAN_POINT('',(71.02,4.78,-9.));
#7524 = SURFACE_CURVE('',#7525,(#7529,#7536),.PCURVE_S1.);
#7525 = LINE('',#7526,#7527);
#7526 = CARTESIAN_POINT('',(66.6,4.78,-9.));
#7527 = VECTOR('',#7528,1.);
#7528 = DIRECTION('',(1.,0.,0.));
#7529 = PCURVE('',#5910,#7530);
#7530 = DEFINITIONAL_REPRESENTATION('',(#7531),#7535);
#7531 = LINE('',#7532,#7533);
#7532 = CARTESIAN_POINT('',(-0.,0.));
#7533 = VECTOR('',#7534,1.);
#7534 = DIRECTION('',(-0.,1.));
#7535 = ( GEOMETRIC_REPRESENTATION_CONTEXT(2) 
PARAMETRIC_REPRESENTATION_CONTEXT() REPRESENTATION_CONTEXT('2D SPACE',''
  ) );
#7536 = PCURVE('',#6712,#7537);
#7537 = DEFINITIONAL_REPRESENTATION('',(#7538),#7542);
#7538 = LINE('',#7539,#7540);
#7539 = CARTESIAN_POINT('',(-4.496291211176,0.182661830454));
#7540 = VECTOR('',#7541,1.);
#7541 = DIRECTION('',(4.059151787867E-02,0.999175824706));
#7542 = ( GEOMETRIC_REPRESENTATION_CONTEXT(2) 
PARAMETRIC_REPRESENTATION_CONTEXT() REPRESENTATION_CONTEXT('2D SPACE',''
  ) );
#7543 = ORIENTED_EDGE('',*,*,#5952,.F.);
#7544 = ORIENTED_EDGE('',*,*,#5896,.T.);
#7545 = ORIENTED_EDGE('',*,*,#7546,.T.);
#7546 = EDGE_CURVE('',#5869,#7522,#7547,.T.);
#7547 = SURFACE_CURVE('',#7548,(#7553,#7560),.PCURVE_S1.);
#7548 = CIRCLE('',#7549,0.55);
#7549 = AXIS2_PLACEMENT_3D('',#7550,#7551,#7552);
#7550 = CARTESIAN_POINT('',(71.02,4.23,-9.));
#7551 = DIRECTION('',(1.,-0.,0.));
#7552 = DIRECTION('',(0.,0.,-1.));
#7553 = PCURVE('',#5910,#7554);
#7554 = DEFINITIONAL_REPRESENTATION('',(#7555),#7559);
#7555 = LINE('',#7556,#7557);
#7556 = CARTESIAN_POINT('',(-1.570796326795,4.42));
#7557 = VECTOR('',#7558,1.);
#7558 = DIRECTION('',(1.,-0.));
#7559 = ( GEOMETRIC_REPRESENTATION_CONTEXT(2) 
PARAMETRIC_REPRESENTATION_CONTEXT() REPRESENTATION_CONTEXT('2D SPACE',''
  ) );
#7560 = PCURVE('',#7505,#7561);
#7561 = DEFINITIONAL_REPRESENTATION('',(#7562),#7566);
#7562 = LINE('',#7563,#7564);
#7563 = CARTESIAN_POINT('',(0.,0.));
#7564 = VECTOR('',#7565,1.);
#7565 = DIRECTION('',(1.,0.));
#7566 = ( GEOMETRIC_REPRESENTATION_CONTEXT(2) 
PARAMETRIC_REPRESENTATION_CONTEXT() REPRESENTATION_CONTEXT('2D SPACE',''
  ) );
#7567 = ADVANCED_FACE('',(#7568),#6043,.F.);
#7568 = FACE_BOUND('',#7569,.F.);
#7569 = EDGE_LOOP('',(#7570,#7588,#7611,#7629));
#7570 = ORIENTED_EDGE('',*,*,#7571,.F.);
#7571 = EDGE_CURVE('',#7339,#5978,#7572,.T.);
#7572 = SURFACE_CURVE('',#7573,(#7576,#7582),.PCURVE_S1.);
#7573 = B_SPLINE_CURVE_WITH_KNOTS('',1,(#7574,#7575),.UNSPECIFIED.,.F.,
  .F.,(2,2),(0.,1.),.PIECEWISE_BEZIER_KNOTS.);
#7574 = CARTESIAN_POINT('',(71.854728110616,-4.53,9.798487069739));
#7575 = CARTESIAN_POINT('',(73.00690273348,-4.53,14.755804251283));
#7576 = PCURVE('',#6043,#7577);
#7577 = DEFINITIONAL_REPRESENTATION('',(#7578),#7581);
#7578 = B_SPLINE_CURVE_WITH_KNOTS('',1,(#7579,#7580),.UNSPECIFIED.,.F.,
  .F.,(2,2),(0.,1.),.PIECEWISE_BEZIER_KNOTS.);
#7579 = CARTESIAN_POINT('',(1.2,-5.089449872039));
#7580 = CARTESIAN_POINT('',(1.2,0.));
#7581 = ( GEOMETRIC_REPRESENTATION_CONTEXT(2) 
PARAMETRIC_REPRESENTATION_CONTEXT() REPRESENTATION_CONTEXT('2D SPACE',''
  ) );
#7582 = PCURVE('',#6180,#7583);
#7583 = DEFINITIONAL_REPRESENTATION('',(#7584),#7587);
#7584 = B_SPLINE_CURVE_WITH_KNOTS('',1,(#7585,#7586),.UNSPECIFIED.,.F.,
  .F.,(2,2),(0.,1.),.PIECEWISE_BEZIER_KNOTS.);
#7585 = CARTESIAN_POINT('',(1.570796326795,0.));
#7586 = CARTESIAN_POINT('',(1.570796326795,5.));
#7587 = ( GEOMETRIC_REPRESENTATION_CONTEXT(2) 
PARAMETRIC_REPRESENTATION_CONTEXT() REPRESENTATION_CONTEXT('2D SPACE',''
  ) );
#7588 = ORIENTED_EDGE('',*,*,#7589,.F.);
#7589 = EDGE_CURVE('',#7590,#7339,#7592,.T.);
#7590 = VERTEX_POINT('',#7591);
#7591 = CARTESIAN_POINT('',(71.854728110616,4.53,9.798487069739));
#7592 = SURFACE_CURVE('',#7593,(#7597,#7604),.PCURVE_S1.);
#7593 = LINE('',#7594,#7595);
#7594 = CARTESIAN_POINT('',(71.854728110616,-252.365,9.798487069739));
#7595 = VECTOR('',#7596,1.);
#7596 = DIRECTION('',(0.,-1.,0.));
#7597 = PCURVE('',#6043,#7598);
#7598 = DEFINITIONAL_REPRESENTATION('',(#7599),#7603);
#7599 = LINE('',#7600,#7601);
#7600 = CARTESIAN_POINT('',(-246.635,-5.089449872039));
#7601 = VECTOR('',#7602,1.);
#7602 = DIRECTION('',(-1.,0.));
#7603 = ( GEOMETRIC_REPRESENTATION_CONTEXT(2) 
PARAMETRIC_REPRESENTATION_CONTEXT() REPRESENTATION_CONTEXT('2D SPACE',''
  ) );
#7604 = PCURVE('',#7378,#7605);
#7605 = DEFINITIONAL_REPRESENTATION('',(#7606),#7610);
#7606 = LINE('',#7607,#7608);
#7607 = CARTESIAN_POINT('',(14.5,247.635));
#7608 = VECTOR('',#7609,1.);
#7609 = DIRECTION('',(0.,1.));
#7610 = ( GEOMETRIC_REPRESENTATION_CONTEXT(2) 
PARAMETRIC_REPRESENTATION_CONTEXT() REPRESENTATION_CONTEXT('2D SPACE',''
  ) );
#7611 = ORIENTED_EDGE('',*,*,#7612,.T.);
#7612 = EDGE_CURVE('',#7590,#6028,#7613,.T.);
#7613 = SURFACE_CURVE('',#7614,(#7617,#7623),.PCURVE_S1.);
#7614 = B_SPLINE_CURVE_WITH_KNOTS('',1,(#7615,#7616),.UNSPECIFIED.,.F.,
  .F.,(2,2),(0.,1.),.PIECEWISE_BEZIER_KNOTS.);
#7615 = CARTESIAN_POINT('',(71.854728110616,4.53,9.798487069739));
#7616 = CARTESIAN_POINT('',(73.00690273348,4.53,14.755804251283));
#7617 = PCURVE('',#6043,#7618);
#7618 = DEFINITIONAL_REPRESENTATION('',(#7619),#7622);
#7619 = B_SPLINE_CURVE_WITH_KNOTS('',1,(#7620,#7621),.UNSPECIFIED.,.F.,
  .F.,(2,2),(0.,1.),.PIECEWISE_BEZIER_KNOTS.);
#7620 = CARTESIAN_POINT('',(10.26,-5.089449872039));
#7621 = CARTESIAN_POINT('',(10.26,0.));
#7622 = ( GEOMETRIC_REPRESENTATION_CONTEXT(2) 
PARAMETRIC_REPRESENTATION_CONTEXT() REPRESENTATION_CONTEXT('2D SPACE',''
  ) );
#7623 = PCURVE('',#6302,#7624);
#7624 = DEFINITIONAL_REPRESENTATION('',(#7625),#7628);
#7625 = B_SPLINE_CURVE_WITH_KNOTS('',1,(#7626,#7627),.UNSPECIFIED.,.F.,
  .F.,(2,2),(0.,1.),.PIECEWISE_BEZIER_KNOTS.);
#7626 = CARTESIAN_POINT('',(4.712388980385,0.));
#7627 = CARTESIAN_POINT('',(4.712388980385,5.));
#7628 = ( GEOMETRIC_REPRESENTATION_CONTEXT(2) 
PARAMETRIC_REPRESENTATION_CONTEXT() REPRESENTATION_CONTEXT('2D SPACE',''
  ) );
#7629 = ORIENTED_EDGE('',*,*,#6027,.F.);
#7630 = ADVANCED_FACE('',(#7631),#6180,.F.);
#7631 = FACE_BOUND('',#7632,.F.);
#7632 = EDGE_LOOP('',(#7633,#7634,#7635,#7636));
#7633 = ORIENTED_EDGE('',*,*,#7315,.F.);
#7634 = ORIENTED_EDGE('',*,*,#7338,.F.);
#7635 = ORIENTED_EDGE('',*,*,#7571,.T.);
#7636 = ORIENTED_EDGE('',*,*,#6157,.F.);
#7637 = ADVANCED_FACE('',(#7638),#6302,.F.);
#7638 = FACE_BOUND('',#7639,.F.);
#7639 = EDGE_LOOP('',(#7640,#7641,#7670,#7688));
#7640 = ORIENTED_EDGE('',*,*,#7612,.F.);
#7641 = ORIENTED_EDGE('',*,*,#7642,.T.);
#7642 = EDGE_CURVE('',#7590,#7643,#7645,.T.);
#7643 = VERTEX_POINT('',#7644);
#7644 = CARTESIAN_POINT('',(71.60493415444,4.78,9.808634949209));
#7645 = SURFACE_CURVE('',#7646,(#7651,#7658),.PCURVE_S1.);
#7646 = CIRCLE('',#7647,0.25);
#7647 = AXIS2_PLACEMENT_3D('',#7648,#7649,#7650);
#7648 = CARTESIAN_POINT('',(71.60493415444,4.53,9.808634949209));
#7649 = DIRECTION('',(4.059151787867E-02,-0.,0.999175824706));
#7650 = DIRECTION('',(0.,1.,0.));
#7651 = PCURVE('',#6302,#7652);
#7652 = DEFINITIONAL_REPRESENTATION('',(#7653),#7657);
#7653 = LINE('',#7654,#7655);
#7654 = CARTESIAN_POINT('',(0.,0.));
#7655 = VECTOR('',#7656,1.);
#7656 = DIRECTION('',(1.,0.));
#7657 = ( GEOMETRIC_REPRESENTATION_CONTEXT(2) 
PARAMETRIC_REPRESENTATION_CONTEXT() REPRESENTATION_CONTEXT('2D SPACE',''
  ) );
#7658 = PCURVE('',#7659,#7664);
#7659 = CYLINDRICAL_SURFACE('',#7660,0.25);
#7660 = AXIS2_PLACEMENT_3D('',#7661,#7662,#7663);
#7661 = CARTESIAN_POINT('',(71.036652904138,4.53,-4.179826596671));
#7662 = DIRECTION('',(4.059151787867E-02,0.,0.999175824706));
#7663 = DIRECTION('',(0.,1.,0.));
#7664 = DEFINITIONAL_REPRESENTATION('',(#7665),#7669);
#7665 = LINE('',#7666,#7667);
#7666 = CARTESIAN_POINT('',(-6.28318530718,14.));
#7667 = VECTOR('',#7668,1.);
#7668 = DIRECTION('',(1.,-0.));
#7669 = ( GEOMETRIC_REPRESENTATION_CONTEXT(2) 
PARAMETRIC_REPRESENTATION_CONTEXT() REPRESENTATION_CONTEXT('2D SPACE',''
  ) );
#7670 = ORIENTED_EDGE('',*,*,#7671,.T.);
#7671 = EDGE_CURVE('',#7643,#6278,#7672,.T.);
#7672 = SURFACE_CURVE('',#7673,(#7676,#7682),.PCURVE_S1.);
#7673 = B_SPLINE_CURVE_WITH_KNOTS('',1,(#7674,#7675),.UNSPECIFIED.,.F.,
  .F.,(2,2),(0.,1.),.PIECEWISE_BEZIER_KNOTS.);
#7674 = CARTESIAN_POINT('',(71.60493415444,4.78,9.808634949209));
#7675 = CARTESIAN_POINT('',(71.807891743833,5.73,14.804514072737));
#7676 = PCURVE('',#6302,#7677);
#7677 = DEFINITIONAL_REPRESENTATION('',(#7678),#7681);
#7678 = B_SPLINE_CURVE_WITH_KNOTS('',1,(#7679,#7680),.UNSPECIFIED.,.F.,
  .F.,(2,2),(0.,1.),.PIECEWISE_BEZIER_KNOTS.);
#7679 = CARTESIAN_POINT('',(6.28318530718,0.));
#7680 = CARTESIAN_POINT('',(6.28318530718,5.));
#7681 = ( GEOMETRIC_REPRESENTATION_CONTEXT(2) 
PARAMETRIC_REPRESENTATION_CONTEXT() REPRESENTATION_CONTEXT('2D SPACE',''
  ) );
#7682 = PCURVE('',#6490,#7683);
#7683 = DEFINITIONAL_REPRESENTATION('',(#7684),#7687);
#7684 = B_SPLINE_CURVE_WITH_KNOTS('',1,(#7685,#7686),.UNSPECIFIED.,.F.,
  .F.,(2,2),(0.,1.),.PIECEWISE_BEZIER_KNOTS.);
#7685 = CARTESIAN_POINT('',(1.2,-5.089449872039));
#7686 = CARTESIAN_POINT('',(1.2,0.));
#7687 = ( GEOMETRIC_REPRESENTATION_CONTEXT(2) 
PARAMETRIC_REPRESENTATION_CONTEXT() REPRESENTATION_CONTEXT('2D SPACE',''
  ) );
#7688 = ORIENTED_EDGE('',*,*,#6277,.F.);
#7689 = ADVANCED_FACE('',(#7690),#6490,.F.);
#7690 = FACE_BOUND('',#7691,.F.);
#7691 = EDGE_LOOP('',(#7692,#7693,#7716,#7734));
#7692 = ORIENTED_EDGE('',*,*,#7671,.F.);
#7693 = ORIENTED_EDGE('',*,*,#7694,.F.);
#7694 = EDGE_CURVE('',#7695,#7643,#7697,.T.);
#7695 = VERTEX_POINT('',#7696);
#7696 = CARTESIAN_POINT('',(67.388412174182,4.78,9.979931154657));
#7697 = SURFACE_CURVE('',#7698,(#7702,#7709),.PCURVE_S1.);
#7698 = LINE('',#7699,#7700);
#7699 = CARTESIAN_POINT('',(-181.4513310896,4.78,20.08904572475));
#7700 = VECTOR('',#7701,1.);
#7701 = DIRECTION('',(0.999175824706,0.,-4.059151787867E-02));
#7702 = PCURVE('',#6490,#7703);
#7703 = DEFINITIONAL_REPRESENTATION('',(#7704),#7708);
#7704 = LINE('',#7705,#7706);
#7705 = CARTESIAN_POINT('',(254.465,-5.089449872039));
#7706 = VECTOR('',#7707,1.);
#7707 = DIRECTION('',(-1.,0.));
#7708 = ( GEOMETRIC_REPRESENTATION_CONTEXT(2) 
PARAMETRIC_REPRESENTATION_CONTEXT() REPRESENTATION_CONTEXT('2D SPACE',''
  ) );
#7709 = PCURVE('',#6712,#7710);
#7710 = DEFINITIONAL_REPRESENTATION('',(#7711),#7715);
#7711 = LINE('',#7712,#7713);
#7712 = CARTESIAN_POINT('',(14.5,-248.845));
#7713 = VECTOR('',#7714,1.);
#7714 = DIRECTION('',(1.025713543303E-18,1.));
#7715 = ( GEOMETRIC_REPRESENTATION_CONTEXT(2) 
PARAMETRIC_REPRESENTATION_CONTEXT() REPRESENTATION_CONTEXT('2D SPACE',''
  ) );
#7716 = ORIENTED_EDGE('',*,*,#7717,.T.);
#7717 = EDGE_CURVE('',#7695,#6475,#7718,.T.);
#7718 = SURFACE_CURVE('',#7719,(#7722,#7728),.PCURVE_S1.);
#7719 = B_SPLINE_CURVE_WITH_KNOTS('',1,(#7720,#7721),.UNSPECIFIED.,.F.,
  .F.,(2,2),(0.,1.),.PIECEWISE_BEZIER_KNOTS.);
#7720 = CARTESIAN_POINT('',(67.388412174182,4.78,9.979931154657));
#7721 = CARTESIAN_POINT('',(67.591369763575,5.73,14.975810278185));
#7722 = PCURVE('',#6490,#7723);
#7723 = DEFINITIONAL_REPRESENTATION('',(#7724),#7727);
#7724 = B_SPLINE_CURVE_WITH_KNOTS('',1,(#7725,#7726),.UNSPECIFIED.,.F.,
  .F.,(2,2),(0.,1.),.PIECEWISE_BEZIER_KNOTS.);
#7725 = CARTESIAN_POINT('',(5.42,-5.089449872039));
#7726 = CARTESIAN_POINT('',(5.42,0.));
#7727 = ( GEOMETRIC_REPRESENTATION_CONTEXT(2) 
PARAMETRIC_REPRESENTATION_CONTEXT() REPRESENTATION_CONTEXT('2D SPACE',''
  ) );
#7728 = PCURVE('',#6619,#7729);
#7729 = DEFINITIONAL_REPRESENTATION('',(#7730),#7733);
#7730 = B_SPLINE_CURVE_WITH_KNOTS('',1,(#7731,#7732),.UNSPECIFIED.,.F.,
  .F.,(2,2),(0.,1.),.PIECEWISE_BEZIER_KNOTS.);
#7731 = CARTESIAN_POINT('',(4.712388980385,0.));
#7732 = CARTESIAN_POINT('',(4.712388980385,5.));
#7733 = ( GEOMETRIC_REPRESENTATION_CONTEXT(2) 
PARAMETRIC_REPRESENTATION_CONTEXT() REPRESENTATION_CONTEXT('2D SPACE',''
  ) );
#7734 = ORIENTED_EDGE('',*,*,#6474,.F.);
#7735 = ADVANCED_FACE('',(#7736),#6576,.F.);
#7736 = FACE_BOUND('',#7737,.F.);
#7737 = EDGE_LOOP('',(#7738,#7756,#7757,#7758));
#7738 = ORIENTED_EDGE('',*,*,#7739,.F.);
#7739 = EDGE_CURVE('',#6830,#6531,#7740,.T.);
#7740 = SURFACE_CURVE('',#7741,(#7744,#7750),.PCURVE_S1.);
#7741 = B_SPLINE_CURVE_WITH_KNOTS('',1,(#7742,#7743),.UNSPECIFIED.,.F.,
  .F.,(2,2),(0.,1.),.PIECEWISE_BEZIER_KNOTS.);
#7742 = CARTESIAN_POINT('',(67.138618218005,-4.53,9.990079034127));
#7743 = CARTESIAN_POINT('',(66.392358773928,-4.53,15.02452009964));
#7744 = PCURVE('',#6576,#7745);
#7745 = DEFINITIONAL_REPRESENTATION('',(#7746),#7749);
#7746 = B_SPLINE_CURVE_WITH_KNOTS('',1,(#7747,#7748),.UNSPECIFIED.,.F.,
  .F.,(2,2),(0.,1.),.PIECEWISE_BEZIER_KNOTS.);
#7747 = CARTESIAN_POINT('',(0.,0.));
#7748 = CARTESIAN_POINT('',(0.,5.));
#7749 = ( GEOMETRIC_REPRESENTATION_CONTEXT(2) 
PARAMETRIC_REPRESENTATION_CONTEXT() REPRESENTATION_CONTEXT('2D SPACE',''
  ) );
#7750 = PCURVE('',#6680,#7751);
#7751 = DEFINITIONAL_REPRESENTATION('',(#7752),#7755);
#7752 = B_SPLINE_CURVE_WITH_KNOTS('',1,(#7753,#7754),.UNSPECIFIED.,.F.,
  .F.,(2,2),(0.,1.),.PIECEWISE_BEZIER_KNOTS.);
#7753 = CARTESIAN_POINT('',(10.26,-5.089449872039));
#7754 = CARTESIAN_POINT('',(10.26,0.));
#7755 = ( GEOMETRIC_REPRESENTATION_CONTEXT(2) 
PARAMETRIC_REPRESENTATION_CONTEXT() REPRESENTATION_CONTEXT('2D SPACE',''
  ) );
#7756 = ORIENTED_EDGE('',*,*,#6903,.F.);
#7757 = ORIENTED_EDGE('',*,*,#7296,.T.);
#7758 = ORIENTED_EDGE('',*,*,#6558,.F.);
#7759 = ADVANCED_FACE('',(#7760),#6619,.F.);
#7760 = FACE_BOUND('',#7761,.F.);
#7761 = EDGE_LOOP('',(#7762,#7763,#7785,#7803));
#7762 = ORIENTED_EDGE('',*,*,#7717,.F.);
#7763 = ORIENTED_EDGE('',*,*,#7764,.T.);
#7764 = EDGE_CURVE('',#7695,#6856,#7765,.T.);
#7765 = SURFACE_CURVE('',#7766,(#7771,#7778),.PCURVE_S1.);
#7766 = CIRCLE('',#7767,0.25);
#7767 = AXIS2_PLACEMENT_3D('',#7768,#7769,#7770);
#7768 = CARTESIAN_POINT('',(67.388412174182,4.53,9.979931154657));
#7769 = DIRECTION('',(4.059151787867E-02,0.,0.999175824706));
#7770 = DIRECTION('',(-0.999175824706,0.,4.059151787867E-02));
#7771 = PCURVE('',#6619,#7772);
#7772 = DEFINITIONAL_REPRESENTATION('',(#7773),#7777);
#7773 = LINE('',#7774,#7775);
#7774 = CARTESIAN_POINT('',(0.,0.));
#7775 = VECTOR('',#7776,1.);
#7776 = DIRECTION('',(1.,0.));
#7777 = ( GEOMETRIC_REPRESENTATION_CONTEXT(2) 
PARAMETRIC_REPRESENTATION_CONTEXT() REPRESENTATION_CONTEXT('2D SPACE',''
  ) );
#7778 = PCURVE('',#6808,#7779);
#7779 = DEFINITIONAL_REPRESENTATION('',(#7780),#7784);
#7780 = LINE('',#7781,#7782);
#7781 = CARTESIAN_POINT('',(-6.28318530718,14.));
#7782 = VECTOR('',#7783,1.);
#7783 = DIRECTION('',(1.,-0.));
#7784 = ( GEOMETRIC_REPRESENTATION_CONTEXT(2) 
PARAMETRIC_REPRESENTATION_CONTEXT() REPRESENTATION_CONTEXT('2D SPACE',''
  ) );
#7785 = ORIENTED_EDGE('',*,*,#7786,.T.);
#7786 = EDGE_CURVE('',#6856,#6600,#7787,.T.);
#7787 = SURFACE_CURVE('',#7788,(#7791,#7797),.PCURVE_S1.);
#7788 = B_SPLINE_CURVE_WITH_KNOTS('',1,(#7789,#7790),.UNSPECIFIED.,.F.,
  .F.,(2,2),(0.,1.),.PIECEWISE_BEZIER_KNOTS.);
#7789 = CARTESIAN_POINT('',(67.138618218005,4.53,9.990079034127));
#7790 = CARTESIAN_POINT('',(66.392358773928,4.53,15.02452009964));
#7791 = PCURVE('',#6619,#7792);
#7792 = DEFINITIONAL_REPRESENTATION('',(#7793),#7796);
#7793 = B_SPLINE_CURVE_WITH_KNOTS('',1,(#7794,#7795),.UNSPECIFIED.,.F.,
  .F.,(2,2),(0.,1.),.PIECEWISE_BEZIER_KNOTS.);
#7794 = CARTESIAN_POINT('',(6.28318530718,0.));
#7795 = CARTESIAN_POINT('',(6.28318530718,5.));
#7796 = ( GEOMETRIC_REPRESENTATION_CONTEXT(2) 
PARAMETRIC_REPRESENTATION_CONTEXT() REPRESENTATION_CONTEXT('2D SPACE',''
  ) );
#7797 = PCURVE('',#6680,#7798);
#7798 = DEFINITIONAL_REPRESENTATION('',(#7799),#7802);
#7799 = B_SPLINE_CURVE_WITH_KNOTS('',1,(#7800,#7801),.UNSPECIFIED.,.F.,
  .F.,(2,2),(0.,1.),.PIECEWISE_BEZIER_KNOTS.);
#7800 = CARTESIAN_POINT('',(1.2,-5.089449872039));
#7801 = CARTESIAN_POINT('',(1.2,0.));
#7802 = ( GEOMETRIC_REPRESENTATION_CONTEXT(2) 
PARAMETRIC_REPRESENTATION_CONTEXT() REPRESENTATION_CONTEXT('2D SPACE',''
  ) );
#7803 = ORIENTED_EDGE('',*,*,#6599,.F.);
#7804 = ADVANCED_FACE('',(#7805),#6680,.F.);
#7805 = FACE_BOUND('',#7806,.F.);
#7806 = EDGE_LOOP('',(#7807,#7808,#7809,#7810));
#7807 = ORIENTED_EDGE('',*,*,#7786,.F.);
#7808 = ORIENTED_EDGE('',*,*,#6878,.T.);
#7809 = ORIENTED_EDGE('',*,*,#7739,.T.);
#7810 = ORIENTED_EDGE('',*,*,#6666,.F.);
#7811 = ADVANCED_FACE('',(#7812),#6712,.F.);
#7812 = FACE_BOUND('',#7813,.F.);
#7813 = EDGE_LOOP('',(#7814,#7844,#7870,#7871,#7872,#7873,#7894,#7895));
#7814 = ORIENTED_EDGE('',*,*,#7815,.F.);
#7815 = EDGE_CURVE('',#7816,#7818,#7820,.T.);
#7816 = VERTEX_POINT('',#7817);
#7817 = CARTESIAN_POINT('',(71.02,4.78,-4.17915007244));
#7818 = VERTEX_POINT('',#7819);
#7819 = CARTESIAN_POINT('',(71.036652904138,4.78,-4.179826596671));
#7820 = SURFACE_CURVE('',#7821,(#7825,#7832),.PCURVE_S1.);
#7821 = LINE('',#7822,#7823);
#7822 = CARTESIAN_POINT('',(66.620295758939,4.78,-4.000412087647));
#7823 = VECTOR('',#7824,1.);
#7824 = DIRECTION('',(0.999175824706,0.,-4.059151787867E-02));
#7825 = PCURVE('',#6712,#7826);
#7826 = DEFINITIONAL_REPRESENTATION('',(#7827),#7831);
#7827 = LINE('',#7828,#7829);
#7828 = CARTESIAN_POINT('',(0.5,-7.97574568577E-15));
#7829 = VECTOR('',#7830,1.);
#7830 = DIRECTION('',(1.025713543303E-18,1.));
#7831 = ( GEOMETRIC_REPRESENTATION_CONTEXT(2) 
PARAMETRIC_REPRESENTATION_CONTEXT() REPRESENTATION_CONTEXT('2D SPACE',''
  ) );
#7832 = PCURVE('',#7833,#7838);
#7833 = CYLINDRICAL_SURFACE('',#7834,0.55);
#7834 = AXIS2_PLACEMENT_3D('',#7835,#7836,#7837);
#7835 = CARTESIAN_POINT('',(66.620295758939,4.23,-4.000412087647));
#7836 = DIRECTION('',(0.999175824706,0.,-4.059151787867E-02));
#7837 = DIRECTION('',(0.,1.,0.));
#7838 = DEFINITIONAL_REPRESENTATION('',(#7839),#7843);
#7839 = LINE('',#7840,#7841);
#7840 = CARTESIAN_POINT('',(-0.,0.));
#7841 = VECTOR('',#7842,1.);
#7842 = DIRECTION('',(-0.,1.));
#7843 = ( GEOMETRIC_REPRESENTATION_CONTEXT(2) 
PARAMETRIC_REPRESENTATION_CONTEXT() REPRESENTATION_CONTEXT('2D SPACE',''
  ) );
#7844 = ORIENTED_EDGE('',*,*,#7845,.F.);
#7845 = EDGE_CURVE('',#7522,#7816,#7846,.T.);
#7846 = SURFACE_CURVE('',#7847,(#7851,#7858),.PCURVE_S1.);
#7847 = LINE('',#7848,#7849);
#7848 = CARTESIAN_POINT('',(71.02,4.78,-9.));
#7849 = VECTOR('',#7850,1.);
#7850 = DIRECTION('',(0.,0.,1.));
#7851 = PCURVE('',#6712,#7852);
#7852 = DEFINITIONAL_REPRESENTATION('',(#7853),#7857);
#7853 = LINE('',#7854,#7855);
#7854 = CARTESIAN_POINT('',(-4.316876702152,4.599018975653));
#7855 = VECTOR('',#7856,1.);
#7856 = DIRECTION('',(0.999175824706,-4.059151787867E-02));
#7857 = ( GEOMETRIC_REPRESENTATION_CONTEXT(2) 
PARAMETRIC_REPRESENTATION_CONTEXT() REPRESENTATION_CONTEXT('2D SPACE',''
  ) );
#7858 = PCURVE('',#7859,#7864);
#7859 = CYLINDRICAL_SURFACE('',#7860,0.25);
#7860 = AXIS2_PLACEMENT_3D('',#7861,#7862,#7863);
#7861 = CARTESIAN_POINT('',(71.02,4.53,-9.));
#7862 = DIRECTION('',(0.,0.,1.));
#7863 = DIRECTION('',(0.,1.,0.));
#7864 = DEFINITIONAL_REPRESENTATION('',(#7865),#7869);
#7865 = LINE('',#7866,#7867);
#7866 = CARTESIAN_POINT('',(-0.,0.));
#7867 = VECTOR('',#7868,1.);
#7868 = DIRECTION('',(-0.,1.));
#7869 = ( GEOMETRIC_REPRESENTATION_CONTEXT(2) 
PARAMETRIC_REPRESENTATION_CONTEXT() REPRESENTATION_CONTEXT('2D SPACE',''
  ) );
#7870 = ORIENTED_EDGE('',*,*,#7521,.F.);
#7871 = ORIENTED_EDGE('',*,*,#6698,.T.);
#7872 = ORIENTED_EDGE('',*,*,#6729,.T.);
#7873 = ORIENTED_EDGE('',*,*,#7874,.T.);
#7874 = EDGE_CURVE('',#6730,#7695,#7875,.T.);
#7875 = SURFACE_CURVE('',#7876,(#7880,#7887),.PCURVE_S1.);
#7876 = LINE('',#7877,#7878);
#7877 = CARTESIAN_POINT('',(66.82013092388,4.78,-4.008530391223));
#7878 = VECTOR('',#7879,1.);
#7879 = DIRECTION('',(4.059151787867E-02,0.,0.999175824706));
#7880 = PCURVE('',#6712,#7881);
#7881 = DEFINITIONAL_REPRESENTATION('',(#7882),#7886);
#7882 = LINE('',#7883,#7884);
#7883 = CARTESIAN_POINT('',(0.5,0.2));
#7884 = VECTOR('',#7885,1.);
#7885 = DIRECTION('',(1.,1.025713543303E-18));
#7886 = ( GEOMETRIC_REPRESENTATION_CONTEXT(2) 
PARAMETRIC_REPRESENTATION_CONTEXT() REPRESENTATION_CONTEXT('2D SPACE',''
  ) );
#7887 = PCURVE('',#6808,#7888);
#7888 = DEFINITIONAL_REPRESENTATION('',(#7889),#7893);
#7889 = LINE('',#7890,#7891);
#7890 = CARTESIAN_POINT('',(-1.570796326795,0.));
#7891 = VECTOR('',#7892,1.);
#7892 = DIRECTION('',(-0.,1.));
#7893 = ( GEOMETRIC_REPRESENTATION_CONTEXT(2) 
PARAMETRIC_REPRESENTATION_CONTEXT() REPRESENTATION_CONTEXT('2D SPACE',''
  ) );
#7894 = ORIENTED_EDGE('',*,*,#7694,.T.);
#7895 = ORIENTED_EDGE('',*,*,#7896,.F.);
#7896 = EDGE_CURVE('',#7818,#7643,#7897,.T.);
#7897 = SURFACE_CURVE('',#7898,(#7902,#7909),.PCURVE_S1.);
#7898 = LINE('',#7899,#7900);
#7899 = CARTESIAN_POINT('',(71.036652904138,4.78,-4.179826596671));
#7900 = VECTOR('',#7901,1.);
#7901 = DIRECTION('',(4.059151787867E-02,0.,0.999175824706));
#7902 = PCURVE('',#6712,#7903);
#7903 = DEFINITIONAL_REPRESENTATION('',(#7904),#7908);
#7904 = LINE('',#7905,#7906);
#7905 = CARTESIAN_POINT('',(0.5,4.42));
#7906 = VECTOR('',#7907,1.);
#7907 = DIRECTION('',(1.,1.025713543303E-18));
#7908 = ( GEOMETRIC_REPRESENTATION_CONTEXT(2) 
PARAMETRIC_REPRESENTATION_CONTEXT() REPRESENTATION_CONTEXT('2D SPACE',''
  ) );
#7909 = PCURVE('',#7659,#7910);
#7910 = DEFINITIONAL_REPRESENTATION('',(#7911),#7915);
#7911 = LINE('',#7912,#7913);
#7912 = CARTESIAN_POINT('',(-0.,0.));
#7913 = VECTOR('',#7914,1.);
#7914 = DIRECTION('',(-0.,1.));
#7915 = ( GEOMETRIC_REPRESENTATION_CONTEXT(2) 
PARAMETRIC_REPRESENTATION_CONTEXT() REPRESENTATION_CONTEXT('2D SPACE',''
  ) );
#7916 = ADVANCED_FACE('',(#7917),#6808,.F.);
#7917 = FACE_BOUND('',#7918,.T.);
#7918 = EDGE_LOOP('',(#7919,#7920,#7921,#7922));
#7919 = ORIENTED_EDGE('',*,*,#6855,.F.);
#7920 = ORIENTED_EDGE('',*,*,#6782,.T.);
#7921 = ORIENTED_EDGE('',*,*,#7874,.T.);
#7922 = ORIENTED_EDGE('',*,*,#7764,.T.);
#7923 = ADVANCED_FACE('',(#7924),#7056,.F.);
#7924 = FACE_BOUND('',#7925,.F.);
#7925 = EDGE_LOOP('',(#7926,#7988,#8017,#8039,#8040,#8041));
#7926 = ORIENTED_EDGE('',*,*,#7927,.F.);
#7927 = EDGE_CURVE('',#7928,#7074,#7930,.T.);
#7928 = VERTEX_POINT('',#7929);
#7929 = CARTESIAN_POINT('',(71.27,-4.23,-4.526671750537));
#7930 = SURFACE_CURVE('',#7931,(#7948,#7968),.PCURVE_S1.);
#7931 = B_SPLINE_CURVE_WITH_KNOTS('',8,(#7932,#7933,#7934,#7935,#7936,
    #7937,#7938,#7939,#7940,#7941,#7942,#7943,#7944,#7945,#7946,#7947),
  .UNSPECIFIED.,.F.,.F.,(9,7,9),(0.,0.441004748121,1.),.UNSPECIFIED.);
#7932 = CARTESIAN_POINT('',(71.27,-4.23,-4.526671750537));
#7933 = CARTESIAN_POINT('',(71.27,-4.259681393973,-4.526671750537));
#7934 = CARTESIAN_POINT('',(71.27,-4.289361928997,-4.524319477996));
#7935 = CARTESIAN_POINT('',(71.27,-4.318875650956,-4.519614890576));
#7936 = CARTESIAN_POINT('',(71.27,-4.348068257735,-4.512516957302));
#7937 = CARTESIAN_POINT('',(71.27,-4.376741879811,-4.502928234469));
#7938 = CARTESIAN_POINT('',(71.27,-4.404633278175,-4.49079490827));
#7939 = CARTESIAN_POINT('',(71.27,-4.43145602807,-4.47611110693));
#7940 = CARTESIAN_POINT('',(71.27,-4.48916979255,-4.437148171633));
#7941 = CARTESIAN_POINT('',(71.27,-4.519234191651,-4.411349783034));
#7942 = CARTESIAN_POINT('',(71.27,-4.546479606921,-4.381638800196));
#7943 = CARTESIAN_POINT('',(71.27,-4.570243189642,-4.348281592968));
#7944 = CARTESIAN_POINT('',(71.27,-4.589891322518,-4.311715562616));
#7945 = CARTESIAN_POINT('',(71.27,-4.604868353582,-4.272533873219));
#7946 = CARTESIAN_POINT('',(71.27,-4.614735869061,-4.23145734778));
#7947 = CARTESIAN_POINT('',(71.27,-4.619214727777,-4.18930632244));
#7948 = PCURVE('',#7056,#7949);
#7949 = DEFINITIONAL_REPRESENTATION('',(#7950),#7967);
#7950 = B_SPLINE_CURVE_WITH_KNOTS('',8,(#7951,#7952,#7953,#7954,#7955,
    #7956,#7957,#7958,#7959,#7960,#7961,#7962,#7963,#7964,#7965,#7966),
  .UNSPECIFIED.,.F.,.F.,(9,7,9),(0.,0.441004748121,1.),.UNSPECIFIED.);
#7951 = CARTESIAN_POINT('',(1.570796326795,1.421897211294));
#7952 = CARTESIAN_POINT('',(1.482743804665,1.421897211294));
#7953 = CARTESIAN_POINT('',(1.394694104592,1.419322603451));
#7954 = CARTESIAN_POINT('',(1.306762148955,1.41417424126));
#7955 = CARTESIAN_POINT('',(1.219038941868,1.40664962281));
#7956 = CARTESIAN_POINT('',(1.131575747676,1.397157580077));
#7957 = CARTESIAN_POINT('',(1.044389546838,1.38606182495));
#7958 = CARTESIAN_POINT('',(0.957474641583,1.373695165638));
#7959 = CARTESIAN_POINT('',(0.760947919334,1.343412348657));
#7960 = CARTESIAN_POINT('',(0.651468646887,1.324893866587));
#7961 = CARTESIAN_POINT('',(0.54233849968,1.305366903587));
#7962 = CARTESIAN_POINT('',(0.433508612639,1.285290680817));
#7963 = CARTESIAN_POINT('',(0.324918578816,1.265023039525));
#7964 = CARTESIAN_POINT('',(0.216504148944,1.244860579246));
#7965 = CARTESIAN_POINT('',(0.108208355185,1.225071239866));
#7966 = CARTESIAN_POINT('',(0.,1.205893082387));
#7967 = ( GEOMETRIC_REPRESENTATION_CONTEXT(2) 
PARAMETRIC_REPRESENTATION_CONTEXT() REPRESENTATION_CONTEXT('2D SPACE',''
  ) );
#7968 = PCURVE('',#7259,#7969);
#7969 = DEFINITIONAL_REPRESENTATION('',(#7970),#7987);
#7970 = B_SPLINE_CURVE_WITH_KNOTS('',8,(#7971,#7972,#7973,#7974,#7975,
    #7976,#7977,#7978,#7979,#7980,#7981,#7982,#7983,#7984,#7985,#7986),
  .UNSPECIFIED.,.F.,.F.,(9,7,9),(0.,0.441004748121,1.),.UNSPECIFIED.);
#7971 = CARTESIAN_POINT('',(4.973328249463,-0.5));
#7972 = CARTESIAN_POINT('',(4.973328249463,-0.470318606027));
#7973 = CARTESIAN_POINT('',(4.975680522004,-0.440638071003));
#7974 = CARTESIAN_POINT('',(4.980385109424,-0.411124349044));
#7975 = CARTESIAN_POINT('',(4.987483042698,-0.381931742265));
#7976 = CARTESIAN_POINT('',(4.997071765531,-0.353258120189));
#7977 = CARTESIAN_POINT('',(5.00920509173,-0.325366721825));
#7978 = CARTESIAN_POINT('',(5.02388889307,-0.29854397193));
#7979 = CARTESIAN_POINT('',(5.062851828367,-0.24083020745));
#7980 = CARTESIAN_POINT('',(5.088650216966,-0.210765808349));
#7981 = CARTESIAN_POINT('',(5.118361199804,-0.183520393079));
#7982 = CARTESIAN_POINT('',(5.151718407032,-0.159756810358));
#7983 = CARTESIAN_POINT('',(5.188284437384,-0.140108677482));
#7984 = CARTESIAN_POINT('',(5.227466126781,-0.125131646418));
#7985 = CARTESIAN_POINT('',(5.26854265222,-0.115264130939));
#7986 = CARTESIAN_POINT('',(5.31069367756,-0.110785272223));
#7987 = ( GEOMETRIC_REPRESENTATION_CONTEXT(2) 
PARAMETRIC_REPRESENTATION_CONTEXT() REPRESENTATION_CONTEXT('2D SPACE',''
  ) );
#7988 = ORIENTED_EDGE('',*,*,#7989,.T.);
#7989 = EDGE_CURVE('',#7928,#7990,#7992,.T.);
#7990 = VERTEX_POINT('',#7991);
#7991 = CARTESIAN_POINT('',(71.274269404951,-4.23,-4.489727223552));
#7992 = SURFACE_CURVE('',#7993,(#7998,#8005),.PCURVE_S1.);
#7993 = CIRCLE('',#7994,0.25);
#7994 = AXIS2_PLACEMENT_3D('',#7995,#7996,#7997);
#7995 = CARTESIAN_POINT('',(71.024475448775,-4.23,-4.479579344083));
#7996 = DIRECTION('',(2.485513622132E-18,-1.,6.118187377556E-17));
#7997 = DIRECTION('',(-4.059151787867E-02,-6.123233995737E-17,
    -0.999175824706));
#7998 = PCURVE('',#7056,#7999);
#7999 = DEFINITIONAL_REPRESENTATION('',(#8000),#8004);
#8000 = LINE('',#8001,#8002);
#8001 = CARTESIAN_POINT('',(1.570796326795,0.));
#8002 = VECTOR('',#8003,1.);
#8003 = DIRECTION('',(0.,1.));
#8004 = ( GEOMETRIC_REPRESENTATION_CONTEXT(2) 
PARAMETRIC_REPRESENTATION_CONTEXT() REPRESENTATION_CONTEXT('2D SPACE',''
  ) );
#8005 = PCURVE('',#8006,#8011);
#8006 = CYLINDRICAL_SURFACE('',#8007,0.25);
#8007 = AXIS2_PLACEMENT_3D('',#8008,#8009,#8010);
#8008 = CARTESIAN_POINT('',(71.024475448775,-4.23,-4.479579344083));
#8009 = DIRECTION('',(0.,1.,0.));
#8010 = DIRECTION('',(-4.059151787867E-02,0.,-0.999175824706));
#8011 = DEFINITIONAL_REPRESENTATION('',(#8012),#8016);
#8012 = LINE('',#8013,#8014);
#8013 = CARTESIAN_POINT('',(-0.,0.));
#8014 = VECTOR('',#8015,1.);
#8015 = DIRECTION('',(-1.,0.));
#8016 = ( GEOMETRIC_REPRESENTATION_CONTEXT(2) 
PARAMETRIC_REPRESENTATION_CONTEXT() REPRESENTATION_CONTEXT('2D SPACE',''
  ) );
#8017 = ORIENTED_EDGE('',*,*,#8018,.F.);
#8018 = EDGE_CURVE('',#7363,#7990,#8019,.T.);
#8019 = SURFACE_CURVE('',#8020,(#8025,#8032),.PCURVE_S1.);
#8020 = CIRCLE('',#8021,0.3);
#8021 = AXIS2_PLACEMENT_3D('',#8022,#8023,#8024);
#8022 = CARTESIAN_POINT('',(71.286446860315,-4.23,-4.189974476141));
#8023 = DIRECTION('',(0.999175824706,0.,-4.059151787867E-02));
#8024 = DIRECTION('',(0.,-1.,0.));
#8025 = PCURVE('',#7056,#8026);
#8026 = DEFINITIONAL_REPRESENTATION('',(#8027),#8031);
#8027 = LINE('',#8028,#8029);
#8028 = CARTESIAN_POINT('',(0.,1.570796326795));
#8029 = VECTOR('',#8030,1.);
#8030 = DIRECTION('',(1.,0.));
#8031 = ( GEOMETRIC_REPRESENTATION_CONTEXT(2) 
PARAMETRIC_REPRESENTATION_CONTEXT() REPRESENTATION_CONTEXT('2D SPACE',''
  ) );
#8032 = PCURVE('',#7378,#8033);
#8033 = DEFINITIONAL_REPRESENTATION('',(#8034),#8038);
#8034 = CIRCLE('',#8035,0.3);
#8035 = AXIS2_PLACEMENT_2D('',#8036,#8037);
#8036 = CARTESIAN_POINT('',(0.5,-0.5));
#8037 = DIRECTION('',(0.,1.));
#8038 = ( GEOMETRIC_REPRESENTATION_CONTEXT(2) 
PARAMETRIC_REPRESENTATION_CONTEXT() REPRESENTATION_CONTEXT('2D SPACE',''
  ) );
#8039 = ORIENTED_EDGE('',*,*,#7390,.F.);
#8040 = ORIENTED_EDGE('',*,*,#7041,.T.);
#8041 = ORIENTED_EDGE('',*,*,#7073,.T.);
#8042 = ADVANCED_FACE('',(#8043),#7259,.F.);
#8043 = FACE_BOUND('',#8044,.F.);
#8044 = EDGE_LOOP('',(#8045,#8046,#8047,#8071,#8094,#8161,#8180,#8181));
#8045 = ORIENTED_EDGE('',*,*,#7441,.T.);
#8046 = ORIENTED_EDGE('',*,*,#7467,.T.);
#8047 = ORIENTED_EDGE('',*,*,#8048,.T.);
#8048 = EDGE_CURVE('',#7468,#8049,#8051,.T.);
#8049 = VERTEX_POINT('',#8050);
#8050 = CARTESIAN_POINT('',(71.27,4.53,-9.));
#8051 = SURFACE_CURVE('',#8052,(#8057,#8064),.PCURVE_S1.);
#8052 = CIRCLE('',#8053,0.3);
#8053 = AXIS2_PLACEMENT_3D('',#8054,#8055,#8056);
#8054 = CARTESIAN_POINT('',(71.27,4.23,-9.));
#8055 = DIRECTION('',(1.,-0.,0.));
#8056 = DIRECTION('',(0.,0.,-1.));
#8057 = PCURVE('',#7259,#8058);
#8058 = DEFINITIONAL_REPRESENTATION('',(#8059),#8063);
#8059 = CIRCLE('',#8060,0.3);
#8060 = AXIS2_PLACEMENT_2D('',#8061,#8062);
#8061 = CARTESIAN_POINT('',(0.5,-8.96));
#8062 = DIRECTION('',(-1.,0.));
#8063 = ( GEOMETRIC_REPRESENTATION_CONTEXT(2) 
PARAMETRIC_REPRESENTATION_CONTEXT() REPRESENTATION_CONTEXT('2D SPACE',''
  ) );
#8064 = PCURVE('',#7505,#8065);
#8065 = DEFINITIONAL_REPRESENTATION('',(#8066),#8070);
#8066 = LINE('',#8067,#8068);
#8067 = CARTESIAN_POINT('',(0.,1.570796326795));
#8068 = VECTOR('',#8069,1.);
#8069 = DIRECTION('',(1.,0.));
#8070 = ( GEOMETRIC_REPRESENTATION_CONTEXT(2) 
PARAMETRIC_REPRESENTATION_CONTEXT() REPRESENTATION_CONTEXT('2D SPACE',''
  ) );
#8071 = ORIENTED_EDGE('',*,*,#8072,.T.);
#8072 = EDGE_CURVE('',#8049,#8073,#8075,.T.);
#8073 = VERTEX_POINT('',#8074);
#8074 = CARTESIAN_POINT('',(71.27,4.53,-4.394326886437));
#8075 = SURFACE_CURVE('',#8076,(#8080,#8087),.PCURVE_S1.);
#8076 = LINE('',#8077,#8078);
#8077 = CARTESIAN_POINT('',(71.27,4.53,-9.));
#8078 = VECTOR('',#8079,1.);
#8079 = DIRECTION('',(0.,0.,1.));
#8080 = PCURVE('',#7259,#8081);
#8081 = DEFINITIONAL_REPRESENTATION('',(#8082),#8086);
#8082 = LINE('',#8083,#8084);
#8083 = CARTESIAN_POINT('',(0.5,-9.26));
#8084 = VECTOR('',#8085,1.);
#8085 = DIRECTION('',(1.,0.));
#8086 = ( GEOMETRIC_REPRESENTATION_CONTEXT(2) 
PARAMETRIC_REPRESENTATION_CONTEXT() REPRESENTATION_CONTEXT('2D SPACE',''
  ) );
#8087 = PCURVE('',#7859,#8088);
#8088 = DEFINITIONAL_REPRESENTATION('',(#8089),#8093);
#8089 = LINE('',#8090,#8091);
#8090 = CARTESIAN_POINT('',(-1.570796326795,0.));
#8091 = VECTOR('',#8092,1.);
#8092 = DIRECTION('',(-0.,1.));
#8093 = ( GEOMETRIC_REPRESENTATION_CONTEXT(2) 
PARAMETRIC_REPRESENTATION_CONTEXT() REPRESENTATION_CONTEXT('2D SPACE',''
  ) );
#8094 = ORIENTED_EDGE('',*,*,#8095,.T.);
#8095 = EDGE_CURVE('',#8073,#8096,#8098,.T.);
#8096 = VERTEX_POINT('',#8097);
#8097 = CARTESIAN_POINT('',(71.27,4.23,-4.526671750537));
#8098 = SURFACE_CURVE('',#8099,(#8116,#8136),.PCURVE_S1.);
#8099 = B_SPLINE_CURVE_WITH_KNOTS('',8,(#8100,#8101,#8102,#8103,#8104,
    #8105,#8106,#8107,#8108,#8109,#8110,#8111,#8112,#8113,#8114,#8115),
  .UNSPECIFIED.,.F.,.F.,(9,7,9),(0.,0.558625530202,1.),.UNSPECIFIED.);
#8100 = CARTESIAN_POINT('',(71.27,4.619214727777,-4.18930632244));
#8101 = CARTESIAN_POINT('',(71.27,4.614738832147,-4.231429461854));
#8102 = CARTESIAN_POINT('',(71.27,4.604881406748,-4.272479528233));
#8103 = CARTESIAN_POINT('',(71.27,4.589921036308,-4.311637813078));
#8104 = CARTESIAN_POINT('',(71.27,4.570295159599,-4.348184847247));
#8105 = CARTESIAN_POINT('',(71.27,4.546558172987,-4.381528475965));
#8106 = CARTESIAN_POINT('',(71.27,4.519342286182,-4.411231857428));
#8107 = CARTESIAN_POINT('',(71.27,4.489308961658,-4.437028688552));
#8108 = CARTESIAN_POINT('',(71.27,4.43161343811,-4.476024888479));
#8109 = CARTESIAN_POINT('',(71.27,4.404773580431,-4.490733844788));
#8110 = CARTESIAN_POINT('',(71.27,4.37686207304,-4.502888021998));
#8111 = CARTESIAN_POINT('',(71.27,4.348166159842,-4.512493142563));
#8112 = CARTESIAN_POINT('',(71.27,4.318949885289,-4.519603051452));
#8113 = CARTESIAN_POINT('',(71.27,4.289411705293,-4.524315530753));
#8114 = CARTESIAN_POINT('',(71.27,4.259706286583,-4.526671750537));
#8115 = CARTESIAN_POINT('',(71.27,4.23,-4.526671750537));
#8116 = PCURVE('',#7259,#8117);
#8117 = DEFINITIONAL_REPRESENTATION('',(#8118),#8135);
#8118 = B_SPLINE_CURVE_WITH_KNOTS('',8,(#8119,#8120,#8121,#8122,#8123,
    #8124,#8125,#8126,#8127,#8128,#8129,#8130,#8131,#8132,#8133,#8134),
  .UNSPECIFIED.,.F.,.F.,(9,7,9),(0.,0.558625530202,1.),.UNSPECIFIED.);
#8119 = CARTESIAN_POINT('',(5.31069367756,-9.349214727777));
#8120 = CARTESIAN_POINT('',(5.268570538146,-9.344738832147));
#8121 = CARTESIAN_POINT('',(5.227520471767,-9.334881406748));
#8122 = CARTESIAN_POINT('',(5.188362186922,-9.319921036308));
#8123 = CARTESIAN_POINT('',(5.151815152753,-9.300295159599));
#8124 = CARTESIAN_POINT('',(5.118471524035,-9.276558172987));
#8125 = CARTESIAN_POINT('',(5.088768142572,-9.249342286182));
#8126 = CARTESIAN_POINT('',(5.062971311448,-9.219308961658));
#8127 = CARTESIAN_POINT('',(5.023975111521,-9.16161343811));
#8128 = CARTESIAN_POINT('',(5.009266155212,-9.134773580431));
#8129 = CARTESIAN_POINT('',(4.997111978002,-9.10686207304));
#8130 = CARTESIAN_POINT('',(4.987506857437,-9.078166159842));
#8131 = CARTESIAN_POINT('',(4.980396948548,-9.048949885289));
#8132 = CARTESIAN_POINT('',(4.975684469247,-9.019411705293));
#8133 = CARTESIAN_POINT('',(4.973328249463,-8.989706286583));
#8134 = CARTESIAN_POINT('',(4.973328249463,-8.96));
#8135 = ( GEOMETRIC_REPRESENTATION_CONTEXT(2) 
PARAMETRIC_REPRESENTATION_CONTEXT() REPRESENTATION_CONTEXT('2D SPACE',''
  ) );
#8136 = PCURVE('',#8137,#8142);
#8137 = TOROIDAL_SURFACE('',#8138,0.3,0.25);
#8138 = AXIS2_PLACEMENT_3D('',#8139,#8140,#8141);
#8139 = CARTESIAN_POINT('',(71.036652904138,4.23,-4.179826596671));
#8140 = DIRECTION('',(0.999175824706,0.,-4.059151787867E-02));
#8141 = DIRECTION('',(-4.059151787867E-02,0.,-0.999175824706));
#8142 = DEFINITIONAL_REPRESENTATION('',(#8143),#8160);
#8143 = B_SPLINE_CURVE_WITH_KNOTS('',8,(#8144,#8145,#8146,#8147,#8148,
    #8149,#8150,#8151,#8152,#8153,#8154,#8155,#8156,#8157,#8158,#8159),
  .UNSPECIFIED.,.F.,.F.,(9,7,9),(0.,0.558625530202,1.),.UNSPECIFIED.);
#8144 = CARTESIAN_POINT('',(1.570796326795,1.205893082387));
#8145 = CARTESIAN_POINT('',(1.462659559198,1.225058552139));
#8146 = CARTESIAN_POINT('',(1.354435452799,1.244834399424));
#8147 = CARTESIAN_POINT('',(1.246092876699,1.264983028366));
#8148 = CARTESIAN_POINT('',(1.13757499977,1.285237062256));
#8149 = CARTESIAN_POINT('',(1.028817716555,1.305300515441));
#8150 = CARTESIAN_POINT('',(0.919760740701,1.324816369837));
#8151 = CARTESIAN_POINT('',(0.810355284946,1.343326601172));
#8152 = CARTESIAN_POINT('',(0.613831796029,1.373622565043));
#8153 = CARTESIAN_POINT('',(0.526845369335,1.386005992384));
#8154 = CARTESIAN_POINT('',(0.439587224032,1.397117773354));
#8155 = CARTESIAN_POINT('',(0.352051572447,1.406624380553));
#8156 = CARTESIAN_POINT('',(0.264255355106,1.414161283642));
#8157 = CARTESIAN_POINT('',(0.176249886169,1.419318283557));
#8158 = CARTESIAN_POINT('',(8.812636829207E-02,1.421897211294));
#8159 = CARTESIAN_POINT('',(0.,1.421897211294));
#8160 = ( GEOMETRIC_REPRESENTATION_CONTEXT(2) 
PARAMETRIC_REPRESENTATION_CONTEXT() REPRESENTATION_CONTEXT('2D SPACE',''
  ) );
#8161 = ORIENTED_EDGE('',*,*,#8162,.F.);
#8162 = EDGE_CURVE('',#7928,#8096,#8163,.T.);
#8163 = SURFACE_CURVE('',#8164,(#8168,#8174),.PCURVE_S1.);
#8164 = LINE('',#8165,#8166);
#8165 = CARTESIAN_POINT('',(71.27,-4.23,-4.526671750537));
#8166 = VECTOR('',#8167,1.);
#8167 = DIRECTION('',(0.,1.,0.));
#8168 = PCURVE('',#7259,#8169);
#8169 = DEFINITIONAL_REPRESENTATION('',(#8170),#8173);
#8170 = B_SPLINE_CURVE_WITH_KNOTS('',1,(#8171,#8172),.UNSPECIFIED.,.F.,
  .F.,(2,2),(-5.999999999062E-07,8.4600006),.PIECEWISE_BEZIER_KNOTS.);
#8171 = CARTESIAN_POINT('',(4.973328249463,-0.4999994));
#8172 = CARTESIAN_POINT('',(4.973328249463,-8.9600006));
#8173 = ( GEOMETRIC_REPRESENTATION_CONTEXT(2) 
PARAMETRIC_REPRESENTATION_CONTEXT() REPRESENTATION_CONTEXT('2D SPACE',''
  ) );
#8174 = PCURVE('',#8006,#8175);
#8175 = DEFINITIONAL_REPRESENTATION('',(#8176),#8179);
#8176 = B_SPLINE_CURVE_WITH_KNOTS('',1,(#8177,#8178),.UNSPECIFIED.,.F.,
  .F.,(2,2),(-5.999999999062E-07,8.4600006),.PIECEWISE_BEZIER_KNOTS.);
#8177 = CARTESIAN_POINT('',(-1.421897211294,-5.999999999062E-07));
#8178 = CARTESIAN_POINT('',(-1.421897211294,8.4600006));
#8179 = ( GEOMETRIC_REPRESENTATION_CONTEXT(2) 
PARAMETRIC_REPRESENTATION_CONTEXT() REPRESENTATION_CONTEXT('2D SPACE',''
  ) );
#8180 = ORIENTED_EDGE('',*,*,#7927,.T.);
#8181 = ORIENTED_EDGE('',*,*,#7243,.T.);
#8182 = ADVANCED_FACE('',(#8183),#7378,.F.);
#8183 = FACE_BOUND('',#8184,.F.);
#8184 = EDGE_LOOP('',(#8185,#8186,#8209,#8233,#8254,#8255));
#8185 = ORIENTED_EDGE('',*,*,#8018,.T.);
#8186 = ORIENTED_EDGE('',*,*,#8187,.T.);
#8187 = EDGE_CURVE('',#7990,#8188,#8190,.T.);
#8188 = VERTEX_POINT('',#8189);
#8189 = CARTESIAN_POINT('',(71.274269404951,4.23,-4.489727223552));
#8190 = SURFACE_CURVE('',#8191,(#8195,#8202),.PCURVE_S1.);
#8191 = LINE('',#8192,#8193);
#8192 = CARTESIAN_POINT('',(71.274269404951,-4.23,-4.489727223552));
#8193 = VECTOR('',#8194,1.);
#8194 = DIRECTION('',(0.,1.,0.));
#8195 = PCURVE('',#7378,#8196);
#8196 = DEFINITIONAL_REPRESENTATION('',(#8197),#8201);
#8197 = LINE('',#8198,#8199);
#8198 = CARTESIAN_POINT('',(0.2,-0.5));
#8199 = VECTOR('',#8200,1.);
#8200 = DIRECTION('',(0.,-1.));
#8201 = ( GEOMETRIC_REPRESENTATION_CONTEXT(2) 
PARAMETRIC_REPRESENTATION_CONTEXT() REPRESENTATION_CONTEXT('2D SPACE',''
  ) );
#8202 = PCURVE('',#8006,#8203);
#8203 = DEFINITIONAL_REPRESENTATION('',(#8204),#8208);
#8204 = LINE('',#8205,#8206);
#8205 = CARTESIAN_POINT('',(-1.570796326795,0.));
#8206 = VECTOR('',#8207,1.);
#8207 = DIRECTION('',(-0.,1.));
#8208 = ( GEOMETRIC_REPRESENTATION_CONTEXT(2) 
PARAMETRIC_REPRESENTATION_CONTEXT() REPRESENTATION_CONTEXT('2D SPACE',''
  ) );
#8209 = ORIENTED_EDGE('',*,*,#8210,.T.);
#8210 = EDGE_CURVE('',#8188,#8211,#8213,.T.);
#8211 = VERTEX_POINT('',#8212);
#8212 = CARTESIAN_POINT('',(71.286446860315,4.53,-4.189974476141));
#8213 = SURFACE_CURVE('',#8214,(#8219,#8226),.PCURVE_S1.);
#8214 = CIRCLE('',#8215,0.3);
#8215 = AXIS2_PLACEMENT_3D('',#8216,#8217,#8218);
#8216 = CARTESIAN_POINT('',(71.286446860315,4.23,-4.189974476141));
#8217 = DIRECTION('',(0.999175824706,0.,-4.059151787867E-02));
#8218 = DIRECTION('',(-4.059151787867E-02,0.,-0.999175824706));
#8219 = PCURVE('',#7378,#8220);
#8220 = DEFINITIONAL_REPRESENTATION('',(#8221),#8225);
#8221 = CIRCLE('',#8222,0.3);
#8222 = AXIS2_PLACEMENT_2D('',#8223,#8224);
#8223 = CARTESIAN_POINT('',(0.5,-8.96));
#8224 = DIRECTION('',(-1.,0.));
#8225 = ( GEOMETRIC_REPRESENTATION_CONTEXT(2) 
PARAMETRIC_REPRESENTATION_CONTEXT() REPRESENTATION_CONTEXT('2D SPACE',''
  ) );
#8226 = PCURVE('',#8137,#8227);
#8227 = DEFINITIONAL_REPRESENTATION('',(#8228),#8232);
#8228 = LINE('',#8229,#8230);
#8229 = CARTESIAN_POINT('',(0.,1.570796326795));
#8230 = VECTOR('',#8231,1.);
#8231 = DIRECTION('',(1.,0.));
#8232 = ( GEOMETRIC_REPRESENTATION_CONTEXT(2) 
PARAMETRIC_REPRESENTATION_CONTEXT() REPRESENTATION_CONTEXT('2D SPACE',''
  ) );
#8233 = ORIENTED_EDGE('',*,*,#8234,.T.);
#8234 = EDGE_CURVE('',#8211,#7590,#8235,.T.);
#8235 = SURFACE_CURVE('',#8236,(#8240,#8247),.PCURVE_S1.);
#8236 = LINE('',#8237,#8238);
#8237 = CARTESIAN_POINT('',(71.286446860315,4.53,-4.189974476141));
#8238 = VECTOR('',#8239,1.);
#8239 = DIRECTION('',(4.059151787867E-02,0.,0.999175824706));
#8240 = PCURVE('',#7378,#8241);
#8241 = DEFINITIONAL_REPRESENTATION('',(#8242),#8246);
#8242 = LINE('',#8243,#8244);
#8243 = CARTESIAN_POINT('',(0.5,-9.26));
#8244 = VECTOR('',#8245,1.);
#8245 = DIRECTION('',(1.,0.));
#8246 = ( GEOMETRIC_REPRESENTATION_CONTEXT(2) 
PARAMETRIC_REPRESENTATION_CONTEXT() REPRESENTATION_CONTEXT('2D SPACE',''
  ) );
#8247 = PCURVE('',#7659,#8248);
#8248 = DEFINITIONAL_REPRESENTATION('',(#8249),#8253);
#8249 = LINE('',#8250,#8251);
#8250 = CARTESIAN_POINT('',(-1.570796326795,0.));
#8251 = VECTOR('',#8252,1.);
#8252 = DIRECTION('',(-0.,1.));
#8253 = ( GEOMETRIC_REPRESENTATION_CONTEXT(2) 
PARAMETRIC_REPRESENTATION_CONTEXT() REPRESENTATION_CONTEXT('2D SPACE',''
  ) );
#8254 = ORIENTED_EDGE('',*,*,#7589,.T.);
#8255 = ORIENTED_EDGE('',*,*,#7362,.T.);
#8256 = ADVANCED_FACE('',(#8257),#7505,.F.);
#8257 = FACE_BOUND('',#8258,.F.);
#8258 = EDGE_LOOP('',(#8259,#8260,#8261,#8283));
#8259 = ORIENTED_EDGE('',*,*,#7490,.F.);
#8260 = ORIENTED_EDGE('',*,*,#7546,.T.);
#8261 = ORIENTED_EDGE('',*,*,#8262,.T.);
#8262 = EDGE_CURVE('',#7522,#8049,#8263,.T.);
#8263 = SURFACE_CURVE('',#8264,(#8269,#8276),.PCURVE_S1.);
#8264 = CIRCLE('',#8265,0.25);
#8265 = AXIS2_PLACEMENT_3D('',#8266,#8267,#8268);
#8266 = CARTESIAN_POINT('',(71.02,4.53,-9.));
#8267 = DIRECTION('',(0.,-6.123233995737E-17,-1.));
#8268 = DIRECTION('',(0.,1.,-6.123233995737E-17));
#8269 = PCURVE('',#7505,#8270);
#8270 = DEFINITIONAL_REPRESENTATION('',(#8271),#8275);
#8271 = LINE('',#8272,#8273);
#8272 = CARTESIAN_POINT('',(1.570796326795,0.));
#8273 = VECTOR('',#8274,1.);
#8274 = DIRECTION('',(0.,1.));
#8275 = ( GEOMETRIC_REPRESENTATION_CONTEXT(2) 
PARAMETRIC_REPRESENTATION_CONTEXT() REPRESENTATION_CONTEXT('2D SPACE',''
  ) );
#8276 = PCURVE('',#7859,#8277);
#8277 = DEFINITIONAL_REPRESENTATION('',(#8278),#8282);
#8278 = LINE('',#8279,#8280);
#8279 = CARTESIAN_POINT('',(-0.,0.));
#8280 = VECTOR('',#8281,1.);
#8281 = DIRECTION('',(-1.,0.));
#8282 = ( GEOMETRIC_REPRESENTATION_CONTEXT(2) 
PARAMETRIC_REPRESENTATION_CONTEXT() REPRESENTATION_CONTEXT('2D SPACE',''
  ) );
#8283 = ORIENTED_EDGE('',*,*,#8048,.F.);
#8284 = ADVANCED_FACE('',(#8285),#7659,.F.);
#8285 = FACE_BOUND('',#8286,.T.);
#8286 = EDGE_LOOP('',(#8287,#8288,#8310,#8311));
#8287 = ORIENTED_EDGE('',*,*,#7896,.F.);
#8288 = ORIENTED_EDGE('',*,*,#8289,.T.);
#8289 = EDGE_CURVE('',#7818,#8211,#8290,.T.);
#8290 = SURFACE_CURVE('',#8291,(#8296,#8303),.PCURVE_S1.);
#8291 = CIRCLE('',#8292,0.25);
#8292 = AXIS2_PLACEMENT_3D('',#8293,#8294,#8295);
#8293 = CARTESIAN_POINT('',(71.036652904138,4.53,-4.179826596671));
#8294 = DIRECTION('',(-4.059151787867E-02,-6.123233995737E-17,
    -0.999175824706));
#8295 = DIRECTION('',(-2.485513622132E-18,1.,-6.118187377556E-17));
#8296 = PCURVE('',#7659,#8297);
#8297 = DEFINITIONAL_REPRESENTATION('',(#8298),#8302);
#8298 = LINE('',#8299,#8300);
#8299 = CARTESIAN_POINT('',(-0.,0.));
#8300 = VECTOR('',#8301,1.);
#8301 = DIRECTION('',(-1.,0.));
#8302 = ( GEOMETRIC_REPRESENTATION_CONTEXT(2) 
PARAMETRIC_REPRESENTATION_CONTEXT() REPRESENTATION_CONTEXT('2D SPACE',''
  ) );
#8303 = PCURVE('',#8137,#8304);
#8304 = DEFINITIONAL_REPRESENTATION('',(#8305),#8309);
#8305 = LINE('',#8306,#8307);
#8306 = CARTESIAN_POINT('',(1.570796326795,0.));
#8307 = VECTOR('',#8308,1.);
#8308 = DIRECTION('',(0.,1.));
#8309 = ( GEOMETRIC_REPRESENTATION_CONTEXT(2) 
PARAMETRIC_REPRESENTATION_CONTEXT() REPRESENTATION_CONTEXT('2D SPACE',''
  ) );
#8310 = ORIENTED_EDGE('',*,*,#8234,.T.);
#8311 = ORIENTED_EDGE('',*,*,#7642,.T.);
#8312 = ADVANCED_FACE('',(#8313),#7833,.F.);
#8313 = FACE_BOUND('',#8314,.T.);
#8314 = EDGE_LOOP('',(#8315,#8316,#8426));
#8315 = ORIENTED_EDGE('',*,*,#7815,.F.);
#8316 = ORIENTED_EDGE('',*,*,#8317,.T.);
#8317 = EDGE_CURVE('',#7816,#8318,#8320,.T.);
#8318 = VERTEX_POINT('',#8319);
#8319 = CARTESIAN_POINT('',(71.035706979794,4.779506093682,
    -4.203110888226));
#8320 = SURFACE_CURVE('',#8321,(#8354,#8390),.PCURVE_S1.);
#8321 = B_SPLINE_CURVE_WITH_KNOTS('',4,(#8322,#8323,#8324,#8325,#8326,
    #8327,#8328,#8329,#8330,#8331,#8332,#8333,#8334,#8335,#8336,#8337,
    #8338,#8339,#8340,#8341,#8342,#8343,#8344,#8345,#8346,#8347,#8348,
    #8349,#8350,#8351,#8352,#8353),.UNSPECIFIED.,.F.,.F.,(5,3,3,3,3,3,3,
    3,3,3,5),(0.,1.207346579016E-02,2.414693043747E-02,
    3.622039282372E-02,4.787752571083E-02,5.953465441367E-02,
    7.160810364279E-02,8.368154615717E-02,9.575498082594E-02,
    0.106163106997,1.),.UNSPECIFIED.);
#8322 = CARTESIAN_POINT('',(71.02,4.78,-4.17915007244));
#8323 = CARTESIAN_POINT('',(71.020047437289,4.78,-4.179222418498));
#8324 = CARTESIAN_POINT('',(71.020094874585,4.779999987998,
    -4.179294764541));
#8325 = CARTESIAN_POINT('',(71.020142311871,4.779999963995,
    -4.179367110593));
#8326 = CARTESIAN_POINT('',(71.020237186427,4.779999891986,
    -4.179511802671));
#8327 = CARTESIAN_POINT('',(71.020284623695,4.779999843979,-4.1795841487
    ));
#8328 = CARTESIAN_POINT('',(71.020332060952,4.779999783972,
    -4.179656494721));
#8329 = CARTESIAN_POINT('',(71.020426935426,4.779999639953,
    -4.179801186724));
#8330 = CARTESIAN_POINT('',(71.020474372644,4.779999555942,
    -4.179873532706));
#8331 = CARTESIAN_POINT('',(71.020521809842,4.779999459929,
    -4.179945878674));
#8332 = CARTESIAN_POINT('',(71.020615048415,4.779999247625,
    -4.180088075864));
#8333 = CARTESIAN_POINT('',(71.020660849792,4.779999132148,
    -4.180157927089));
#8334 = CARTESIAN_POINT('',(71.020706651144,4.779999005482,
    -4.180227778294));
#8335 = CARTESIAN_POINT('',(71.020798253775,4.779998729774,
    -4.180367480634));
#8336 = CARTESIAN_POINT('',(71.020844055055,4.779998580732,
    -4.180437331769));
#8337 = CARTESIAN_POINT('',(71.020889856302,4.779998420502,
    -4.180507182878));
#8338 = CARTESIAN_POINT('',(71.020983094463,4.779998071544,
    -4.18064937969));
#8339 = CARTESIAN_POINT('',(71.021030531374,4.779997882002,
    -4.18072172539));
#8340 = CARTESIAN_POINT('',(71.021077968243,4.779997680459,
    -4.180794071057));
#8341 = CARTESIAN_POINT('',(71.021172841866,4.779997253369,
    -4.180938762278));
#8342 = CARTESIAN_POINT('',(71.021220278618,4.779997027823,
    -4.181011107832));
#8343 = CARTESIAN_POINT('',(71.021267715322,4.779996790276,
    -4.181083453347));
#8344 = CARTESIAN_POINT('',(71.021362588592,4.779996291178,
    -4.181228144245));
#8345 = CARTESIAN_POINT('',(71.021410025159,4.779996029627,
    -4.181300489629));
#8346 = CARTESIAN_POINT('',(71.02145746167,4.779995756076,
    -4.181372834967));
#8347 = CARTESIAN_POINT('',(71.021545791583,4.779995224356,
    -4.181507546843));
#8348 = CARTESIAN_POINT('',(71.021586685001,4.77999496927,
    -4.181569913393));
#8349 = CARTESIAN_POINT('',(71.021627578372,4.779994705266,
    -4.181632279905));
#8350 = CARTESIAN_POINT('',(71.025180339086,4.779970994015,
    -4.187050601239));
#8351 = CARTESIAN_POINT('',(71.028691838842,4.779881776619,
    -4.192406262082));
#8352 = CARTESIAN_POINT('',(71.032201424036,4.779726784421,
    -4.197760391714));
#8353 = CARTESIAN_POINT('',(71.035707545231,4.779506058088,
    -4.203111751191));
#8354 = PCURVE('',#7833,#8355);
#8355 = DEFINITIONAL_REPRESENTATION('',(#8356),#8389);
#8356 = B_SPLINE_CURVE_WITH_KNOTS('',4,(#8357,#8358,#8359,#8360,#8361,
    #8362,#8363,#8364,#8365,#8366,#8367,#8368,#8369,#8370,#8371,#8372,
    #8373,#8374,#8375,#8376,#8377,#8378,#8379,#8380,#8381,#8382,#8383,
    #8384,#8385,#8386,#8387,#8388),.UNSPECIFIED.,.F.,.F.,(5,3,3,3,3,3,3,
    3,3,3,5),(0.,1.207346579016E-02,2.414693043747E-02,
    3.622039282372E-02,4.787752571083E-02,5.953465441367E-02,
    7.160810364279E-02,8.368154615717E-02,9.575498082594E-02,
    0.106163106997,1.),.UNSPECIFIED.);
#8357 = CARTESIAN_POINT('',(0.,4.403333359628));
#8358 = CARTESIAN_POINT('',(-1.279288725638E-04,4.403383694457));
#8359 = CARTESIAN_POINT('',(-2.558577190855E-04,4.403434029292));
#8360 = CARTESIAN_POINT('',(-3.837865875071E-04,4.403484364118));
#8361 = CARTESIAN_POINT('',(-6.396443015211E-04,4.403585033752));
#8362 = CARTESIAN_POINT('',(-7.675731532313E-04,4.403635368558));
#8363 = CARTESIAN_POINT('',(-8.955020058265E-04,4.403685703353));
#8364 = CARTESIAN_POINT('',(-1.151359689782E-03,4.403786372902));
#8365 = CARTESIAN_POINT('',(-1.279288521092E-03,4.403836707656));
#8366 = CARTESIAN_POINT('',(-1.407217354023E-03,4.40388704239));
#8367 = CARTESIAN_POINT('',(-1.658663650625E-03,4.403985976119));
#8368 = CARTESIAN_POINT('',(-1.782181114168E-03,4.404034575114));
#8369 = CARTESIAN_POINT('',(-1.905698579802E-03,4.404083174084));
#8370 = CARTESIAN_POINT('',(-2.152733471567E-03,4.404180371949));
#8371 = CARTESIAN_POINT('',(-2.276250897683E-03,4.404228970844));
#8372 = CARTESIAN_POINT('',(-2.399768326504E-03,4.404277569705));
#8373 = CARTESIAN_POINT('',(-2.651214468655E-03,4.404376503006));
#8374 = CARTESIAN_POINT('',(-2.779143182198E-03,4.404426837443));
#8375 = CARTESIAN_POINT('',(-2.907071899303E-03,4.404477171836));
#8376 = CARTESIAN_POINT('',(-3.162929270031E-03,4.404577840502));
#8377 = CARTESIAN_POINT('',(-3.290857923671E-03,4.404628174774));
#8378 = CARTESIAN_POINT('',(-3.418786581469E-03,4.404678508996));
#8379 = CARTESIAN_POINT('',(-3.674643822943E-03,4.404779177298));
#8380 = CARTESIAN_POINT('',(-3.802572406619E-03,4.404829511377));
#8381 = CARTESIAN_POINT('',(-3.930500995092E-03,4.404879845399));
#8382 = CARTESIAN_POINT('',(-4.168712783172E-03,4.404973570672));
#8383 = CARTESIAN_POINT('',(-4.278995981456E-03,4.40501696194));
#8384 = CARTESIAN_POINT('',(-4.389279183751E-03,4.405060353159));
#8385 = CARTESIAN_POINT('',(-1.397054660679E-02,4.408830123662));
#8386 = CARTESIAN_POINT('',(-2.344156193575E-02,4.41255612373));
#8387 = CARTESIAN_POINT('',(-3.291274053489E-02,4.416280148659));
#8388 = CARTESIAN_POINT('',(-4.23842107058E-02,4.4200006));
#8389 = ( GEOMETRIC_REPRESENTATION_CONTEXT(2) 
PARAMETRIC_REPRESENTATION_CONTEXT() REPRESENTATION_CONTEXT('2D SPACE',''
  ) );
#8390 = PCURVE('',#7859,#8391);
#8391 = DEFINITIONAL_REPRESENTATION('',(#8392),#8425);
#8392 = B_SPLINE_CURVE_WITH_KNOTS('',4,(#8393,#8394,#8395,#8396,#8397,
    #8398,#8399,#8400,#8401,#8402,#8403,#8404,#8405,#8406,#8407,#8408,
    #8409,#8410,#8411,#8412,#8413,#8414,#8415,#8416,#8417,#8418,#8419,
    #8420,#8421,#8422,#8423,#8424),.UNSPECIFIED.,.F.,.F.,(5,3,3,3,3,3,3,
    3,3,3,5),(0.,1.207346579016E-02,2.414693043747E-02,
    3.622039282372E-02,4.787752571083E-02,5.953465441367E-02,
    7.160810364279E-02,8.368154615717E-02,9.575498082594E-02,
    0.106163106997,1.),.UNSPECIFIED.);
#8393 = CARTESIAN_POINT('',(0.,4.82084992756));
#8394 = CARTESIAN_POINT('',(-1.897491568367E-04,4.820777581502));
#8395 = CARTESIAN_POINT('',(-3.794983388809E-04,4.820705235459));
#8396 = CARTESIAN_POINT('',(-5.692475030048E-04,4.820632889407));
#8397 = CARTESIAN_POINT('',(-9.487458367874E-04,4.820488197329));
#8398 = CARTESIAN_POINT('',(-1.138495000525E-03,4.8204158513));
#8399 = CARTESIAN_POINT('',(-1.328244173239E-03,4.820343505279));
#8400 = CARTESIAN_POINT('',(-1.707742506726E-03,4.820198813276));
#8401 = CARTESIAN_POINT('',(-1.897491667549E-03,4.820126467294));
#8402 = CARTESIAN_POINT('',(-2.08724084319E-03,4.820054121326));
#8403 = CARTESIAN_POINT('',(-2.460196103981E-03,4.819911924136));
#8404 = CARTESIAN_POINT('',(-2.64340218792E-03,4.819842072911));
#8405 = CARTESIAN_POINT('',(-2.826608291123E-03,4.819772221706));
#8406 = CARTESIAN_POINT('',(-3.193020475587E-03,4.819632519366));
#8407 = CARTESIAN_POINT('',(-3.376226556858E-03,4.819562668231));
#8408 = CARTESIAN_POINT('',(-3.55943266271E-03,4.819492817122));
#8409 = CARTESIAN_POINT('',(-3.932387918728E-03,4.81935062031));
#8410 = CARTESIAN_POINT('',(-4.12213707088E-03,4.81927827461));
#8411 = CARTESIAN_POINT('',(-4.311886255202E-03,4.819205928943));
#8412 = CARTESIAN_POINT('',(-4.691384588706E-03,4.819061237722));
#8413 = CARTESIAN_POINT('',(-4.881133737871E-03,4.818988892168));
#8414 = CARTESIAN_POINT('',(-5.070882925184E-03,4.818916546653));
#8415 = CARTESIAN_POINT('',(-5.45038125869E-03,4.818771855755));
#8416 = CARTESIAN_POINT('',(-5.640130404885E-03,4.818699510371));
#8417 = CARTESIAN_POINT('',(-5.829879595162E-03,4.818627165033));
#8418 = CARTESIAN_POINT('',(-6.183205648582E-03,4.818492453157));
#8419 = CARTESIAN_POINT('',(-6.34678249965E-03,4.818430086607));
#8420 = CARTESIAN_POINT('',(-6.51035938758E-03,4.818367720095));
#8421 = CARTESIAN_POINT('',(-2.072171874008E-02,4.812949398761));
#8422 = CARTESIAN_POINT('',(-3.476978690359E-02,4.807593737918));
#8423 = CARTESIAN_POINT('',(-4.881934417479E-02,4.802239608286));
#8424 = CARTESIAN_POINT('',(-6.28715929337E-02,4.796888248809));
#8425 = ( GEOMETRIC_REPRESENTATION_CONTEXT(2) 
PARAMETRIC_REPRESENTATION_CONTEXT() REPRESENTATION_CONTEXT('2D SPACE',''
  ) );
#8426 = ORIENTED_EDGE('',*,*,#8427,.T.);
#8427 = EDGE_CURVE('',#8318,#7818,#8428,.T.);
#8428 = SURFACE_CURVE('',#8429,(#8434,#8441),.PCURVE_S1.);
#8429 = CIRCLE('',#8430,0.55);
#8430 = AXIS2_PLACEMENT_3D('',#8431,#8432,#8433);
#8431 = CARTESIAN_POINT('',(71.036652904138,4.23,-4.179826596671));
#8432 = DIRECTION('',(0.999175824706,0.,-4.059151787867E-02));
#8433 = DIRECTION('',(-4.059151787867E-02,0.,-0.999175824706));
#8434 = PCURVE('',#7833,#8435);
#8435 = DEFINITIONAL_REPRESENTATION('',(#8436),#8440);
#8436 = LINE('',#8437,#8438);
#8437 = CARTESIAN_POINT('',(-1.570796326795,4.42));
#8438 = VECTOR('',#8439,1.);
#8439 = DIRECTION('',(1.,-0.));
#8440 = ( GEOMETRIC_REPRESENTATION_CONTEXT(2) 
PARAMETRIC_REPRESENTATION_CONTEXT() REPRESENTATION_CONTEXT('2D SPACE',''
  ) );
#8441 = PCURVE('',#8137,#8442);
#8442 = DEFINITIONAL_REPRESENTATION('',(#8443),#8447);
#8443 = LINE('',#8444,#8445);
#8444 = CARTESIAN_POINT('',(0.,0.));
#8445 = VECTOR('',#8446,1.);
#8446 = DIRECTION('',(1.,0.));
#8447 = ( GEOMETRIC_REPRESENTATION_CONTEXT(2) 
PARAMETRIC_REPRESENTATION_CONTEXT() REPRESENTATION_CONTEXT('2D SPACE',''
  ) );
#8448 = ADVANCED_FACE('',(#8449),#7859,.F.);
#8449 = FACE_BOUND('',#8450,.T.);
#8450 = EDGE_LOOP('',(#8451,#8452,#8453,#8454,#8637));
#8451 = ORIENTED_EDGE('',*,*,#7845,.F.);
#8452 = ORIENTED_EDGE('',*,*,#8262,.T.);
#8453 = ORIENTED_EDGE('',*,*,#8072,.T.);
#8454 = ORIENTED_EDGE('',*,*,#8455,.T.);
#8455 = EDGE_CURVE('',#8073,#8318,#8456,.T.);
#8456 = SURFACE_CURVE('',#8457,(#8515,#8576),.PCURVE_S1.);
#8457 = B_SPLINE_CURVE_WITH_KNOTS('',6,(#8458,#8459,#8460,#8461,#8462,
    #8463,#8464,#8465,#8466,#8467,#8468,#8469,#8470,#8471,#8472,#8473,
    #8474,#8475,#8476,#8477,#8478,#8479,#8480,#8481,#8482,#8483,#8484,
    #8485,#8486,#8487,#8488,#8489,#8490,#8491,#8492,#8493,#8494,#8495,
    #8496,#8497,#8498,#8499,#8500,#8501,#8502,#8503,#8504,#8505,#8506,
    #8507,#8508,#8509,#8510,#8511,#8512,#8513,#8514),.UNSPECIFIED.,.F.,
  .F.,(7,5,5,5,5,5,5,5,5,5,5,7),(0.,2.336863977501E-02,
    9.383859464435E-02,0.177604266662,0.374881194416,0.52366039629,
    0.67102767033,0.783116667833,0.889700975447,0.960003417162,
    0.979607023953,1.),.UNSPECIFIED.);
#8458 = CARTESIAN_POINT('',(71.27,4.53,-4.394326886437));
#8459 = CARTESIAN_POINT('',(71.27,4.531382705877,-4.392737885133));
#8460 = CARTESIAN_POINT('',(71.269990823843,4.532772488263,
    -4.391167423453));
#8461 = CARTESIAN_POINT('',(71.269972292877,4.534169214403,
    -4.389616264082));
#8462 = CARTESIAN_POINT('',(71.269944234475,4.535572700573,
    -4.388085091528));
#8463 = CARTESIAN_POINT('',(71.269906482041,4.536982712074,
    -4.386574512122));
#8464 = CARTESIAN_POINT('',(71.26971531226,4.542669779019,
    -4.380593477021));
#8465 = CARTESIAN_POINT('',(71.269482125022,4.546997899331,
    -4.376293294141));
#8466 = CARTESIAN_POINT('',(71.269154972435,4.551374229417,
    -4.372200596818));
#8467 = CARTESIAN_POINT('',(71.268730466148,4.555788222892,
    -4.368319672147));
#8468 = CARTESIAN_POINT('',(71.268206525889,4.560228131179,
    -4.364646567871));
#8469 = CARTESIAN_POINT('',(71.266841252255,4.56997455473,
    -4.357043316728));
#8470 = CARTESIAN_POINT('',(71.265958601057,4.575287126748,
    -4.353195014794));
#8471 = CARTESIAN_POINT('',(71.264933467212,4.580601521765,
    -4.349610613492));
#8472 = CARTESIAN_POINT('',(71.263766650174,4.585901946009,
    -4.346263055256));
#8473 = CARTESIAN_POINT('',(71.262460404952,4.591175855941,
    -4.343125504168));
#8474 = CARTESIAN_POINT('',(71.257616578152,4.608753849937,
    -4.333216919534));
#8475 = CARTESIAN_POINT('',(71.253458947979,4.620882428845,
    -4.327293785722));
#8476 = CARTESIAN_POINT('',(71.248564059495,4.632725303414,
    -4.322042725952));
#8477 = CARTESIAN_POINT('',(71.242973389531,4.644195183999,
    -4.317253584041));
#8478 = CARTESIAN_POINT('',(71.236731587625,4.655249258659,
    -4.312782191935));
#8479 = CARTESIAN_POINT('',(71.224674466191,4.673872655901,
    -4.305295523718));
#8480 = CARTESIAN_POINT('',(71.219136505106,4.681623069244,
    -4.302195507231));
#8481 = CARTESIAN_POINT('',(71.213259960261,4.689099929426,
    -4.299168918516));
#8482 = CARTESIAN_POINT('',(71.207062121676,4.696286372714,
    -4.296182412753));
#8483 = CARTESIAN_POINT('',(71.200561248542,4.703166734404,
    -4.29320916319));
#8484 = CARTESIAN_POINT('',(71.187055009122,4.716225732728,
    -4.287266052319));
#8485 = CARTESIAN_POINT('',(71.180055338753,4.722410072536,
    -4.284296669411));
#8486 = CARTESIAN_POINT('',(71.172795423474,4.728266670229,
    -4.281290621596));
#8487 = CARTESIAN_POINT('',(71.165295024114,4.733782775342,
    -4.27822581997));
#8488 = CARTESIAN_POINT('',(71.157575133047,4.738946951052,
    -4.275078771787));
#8489 = CARTESIAN_POINT('',(71.143636057955,4.747402233976,
    -4.269342394562));
#8490 = CARTESIAN_POINT('',(71.137500108952,4.750845734339,
    -4.266799985505));
#8491 = CARTESIAN_POINT('',(71.131259908456,4.754075633158,
    -4.264180195558));
#8492 = CARTESIAN_POINT('',(71.124925794967,4.757088060202,
    -4.261468769853));
#8493 = CARTESIAN_POINT('',(71.118508899037,4.759879708503,
    -4.258646835122));
#8494 = CARTESIAN_POINT('',(71.105852511748,4.764890113697,
    -4.252873231319));
#8495 = CARTESIAN_POINT('',(71.099620281053,4.767130085439,
    -4.24993473067));
#8496 = CARTESIAN_POINT('',(71.09333450785,4.769165965095,
    -4.246848811088));
#8497 = CARTESIAN_POINT('',(71.087007307612,4.770995885625,
    -4.243581122336));
#8498 = CARTESIAN_POINT('',(71.080652537717,4.772618518476,
    -4.240092237935));
#8499 = CARTESIAN_POINT('',(71.070094503372,4.774967386582,
    -4.233779822705));
#8500 = CARTESIAN_POINT('',(71.065896943169,4.775810367706,
    -4.231134601117));
#8501 = CARTESIAN_POINT('',(71.061701500328,4.776563388637,
    -4.228327157893));
#8502 = CARTESIAN_POINT('',(71.05751764102,4.777226299705,
    -4.225311390198));
#8503 = CARTESIAN_POINT('',(71.053357143415,4.777799129922,
    -4.22204547641));
#8504 = CARTESIAN_POINT('',(71.048103957912,4.778417990041,
    -4.217360580926));
#8505 = CARTESIAN_POINT('',(71.046962755687,4.77854600173,-4.21630823398
    ));
#8506 = CARTESIAN_POINT('',(71.045826475372,4.778667110141,
    -4.215221739331));
#8507 = CARTESIAN_POINT('',(71.04469604331,4.778781331798,
    -4.214097300673));
#8508 = CARTESIAN_POINT('',(71.04357274431,4.778888685392,
    -4.212929953052));
#8509 = CARTESIAN_POINT('',(71.041299071878,4.779093766249,
    -4.21044677825));
#8510 = CARTESIAN_POINT('',(71.040149698514,4.77919090601,-4.20912728022
    ));
#8511 = CARTESIAN_POINT('',(71.039011960575,4.779280695058,
    -4.207745705877));
#8512 = CARTESIAN_POINT('',(71.03788862063,4.779363147606,
    -4.206292933142));
#8513 = CARTESIAN_POINT('',(71.036784411465,4.779438266892,
    -4.204755361854));
#8514 = CARTESIAN_POINT('',(71.035706979794,4.779506093682,
    -4.203110888226));
#8515 = PCURVE('',#7859,#8516);
#8516 = DEFINITIONAL_REPRESENTATION('',(#8517),#8575);
#8517 = B_SPLINE_CURVE_WITH_KNOTS('',6,(#8518,#8519,#8520,#8521,#8522,
    #8523,#8524,#8525,#8526,#8527,#8528,#8529,#8530,#8531,#8532,#8533,
    #8534,#8535,#8536,#8537,#8538,#8539,#8540,#8541,#8542,#8543,#8544,
    #8545,#8546,#8547,#8548,#8549,#8550,#8551,#8552,#8553,#8554,#8555,
    #8556,#8557,#8558,#8559,#8560,#8561,#8562,#8563,#8564,#8565,#8566,
    #8567,#8568,#8569,#8570,#8571,#8572,#8573,#8574),.UNSPECIFIED.,.F.,
  .F.,(7,5,5,5,5,5,5,5,5,5,5,7),(0.,2.336863977501E-02,
    9.383859464435E-02,0.177604266662,0.374881194416,0.52366039629,
    0.67102767033,0.783116667833,0.889700975447,0.960003417162,
    0.979607023953,1.),.UNSPECIFIED.);
#8518 = CARTESIAN_POINT('',(-1.570796326795,4.605673113563));
#8519 = CARTESIAN_POINT('',(-1.565265503286,4.607262114867));
#8520 = CARTESIAN_POINT('',(-1.559706373883,4.608832576547));
#8521 = CARTESIAN_POINT('',(-1.554119164692,4.610383735918));
#8522 = CARTESIAN_POINT('',(-1.548504290575,4.611914908472));
#8523 = CARTESIAN_POINT('',(-1.542862355152,4.613425487878));
#8524 = CARTESIAN_POINT('',(-1.520101238723,4.619406522979));
#8525 = CARTESIAN_POINT('',(-1.502767185821,4.623706705859));
#8526 = CARTESIAN_POINT('',(-1.485218817205,4.627799403182));
#8527 = CARTESIAN_POINT('',(-1.467487503698,4.631680327853));
#8528 = CARTESIAN_POINT('',(-1.449608863702,4.635353432129));
#8529 = CARTESIAN_POINT('',(-1.410242534101,4.642956683272));
#8530 = CARTESIAN_POINT('',(-1.388707931085,4.646804985206));
#8531 = CARTESIAN_POINT('',(-1.367069464186,4.650389386508));
#8532 = CARTESIAN_POINT('',(-1.345371226977,4.653736944744));
#8533 = CARTESIAN_POINT('',(-1.323645550997,4.656874495832));
#8534 = CARTESIAN_POINT('',(-1.250712866306,4.666783080466));
#8535 = CARTESIAN_POINT('',(-1.199523645292,4.672706214278));
#8536 = CARTESIAN_POINT('',(-1.148411968168,4.677957274048));
#8537 = CARTESIAN_POINT('',(-1.097513769729,4.682746415959));
#8538 = CARTESIAN_POINT('',(-1.046828187113,4.687217808065));
#8539 = CARTESIAN_POINT('',(-0.958085403554,4.694704476282));
#8540 = CARTESIAN_POINT('',(-0.920022881196,4.697804492769));
#8541 = CARTESIAN_POINT('',(-0.882042878253,4.700831081484));
#8542 = CARTESIAN_POINT('',(-0.844141970422,4.703817587247));
#8543 = CARTESIAN_POINT('',(-0.806317561901,4.70679083681));
#8544 = CARTESIAN_POINT('',(-0.731169075238,4.712733947681));
#8545 = CARTESIAN_POINT('',(-0.693845515889,4.715703330589));
#8546 = CARTESIAN_POINT('',(-0.656590763239,4.718709378404));
#8547 = CARTESIAN_POINT('',(-0.619404653344,4.72177418003));
#8548 = CARTESIAN_POINT('',(-0.582289486838,4.724921228213));
#8549 = CARTESIAN_POINT('',(-0.517077264214,4.730657605438));
#8550 = CARTESIAN_POINT('',(-0.488948731627,4.733200014495));
#8551 = CARTESIAN_POINT('',(-0.46086656383,4.735819804442));
#8552 = CARTESIAN_POINT('',(-0.432834457707,4.738531230147));
#8553 = CARTESIAN_POINT('',(-0.4048586909,4.741353164878));
#8554 = CARTESIAN_POINT('',(-0.350410432981,4.747126768681));
#8555 = CARTESIAN_POINT('',(-0.323933721803,4.75006526933));
#8556 = CARTESIAN_POINT('',(-0.297524699051,4.753151188912));
#8557 = CARTESIAN_POINT('',(-0.271198414153,4.756418877664));
#8558 = CARTESIAN_POINT('',(-0.24497645141,4.759907762065));
#8559 = CARTESIAN_POINT('',(-0.201711820012,4.766220177295));
#8560 = CARTESIAN_POINT('',(-0.184590020425,4.768865398883));
#8561 = CARTESIAN_POINT('',(-0.167545451315,4.771672842107));
#8562 = CARTESIAN_POINT('',(-0.150606548516,4.774688609802));
#8563 = CARTESIAN_POINT('',(-0.133810775391,4.77795452359));
#8564 = CARTESIAN_POINT('',(-0.112652724151,4.782639419074));
#8565 = CARTESIAN_POINT('',(-0.108059357095,4.78369176602));
#8566 = CARTESIAN_POINT('',(-0.103488596829,4.784778260669));
#8567 = CARTESIAN_POINT('',(-9.894394545946E-02,4.785902699327));
#8568 = CARTESIAN_POINT('',(-9.443034066624E-02,4.787070046948));
#8569 = CARTESIAN_POINT('',(-8.529873008522E-02,4.78955322175));
#8570 = CARTESIAN_POINT('',(-8.068491901009E-02,4.79087271978));
#8571 = CARTESIAN_POINT('',(-7.611992334656E-02,4.792254294123));
#8572 = CARTESIAN_POINT('',(-7.161457318467E-02,4.793707066858));
#8573 = CARTESIAN_POINT('',(-6.718758465332E-02,4.795244638146));
#8574 = CARTESIAN_POINT('',(-6.286932670913E-02,4.796889111774));
#8575 = ( GEOMETRIC_REPRESENTATION_CONTEXT(2) 
PARAMETRIC_REPRESENTATION_CONTEXT() REPRESENTATION_CONTEXT('2D SPACE',''
  ) );
#8576 = PCURVE('',#8137,#8577);
#8577 = DEFINITIONAL_REPRESENTATION('',(#8578),#8636);
#8578 = B_SPLINE_CURVE_WITH_KNOTS('',6,(#8579,#8580,#8581,#8582,#8583,
    #8584,#8585,#8586,#8587,#8588,#8589,#8590,#8591,#8592,#8593,#8594,
    #8595,#8596,#8597,#8598,#8599,#8600,#8601,#8602,#8603,#8604,#8605,
    #8606,#8607,#8608,#8609,#8610,#8611,#8612,#8613,#8614,#8615,#8616,
    #8617,#8618,#8619,#8620,#8621,#8622,#8623,#8624,#8625,#8626,#8627,
    #8628,#8629,#8630,#8631,#8632,#8633,#8634,#8635),.UNSPECIFIED.,.F.,
  .F.,(7,5,5,5,5,5,5,5,5,5,5,7),(0.,2.336863977501E-02,
    9.383859464435E-02,0.177604266662,0.374881194416,0.52366039629,
    0.67102767033,0.783116667833,0.889700975447,0.960003417162,
    0.979607023953,1.),.UNSPECIFIED.);
#8579 = CARTESIAN_POINT('',(0.971681148725,1.314938975667));
#8580 = CARTESIAN_POINT('',(0.977436930619,1.313919515201));
#8581 = CARTESIAN_POINT('',(0.983151369557,1.312771791652));
#8582 = CARTESIAN_POINT('',(0.988820752305,1.311495749383));
#8583 = CARTESIAN_POINT('',(0.994441554296,1.310091805465));
#8584 = CARTESIAN_POINT('',(1.000010439627,1.30856084967));
#8585 = CARTESIAN_POINT('',(1.02215161941,1.301908622386));
#8586 = CARTESIAN_POINT('',(1.03828086213,1.295769705811));
#8587 = CARTESIAN_POINT('',(1.05381978365,1.288525808415));
#8588 = CARTESIAN_POINT('',(1.06871369084,1.280253392136));
#8589 = CARTESIAN_POINT('',(1.08293824429,1.27105084299));
#8590 = CARTESIAN_POINT('',(1.112603627467,1.249101534069));
#8591 = CARTESIAN_POINT('',(1.127769076781,1.236012408397));
#8592 = CARTESIAN_POINT('',(1.141996250229,1.221921574999));
#8593 = CARTESIAN_POINT('',(1.155340005405,1.206996043992));
#8594 = CARTESIAN_POINT('',(1.167868442087,1.191372488433));
#8595 = CARTESIAN_POINT('',(1.207410367249,1.136966084654));
#8596 = CARTESIAN_POINT('',(1.231005860476,1.095544464907));
#8597 = CARTESIAN_POINT('',(1.251486652627,1.052185575479));
#8598 = CARTESIAN_POINT('',(1.269582194899,1.007571543424));
#8599 = CARTESIAN_POINT('',(1.285804152276,0.96208394547));
#8600 = CARTESIAN_POINT('',(1.311693000487,0.880976162245));
#8601 = CARTESIAN_POINT('',(1.321980405212,0.845712865618));
#8602 = CARTESIAN_POINT('',(1.331588558932,0.810150322454));
#8603 = CARTESIAN_POINT('',(1.340639953209,0.774351381173));
#8604 = CARTESIAN_POINT('',(1.349232048721,0.738357834266));
#8605 = CARTESIAN_POINT('',(1.36559680254,0.666385428618));
#8606 = CARTESIAN_POINT('',(1.373375822538,0.630411262176));
#8607 = CARTESIAN_POINT('',(1.380875263999,0.594307975456));
#8608 = CARTESIAN_POINT('',(1.388167619553,0.558098015955));
#8609 = CARTESIAN_POINT('',(1.395322833619,0.52179869747));
#8610 = CARTESIAN_POINT('',(1.40781470452,0.45775886528));
#8611 = CARTESIAN_POINT('',(1.413176478842,0.430050042848));
#8612 = CARTESIAN_POINT('',(1.418538076099,0.402305137159));
#8613 = CARTESIAN_POINT('',(1.423935173538,0.37453050525));
#8614 = CARTESIAN_POINT('',(1.42941126661,0.346733158143));
#8615 = CARTESIAN_POINT('',(1.440362133834,0.292475925356));
#8616 = CARTESIAN_POINT('',(1.445823766097,0.266019484841));
#8617 = CARTESIAN_POINT('',(1.451459151522,0.239556733991));
#8618 = CARTESIAN_POINT('',(1.45733837851,0.213098853329));
#8619 = CARTESIAN_POINT('',(1.463541016009,0.186662101484));
#8620 = CARTESIAN_POINT('',(1.474669002512,0.142878659749));
#8621 = CARTESIAN_POINT('',(1.479309523116,0.125508108387));
#8622 = CARTESIAN_POINT('',(1.484217365422,0.108168329052));
#8623 = CARTESIAN_POINT('',(1.4894793078,9.08802494782E-02));
#8624 = CARTESIAN_POINT('',(1.495174835192,7.367439298401E-02));
#8625 = CARTESIAN_POINT('',(1.503362444577,5.188336305425E-02));
#8626 = CARTESIAN_POINT('',(1.505202540386,4.714538784886E-02));
#8627 = CARTESIAN_POINT('',(1.507103619892,4.242288910093E-02));
#8628 = CARTESIAN_POINT('',(1.509072726528,3.77187488726E-02));
#8629 = CARTESIAN_POINT('',(1.511119059907,3.303709530449E-02));
#8630 = CARTESIAN_POINT('',(1.515477452197,2.354289368948E-02));
#8631 = CARTESIAN_POINT('',(1.517796156791,1.873380821737E-02));
#8632 = CARTESIAN_POINT('',(1.520227349409,1.396173783408E-02));
#8633 = CARTESIAN_POINT('',(1.522787920968,9.23602675297E-03));
#8634 = CARTESIAN_POINT('',(1.525503059351,4.573181437205E-03));
#8635 = CARTESIAN_POINT('',(1.528413643465,0.));
#8636 = ( GEOMETRIC_REPRESENTATION_CONTEXT(2) 
PARAMETRIC_REPRESENTATION_CONTEXT() REPRESENTATION_CONTEXT('2D SPACE',''
  ) );
#8637 = ORIENTED_EDGE('',*,*,#8317,.F.);
#8638 = ADVANCED_FACE('',(#8639),#8006,.F.);
#8639 = FACE_BOUND('',#8640,.T.);
#8640 = EDGE_LOOP('',(#8641,#8642,#8643,#8644));
#8641 = ORIENTED_EDGE('',*,*,#8162,.F.);
#8642 = ORIENTED_EDGE('',*,*,#7989,.T.);
#8643 = ORIENTED_EDGE('',*,*,#8187,.T.);
#8644 = ORIENTED_EDGE('',*,*,#8645,.F.);
#8645 = EDGE_CURVE('',#8096,#8188,#8646,.T.);
#8646 = SURFACE_CURVE('',#8647,(#8652,#8659),.PCURVE_S1.);
#8647 = CIRCLE('',#8648,0.25);
#8648 = AXIS2_PLACEMENT_3D('',#8649,#8650,#8651);
#8649 = CARTESIAN_POINT('',(71.024475448775,4.23,-4.479579344083));
#8650 = DIRECTION('',(0.,-1.,-0.));
#8651 = DIRECTION('',(-4.059151787867E-02,0.,-0.999175824706));
#8652 = PCURVE('',#8006,#8653);
#8653 = DEFINITIONAL_REPRESENTATION('',(#8654),#8658);
#8654 = LINE('',#8655,#8656);
#8655 = CARTESIAN_POINT('',(-0.,8.46));
#8656 = VECTOR('',#8657,1.);
#8657 = DIRECTION('',(-1.,0.));
#8658 = ( GEOMETRIC_REPRESENTATION_CONTEXT(2) 
PARAMETRIC_REPRESENTATION_CONTEXT() REPRESENTATION_CONTEXT('2D SPACE',''
  ) );
#8659 = PCURVE('',#8137,#8660);
#8660 = DEFINITIONAL_REPRESENTATION('',(#8661),#8665);
#8661 = LINE('',#8662,#8663);
#8662 = CARTESIAN_POINT('',(0.,0.));
#8663 = VECTOR('',#8664,1.);
#8664 = DIRECTION('',(0.,1.));
#8665 = ( GEOMETRIC_REPRESENTATION_CONTEXT(2) 
PARAMETRIC_REPRESENTATION_CONTEXT() REPRESENTATION_CONTEXT('2D SPACE',''
  ) );
#8666 = ADVANCED_FACE('',(#8667),#8137,.F.);
#8667 = FACE_BOUND('',#8668,.F.);
#8668 = EDGE_LOOP('',(#8669,#8670,#8671,#8672,#8673,#8674));
#8669 = ORIENTED_EDGE('',*,*,#8455,.T.);
#8670 = ORIENTED_EDGE('',*,*,#8427,.T.);
#8671 = ORIENTED_EDGE('',*,*,#8289,.T.);
#8672 = ORIENTED_EDGE('',*,*,#8210,.F.);
#8673 = ORIENTED_EDGE('',*,*,#8645,.F.);
#8674 = ORIENTED_EDGE('',*,*,#8095,.F.);
#8675 = ( GEOMETRIC_REPRESENTATION_CONTEXT(3) 
GLOBAL_UNCERTAINTY_ASSIGNED_CONTEXT((#8679)) 
GLOBAL_UNIT_ASSIGNED_CONTEXT((#8676,#8677,#8678)) REPRESENTATION_CONTEXT
('Context #1','3D Context with UNIT and UNCERTAINTY') );
#8676 = ( LENGTH_UNIT() NAMED_UNIT(*) SI_UNIT(.MILLI.,.METRE.) );
#8677 = ( NAMED_UNIT(*) PLANE_ANGLE_UNIT() SI_UNIT($,.RADIAN.) );
#8678 = ( NAMED_UNIT(*) SI_UNIT($,.STERADIAN.) SOLID_ANGLE_UNIT() );
#8679 = UNCERTAINTY_MEASURE_WITH_UNIT(LENGTH_MEASURE(2.E-05),#8676,
  'distance_accuracy_value','confusion accuracy');
#8680 = PRODUCT_RELATED_PRODUCT_CATEGORY('part',$,(#7));
ENDSEC;
END-ISO-10303-21;
