{
  "3mm": {
    "with_steel": {
      "dipole_T": [
        0.24725566204524677,
        0.0,
        0.043126728258339186
      ],
      "analytic_T": [
        0.014651573382631792,
        -0.0,
        0.13195904175330986
      ],
      "gemini_T": [
        -0.01589328795095851,
        -0.0,
        -0.10421642353199997
      ],
      "numeric": {
        "8x8x4": {
          "B_T": [
            0.02551335213900893,
            8.72782748850831e-18,
            0.15316355300663775
          ],
          "norm_mT": 155.2739678986346
        },
        "16x16x8": {
          "B_T": [
            0.025905404874265896,
            -8.809142651444724e-18,
            0.1533935576878931
          ],
          "norm_mT": 155.56565669147102
        },
        "24x24x12": {
          "B_T": [
            0.026005333795963738,
            1.30985174963405e-17,
            0.1532975238387441
          ],
          "norm_mT": 155.48764645761992
        },
        "48x48x24": {
          "B_T": [
            0.026065356606104498,
            1.1632409343761713e-17,
            0.15323884249959643
          ],
          "norm_mT": 155.43984581058848
        }
      }
    },
    "no_steel": {
      "dipole_T": [
        0.1691889742823171,
        0.0,
        0.01197802917114185
      ],
      "analytic_T": [
        0.014651573382631792,
        -0.0,
        0.13195904175330986
      ],
      "gemini_T": [
        -0.01589328795095851,
        -0.0,
        -0.10421642353199997
      ],
      "numeric": {
        "8x8x4": {
          "B_T": [
            0.015493091405800121,
            -3.848917712323541e-18,
            0.10387497331612512
          ],
          "norm_mT": 105.02402564525025
        },
        "16x16x8": {
          "B_T": [
            0.015755702044377432,
            -5.990217002982412e-18,
            0.10431481225529304
          ],
          "norm_mT": 105.49797250548579
        },
        "24x24x12": {
          "B_T": [
            0.01583198520628412,
            9.947554932554503e-18,
            0.10426088425671556
          ],
          "norm_mT": 105.456074939115
        },
        "48x48x24": {
          "B_T": [
            0.01587795144035206,
            5.052763288608715e-18,
            0.1042276254695764
          ],
          "norm_mT": 105.43010600852332
        }
      }
    }
  },
  "4mm": {
    "with_steel": {
      "dipole_T": [
        0.1860783101207703,
        0.0,
        0.07162350367430406
      ],
      "analytic_T": [
        0.018838746011668087,
        -0.0,
        0.10950097529837403
      ],
      "gemini_T": [
        -0.01521577548836312,
        -0.0,
        -0.07979344019895358
      ],
      "numeric": {
        "8x8x4": {
          "B_T": [
            0.02381733231469099,
            -1.7889335846010823e-18,
            0.11823644715813794
          ],
          "norm_mT": 120.61145366493007
        },
        "16x16x8": {
          "B_T": [
            0.024123024028498283,
            -2.473336205982557e-19,
            0.11778439274555338
          ],
          "norm_mT": 120.22929535981766
        },
        "24x24x12": {
          "B_T": [
            0.0241803234040844,
            3.671887826347392e-18,
            0.11768707561710787
          ],
          "norm_mT": 120.14547768115526
        },
        "48x48x24": {
          "B_T": [
            0.02421443429527082,
            1.1044039082775195e-17,
            0.11762828067456206
          ],
          "norm_mT": 120.09475943059937
        }
      }
    },
    "no_steel": {
      "dipole_T": [
        0.1297945503910788,
        0.0,
        0.03872657654843575
      ],
      "analytic_T": [
        0.018838746011668087,
        -0.0,
        0.10950097529837403
      ],
      "gemini_T": [
        -0.01521577548836312,
        -0.0,
        -0.07979344019895358
      ],
      "numeric": {
        "8x8x4": {
          "B_T": [
            0.014892402419058716,
            1.6263032587282567e-19,
            0.08017703377836623
          ],
          "norm_mT": 81.54839296582406
        },
        "16x16x8": {
          "B_T": [
            0.015133265205420436,
            1.4433441421213278e-18,
            0.07990738687438938
          ],
          "norm_mT": 81.3277701211027
        },
        "24x24x12": {
          "B_T": [
            0.015179236482547194,
            4.1724842981746835e-18,
            0.07984438236212318
          ],
          "norm_mT": 81.27444010869604
        },
        "48x48x24": {
          "B_T": [
            0.0152066617604639,
            3.606454531171997e-18,
            0.07980622007557805
          ],
          "norm_mT": 81.24207853476395
        }
      }
    }
  },
  "dipole_moments": {
    "m_total": [
      0.0,
      0.0,
      0.27692960097989794
    ],
    "sum_sub_m_vec": [
      0.0,
      0.0,
      0.27692960097998043
    ],
    "nsubs": 55296
  }
}