{
  "sensor_pos_m": [
    0.09659999999999999,
    0.0025,
    0.00575
  ],
  "pos_mm_rel_to_mag_center": [
    4.99999999999999,
    2.5,
    5.0
  ],
  "analytic_T": [
    0.016791414195850587,
    0.058552324522395637,
    0.08210911776763297
  ],
  "gemini_T": [
    -0.01360883010638936,
    -0.03438997263610623,
    -0.05969814315886984
  ],
  "numeric_8x8x4_T": [
    0.01622218095310531,
    0.037210229749441784,
    0.06884839774622532
  ],
  "numeric_48x48x24_T": [
    0.016444435110817876,
    0.036937398521476164,
    0.06846659747203597
  ],
  "Br_T": 1.45
}