{
  "sensor_pos_m": [
    0.09652,
    0.0025,
    0.0065
  ],
  "pos_mm_rel_to_mag_center": [
    4.919999999999994,
    2.5,
    5.75
  ],
  "analytic_T": [
    0.01616540839214606,
    0.045265667357207495,
    0.06678121643326144
  ],
  "gemini_T": [
    -0.01231855428505414,
    -0.02671300902806968,
    -0.04968067559599276
  ],
  "numeric_8x8x4_T": [
    0.019220955216555525,
    0.03852490577443895,
    0.07492308730678332
  ],
  "numeric_48x48x24_T": [
    0.019388065695332614,
    0.03824503766460104,
    0.07447710540606317
  ],
  "Br_T": 1.45
}