{
  "analytic": [
    0.019770695402026982,
    -0.0,
    0.08502184097638903
  ],
  "analytic_gemini": [
    -0.014049214738492733,
    -0.0,
    -0.06113944585178201
  ],
  "gemini": [
    -0.014049214738492733,
    -0.0,
    -0.06113944585178201
  ],
  "numeric": [
    0.0219145807000238,
    8.470329472543003e-20,
    0.09074990390500623
  ],
  "sensor_pos_m": [
    0.09659999999999999,
    0.0,
    0.0065
  ]
}