ISO-10303-21;
HEADER;
FILE_DESCRIPTION(('Open CASCADE Model'),'2;1');
FILE_NAME('Open CASCADE Shape Model','2026-05-24T21:17:18',('Author'),(
    'Open CASCADE'),'Open CASCADE STEP processor 7.8','build123d',
  'Unknown');
FILE_SCHEMA(('AUTOMOTIVE_DESIGN { 1 0 10303 214 1 1 1 1 }'));
ENDSEC;
DATA;
#1 = APPLICATION_PROTOCOL_DEFINITION('international standard',
  'automotive_design',2000,#2);
#2 = APPLICATION_CONTEXT(
  'core data for automotive mechanical design processes');
#3 = SHAPE_DEFINITION_REPRESENTATION(#4,#10);
#4 = PRODUCT_DEFINITION_SHAPE('','',#5);
#5 = PRODUCT_DEFINITION('design','',#6,#9);
#6 = PRODUCT_DEFINITION_FORMATION('','',#7);
#7 = PRODUCT('COMPOUND','COMPOUND','',(#8));
#8 = PRODUCT_CONTEXT('',#2,'mechanical');
#9 = PRODUCT_DEFINITION_CONTEXT('part definition',#2,'design');
#10 = ADVANCED_BREP_SHAPE_REPRESENTATION('',(#11,#15),#5483);
#11 = AXIS2_PLACEMENT_3D('',#12,#13,#14);
#12 = CARTESIAN_POINT('',(0.,0.,0.));
#13 = DIRECTION('',(0.,0.,1.));
#14 = DIRECTION('',(1.,0.,-0.));
#15 = MANIFOLD_SOLID_BREP('',#16);
#16 = CLOSED_SHELL('',(#17,#139,#755,#805,#855,#1377,#1405,#1433,#1888,
    #1999,#2051,#2148,#2196,#2307,#2359,#2456,#2504,#2615,#2667,#2809,
    #3257,#3285,#3313,#3341,#3369,#3397,#3404,#3511,#3563,#3656,#3704,
    #3811,#3863,#3956,#4004,#4111,#4163,#4277,#4351,#4436,#4486,#4566,
    #4593,#4714,#4741,#4748,#4775,#4782,#4844,#4872,#4922,#4929,#5004,
    #5054,#5129,#5156,#5253,#5280,#5287,#5314,#5321,#5383,#5411,#5418,
    #5469,#5476));
#17 = ADVANCED_FACE('',(#18),#32,.F.);
#18 = FACE_BOUND('',#19,.T.);
#19 = EDGE_LOOP('',(#20,#55,#84,#112));
#20 = ORIENTED_EDGE('',*,*,#21,.F.);
#21 = EDGE_CURVE('',#22,#24,#26,.T.);
#22 = VERTEX_POINT('',#23);
#23 = CARTESIAN_POINT('',(50.92596524123,-6.183531697098,-12.));
#24 = VERTEX_POINT('',#25);
#25 = CARTESIAN_POINT('',(57.874927359917,-7.027288458885,-12.));
#26 = SURFACE_CURVE('',#27,(#31,#43),.PCURVE_S1.);
#27 = LINE('',#28,#29);
#28 = CARTESIAN_POINT('',(50.429610804181,-6.12326335697,-12.));
#29 = VECTOR('',#30,1.);
#30 = DIRECTION('',(0.992708874098,-0.120536680255,0.));
#31 = PCURVE('',#32,#37);
#32 = PLANE('',#33);
#33 = AXIS2_PLACEMENT_3D('',#34,#35,#36);
#34 = CARTESIAN_POINT('',(0.,0.,-12.));
#35 = DIRECTION('',(0.,0.,1.));
#36 = DIRECTION('',(0.992708874098,-0.120536680255,0.));
#37 = DEFINITIONAL_REPRESENTATION('',(#38),#42);
#38 = LINE('',#39,#40);
#39 = CARTESIAN_POINT('',(50.8,-0.));
#40 = VECTOR('',#41,1.);
#41 = DIRECTION('',(1.,-0.));
#42 = ( GEOMETRIC_REPRESENTATION_CONTEXT(2) 
PARAMETRIC_REPRESENTATION_CONTEXT() REPRESENTATION_CONTEXT('2D SPACE',''
  ) );
#43 = PCURVE('',#44,#49);
#44 = PLANE('',#45);
#45 = AXIS2_PLACEMENT_3D('',#46,#47,#48);
#46 = CARTESIAN_POINT('',(54.400446300573,-6.605410077992,0.));
#47 = DIRECTION('',(-0.120536680255,-0.992708874098,-0.));
#48 = DIRECTION('',(0.,0.,-1.));
#49 = DEFINITIONAL_REPRESENTATION('',(#50),#54);
#50 = LINE('',#51,#52);
#51 = CARTESIAN_POINT('',(12.,-4.));
#52 = VECTOR('',#53,1.);
#53 = DIRECTION('',(0.,1.));
#54 = ( GEOMETRIC_REPRESENTATION_CONTEXT(2) 
PARAMETRIC_REPRESENTATION_CONTEXT() REPRESENTATION_CONTEXT('2D SPACE',''
  ) );
#55 = ORIENTED_EDGE('',*,*,#56,.T.);
#56 = EDGE_CURVE('',#22,#57,#59,.T.);
#57 = VERTEX_POINT('',#58);
#58 = CARTESIAN_POINT('',(50.92596524123,6.183531697098,-12.));
#59 = SURFACE_CURVE('',#60,(#65,#72),.PCURVE_S1.);
#60 = CIRCLE('',#61,51.3);
#61 = AXIS2_PLACEMENT_3D('',#62,#63,#64);
#62 = CARTESIAN_POINT('',(0.,0.,-12.));
#63 = DIRECTION('',(-0.,0.,1.));
#64 = DIRECTION('',(0.992708874098,-0.120536680255,0.));
#65 = PCURVE('',#32,#66);
#66 = DEFINITIONAL_REPRESENTATION('',(#67),#71);
#67 = CIRCLE('',#68,51.3);
#68 = AXIS2_PLACEMENT_2D('',#69,#70);
#69 = CARTESIAN_POINT('',(0.,0.));
#70 = DIRECTION('',(1.,-8.826284665506E-18));
#71 = ( GEOMETRIC_REPRESENTATION_CONTEXT(2) 
PARAMETRIC_REPRESENTATION_CONTEXT() REPRESENTATION_CONTEXT('2D SPACE',''
  ) );
#72 = PCURVE('',#73,#78);
#73 = TOROIDAL_SURFACE('',#74,51.3,0.5);
#74 = AXIS2_PLACEMENT_3D('',#75,#76,#77);
#75 = CARTESIAN_POINT('',(0.,0.,-11.5));
#76 = DIRECTION('',(0.,0.,-1.));
#77 = DIRECTION('',(0.992708874098,-0.120536680255,0.));
#78 = DEFINITIONAL_REPRESENTATION('',(#79),#83);
#79 = LINE('',#80,#81);
#80 = CARTESIAN_POINT('',(-0.,1.570796326795));
#81 = VECTOR('',#82,1.);
#82 = DIRECTION('',(-1.,0.));
#83 = ( GEOMETRIC_REPRESENTATION_CONTEXT(2) 
PARAMETRIC_REPRESENTATION_CONTEXT() REPRESENTATION_CONTEXT('2D SPACE',''
  ) );
#84 = ORIENTED_EDGE('',*,*,#85,.T.);
#85 = EDGE_CURVE('',#57,#86,#88,.T.);
#86 = VERTEX_POINT('',#87);
#87 = CARTESIAN_POINT('',(57.874927359917,7.027288458885,-12.));
#88 = SURFACE_CURVE('',#89,(#93,#100),.PCURVE_S1.);
#89 = LINE('',#90,#91);
#90 = CARTESIAN_POINT('',(50.429610804181,6.12326335697,-12.));
#91 = VECTOR('',#92,1.);
#92 = DIRECTION('',(0.992708874098,0.120536680255,0.));
#93 = PCURVE('',#32,#94);
#94 = DEFINITIONAL_REPRESENTATION('',(#95),#99);
#95 = LINE('',#96,#97);
#96 = CARTESIAN_POINT('',(49.323844325243,12.157235745808));
#97 = VECTOR('',#98,1.);
#98 = DIRECTION('',(0.970941817426,0.239315664288));
#99 = ( GEOMETRIC_REPRESENTATION_CONTEXT(2) 
PARAMETRIC_REPRESENTATION_CONTEXT() REPRESENTATION_CONTEXT('2D SPACE',''
  ) );
#100 = PCURVE('',#101,#106);
#101 = PLANE('',#102);
#102 = AXIS2_PLACEMENT_3D('',#103,#104,#105);
#103 = CARTESIAN_POINT('',(54.400446300573,6.605410077992,0.));
#104 = DIRECTION('',(0.120536680255,-0.992708874098,0.));
#105 = DIRECTION('',(0.,0.,-1.));
#106 = DEFINITIONAL_REPRESENTATION('',(#107),#111);
#107 = LINE('',#108,#109);
#108 = CARTESIAN_POINT('',(12.,-4.));
#109 = VECTOR('',#110,1.);
#110 = DIRECTION('',(0.,1.));
#111 = ( GEOMETRIC_REPRESENTATION_CONTEXT(2) 
PARAMETRIC_REPRESENTATION_CONTEXT() REPRESENTATION_CONTEXT('2D SPACE',''
  ) );
#112 = ORIENTED_EDGE('',*,*,#113,.F.);
#113 = EDGE_CURVE('',#24,#86,#114,.T.);
#114 = SURFACE_CURVE('',#115,(#120,#127),.PCURVE_S1.);
#115 = CIRCLE('',#116,58.3);
#116 = AXIS2_PLACEMENT_3D('',#117,#118,#119);
#117 = CARTESIAN_POINT('',(0.,0.,-12.));
#118 = DIRECTION('',(-0.,0.,1.));
#119 = DIRECTION('',(0.992708874098,-0.120536680255,0.));
#120 = PCURVE('',#32,#121);
#121 = DEFINITIONAL_REPRESENTATION('',(#122),#126);
#122 = CIRCLE('',#123,58.3);
#123 = AXIS2_PLACEMENT_2D('',#124,#125);
#124 = CARTESIAN_POINT('',(0.,0.));
#125 = DIRECTION('',(1.,-6.012949132903E-19));
#126 = ( GEOMETRIC_REPRESENTATION_CONTEXT(2) 
PARAMETRIC_REPRESENTATION_CONTEXT() REPRESENTATION_CONTEXT('2D SPACE',''
  ) );
#127 = PCURVE('',#128,#133);
#128 = TOROIDAL_SURFACE('',#129,58.3,0.5);
#129 = AXIS2_PLACEMENT_3D('',#130,#131,#132);
#130 = CARTESIAN_POINT('',(0.,0.,-11.5));
#131 = DIRECTION('',(-0.,-0.,1.));
#132 = DIRECTION('',(0.992708874098,-0.120536680255,0.));
#133 = DEFINITIONAL_REPRESENTATION('',(#134),#138);
#134 = LINE('',#135,#136);
#135 = CARTESIAN_POINT('',(0.,4.712388980385));
#136 = VECTOR('',#137,1.);
#137 = DIRECTION('',(1.,0.));
#138 = ( GEOMETRIC_REPRESENTATION_CONTEXT(2) 
PARAMETRIC_REPRESENTATION_CONTEXT() REPRESENTATION_CONTEXT('2D SPACE',''
  ) );
#139 = ADVANCED_FACE('',(#140),#44,.T.);
#140 = FACE_BOUND('',#141,.T.);
#141 = EDGE_LOOP('',(#142,#165,#166,#189,#217,#245,#273,#301,#329,#356,
    #382,#408,#436,#462,#488,#514,#542,#568,#594,#620,#648,#674,#702,
    #729));
#142 = ORIENTED_EDGE('',*,*,#143,.F.);
#143 = EDGE_CURVE('',#22,#144,#146,.T.);
#144 = VERTEX_POINT('',#145);
#145 = CARTESIAN_POINT('',(50.429610804181,-6.12326335697,-11.5));
#146 = SURFACE_CURVE('',#147,(#152,#159),.PCURVE_S1.);
#147 = CIRCLE('',#148,0.5);
#148 = AXIS2_PLACEMENT_3D('',#149,#150,#151);
#149 = CARTESIAN_POINT('',(50.92596524123,-6.183531697098,-11.5));
#150 = DIRECTION('',(0.120536680255,0.992708874098,0.));
#151 = DIRECTION('',(0.992708874098,-0.120536680255,0.));
#152 = PCURVE('',#44,#153);
#153 = DEFINITIONAL_REPRESENTATION('',(#154),#158);
#154 = ( BOUNDED_CURVE() B_SPLINE_CURVE(2,(#155,#156,#157),
.UNSPECIFIED.,.F.,.F.) B_SPLINE_CURVE_WITH_KNOTS((3,3),(1.570796326795,
3.14159265359),.PIECEWISE_BEZIER_KNOTS.) CURVE() 
GEOMETRIC_REPRESENTATION_ITEM() RATIONAL_B_SPLINE_CURVE((1.,
0.707106781187,1.)) REPRESENTATION_ITEM('') );
#155 = CARTESIAN_POINT('',(12.,-3.5));
#156 = CARTESIAN_POINT('',(12.,-4.));
#157 = CARTESIAN_POINT('',(11.5,-4.));
#158 = ( GEOMETRIC_REPRESENTATION_CONTEXT(2) 
PARAMETRIC_REPRESENTATION_CONTEXT() REPRESENTATION_CONTEXT('2D SPACE',''
  ) );
#159 = PCURVE('',#73,#160);
#160 = DEFINITIONAL_REPRESENTATION('',(#161),#164);
#161 = B_SPLINE_CURVE_WITH_KNOTS('',1,(#162,#163),.UNSPECIFIED.,.F.,.F.,
  (2,2),(-4.712388980385,-3.14159265359),.PIECEWISE_BEZIER_KNOTS.);
#162 = CARTESIAN_POINT('',(0.,-4.712388980385));
#163 = CARTESIAN_POINT('',(0.,-3.14159265359));
#164 = ( GEOMETRIC_REPRESENTATION_CONTEXT(2) 
PARAMETRIC_REPRESENTATION_CONTEXT() REPRESENTATION_CONTEXT('2D SPACE',''
  ) );
#165 = ORIENTED_EDGE('',*,*,#21,.T.);
#166 = ORIENTED_EDGE('',*,*,#167,.T.);
#167 = EDGE_CURVE('',#24,#168,#170,.T.);
#168 = VERTEX_POINT('',#169);
#169 = CARTESIAN_POINT('',(58.371281796966,-7.087556799013,-11.5));
#170 = SURFACE_CURVE('',#171,(#176,#183),.PCURVE_S1.);
#171 = CIRCLE('',#172,0.5);
#172 = AXIS2_PLACEMENT_3D('',#173,#174,#175);
#173 = CARTESIAN_POINT('',(57.874927359917,-7.027288458885,-11.5));
#174 = DIRECTION('',(-0.120536680255,-0.992708874098,0.));
#175 = DIRECTION('',(0.992708874098,-0.120536680255,0.));
#176 = PCURVE('',#44,#177);
#177 = DEFINITIONAL_REPRESENTATION('',(#178),#182);
#178 = ( BOUNDED_CURVE() B_SPLINE_CURVE(2,(#179,#180,#181),
.UNSPECIFIED.,.F.,.F.) B_SPLINE_CURVE_WITH_KNOTS((3,3),(4.712388980385,
6.28318530718),.PIECEWISE_BEZIER_KNOTS.) CURVE() 
GEOMETRIC_REPRESENTATION_ITEM() RATIONAL_B_SPLINE_CURVE((1.,
0.707106781187,1.)) REPRESENTATION_ITEM('') );
#179 = CARTESIAN_POINT('',(12.,3.5));
#180 = CARTESIAN_POINT('',(12.,4.));
#181 = CARTESIAN_POINT('',(11.5,4.));
#182 = ( GEOMETRIC_REPRESENTATION_CONTEXT(2) 
PARAMETRIC_REPRESENTATION_CONTEXT() REPRESENTATION_CONTEXT('2D SPACE',''
  ) );
#183 = PCURVE('',#128,#184);
#184 = DEFINITIONAL_REPRESENTATION('',(#185),#188);
#185 = B_SPLINE_CURVE_WITH_KNOTS('',1,(#186,#187),.UNSPECIFIED.,.F.,.F.,
  (2,2),(4.712388980385,6.28318530718),.PIECEWISE_BEZIER_KNOTS.);
#186 = CARTESIAN_POINT('',(0.,4.712388980385));
#187 = CARTESIAN_POINT('',(0.,6.28318530718));
#188 = ( GEOMETRIC_REPRESENTATION_CONTEXT(2) 
PARAMETRIC_REPRESENTATION_CONTEXT() REPRESENTATION_CONTEXT('2D SPACE',''
  ) );
#189 = ORIENTED_EDGE('',*,*,#190,.T.);
#190 = EDGE_CURVE('',#168,#191,#193,.T.);
#191 = VERTEX_POINT('',#192);
#192 = CARTESIAN_POINT('',(58.371281796966,-7.087556799013,11.5));
#193 = SURFACE_CURVE('',#194,(#198,#205),.PCURVE_S1.);
#194 = LINE('',#195,#196);
#195 = CARTESIAN_POINT('',(58.371281796966,-7.087556799013,-12.));
#196 = VECTOR('',#197,1.);
#197 = DIRECTION('',(0.,0.,1.));
#198 = PCURVE('',#44,#199);
#199 = DEFINITIONAL_REPRESENTATION('',(#200),#204);
#200 = LINE('',#201,#202);
#201 = CARTESIAN_POINT('',(12.,4.));
#202 = VECTOR('',#203,1.);
#203 = DIRECTION('',(-1.,0.));
#204 = ( GEOMETRIC_REPRESENTATION_CONTEXT(2) 
PARAMETRIC_REPRESENTATION_CONTEXT() REPRESENTATION_CONTEXT('2D SPACE',''
  ) );
#205 = PCURVE('',#206,#211);
#206 = CYLINDRICAL_SURFACE('',#207,58.8);
#207 = AXIS2_PLACEMENT_3D('',#208,#209,#210);
#208 = CARTESIAN_POINT('',(0.,0.,-12.));
#209 = DIRECTION('',(0.,0.,1.));
#210 = DIRECTION('',(0.992708874098,-0.120536680255,0.));
#211 = DEFINITIONAL_REPRESENTATION('',(#212),#216);
#212 = LINE('',#213,#214);
#213 = CARTESIAN_POINT('',(0.,0.));
#214 = VECTOR('',#215,1.);
#215 = DIRECTION('',(0.,1.));
#216 = ( GEOMETRIC_REPRESENTATION_CONTEXT(2) 
PARAMETRIC_REPRESENTATION_CONTEXT() REPRESENTATION_CONTEXT('2D SPACE',''
  ) );
#217 = ORIENTED_EDGE('',*,*,#218,.T.);
#218 = EDGE_CURVE('',#191,#219,#221,.T.);
#219 = VERTEX_POINT('',#220);
#220 = CARTESIAN_POINT('',(57.874927359917,-7.027288458885,12.));
#221 = SURFACE_CURVE('',#222,(#227,#234),.PCURVE_S1.);
#222 = CIRCLE('',#223,0.5);
#223 = AXIS2_PLACEMENT_3D('',#224,#225,#226);
#224 = CARTESIAN_POINT('',(57.874927359917,-7.027288458885,11.5));
#225 = DIRECTION('',(-0.120536680255,-0.992708874098,0.));
#226 = DIRECTION('',(0.992708874098,-0.120536680255,0.));
#227 = PCURVE('',#44,#228);
#228 = DEFINITIONAL_REPRESENTATION('',(#229),#233);
#229 = ( BOUNDED_CURVE() B_SPLINE_CURVE(2,(#230,#231,#232),
.UNSPECIFIED.,.F.,.F.) B_SPLINE_CURVE_WITH_KNOTS((3,3),(
5.935579688195E-18,1.570796326795),.PIECEWISE_BEZIER_KNOTS.) CURVE() 
GEOMETRIC_REPRESENTATION_ITEM() RATIONAL_B_SPLINE_CURVE((1.,
0.707106781187,1.)) REPRESENTATION_ITEM('') );
#230 = CARTESIAN_POINT('',(-11.5,4.));
#231 = CARTESIAN_POINT('',(-12.,4.));
#232 = CARTESIAN_POINT('',(-12.,3.5));
#233 = ( GEOMETRIC_REPRESENTATION_CONTEXT(2) 
PARAMETRIC_REPRESENTATION_CONTEXT() REPRESENTATION_CONTEXT('2D SPACE',''
  ) );
#234 = PCURVE('',#235,#240);
#235 = TOROIDAL_SURFACE('',#236,58.3,0.5);
#236 = AXIS2_PLACEMENT_3D('',#237,#238,#239);
#237 = CARTESIAN_POINT('',(0.,0.,11.5));
#238 = DIRECTION('',(-0.,0.,1.));
#239 = DIRECTION('',(0.992708874098,-0.120536680255,0.));
#240 = DEFINITIONAL_REPRESENTATION('',(#241),#244);
#241 = B_SPLINE_CURVE_WITH_KNOTS('',1,(#242,#243),.UNSPECIFIED.,.F.,.F.,
  (2,2),(5.935579688195E-18,1.570796326795),.PIECEWISE_BEZIER_KNOTS.);
#242 = CARTESIAN_POINT('',(0.,1.137563134171E-17));
#243 = CARTESIAN_POINT('',(0.,1.570796326795));
#244 = ( GEOMETRIC_REPRESENTATION_CONTEXT(2) 
PARAMETRIC_REPRESENTATION_CONTEXT() REPRESENTATION_CONTEXT('2D SPACE',''
  ) );
#245 = ORIENTED_EDGE('',*,*,#246,.T.);
#246 = EDGE_CURVE('',#219,#247,#249,.T.);
#247 = VERTEX_POINT('',#248);
#248 = CARTESIAN_POINT('',(50.92596524123,-6.183531697098,12.));
#249 = SURFACE_CURVE('',#250,(#254,#261),.PCURVE_S1.);
#250 = LINE('',#251,#252);
#251 = CARTESIAN_POINT('',(58.371281796966,-7.087556799013,12.));
#252 = VECTOR('',#253,1.);
#253 = DIRECTION('',(-0.992708874098,0.120536680255,0.));
#254 = PCURVE('',#44,#255);
#255 = DEFINITIONAL_REPRESENTATION('',(#256),#260);
#256 = LINE('',#257,#258);
#257 = CARTESIAN_POINT('',(-12.,4.));
#258 = VECTOR('',#259,1.);
#259 = DIRECTION('',(0.,-1.));
#260 = ( GEOMETRIC_REPRESENTATION_CONTEXT(2) 
PARAMETRIC_REPRESENTATION_CONTEXT() REPRESENTATION_CONTEXT('2D SPACE',''
  ) );
#261 = PCURVE('',#262,#267);
#262 = PLANE('',#263);
#263 = AXIS2_PLACEMENT_3D('',#264,#265,#266);
#264 = CARTESIAN_POINT('',(0.,0.,12.));
#265 = DIRECTION('',(0.,0.,1.));
#266 = DIRECTION('',(0.992708874098,-0.120536680255,0.));
#267 = DEFINITIONAL_REPRESENTATION('',(#268),#272);
#268 = LINE('',#269,#270);
#269 = CARTESIAN_POINT('',(58.8,0.));
#270 = VECTOR('',#271,1.);
#271 = DIRECTION('',(-1.,0.));
#272 = ( GEOMETRIC_REPRESENTATION_CONTEXT(2) 
PARAMETRIC_REPRESENTATION_CONTEXT() REPRESENTATION_CONTEXT('2D SPACE',''
  ) );
#273 = ORIENTED_EDGE('',*,*,#274,.T.);
#274 = EDGE_CURVE('',#247,#275,#277,.T.);
#275 = VERTEX_POINT('',#276);
#276 = CARTESIAN_POINT('',(50.429610804181,-6.12326335697,11.5));
#277 = SURFACE_CURVE('',#278,(#283,#290),.PCURVE_S1.);
#278 = CIRCLE('',#279,0.5);
#279 = AXIS2_PLACEMENT_3D('',#280,#281,#282);
#280 = CARTESIAN_POINT('',(50.92596524123,-6.183531697098,11.5));
#281 = DIRECTION('',(-0.120536680255,-0.992708874098,0.));
#282 = DIRECTION('',(0.992708874098,-0.120536680255,0.));
#283 = PCURVE('',#44,#284);
#284 = DEFINITIONAL_REPRESENTATION('',(#285),#289);
#285 = ( BOUNDED_CURVE() B_SPLINE_CURVE(2,(#286,#287,#288),
.UNSPECIFIED.,.F.,.F.) B_SPLINE_CURVE_WITH_KNOTS((3,3),(1.570796326795,
3.14159265359),.PIECEWISE_BEZIER_KNOTS.) CURVE() 
GEOMETRIC_REPRESENTATION_ITEM() RATIONAL_B_SPLINE_CURVE((1.,
0.707106781187,1.)) REPRESENTATION_ITEM('') );
#286 = CARTESIAN_POINT('',(-12.,-3.5));
#287 = CARTESIAN_POINT('',(-12.,-4.));
#288 = CARTESIAN_POINT('',(-11.5,-4.));
#289 = ( GEOMETRIC_REPRESENTATION_CONTEXT(2) 
PARAMETRIC_REPRESENTATION_CONTEXT() REPRESENTATION_CONTEXT('2D SPACE',''
  ) );
#290 = PCURVE('',#291,#296);
#291 = TOROIDAL_SURFACE('',#292,51.3,0.5);
#292 = AXIS2_PLACEMENT_3D('',#293,#294,#295);
#293 = CARTESIAN_POINT('',(0.,0.,11.5));
#294 = DIRECTION('',(-0.,0.,1.));
#295 = DIRECTION('',(0.992708874098,-0.120536680255,0.));
#296 = DEFINITIONAL_REPRESENTATION('',(#297),#300);
#297 = B_SPLINE_CURVE_WITH_KNOTS('',1,(#298,#299),.UNSPECIFIED.,.F.,.F.,
  (2,2),(1.570796326795,3.14159265359),.PIECEWISE_BEZIER_KNOTS.);
#298 = CARTESIAN_POINT('',(0.,1.570796326795));
#299 = CARTESIAN_POINT('',(0.,3.14159265359));
#300 = ( GEOMETRIC_REPRESENTATION_CONTEXT(2) 
PARAMETRIC_REPRESENTATION_CONTEXT() REPRESENTATION_CONTEXT('2D SPACE',''
  ) );
#301 = ORIENTED_EDGE('',*,*,#302,.T.);
#302 = EDGE_CURVE('',#275,#303,#305,.T.);
#303 = VERTEX_POINT('',#304);
#304 = CARTESIAN_POINT('',(50.429610804181,-6.12326335697,10.1));
#305 = SURFACE_CURVE('',#306,(#310,#317),.PCURVE_S1.);
#306 = LINE('',#307,#308);
#307 = CARTESIAN_POINT('',(50.429610804181,-6.12326335697,12.));
#308 = VECTOR('',#309,1.);
#309 = DIRECTION('',(0.,0.,-1.));
#310 = PCURVE('',#44,#311);
#311 = DEFINITIONAL_REPRESENTATION('',(#312),#316);
#312 = LINE('',#313,#314);
#313 = CARTESIAN_POINT('',(-12.,-4.));
#314 = VECTOR('',#315,1.);
#315 = DIRECTION('',(1.,0.));
#316 = ( GEOMETRIC_REPRESENTATION_CONTEXT(2) 
PARAMETRIC_REPRESENTATION_CONTEXT() REPRESENTATION_CONTEXT('2D SPACE',''
  ) );
#317 = PCURVE('',#318,#323);
#318 = CYLINDRICAL_SURFACE('',#319,50.8);
#319 = AXIS2_PLACEMENT_3D('',#320,#321,#322);
#320 = CARTESIAN_POINT('',(0.,0.,12.));
#321 = DIRECTION('',(-0.,0.,-1.));
#322 = DIRECTION('',(0.992708874098,-0.120536680255,0.));
#323 = DEFINITIONAL_REPRESENTATION('',(#324),#328);
#324 = LINE('',#325,#326);
#325 = CARTESIAN_POINT('',(-0.,0.));
#326 = VECTOR('',#327,1.);
#327 = DIRECTION('',(-0.,1.));
#328 = ( GEOMETRIC_REPRESENTATION_CONTEXT(2) 
PARAMETRIC_REPRESENTATION_CONTEXT() REPRESENTATION_CONTEXT('2D SPACE',''
  ) );
#329 = ORIENTED_EDGE('',*,*,#330,.F.);
#330 = EDGE_CURVE('',#331,#303,#333,.T.);
#331 = VERTEX_POINT('',#332);
#332 = CARTESIAN_POINT('',(55.393155174671,-6.725946758247,10.1));
#333 = SURFACE_CURVE('',#334,(#338,#344),.PCURVE_S1.);
#334 = LINE('',#335,#336);
#335 = CARTESIAN_POINT('',(27.200223150287,-3.302705038996,10.1));
#336 = VECTOR('',#337,1.);
#337 = DIRECTION('',(-0.992708874098,0.120536680255,0.));
#338 = PCURVE('',#44,#339);
#339 = DEFINITIONAL_REPRESENTATION('',(#340),#343);
#340 = B_SPLINE_CURVE_WITH_KNOTS('',1,(#341,#342),.UNSPECIFIED.,.F.,.F.,
  (2,2),(-28.8098329691,-23.4),.PIECEWISE_BEZIER_KNOTS.);
#341 = CARTESIAN_POINT('',(-10.1,1.409832969105));
#342 = CARTESIAN_POINT('',(-10.1,-4.));
#343 = ( GEOMETRIC_REPRESENTATION_CONTEXT(2) 
PARAMETRIC_REPRESENTATION_CONTEXT() REPRESENTATION_CONTEXT('2D SPACE',''
  ) );
#344 = PCURVE('',#345,#350);
#345 = PLANE('',#346);
#346 = AXIS2_PLACEMENT_3D('',#347,#348,#349);
#347 = CARTESIAN_POINT('',(0.,0.,10.1));
#348 = DIRECTION('',(0.,0.,1.));
#349 = DIRECTION('',(0.970941817426,-0.239315664288,0.));
#350 = DEFINITIONAL_REPRESENTATION('',(#351),#355);
#351 = LINE('',#352,#353);
#352 = CARTESIAN_POINT('',(27.200223150287,3.302705038996));
#353 = VECTOR('',#354,1.);
#354 = DIRECTION('',(-0.992708874098,-0.120536680255));
#355 = ( GEOMETRIC_REPRESENTATION_CONTEXT(2) 
PARAMETRIC_REPRESENTATION_CONTEXT() REPRESENTATION_CONTEXT('2D SPACE',''
  ) );
#356 = ORIENTED_EDGE('',*,*,#357,.F.);
#357 = EDGE_CURVE('',#358,#331,#360,.T.);
#358 = VERTEX_POINT('',#359);
#359 = CARTESIAN_POINT('',(55.393155174671,-6.725946758247,9.6));
#360 = SURFACE_CURVE('',#361,(#365,#371),.PCURVE_S1.);
#361 = LINE('',#362,#363);
#362 = CARTESIAN_POINT('',(55.393155174671,-6.725946758247,9.6));
#363 = VECTOR('',#364,1.);
#364 = DIRECTION('',(0.,0.,1.));
#365 = PCURVE('',#44,#366);
#366 = DEFINITIONAL_REPRESENTATION('',(#367),#370);
#367 = B_SPLINE_CURVE_WITH_KNOTS('',1,(#368,#369),.UNSPECIFIED.,.F.,.F.,
  (2,2),(-5.999999999062E-07,0.5000006),.PIECEWISE_BEZIER_KNOTS.);
#368 = CARTESIAN_POINT('',(-9.5999994,1.));
#369 = CARTESIAN_POINT('',(-10.1000006,1.));
#370 = ( GEOMETRIC_REPRESENTATION_CONTEXT(2) 
PARAMETRIC_REPRESENTATION_CONTEXT() REPRESENTATION_CONTEXT('2D SPACE',''
  ) );
#371 = PCURVE('',#372,#377);
#372 = CYLINDRICAL_SURFACE('',#373,55.8);
#373 = AXIS2_PLACEMENT_3D('',#374,#375,#376);
#374 = CARTESIAN_POINT('',(0.,0.,9.6));
#375 = DIRECTION('',(0.,0.,1.));
#376 = DIRECTION('',(0.970941817426,-0.239315664288,0.));
#377 = DEFINITIONAL_REPRESENTATION('',(#378),#381);
#378 = B_SPLINE_CURVE_WITH_KNOTS('',1,(#379,#380),.UNSPECIFIED.,.F.,.F.,
  (2,2),(-5.999999999062E-07,0.5000006),.PIECEWISE_BEZIER_KNOTS.);
#379 = CARTESIAN_POINT('',(0.120830486677,-5.999999999062E-07));
#380 = CARTESIAN_POINT('',(0.120830486677,0.5000006));
#381 = ( GEOMETRIC_REPRESENTATION_CONTEXT(2) 
PARAMETRIC_REPRESENTATION_CONTEXT() REPRESENTATION_CONTEXT('2D SPACE',''
  ) );
#382 = ORIENTED_EDGE('',*,*,#383,.F.);
#383 = EDGE_CURVE('',#384,#358,#386,.T.);
#384 = VERTEX_POINT('',#385);
#385 = CARTESIAN_POINT('',(50.429610804181,-6.12326335697,9.6));
#386 = SURFACE_CURVE('',#387,(#391,#397),.PCURVE_S1.);
#387 = LINE('',#388,#389);
#388 = CARTESIAN_POINT('',(27.200223150287,-3.302705038996,9.6));
#389 = VECTOR('',#390,1.);
#390 = DIRECTION('',(0.992708874098,-0.120536680255,0.));
#391 = PCURVE('',#44,#392);
#392 = DEFINITIONAL_REPRESENTATION('',(#393),#396);
#393 = B_SPLINE_CURVE_WITH_KNOTS('',1,(#394,#395),.UNSPECIFIED.,.F.,.F.,
  (2,2),(23.4,28.809832969105),.PIECEWISE_BEZIER_KNOTS.);
#394 = CARTESIAN_POINT('',(-9.6,-4.));
#395 = CARTESIAN_POINT('',(-9.6,1.409832969105));
#396 = ( GEOMETRIC_REPRESENTATION_CONTEXT(2) 
PARAMETRIC_REPRESENTATION_CONTEXT() REPRESENTATION_CONTEXT('2D SPACE',''
  ) );
#397 = PCURVE('',#398,#403);
#398 = PLANE('',#399);
#399 = AXIS2_PLACEMENT_3D('',#400,#401,#402);
#400 = CARTESIAN_POINT('',(0.,0.,9.6));
#401 = DIRECTION('',(0.,0.,1.));
#402 = DIRECTION('',(0.970941817426,-0.239315664288,0.));
#403 = DEFINITIONAL_REPRESENTATION('',(#404),#407);
#404 = B_SPLINE_CURVE_WITH_KNOTS('',1,(#405,#406),.UNSPECIFIED.,.F.,.F.,
  (2,2),(23.4,28.809832969105),.PIECEWISE_BEZIER_KNOTS.);
#405 = CARTESIAN_POINT('',(50.429610804181,6.12326335697));
#406 = CARTESIAN_POINT('',(55.8,6.775346663802));
#407 = ( GEOMETRIC_REPRESENTATION_CONTEXT(2) 
PARAMETRIC_REPRESENTATION_CONTEXT() REPRESENTATION_CONTEXT('2D SPACE',''
  ) );
#408 = ORIENTED_EDGE('',*,*,#409,.T.);
#409 = EDGE_CURVE('',#384,#410,#412,.T.);
#410 = VERTEX_POINT('',#411);
#411 = CARTESIAN_POINT('',(50.429610804181,-6.12326335697,6.65));
#412 = SURFACE_CURVE('',#413,(#417,#424),.PCURVE_S1.);
#413 = LINE('',#414,#415);
#414 = CARTESIAN_POINT('',(50.429610804181,-6.12326335697,12.));
#415 = VECTOR('',#416,1.);
#416 = DIRECTION('',(0.,0.,-1.));
#417 = PCURVE('',#44,#418);
#418 = DEFINITIONAL_REPRESENTATION('',(#419),#423);
#419 = LINE('',#420,#421);
#420 = CARTESIAN_POINT('',(-12.,-4.));
#421 = VECTOR('',#422,1.);
#422 = DIRECTION('',(1.,0.));
#423 = ( GEOMETRIC_REPRESENTATION_CONTEXT(2) 
PARAMETRIC_REPRESENTATION_CONTEXT() REPRESENTATION_CONTEXT('2D SPACE',''
  ) );
#424 = PCURVE('',#425,#430);
#425 = CYLINDRICAL_SURFACE('',#426,50.8);
#426 = AXIS2_PLACEMENT_3D('',#427,#428,#429);
#427 = CARTESIAN_POINT('',(0.,0.,12.));
#428 = DIRECTION('',(-0.,0.,-1.));
#429 = DIRECTION('',(0.992708874098,-0.120536680255,0.));
#430 = DEFINITIONAL_REPRESENTATION('',(#431),#435);
#431 = LINE('',#432,#433);
#432 = CARTESIAN_POINT('',(-0.,0.));
#433 = VECTOR('',#434,1.);
#434 = DIRECTION('',(-0.,1.));
#435 = ( GEOMETRIC_REPRESENTATION_CONTEXT(2) 
PARAMETRIC_REPRESENTATION_CONTEXT() REPRESENTATION_CONTEXT('2D SPACE',''
  ) );
#436 = ORIENTED_EDGE('',*,*,#437,.F.);
#437 = EDGE_CURVE('',#438,#410,#440,.T.);
#438 = VERTEX_POINT('',#439);
#439 = CARTESIAN_POINT('',(55.393155174671,-6.725946758247,6.65));
#440 = SURFACE_CURVE('',#441,(#445,#451),.PCURVE_S1.);
#441 = LINE('',#442,#443);
#442 = CARTESIAN_POINT('',(27.200223150287,-3.302705038996,6.65));
#443 = VECTOR('',#444,1.);
#444 = DIRECTION('',(-0.992708874098,0.120536680255,0.));
#445 = PCURVE('',#44,#446);
#446 = DEFINITIONAL_REPRESENTATION('',(#447),#450);
#447 = B_SPLINE_CURVE_WITH_KNOTS('',1,(#448,#449),.UNSPECIFIED.,.F.,.F.,
  (2,2),(-28.8098329691,-23.4),.PIECEWISE_BEZIER_KNOTS.);
#448 = CARTESIAN_POINT('',(-6.65,1.409832969105));
#449 = CARTESIAN_POINT('',(-6.65,-4.));
#450 = ( GEOMETRIC_REPRESENTATION_CONTEXT(2) 
PARAMETRIC_REPRESENTATION_CONTEXT() REPRESENTATION_CONTEXT('2D SPACE',''
  ) );
#451 = PCURVE('',#452,#457);
#452 = PLANE('',#453);
#453 = AXIS2_PLACEMENT_3D('',#454,#455,#456);
#454 = CARTESIAN_POINT('',(0.,0.,6.65));
#455 = DIRECTION('',(0.,0.,1.));
#456 = DIRECTION('',(0.970941817426,-0.239315664288,0.));
#457 = DEFINITIONAL_REPRESENTATION('',(#458),#461);
#458 = B_SPLINE_CURVE_WITH_KNOTS('',1,(#459,#460),.UNSPECIFIED.,.F.,.F.,
  (2,2),(-28.8098329691,-23.4),.PIECEWISE_BEZIER_KNOTS.);
#459 = CARTESIAN_POINT('',(55.8,6.775346663802));
#460 = CARTESIAN_POINT('',(50.429610804181,6.12326335697));
#461 = ( GEOMETRIC_REPRESENTATION_CONTEXT(2) 
PARAMETRIC_REPRESENTATION_CONTEXT() REPRESENTATION_CONTEXT('2D SPACE',''
  ) );
#462 = ORIENTED_EDGE('',*,*,#463,.F.);
#463 = EDGE_CURVE('',#464,#438,#466,.T.);
#464 = VERTEX_POINT('',#465);
#465 = CARTESIAN_POINT('',(55.393155174671,-6.725946758247,2.95));
#466 = SURFACE_CURVE('',#467,(#471,#477),.PCURVE_S1.);
#467 = LINE('',#468,#469);
#468 = CARTESIAN_POINT('',(55.393155174671,-6.725946758247,2.95));
#469 = VECTOR('',#470,1.);
#470 = DIRECTION('',(0.,0.,1.));
#471 = PCURVE('',#44,#472);
#472 = DEFINITIONAL_REPRESENTATION('',(#473),#476);
#473 = B_SPLINE_CURVE_WITH_KNOTS('',1,(#474,#475),.UNSPECIFIED.,.F.,.F.,
  (2,2),(-5.999999999062E-07,3.7000006),.PIECEWISE_BEZIER_KNOTS.);
#474 = CARTESIAN_POINT('',(-2.9499994,1.));
#475 = CARTESIAN_POINT('',(-6.6500006,1.));
#476 = ( GEOMETRIC_REPRESENTATION_CONTEXT(2) 
PARAMETRIC_REPRESENTATION_CONTEXT() REPRESENTATION_CONTEXT('2D SPACE',''
  ) );
#477 = PCURVE('',#478,#483);
#478 = CYLINDRICAL_SURFACE('',#479,55.8);
#479 = AXIS2_PLACEMENT_3D('',#480,#481,#482);
#480 = CARTESIAN_POINT('',(0.,0.,2.95));
#481 = DIRECTION('',(0.,0.,1.));
#482 = DIRECTION('',(0.970941817426,-0.239315664288,0.));
#483 = DEFINITIONAL_REPRESENTATION('',(#484),#487);
#484 = B_SPLINE_CURVE_WITH_KNOTS('',1,(#485,#486),.UNSPECIFIED.,.F.,.F.,
  (2,2),(-5.999999999062E-07,3.7000006),.PIECEWISE_BEZIER_KNOTS.);
#485 = CARTESIAN_POINT('',(0.120830486677,-5.999999999062E-07));
#486 = CARTESIAN_POINT('',(0.120830486677,3.7000006));
#487 = ( GEOMETRIC_REPRESENTATION_CONTEXT(2) 
PARAMETRIC_REPRESENTATION_CONTEXT() REPRESENTATION_CONTEXT('2D SPACE',''
  ) );
#488 = ORIENTED_EDGE('',*,*,#489,.F.);
#489 = EDGE_CURVE('',#490,#464,#492,.T.);
#490 = VERTEX_POINT('',#491);
#491 = CARTESIAN_POINT('',(50.429610804181,-6.12326335697,2.95));
#492 = SURFACE_CURVE('',#493,(#497,#503),.PCURVE_S1.);
#493 = LINE('',#494,#495);
#494 = CARTESIAN_POINT('',(27.200223150287,-3.302705038996,2.95));
#495 = VECTOR('',#496,1.);
#496 = DIRECTION('',(0.992708874098,-0.120536680255,0.));
#497 = PCURVE('',#44,#498);
#498 = DEFINITIONAL_REPRESENTATION('',(#499),#502);
#499 = B_SPLINE_CURVE_WITH_KNOTS('',1,(#500,#501),.UNSPECIFIED.,.F.,.F.,
  (2,2),(23.4,28.809832969105),.PIECEWISE_BEZIER_KNOTS.);
#500 = CARTESIAN_POINT('',(-2.95,-4.));
#501 = CARTESIAN_POINT('',(-2.95,1.409832969105));
#502 = ( GEOMETRIC_REPRESENTATION_CONTEXT(2) 
PARAMETRIC_REPRESENTATION_CONTEXT() REPRESENTATION_CONTEXT('2D SPACE',''
  ) );
#503 = PCURVE('',#504,#509);
#504 = PLANE('',#505);
#505 = AXIS2_PLACEMENT_3D('',#506,#507,#508);
#506 = CARTESIAN_POINT('',(0.,0.,2.95));
#507 = DIRECTION('',(0.,0.,1.));
#508 = DIRECTION('',(0.970941817426,-0.239315664288,0.));
#509 = DEFINITIONAL_REPRESENTATION('',(#510),#513);
#510 = B_SPLINE_CURVE_WITH_KNOTS('',1,(#511,#512),.UNSPECIFIED.,.F.,.F.,
  (2,2),(23.4,28.809832969105),.PIECEWISE_BEZIER_KNOTS.);
#511 = CARTESIAN_POINT('',(50.429610804181,6.12326335697));
#512 = CARTESIAN_POINT('',(55.8,6.775346663802));
#513 = ( GEOMETRIC_REPRESENTATION_CONTEXT(2) 
PARAMETRIC_REPRESENTATION_CONTEXT() REPRESENTATION_CONTEXT('2D SPACE',''
  ) );
#514 = ORIENTED_EDGE('',*,*,#515,.T.);
#515 = EDGE_CURVE('',#490,#516,#518,.T.);
#516 = VERTEX_POINT('',#517);
#517 = CARTESIAN_POINT('',(50.429610804181,-6.12326335697,0.25));
#518 = SURFACE_CURVE('',#519,(#523,#530),.PCURVE_S1.);
#519 = LINE('',#520,#521);
#520 = CARTESIAN_POINT('',(50.429610804181,-6.12326335697,12.));
#521 = VECTOR('',#522,1.);
#522 = DIRECTION('',(0.,0.,-1.));
#523 = PCURVE('',#44,#524);
#524 = DEFINITIONAL_REPRESENTATION('',(#525),#529);
#525 = LINE('',#526,#527);
#526 = CARTESIAN_POINT('',(-12.,-4.));
#527 = VECTOR('',#528,1.);
#528 = DIRECTION('',(1.,0.));
#529 = ( GEOMETRIC_REPRESENTATION_CONTEXT(2) 
PARAMETRIC_REPRESENTATION_CONTEXT() REPRESENTATION_CONTEXT('2D SPACE',''
  ) );
#530 = PCURVE('',#531,#536);
#531 = CYLINDRICAL_SURFACE('',#532,50.8);
#532 = AXIS2_PLACEMENT_3D('',#533,#534,#535);
#533 = CARTESIAN_POINT('',(0.,0.,12.));
#534 = DIRECTION('',(-0.,0.,-1.));
#535 = DIRECTION('',(0.992708874098,-0.120536680255,0.));
#536 = DEFINITIONAL_REPRESENTATION('',(#537),#541);
#537 = LINE('',#538,#539);
#538 = CARTESIAN_POINT('',(-0.,0.));
#539 = VECTOR('',#540,1.);
#540 = DIRECTION('',(-0.,1.));
#541 = ( GEOMETRIC_REPRESENTATION_CONTEXT(2) 
PARAMETRIC_REPRESENTATION_CONTEXT() REPRESENTATION_CONTEXT('2D SPACE',''
  ) );
#542 = ORIENTED_EDGE('',*,*,#543,.F.);
#543 = EDGE_CURVE('',#544,#516,#546,.T.);
#544 = VERTEX_POINT('',#545);
#545 = CARTESIAN_POINT('',(55.393155174671,-6.725946758247,0.25));
#546 = SURFACE_CURVE('',#547,(#551,#557),.PCURVE_S1.);
#547 = LINE('',#548,#549);
#548 = CARTESIAN_POINT('',(27.200223150287,-3.302705038996,0.25));
#549 = VECTOR('',#550,1.);
#550 = DIRECTION('',(-0.992708874098,0.120536680255,0.));
#551 = PCURVE('',#44,#552);
#552 = DEFINITIONAL_REPRESENTATION('',(#553),#556);
#553 = B_SPLINE_CURVE_WITH_KNOTS('',1,(#554,#555),.UNSPECIFIED.,.F.,.F.,
  (2,2),(-28.8098329691,-23.4),.PIECEWISE_BEZIER_KNOTS.);
#554 = CARTESIAN_POINT('',(-0.25,1.409832969105));
#555 = CARTESIAN_POINT('',(-0.25,-4.));
#556 = ( GEOMETRIC_REPRESENTATION_CONTEXT(2) 
PARAMETRIC_REPRESENTATION_CONTEXT() REPRESENTATION_CONTEXT('2D SPACE',''
  ) );
#557 = PCURVE('',#558,#563);
#558 = PLANE('',#559);
#559 = AXIS2_PLACEMENT_3D('',#560,#561,#562);
#560 = CARTESIAN_POINT('',(0.,0.,0.25));
#561 = DIRECTION('',(0.,0.,1.));
#562 = DIRECTION('',(0.970941817426,-0.239315664288,0.));
#563 = DEFINITIONAL_REPRESENTATION('',(#564),#567);
#564 = B_SPLINE_CURVE_WITH_KNOTS('',1,(#565,#566),.UNSPECIFIED.,.F.,.F.,
  (2,2),(-28.8098329691,-23.4),.PIECEWISE_BEZIER_KNOTS.);
#565 = CARTESIAN_POINT('',(55.8,6.775346663802));
#566 = CARTESIAN_POINT('',(50.429610804181,6.12326335697));
#567 = ( GEOMETRIC_REPRESENTATION_CONTEXT(2) 
PARAMETRIC_REPRESENTATION_CONTEXT() REPRESENTATION_CONTEXT('2D SPACE',''
  ) );
#568 = ORIENTED_EDGE('',*,*,#569,.F.);
#569 = EDGE_CURVE('',#570,#544,#572,.T.);
#570 = VERTEX_POINT('',#571);
#571 = CARTESIAN_POINT('',(55.393155174671,-6.725946758247,-3.45));
#572 = SURFACE_CURVE('',#573,(#577,#583),.PCURVE_S1.);
#573 = LINE('',#574,#575);
#574 = CARTESIAN_POINT('',(55.393155174671,-6.725946758247,-3.45));
#575 = VECTOR('',#576,1.);
#576 = DIRECTION('',(0.,0.,1.));
#577 = PCURVE('',#44,#578);
#578 = DEFINITIONAL_REPRESENTATION('',(#579),#582);
#579 = B_SPLINE_CURVE_WITH_KNOTS('',1,(#580,#581),.UNSPECIFIED.,.F.,.F.,
  (2,2),(-5.999999999062E-07,3.7000006),.PIECEWISE_BEZIER_KNOTS.);
#580 = CARTESIAN_POINT('',(3.4500006,1.));
#581 = CARTESIAN_POINT('',(-0.2500006,1.));
#582 = ( GEOMETRIC_REPRESENTATION_CONTEXT(2) 
PARAMETRIC_REPRESENTATION_CONTEXT() REPRESENTATION_CONTEXT('2D SPACE',''
  ) );
#583 = PCURVE('',#584,#589);
#584 = CYLINDRICAL_SURFACE('',#585,55.8);
#585 = AXIS2_PLACEMENT_3D('',#586,#587,#588);
#586 = CARTESIAN_POINT('',(0.,0.,-3.45));
#587 = DIRECTION('',(0.,0.,1.));
#588 = DIRECTION('',(0.970941817426,-0.239315664288,0.));
#589 = DEFINITIONAL_REPRESENTATION('',(#590),#593);
#590 = B_SPLINE_CURVE_WITH_KNOTS('',1,(#591,#592),.UNSPECIFIED.,.F.,.F.,
  (2,2),(-5.999999999062E-07,3.7000006),.PIECEWISE_BEZIER_KNOTS.);
#591 = CARTESIAN_POINT('',(0.120830486677,-5.999999999062E-07));
#592 = CARTESIAN_POINT('',(0.120830486677,3.7000006));
#593 = ( GEOMETRIC_REPRESENTATION_CONTEXT(2) 
PARAMETRIC_REPRESENTATION_CONTEXT() REPRESENTATION_CONTEXT('2D SPACE',''
  ) );
#594 = ORIENTED_EDGE('',*,*,#595,.F.);
#595 = EDGE_CURVE('',#596,#570,#598,.T.);
#596 = VERTEX_POINT('',#597);
#597 = CARTESIAN_POINT('',(50.429610804181,-6.12326335697,-3.45));
#598 = SURFACE_CURVE('',#599,(#603,#609),.PCURVE_S1.);
#599 = LINE('',#600,#601);
#600 = CARTESIAN_POINT('',(27.200223150287,-3.302705038996,-3.45));
#601 = VECTOR('',#602,1.);
#602 = DIRECTION('',(0.992708874098,-0.120536680255,0.));
#603 = PCURVE('',#44,#604);
#604 = DEFINITIONAL_REPRESENTATION('',(#605),#608);
#605 = B_SPLINE_CURVE_WITH_KNOTS('',1,(#606,#607),.UNSPECIFIED.,.F.,.F.,
  (2,2),(23.4,28.809832969105),.PIECEWISE_BEZIER_KNOTS.);
#606 = CARTESIAN_POINT('',(3.45,-4.));
#607 = CARTESIAN_POINT('',(3.45,1.409832969105));
#608 = ( GEOMETRIC_REPRESENTATION_CONTEXT(2) 
PARAMETRIC_REPRESENTATION_CONTEXT() REPRESENTATION_CONTEXT('2D SPACE',''
  ) );
#609 = PCURVE('',#610,#615);
#610 = PLANE('',#611);
#611 = AXIS2_PLACEMENT_3D('',#612,#613,#614);
#612 = CARTESIAN_POINT('',(0.,0.,-3.45));
#613 = DIRECTION('',(0.,0.,1.));
#614 = DIRECTION('',(0.970941817426,-0.239315664288,0.));
#615 = DEFINITIONAL_REPRESENTATION('',(#616),#619);
#616 = B_SPLINE_CURVE_WITH_KNOTS('',1,(#617,#618),.UNSPECIFIED.,.F.,.F.,
  (2,2),(23.4,28.809832969105),.PIECEWISE_BEZIER_KNOTS.);
#617 = CARTESIAN_POINT('',(50.429610804181,6.12326335697));
#618 = CARTESIAN_POINT('',(55.8,6.775346663802));
#619 = ( GEOMETRIC_REPRESENTATION_CONTEXT(2) 
PARAMETRIC_REPRESENTATION_CONTEXT() REPRESENTATION_CONTEXT('2D SPACE',''
  ) );
#620 = ORIENTED_EDGE('',*,*,#621,.T.);
#621 = EDGE_CURVE('',#596,#622,#624,.T.);
#622 = VERTEX_POINT('',#623);
#623 = CARTESIAN_POINT('',(50.429610804181,-6.12326335697,-6.15));
#624 = SURFACE_CURVE('',#625,(#629,#636),.PCURVE_S1.);
#625 = LINE('',#626,#627);
#626 = CARTESIAN_POINT('',(50.429610804181,-6.12326335697,12.));
#627 = VECTOR('',#628,1.);
#628 = DIRECTION('',(0.,0.,-1.));
#629 = PCURVE('',#44,#630);
#630 = DEFINITIONAL_REPRESENTATION('',(#631),#635);
#631 = LINE('',#632,#633);
#632 = CARTESIAN_POINT('',(-12.,-4.));
#633 = VECTOR('',#634,1.);
#634 = DIRECTION('',(1.,0.));
#635 = ( GEOMETRIC_REPRESENTATION_CONTEXT(2) 
PARAMETRIC_REPRESENTATION_CONTEXT() REPRESENTATION_CONTEXT('2D SPACE',''
  ) );
#636 = PCURVE('',#637,#642);
#637 = CYLINDRICAL_SURFACE('',#638,50.8);
#638 = AXIS2_PLACEMENT_3D('',#639,#640,#641);
#639 = CARTESIAN_POINT('',(0.,0.,12.));
#640 = DIRECTION('',(-0.,0.,-1.));
#641 = DIRECTION('',(0.992708874098,-0.120536680255,0.));
#642 = DEFINITIONAL_REPRESENTATION('',(#643),#647);
#643 = LINE('',#644,#645);
#644 = CARTESIAN_POINT('',(-0.,0.));
#645 = VECTOR('',#646,1.);
#646 = DIRECTION('',(-0.,1.));
#647 = ( GEOMETRIC_REPRESENTATION_CONTEXT(2) 
PARAMETRIC_REPRESENTATION_CONTEXT() REPRESENTATION_CONTEXT('2D SPACE',''
  ) );
#648 = ORIENTED_EDGE('',*,*,#649,.F.);
#649 = EDGE_CURVE('',#650,#622,#652,.T.);
#650 = VERTEX_POINT('',#651);
#651 = CARTESIAN_POINT('',(55.393155174671,-6.725946758247,-6.15));
#652 = SURFACE_CURVE('',#653,(#657,#663),.PCURVE_S1.);
#653 = LINE('',#654,#655);
#654 = CARTESIAN_POINT('',(27.200223150287,-3.302705038996,-6.15));
#655 = VECTOR('',#656,1.);
#656 = DIRECTION('',(-0.992708874098,0.120536680255,0.));
#657 = PCURVE('',#44,#658);
#658 = DEFINITIONAL_REPRESENTATION('',(#659),#662);
#659 = B_SPLINE_CURVE_WITH_KNOTS('',1,(#660,#661),.UNSPECIFIED.,.F.,.F.,
  (2,2),(-28.8098329691,-23.4),.PIECEWISE_BEZIER_KNOTS.);
#660 = CARTESIAN_POINT('',(6.15,1.409832969105));
#661 = CARTESIAN_POINT('',(6.15,-4.));
#662 = ( GEOMETRIC_REPRESENTATION_CONTEXT(2) 
PARAMETRIC_REPRESENTATION_CONTEXT() REPRESENTATION_CONTEXT('2D SPACE',''
  ) );
#663 = PCURVE('',#664,#669);
#664 = PLANE('',#665);
#665 = AXIS2_PLACEMENT_3D('',#666,#667,#668);
#666 = CARTESIAN_POINT('',(0.,0.,-6.15));
#667 = DIRECTION('',(0.,0.,1.));
#668 = DIRECTION('',(0.970941817426,-0.239315664288,0.));
#669 = DEFINITIONAL_REPRESENTATION('',(#670),#673);
#670 = B_SPLINE_CURVE_WITH_KNOTS('',1,(#671,#672),.UNSPECIFIED.,.F.,.F.,
  (2,2),(-28.8098329691,-23.4),.PIECEWISE_BEZIER_KNOTS.);
#671 = CARTESIAN_POINT('',(55.8,6.775346663802));
#672 = CARTESIAN_POINT('',(50.429610804181,6.12326335697));
#673 = ( GEOMETRIC_REPRESENTATION_CONTEXT(2) 
PARAMETRIC_REPRESENTATION_CONTEXT() REPRESENTATION_CONTEXT('2D SPACE',''
  ) );
#674 = ORIENTED_EDGE('',*,*,#675,.T.);
#675 = EDGE_CURVE('',#650,#676,#678,.T.);
#676 = VERTEX_POINT('',#677);
#677 = CARTESIAN_POINT('',(55.393155174671,-6.725946758247,-10.1));
#678 = SURFACE_CURVE('',#679,(#683,#690),.PCURVE_S1.);
#679 = LINE('',#680,#681);
#680 = CARTESIAN_POINT('',(55.393155174671,-6.725946758247,-6.15));
#681 = VECTOR('',#682,1.);
#682 = DIRECTION('',(0.,0.,-1.));
#683 = PCURVE('',#44,#684);
#684 = DEFINITIONAL_REPRESENTATION('',(#685),#689);
#685 = LINE('',#686,#687);
#686 = CARTESIAN_POINT('',(6.15,1.));
#687 = VECTOR('',#688,1.);
#688 = DIRECTION('',(1.,0.));
#689 = ( GEOMETRIC_REPRESENTATION_CONTEXT(2) 
PARAMETRIC_REPRESENTATION_CONTEXT() REPRESENTATION_CONTEXT('2D SPACE',''
  ) );
#690 = PCURVE('',#691,#696);
#691 = CYLINDRICAL_SURFACE('',#692,55.8);
#692 = AXIS2_PLACEMENT_3D('',#693,#694,#695);
#693 = CARTESIAN_POINT('',(0.,0.,-10.1));
#694 = DIRECTION('',(0.,0.,1.));
#695 = DIRECTION('',(0.970941817426,-0.239315664288,0.));
#696 = DEFINITIONAL_REPRESENTATION('',(#697),#701);
#697 = LINE('',#698,#699);
#698 = CARTESIAN_POINT('',(0.120830486677,3.95));
#699 = VECTOR('',#700,1.);
#700 = DIRECTION('',(-0.,-1.));
#701 = ( GEOMETRIC_REPRESENTATION_CONTEXT(2) 
PARAMETRIC_REPRESENTATION_CONTEXT() REPRESENTATION_CONTEXT('2D SPACE',''
  ) );
#702 = ORIENTED_EDGE('',*,*,#703,.F.);
#703 = EDGE_CURVE('',#704,#676,#706,.T.);
#704 = VERTEX_POINT('',#705);
#705 = CARTESIAN_POINT('',(50.429610804181,-6.12326335697,-10.1));
#706 = SURFACE_CURVE('',#707,(#711,#717),.PCURVE_S1.);
#707 = LINE('',#708,#709);
#708 = CARTESIAN_POINT('',(27.200223150287,-3.302705038996,-10.1));
#709 = VECTOR('',#710,1.);
#710 = DIRECTION('',(0.992708874098,-0.120536680255,0.));
#711 = PCURVE('',#44,#712);
#712 = DEFINITIONAL_REPRESENTATION('',(#713),#716);
#713 = B_SPLINE_CURVE_WITH_KNOTS('',1,(#714,#715),.UNSPECIFIED.,.F.,.F.,
  (2,2),(23.4,28.809832969105),.PIECEWISE_BEZIER_KNOTS.);
#714 = CARTESIAN_POINT('',(10.1,-4.));
#715 = CARTESIAN_POINT('',(10.1,1.409832969105));
#716 = ( GEOMETRIC_REPRESENTATION_CONTEXT(2) 
PARAMETRIC_REPRESENTATION_CONTEXT() REPRESENTATION_CONTEXT('2D SPACE',''
  ) );
#717 = PCURVE('',#718,#723);
#718 = PLANE('',#719);
#719 = AXIS2_PLACEMENT_3D('',#720,#721,#722);
#720 = CARTESIAN_POINT('',(0.,0.,-10.1));
#721 = DIRECTION('',(0.,0.,1.));
#722 = DIRECTION('',(0.970941817426,-0.239315664288,-0.));
#723 = DEFINITIONAL_REPRESENTATION('',(#724),#728);
#724 = LINE('',#725,#726);
#725 = CARTESIAN_POINT('',(27.200223150287,3.302705038996));
#726 = VECTOR('',#727,1.);
#727 = DIRECTION('',(0.992708874098,0.120536680255));
#728 = ( GEOMETRIC_REPRESENTATION_CONTEXT(2) 
PARAMETRIC_REPRESENTATION_CONTEXT() REPRESENTATION_CONTEXT('2D SPACE',''
  ) );
#729 = ORIENTED_EDGE('',*,*,#730,.T.);
#730 = EDGE_CURVE('',#704,#144,#731,.T.);
#731 = SURFACE_CURVE('',#732,(#736,#743),.PCURVE_S1.);
#732 = LINE('',#733,#734);
#733 = CARTESIAN_POINT('',(50.429610804181,-6.12326335697,12.));
#734 = VECTOR('',#735,1.);
#735 = DIRECTION('',(0.,0.,-1.));
#736 = PCURVE('',#44,#737);
#737 = DEFINITIONAL_REPRESENTATION('',(#738),#742);
#738 = LINE('',#739,#740);
#739 = CARTESIAN_POINT('',(-12.,-4.));
#740 = VECTOR('',#741,1.);
#741 = DIRECTION('',(1.,0.));
#742 = ( GEOMETRIC_REPRESENTATION_CONTEXT(2) 
PARAMETRIC_REPRESENTATION_CONTEXT() REPRESENTATION_CONTEXT('2D SPACE',''
  ) );
#743 = PCURVE('',#744,#749);
#744 = CYLINDRICAL_SURFACE('',#745,50.8);
#745 = AXIS2_PLACEMENT_3D('',#746,#747,#748);
#746 = CARTESIAN_POINT('',(0.,0.,12.));
#747 = DIRECTION('',(-0.,0.,-1.));
#748 = DIRECTION('',(0.992708874098,-0.120536680255,0.));
#749 = DEFINITIONAL_REPRESENTATION('',(#750),#754);
#750 = LINE('',#751,#752);
#751 = CARTESIAN_POINT('',(-0.,0.));
#752 = VECTOR('',#753,1.);
#753 = DIRECTION('',(-0.,1.));
#754 = ( GEOMETRIC_REPRESENTATION_CONTEXT(2) 
PARAMETRIC_REPRESENTATION_CONTEXT() REPRESENTATION_CONTEXT('2D SPACE',''
  ) );
#755 = ADVANCED_FACE('',(#756),#73,.T.);
#756 = FACE_BOUND('',#757,.F.);
#757 = EDGE_LOOP('',(#758,#759,#760,#783));
#758 = ORIENTED_EDGE('',*,*,#143,.F.);
#759 = ORIENTED_EDGE('',*,*,#56,.T.);
#760 = ORIENTED_EDGE('',*,*,#761,.T.);
#761 = EDGE_CURVE('',#57,#762,#764,.T.);
#762 = VERTEX_POINT('',#763);
#763 = CARTESIAN_POINT('',(50.429610804181,6.12326335697,-11.5));
#764 = SURFACE_CURVE('',#765,(#770,#776),.PCURVE_S1.);
#765 = CIRCLE('',#766,0.5);
#766 = AXIS2_PLACEMENT_3D('',#767,#768,#769);
#767 = CARTESIAN_POINT('',(50.92596524123,6.183531697098,-11.5));
#768 = DIRECTION('',(-0.120536680255,0.992708874098,0.));
#769 = DIRECTION('',(0.992708874098,0.120536680255,0.));
#770 = PCURVE('',#73,#771);
#771 = DEFINITIONAL_REPRESENTATION('',(#772),#775);
#772 = B_SPLINE_CURVE_WITH_KNOTS('',1,(#773,#774),.UNSPECIFIED.,.F.,.F.,
  (2,2),(-4.712388980385,-3.14159265359),.PIECEWISE_BEZIER_KNOTS.);
#773 = CARTESIAN_POINT('',(-0.241660973353,-4.712388980385));
#774 = CARTESIAN_POINT('',(-0.241660973353,-3.14159265359));
#775 = ( GEOMETRIC_REPRESENTATION_CONTEXT(2) 
PARAMETRIC_REPRESENTATION_CONTEXT() REPRESENTATION_CONTEXT('2D SPACE',''
  ) );
#776 = PCURVE('',#101,#777);
#777 = DEFINITIONAL_REPRESENTATION('',(#778),#782);
#778 = ( BOUNDED_CURVE() B_SPLINE_CURVE(2,(#779,#780,#781),
.UNSPECIFIED.,.F.,.F.) B_SPLINE_CURVE_WITH_KNOTS((3,3),(1.570796326795,
3.14159265359),.PIECEWISE_BEZIER_KNOTS.) CURVE() 
GEOMETRIC_REPRESENTATION_ITEM() RATIONAL_B_SPLINE_CURVE((1.,
0.707106781187,1.)) REPRESENTATION_ITEM('') );
#779 = CARTESIAN_POINT('',(12.,-3.5));
#780 = CARTESIAN_POINT('',(12.,-4.));
#781 = CARTESIAN_POINT('',(11.5,-4.));
#782 = ( GEOMETRIC_REPRESENTATION_CONTEXT(2) 
PARAMETRIC_REPRESENTATION_CONTEXT() REPRESENTATION_CONTEXT('2D SPACE',''
  ) );
#783 = ORIENTED_EDGE('',*,*,#784,.F.);
#784 = EDGE_CURVE('',#144,#762,#785,.T.);
#785 = SURFACE_CURVE('',#786,(#791,#798),.PCURVE_S1.);
#786 = CIRCLE('',#787,50.8);
#787 = AXIS2_PLACEMENT_3D('',#788,#789,#790);
#788 = CARTESIAN_POINT('',(0.,0.,-11.5));
#789 = DIRECTION('',(-0.,0.,1.));
#790 = DIRECTION('',(0.992708874098,-0.120536680255,0.));
#791 = PCURVE('',#73,#792);
#792 = DEFINITIONAL_REPRESENTATION('',(#793),#797);
#793 = LINE('',#794,#795);
#794 = CARTESIAN_POINT('',(-0.,3.14159265359));
#795 = VECTOR('',#796,1.);
#796 = DIRECTION('',(-1.,0.));
#797 = ( GEOMETRIC_REPRESENTATION_CONTEXT(2) 
PARAMETRIC_REPRESENTATION_CONTEXT() REPRESENTATION_CONTEXT('2D SPACE',''
  ) );
#798 = PCURVE('',#744,#799);
#799 = DEFINITIONAL_REPRESENTATION('',(#800),#804);
#800 = LINE('',#801,#802);
#801 = CARTESIAN_POINT('',(-0.,23.5));
#802 = VECTOR('',#803,1.);
#803 = DIRECTION('',(-1.,0.));
#804 = ( GEOMETRIC_REPRESENTATION_CONTEXT(2) 
PARAMETRIC_REPRESENTATION_CONTEXT() REPRESENTATION_CONTEXT('2D SPACE',''
  ) );
#805 = ADVANCED_FACE('',(#806),#128,.T.);
#806 = FACE_BOUND('',#807,.T.);
#807 = EDGE_LOOP('',(#808,#809,#810,#833));
#808 = ORIENTED_EDGE('',*,*,#167,.F.);
#809 = ORIENTED_EDGE('',*,*,#113,.T.);
#810 = ORIENTED_EDGE('',*,*,#811,.T.);
#811 = EDGE_CURVE('',#86,#812,#814,.T.);
#812 = VERTEX_POINT('',#813);
#813 = CARTESIAN_POINT('',(58.371281796966,7.087556799013,-11.5));
#814 = SURFACE_CURVE('',#815,(#820,#826),.PCURVE_S1.);
#815 = CIRCLE('',#816,0.5);
#816 = AXIS2_PLACEMENT_3D('',#817,#818,#819);
#817 = CARTESIAN_POINT('',(57.874927359917,7.027288458885,-11.5));
#818 = DIRECTION('',(0.120536680255,-0.992708874098,0.));
#819 = DIRECTION('',(0.992708874098,0.120536680255,0.));
#820 = PCURVE('',#128,#821);
#821 = DEFINITIONAL_REPRESENTATION('',(#822),#825);
#822 = B_SPLINE_CURVE_WITH_KNOTS('',1,(#823,#824),.UNSPECIFIED.,.F.,.F.,
  (2,2),(4.712388980385,6.28318530718),.PIECEWISE_BEZIER_KNOTS.);
#823 = CARTESIAN_POINT('',(0.241660973353,4.712388980385));
#824 = CARTESIAN_POINT('',(0.241660973353,6.28318530718));
#825 = ( GEOMETRIC_REPRESENTATION_CONTEXT(2) 
PARAMETRIC_REPRESENTATION_CONTEXT() REPRESENTATION_CONTEXT('2D SPACE',''
  ) );
#826 = PCURVE('',#101,#827);
#827 = DEFINITIONAL_REPRESENTATION('',(#828),#832);
#828 = ( BOUNDED_CURVE() B_SPLINE_CURVE(2,(#829,#830,#831),
.UNSPECIFIED.,.F.,.F.) B_SPLINE_CURVE_WITH_KNOTS((3,3),(4.712388980385,
6.28318530718),.PIECEWISE_BEZIER_KNOTS.) CURVE() 
GEOMETRIC_REPRESENTATION_ITEM() RATIONAL_B_SPLINE_CURVE((1.,
0.707106781187,1.)) REPRESENTATION_ITEM('') );
#829 = CARTESIAN_POINT('',(12.,3.5));
#830 = CARTESIAN_POINT('',(12.,4.));
#831 = CARTESIAN_POINT('',(11.5,4.));
#832 = ( GEOMETRIC_REPRESENTATION_CONTEXT(2) 
PARAMETRIC_REPRESENTATION_CONTEXT() REPRESENTATION_CONTEXT('2D SPACE',''
  ) );
#833 = ORIENTED_EDGE('',*,*,#834,.F.);
#834 = EDGE_CURVE('',#168,#812,#835,.T.);
#835 = SURFACE_CURVE('',#836,(#841,#848),.PCURVE_S1.);
#836 = CIRCLE('',#837,58.8);
#837 = AXIS2_PLACEMENT_3D('',#838,#839,#840);
#838 = CARTESIAN_POINT('',(0.,0.,-11.5));
#839 = DIRECTION('',(-0.,0.,1.));
#840 = DIRECTION('',(0.992708874098,-0.120536680255,0.));
#841 = PCURVE('',#128,#842);
#842 = DEFINITIONAL_REPRESENTATION('',(#843),#847);
#843 = LINE('',#844,#845);
#844 = CARTESIAN_POINT('',(0.,6.28318530718));
#845 = VECTOR('',#846,1.);
#846 = DIRECTION('',(1.,0.));
#847 = ( GEOMETRIC_REPRESENTATION_CONTEXT(2) 
PARAMETRIC_REPRESENTATION_CONTEXT() REPRESENTATION_CONTEXT('2D SPACE',''
  ) );
#848 = PCURVE('',#206,#849);
#849 = DEFINITIONAL_REPRESENTATION('',(#850),#854);
#850 = LINE('',#851,#852);
#851 = CARTESIAN_POINT('',(9.506098634974E-18,0.5));
#852 = VECTOR('',#853,1.);
#853 = DIRECTION('',(1.,0.));
#854 = ( GEOMETRIC_REPRESENTATION_CONTEXT(2) 
PARAMETRIC_REPRESENTATION_CONTEXT() REPRESENTATION_CONTEXT('2D SPACE',''
  ) );
#855 = ADVANCED_FACE('',(#856),#101,.F.);
#856 = FACE_BOUND('',#857,.F.);
#857 = EDGE_LOOP('',(#858,#859,#860,#861,#884,#907,#930,#953,#976,#998,
    #1021,#1047,#1075,#1101,#1127,#1153,#1181,#1207,#1233,#1259,#1287,
    #1313,#1334,#1356));
#858 = ORIENTED_EDGE('',*,*,#761,.F.);
#859 = ORIENTED_EDGE('',*,*,#85,.T.);
#860 = ORIENTED_EDGE('',*,*,#811,.T.);
#861 = ORIENTED_EDGE('',*,*,#862,.T.);
#862 = EDGE_CURVE('',#812,#863,#865,.T.);
#863 = VERTEX_POINT('',#864);
#864 = CARTESIAN_POINT('',(58.371281796966,7.087556799013,11.5));
#865 = SURFACE_CURVE('',#866,(#870,#877),.PCURVE_S1.);
#866 = LINE('',#867,#868);
#867 = CARTESIAN_POINT('',(58.371281796966,7.087556799013,-12.));
#868 = VECTOR('',#869,1.);
#869 = DIRECTION('',(0.,0.,1.));
#870 = PCURVE('',#101,#871);
#871 = DEFINITIONAL_REPRESENTATION('',(#872),#876);
#872 = LINE('',#873,#874);
#873 = CARTESIAN_POINT('',(12.,4.));
#874 = VECTOR('',#875,1.);
#875 = DIRECTION('',(-1.,0.));
#876 = ( GEOMETRIC_REPRESENTATION_CONTEXT(2) 
PARAMETRIC_REPRESENTATION_CONTEXT() REPRESENTATION_CONTEXT('2D SPACE',''
  ) );
#877 = PCURVE('',#206,#878);
#878 = DEFINITIONAL_REPRESENTATION('',(#879),#883);
#879 = LINE('',#880,#881);
#880 = CARTESIAN_POINT('',(0.241660973353,0.));
#881 = VECTOR('',#882,1.);
#882 = DIRECTION('',(0.,1.));
#883 = ( GEOMETRIC_REPRESENTATION_CONTEXT(2) 
PARAMETRIC_REPRESENTATION_CONTEXT() REPRESENTATION_CONTEXT('2D SPACE',''
  ) );
#884 = ORIENTED_EDGE('',*,*,#885,.T.);
#885 = EDGE_CURVE('',#863,#886,#888,.T.);
#886 = VERTEX_POINT('',#887);
#887 = CARTESIAN_POINT('',(57.874927359917,7.027288458885,12.));
#888 = SURFACE_CURVE('',#889,(#894,#901),.PCURVE_S1.);
#889 = CIRCLE('',#890,0.5);
#890 = AXIS2_PLACEMENT_3D('',#891,#892,#893);
#891 = CARTESIAN_POINT('',(57.874927359917,7.027288458885,11.5));
#892 = DIRECTION('',(0.120536680255,-0.992708874098,0.));
#893 = DIRECTION('',(0.992708874098,0.120536680255,0.));
#894 = PCURVE('',#101,#895);
#895 = DEFINITIONAL_REPRESENTATION('',(#896),#900);
#896 = ( BOUNDED_CURVE() B_SPLINE_CURVE(2,(#897,#898,#899),
.UNSPECIFIED.,.F.,.F.) B_SPLINE_CURVE_WITH_KNOTS((3,3),(
5.935579688195E-18,1.570796326795),.PIECEWISE_BEZIER_KNOTS.) CURVE() 
GEOMETRIC_REPRESENTATION_ITEM() RATIONAL_B_SPLINE_CURVE((1.,
0.707106781187,1.)) REPRESENTATION_ITEM('') );
#897 = CARTESIAN_POINT('',(-11.5,4.));
#898 = CARTESIAN_POINT('',(-12.,4.));
#899 = CARTESIAN_POINT('',(-12.,3.5));
#900 = ( GEOMETRIC_REPRESENTATION_CONTEXT(2) 
PARAMETRIC_REPRESENTATION_CONTEXT() REPRESENTATION_CONTEXT('2D SPACE',''
  ) );
#901 = PCURVE('',#235,#902);
#902 = DEFINITIONAL_REPRESENTATION('',(#903),#906);
#903 = B_SPLINE_CURVE_WITH_KNOTS('',1,(#904,#905),.UNSPECIFIED.,.F.,.F.,
  (2,2),(5.935579688195E-18,1.570796326795),.PIECEWISE_BEZIER_KNOTS.);
#904 = CARTESIAN_POINT('',(0.241660973353,1.427213114435E-17));
#905 = CARTESIAN_POINT('',(0.241660973353,1.570796326795));
#906 = ( GEOMETRIC_REPRESENTATION_CONTEXT(2) 
PARAMETRIC_REPRESENTATION_CONTEXT() REPRESENTATION_CONTEXT('2D SPACE',''
  ) );
#907 = ORIENTED_EDGE('',*,*,#908,.T.);
#908 = EDGE_CURVE('',#886,#909,#911,.T.);
#909 = VERTEX_POINT('',#910);
#910 = CARTESIAN_POINT('',(50.92596524123,6.183531697098,12.));
#911 = SURFACE_CURVE('',#912,(#916,#923),.PCURVE_S1.);
#912 = LINE('',#913,#914);
#913 = CARTESIAN_POINT('',(58.371281796966,7.087556799013,12.));
#914 = VECTOR('',#915,1.);
#915 = DIRECTION('',(-0.992708874098,-0.120536680255,0.));
#916 = PCURVE('',#101,#917);
#917 = DEFINITIONAL_REPRESENTATION('',(#918),#922);
#918 = LINE('',#919,#920);
#919 = CARTESIAN_POINT('',(-12.,4.));
#920 = VECTOR('',#921,1.);
#921 = DIRECTION('',(0.,-1.));
#922 = ( GEOMETRIC_REPRESENTATION_CONTEXT(2) 
PARAMETRIC_REPRESENTATION_CONTEXT() REPRESENTATION_CONTEXT('2D SPACE',''
  ) );
#923 = PCURVE('',#262,#924);
#924 = DEFINITIONAL_REPRESENTATION('',(#925),#929);
#925 = LINE('',#926,#927);
#926 = CARTESIAN_POINT('',(57.091378864652,14.071761060108));
#927 = VECTOR('',#928,1.);
#928 = DIRECTION('',(-0.970941817426,-0.239315664288));
#929 = ( GEOMETRIC_REPRESENTATION_CONTEXT(2) 
PARAMETRIC_REPRESENTATION_CONTEXT() REPRESENTATION_CONTEXT('2D SPACE',''
  ) );
#930 = ORIENTED_EDGE('',*,*,#931,.T.);
#931 = EDGE_CURVE('',#909,#932,#934,.T.);
#932 = VERTEX_POINT('',#933);
#933 = CARTESIAN_POINT('',(50.429610804181,6.12326335697,11.5));
#934 = SURFACE_CURVE('',#935,(#940,#947),.PCURVE_S1.);
#935 = CIRCLE('',#936,0.5);
#936 = AXIS2_PLACEMENT_3D('',#937,#938,#939);
#937 = CARTESIAN_POINT('',(50.92596524123,6.183531697098,11.5));
#938 = DIRECTION('',(0.120536680255,-0.992708874098,0.));
#939 = DIRECTION('',(0.992708874098,0.120536680255,0.));
#940 = PCURVE('',#101,#941);
#941 = DEFINITIONAL_REPRESENTATION('',(#942),#946);
#942 = ( BOUNDED_CURVE() B_SPLINE_CURVE(2,(#943,#944,#945),
.UNSPECIFIED.,.F.,.F.) B_SPLINE_CURVE_WITH_KNOTS((3,3),(1.570796326795,
3.14159265359),.PIECEWISE_BEZIER_KNOTS.) CURVE() 
GEOMETRIC_REPRESENTATION_ITEM() RATIONAL_B_SPLINE_CURVE((1.,
0.707106781187,1.)) REPRESENTATION_ITEM('') );
#943 = CARTESIAN_POINT('',(-12.,-3.5));
#944 = CARTESIAN_POINT('',(-12.,-4.));
#945 = CARTESIAN_POINT('',(-11.5,-4.));
#946 = ( GEOMETRIC_REPRESENTATION_CONTEXT(2) 
PARAMETRIC_REPRESENTATION_CONTEXT() REPRESENTATION_CONTEXT('2D SPACE',''
  ) );
#947 = PCURVE('',#291,#948);
#948 = DEFINITIONAL_REPRESENTATION('',(#949),#952);
#949 = B_SPLINE_CURVE_WITH_KNOTS('',1,(#950,#951),.UNSPECIFIED.,.F.,.F.,
  (2,2),(1.570796326795,3.14159265359),.PIECEWISE_BEZIER_KNOTS.);
#950 = CARTESIAN_POINT('',(0.241660973353,1.570796326795));
#951 = CARTESIAN_POINT('',(0.241660973353,3.14159265359));
#952 = ( GEOMETRIC_REPRESENTATION_CONTEXT(2) 
PARAMETRIC_REPRESENTATION_CONTEXT() REPRESENTATION_CONTEXT('2D SPACE',''
  ) );
#953 = ORIENTED_EDGE('',*,*,#954,.T.);
#954 = EDGE_CURVE('',#932,#955,#957,.T.);
#955 = VERTEX_POINT('',#956);
#956 = CARTESIAN_POINT('',(50.429610804181,6.12326335697,10.1));
#957 = SURFACE_CURVE('',#958,(#962,#969),.PCURVE_S1.);
#958 = LINE('',#959,#960);
#959 = CARTESIAN_POINT('',(50.429610804181,6.12326335697,12.));
#960 = VECTOR('',#961,1.);
#961 = DIRECTION('',(0.,0.,-1.));
#962 = PCURVE('',#101,#963);
#963 = DEFINITIONAL_REPRESENTATION('',(#964),#968);
#964 = LINE('',#965,#966);
#965 = CARTESIAN_POINT('',(-12.,-4.));
#966 = VECTOR('',#967,1.);
#967 = DIRECTION('',(1.,0.));
#968 = ( GEOMETRIC_REPRESENTATION_CONTEXT(2) 
PARAMETRIC_REPRESENTATION_CONTEXT() REPRESENTATION_CONTEXT('2D SPACE',''
  ) );
#969 = PCURVE('',#318,#970);
#970 = DEFINITIONAL_REPRESENTATION('',(#971),#975);
#971 = LINE('',#972,#973);
#972 = CARTESIAN_POINT('',(-0.241660973353,0.));
#973 = VECTOR('',#974,1.);
#974 = DIRECTION('',(-0.,1.));
#975 = ( GEOMETRIC_REPRESENTATION_CONTEXT(2) 
PARAMETRIC_REPRESENTATION_CONTEXT() REPRESENTATION_CONTEXT('2D SPACE',''
  ) );
#976 = ORIENTED_EDGE('',*,*,#977,.F.);
#977 = EDGE_CURVE('',#978,#955,#980,.T.);
#978 = VERTEX_POINT('',#979);
#979 = CARTESIAN_POINT('',(55.393155174671,6.725946758247,10.1));
#980 = SURFACE_CURVE('',#981,(#985,#991),.PCURVE_S1.);
#981 = LINE('',#982,#983);
#982 = CARTESIAN_POINT('',(27.200223150287,3.302705038996,10.1));
#983 = VECTOR('',#984,1.);
#984 = DIRECTION('',(-0.992708874098,-0.120536680255,0.));
#985 = PCURVE('',#101,#986);
#986 = DEFINITIONAL_REPRESENTATION('',(#987),#990);
#987 = B_SPLINE_CURVE_WITH_KNOTS('',1,(#988,#989),.UNSPECIFIED.,.F.,.F.,
  (2,2),(-28.8098329691,-23.4),.PIECEWISE_BEZIER_KNOTS.);
#988 = CARTESIAN_POINT('',(-10.1,1.409832969105));
#989 = CARTESIAN_POINT('',(-10.1,-4.));
#990 = ( GEOMETRIC_REPRESENTATION_CONTEXT(2) 
PARAMETRIC_REPRESENTATION_CONTEXT() REPRESENTATION_CONTEXT('2D SPACE',''
  ) );
#991 = PCURVE('',#345,#992);
#992 = DEFINITIONAL_REPRESENTATION('',(#993),#997);
#993 = LINE('',#994,#995);
#994 = CARTESIAN_POINT('',(25.61944504958,9.716173904965));
#995 = VECTOR('',#996,1.);
#996 = DIRECTION('',(-0.935016242685,-0.354604887043));
#997 = ( GEOMETRIC_REPRESENTATION_CONTEXT(2) 
PARAMETRIC_REPRESENTATION_CONTEXT() REPRESENTATION_CONTEXT('2D SPACE',''
  ) );
#998 = ORIENTED_EDGE('',*,*,#999,.F.);
#999 = EDGE_CURVE('',#1000,#978,#1002,.T.);
#1000 = VERTEX_POINT('',#1001);
#1001 = CARTESIAN_POINT('',(55.393155174671,6.725946758247,6.15));
#1002 = SURFACE_CURVE('',#1003,(#1007,#1014),.PCURVE_S1.);
#1003 = LINE('',#1004,#1005);
#1004 = CARTESIAN_POINT('',(55.393155174671,6.725946758247,6.15));
#1005 = VECTOR('',#1006,1.);
#1006 = DIRECTION('',(0.,0.,1.));
#1007 = PCURVE('',#101,#1008);
#1008 = DEFINITIONAL_REPRESENTATION('',(#1009),#1013);
#1009 = LINE('',#1010,#1011);
#1010 = CARTESIAN_POINT('',(-6.15,1.));
#1011 = VECTOR('',#1012,1.);
#1012 = DIRECTION('',(-1.,0.));
#1013 = ( GEOMETRIC_REPRESENTATION_CONTEXT(2) 
PARAMETRIC_REPRESENTATION_CONTEXT() REPRESENTATION_CONTEXT('2D SPACE',''
  ) );
#1014 = PCURVE('',#372,#1015);
#1015 = DEFINITIONAL_REPRESENTATION('',(#1016),#1020);
#1016 = LINE('',#1017,#1018);
#1017 = CARTESIAN_POINT('',(0.36249146003,-3.45));
#1018 = VECTOR('',#1019,1.);
#1019 = DIRECTION('',(0.,1.));
#1020 = ( GEOMETRIC_REPRESENTATION_CONTEXT(2) 
PARAMETRIC_REPRESENTATION_CONTEXT() REPRESENTATION_CONTEXT('2D SPACE',''
  ) );
#1021 = ORIENTED_EDGE('',*,*,#1022,.F.);
#1022 = EDGE_CURVE('',#1023,#1000,#1025,.T.);
#1023 = VERTEX_POINT('',#1024);
#1024 = CARTESIAN_POINT('',(50.429610804181,6.12326335697,6.15));
#1025 = SURFACE_CURVE('',#1026,(#1030,#1036),.PCURVE_S1.);
#1026 = LINE('',#1027,#1028);
#1027 = CARTESIAN_POINT('',(27.200223150287,3.302705038996,6.15));
#1028 = VECTOR('',#1029,1.);
#1029 = DIRECTION('',(0.992708874098,0.120536680255,-0.));
#1030 = PCURVE('',#101,#1031);
#1031 = DEFINITIONAL_REPRESENTATION('',(#1032),#1035);
#1032 = B_SPLINE_CURVE_WITH_KNOTS('',1,(#1033,#1034),.UNSPECIFIED.,.F.,
  .F.,(2,2),(23.4,28.809832969105),.PIECEWISE_BEZIER_KNOTS.);
#1033 = CARTESIAN_POINT('',(-6.15,-4.));
#1034 = CARTESIAN_POINT('',(-6.15,1.409832969105));
#1035 = ( GEOMETRIC_REPRESENTATION_CONTEXT(2) 
PARAMETRIC_REPRESENTATION_CONTEXT() REPRESENTATION_CONTEXT('2D SPACE',''
  ) );
#1036 = PCURVE('',#1037,#1042);
#1037 = PLANE('',#1038);
#1038 = AXIS2_PLACEMENT_3D('',#1039,#1040,#1041);
#1039 = CARTESIAN_POINT('',(0.,0.,6.15));
#1040 = DIRECTION('',(0.,0.,1.));
#1041 = DIRECTION('',(1.,0.,0.));
#1042 = DEFINITIONAL_REPRESENTATION('',(#1043),#1046);
#1043 = B_SPLINE_CURVE_WITH_KNOTS('',1,(#1044,#1045),.UNSPECIFIED.,.F.,
  .F.,(2,2),(23.4,28.809832969105),.PIECEWISE_BEZIER_KNOTS.);
#1044 = CARTESIAN_POINT('',(50.429610804181,6.12326335697));
#1045 = CARTESIAN_POINT('',(55.8,6.775346663802));
#1046 = ( GEOMETRIC_REPRESENTATION_CONTEXT(2) 
PARAMETRIC_REPRESENTATION_CONTEXT() REPRESENTATION_CONTEXT('2D SPACE',''
  ) );
#1047 = ORIENTED_EDGE('',*,*,#1048,.T.);
#1048 = EDGE_CURVE('',#1023,#1049,#1051,.T.);
#1049 = VERTEX_POINT('',#1050);
#1050 = CARTESIAN_POINT('',(50.429610804181,6.12326335697,3.45));
#1051 = SURFACE_CURVE('',#1052,(#1056,#1063),.PCURVE_S1.);
#1052 = LINE('',#1053,#1054);
#1053 = CARTESIAN_POINT('',(50.429610804181,6.12326335697,12.));
#1054 = VECTOR('',#1055,1.);
#1055 = DIRECTION('',(0.,0.,-1.));
#1056 = PCURVE('',#101,#1057);
#1057 = DEFINITIONAL_REPRESENTATION('',(#1058),#1062);
#1058 = LINE('',#1059,#1060);
#1059 = CARTESIAN_POINT('',(-12.,-4.));
#1060 = VECTOR('',#1061,1.);
#1061 = DIRECTION('',(1.,0.));
#1062 = ( GEOMETRIC_REPRESENTATION_CONTEXT(2) 
PARAMETRIC_REPRESENTATION_CONTEXT() REPRESENTATION_CONTEXT('2D SPACE',''
  ) );
#1063 = PCURVE('',#1064,#1069);
#1064 = CYLINDRICAL_SURFACE('',#1065,50.8);
#1065 = AXIS2_PLACEMENT_3D('',#1066,#1067,#1068);
#1066 = CARTESIAN_POINT('',(0.,0.,12.));
#1067 = DIRECTION('',(-0.,0.,-1.));
#1068 = DIRECTION('',(0.992708874098,-0.120536680255,0.));
#1069 = DEFINITIONAL_REPRESENTATION('',(#1070),#1074);
#1070 = LINE('',#1071,#1072);
#1071 = CARTESIAN_POINT('',(-0.241660973353,0.));
#1072 = VECTOR('',#1073,1.);
#1073 = DIRECTION('',(-0.,1.));
#1074 = ( GEOMETRIC_REPRESENTATION_CONTEXT(2) 
PARAMETRIC_REPRESENTATION_CONTEXT() REPRESENTATION_CONTEXT('2D SPACE',''
  ) );
#1075 = ORIENTED_EDGE('',*,*,#1076,.F.);
#1076 = EDGE_CURVE('',#1077,#1049,#1079,.T.);
#1077 = VERTEX_POINT('',#1078);
#1078 = CARTESIAN_POINT('',(55.393155174671,6.725946758247,3.45));
#1079 = SURFACE_CURVE('',#1080,(#1084,#1090),.PCURVE_S1.);
#1080 = LINE('',#1081,#1082);
#1081 = CARTESIAN_POINT('',(27.200223150287,3.302705038996,3.45));
#1082 = VECTOR('',#1083,1.);
#1083 = DIRECTION('',(-0.992708874098,-0.120536680255,0.));
#1084 = PCURVE('',#101,#1085);
#1085 = DEFINITIONAL_REPRESENTATION('',(#1086),#1089);
#1086 = B_SPLINE_CURVE_WITH_KNOTS('',1,(#1087,#1088),.UNSPECIFIED.,.F.,
  .F.,(2,2),(-28.8098329691,-23.4),.PIECEWISE_BEZIER_KNOTS.);
#1087 = CARTESIAN_POINT('',(-3.45,1.409832969105));
#1088 = CARTESIAN_POINT('',(-3.45,-4.));
#1089 = ( GEOMETRIC_REPRESENTATION_CONTEXT(2) 
PARAMETRIC_REPRESENTATION_CONTEXT() REPRESENTATION_CONTEXT('2D SPACE',''
  ) );
#1090 = PCURVE('',#1091,#1096);
#1091 = PLANE('',#1092);
#1092 = AXIS2_PLACEMENT_3D('',#1093,#1094,#1095);
#1093 = CARTESIAN_POINT('',(0.,0.,3.45));
#1094 = DIRECTION('',(0.,0.,1.));
#1095 = DIRECTION('',(1.,0.,0.));
#1096 = DEFINITIONAL_REPRESENTATION('',(#1097),#1100);
#1097 = B_SPLINE_CURVE_WITH_KNOTS('',1,(#1098,#1099),.UNSPECIFIED.,.F.,
  .F.,(2,2),(-28.8098329691,-23.4),.PIECEWISE_BEZIER_KNOTS.);
#1098 = CARTESIAN_POINT('',(55.8,6.775346663802));
#1099 = CARTESIAN_POINT('',(50.429610804181,6.12326335697));
#1100 = ( GEOMETRIC_REPRESENTATION_CONTEXT(2) 
PARAMETRIC_REPRESENTATION_CONTEXT() REPRESENTATION_CONTEXT('2D SPACE',''
  ) );
#1101 = ORIENTED_EDGE('',*,*,#1102,.F.);
#1102 = EDGE_CURVE('',#1103,#1077,#1105,.T.);
#1103 = VERTEX_POINT('',#1104);
#1104 = CARTESIAN_POINT('',(55.393155174671,6.725946758247,-0.25));
#1105 = SURFACE_CURVE('',#1106,(#1110,#1116),.PCURVE_S1.);
#1106 = LINE('',#1107,#1108);
#1107 = CARTESIAN_POINT('',(55.393155174671,6.725946758247,-0.25));
#1108 = VECTOR('',#1109,1.);
#1109 = DIRECTION('',(0.,0.,1.));
#1110 = PCURVE('',#101,#1111);
#1111 = DEFINITIONAL_REPRESENTATION('',(#1112),#1115);
#1112 = B_SPLINE_CURVE_WITH_KNOTS('',1,(#1113,#1114),.UNSPECIFIED.,.F.,
  .F.,(2,2),(-6.000000000173E-07,3.7000006),.PIECEWISE_BEZIER_KNOTS.);
#1113 = CARTESIAN_POINT('',(0.2500006,1.));
#1114 = CARTESIAN_POINT('',(-3.4500006,1.));
#1115 = ( GEOMETRIC_REPRESENTATION_CONTEXT(2) 
PARAMETRIC_REPRESENTATION_CONTEXT() REPRESENTATION_CONTEXT('2D SPACE',''
  ) );
#1116 = PCURVE('',#1117,#1122);
#1117 = CYLINDRICAL_SURFACE('',#1118,55.8);
#1118 = AXIS2_PLACEMENT_3D('',#1119,#1120,#1121);
#1119 = CARTESIAN_POINT('',(0.,0.,-0.25));
#1120 = DIRECTION('',(0.,0.,1.));
#1121 = DIRECTION('',(1.,0.,0.));
#1122 = DEFINITIONAL_REPRESENTATION('',(#1123),#1126);
#1123 = B_SPLINE_CURVE_WITH_KNOTS('',1,(#1124,#1125),.UNSPECIFIED.,.F.,
  .F.,(2,2),(-6.000000000173E-07,3.7000006),.PIECEWISE_BEZIER_KNOTS.);
#1124 = CARTESIAN_POINT('',(0.120830486677,-6.000000000173E-07));
#1125 = CARTESIAN_POINT('',(0.120830486677,3.7000006));
#1126 = ( GEOMETRIC_REPRESENTATION_CONTEXT(2) 
PARAMETRIC_REPRESENTATION_CONTEXT() REPRESENTATION_CONTEXT('2D SPACE',''
  ) );
#1127 = ORIENTED_EDGE('',*,*,#1128,.F.);
#1128 = EDGE_CURVE('',#1129,#1103,#1131,.T.);
#1129 = VERTEX_POINT('',#1130);
#1130 = CARTESIAN_POINT('',(50.429610804181,6.12326335697,-0.25));
#1131 = SURFACE_CURVE('',#1132,(#1136,#1142),.PCURVE_S1.);
#1132 = LINE('',#1133,#1134);
#1133 = CARTESIAN_POINT('',(27.200223150287,3.302705038996,-0.25));
#1134 = VECTOR('',#1135,1.);
#1135 = DIRECTION('',(0.992708874098,0.120536680255,-0.));
#1136 = PCURVE('',#101,#1137);
#1137 = DEFINITIONAL_REPRESENTATION('',(#1138),#1141);
#1138 = B_SPLINE_CURVE_WITH_KNOTS('',1,(#1139,#1140),.UNSPECIFIED.,.F.,
  .F.,(2,2),(23.4,28.809832969105),.PIECEWISE_BEZIER_KNOTS.);
#1139 = CARTESIAN_POINT('',(0.25,-4.));
#1140 = CARTESIAN_POINT('',(0.25,1.409832969105));
#1141 = ( GEOMETRIC_REPRESENTATION_CONTEXT(2) 
PARAMETRIC_REPRESENTATION_CONTEXT() REPRESENTATION_CONTEXT('2D SPACE',''
  ) );
#1142 = PCURVE('',#1143,#1148);
#1143 = PLANE('',#1144);
#1144 = AXIS2_PLACEMENT_3D('',#1145,#1146,#1147);
#1145 = CARTESIAN_POINT('',(0.,0.,-0.25));
#1146 = DIRECTION('',(0.,0.,1.));
#1147 = DIRECTION('',(1.,0.,0.));
#1148 = DEFINITIONAL_REPRESENTATION('',(#1149),#1152);
#1149 = B_SPLINE_CURVE_WITH_KNOTS('',1,(#1150,#1151),.UNSPECIFIED.,.F.,
  .F.,(2,2),(23.4,28.809832969105),.PIECEWISE_BEZIER_KNOTS.);
#1150 = CARTESIAN_POINT('',(50.429610804181,6.12326335697));
#1151 = CARTESIAN_POINT('',(55.8,6.775346663802));
#1152 = ( GEOMETRIC_REPRESENTATION_CONTEXT(2) 
PARAMETRIC_REPRESENTATION_CONTEXT() REPRESENTATION_CONTEXT('2D SPACE',''
  ) );
#1153 = ORIENTED_EDGE('',*,*,#1154,.T.);
#1154 = EDGE_CURVE('',#1129,#1155,#1157,.T.);
#1155 = VERTEX_POINT('',#1156);
#1156 = CARTESIAN_POINT('',(50.429610804181,6.12326335697,-2.95));
#1157 = SURFACE_CURVE('',#1158,(#1162,#1169),.PCURVE_S1.);
#1158 = LINE('',#1159,#1160);
#1159 = CARTESIAN_POINT('',(50.429610804181,6.12326335697,12.));
#1160 = VECTOR('',#1161,1.);
#1161 = DIRECTION('',(0.,0.,-1.));
#1162 = PCURVE('',#101,#1163);
#1163 = DEFINITIONAL_REPRESENTATION('',(#1164),#1168);
#1164 = LINE('',#1165,#1166);
#1165 = CARTESIAN_POINT('',(-12.,-4.));
#1166 = VECTOR('',#1167,1.);
#1167 = DIRECTION('',(1.,0.));
#1168 = ( GEOMETRIC_REPRESENTATION_CONTEXT(2) 
PARAMETRIC_REPRESENTATION_CONTEXT() REPRESENTATION_CONTEXT('2D SPACE',''
  ) );
#1169 = PCURVE('',#1170,#1175);
#1170 = CYLINDRICAL_SURFACE('',#1171,50.8);
#1171 = AXIS2_PLACEMENT_3D('',#1172,#1173,#1174);
#1172 = CARTESIAN_POINT('',(0.,0.,12.));
#1173 = DIRECTION('',(-0.,0.,-1.));
#1174 = DIRECTION('',(0.992708874098,-0.120536680255,0.));
#1175 = DEFINITIONAL_REPRESENTATION('',(#1176),#1180);
#1176 = LINE('',#1177,#1178);
#1177 = CARTESIAN_POINT('',(-0.241660973353,0.));
#1178 = VECTOR('',#1179,1.);
#1179 = DIRECTION('',(-0.,1.));
#1180 = ( GEOMETRIC_REPRESENTATION_CONTEXT(2) 
PARAMETRIC_REPRESENTATION_CONTEXT() REPRESENTATION_CONTEXT('2D SPACE',''
  ) );
#1181 = ORIENTED_EDGE('',*,*,#1182,.F.);
#1182 = EDGE_CURVE('',#1183,#1155,#1185,.T.);
#1183 = VERTEX_POINT('',#1184);
#1184 = CARTESIAN_POINT('',(55.393155174671,6.725946758247,-2.95));
#1185 = SURFACE_CURVE('',#1186,(#1190,#1196),.PCURVE_S1.);
#1186 = LINE('',#1187,#1188);
#1187 = CARTESIAN_POINT('',(27.200223150287,3.302705038996,-2.95));
#1188 = VECTOR('',#1189,1.);
#1189 = DIRECTION('',(-0.992708874098,-0.120536680255,0.));
#1190 = PCURVE('',#101,#1191);
#1191 = DEFINITIONAL_REPRESENTATION('',(#1192),#1195);
#1192 = B_SPLINE_CURVE_WITH_KNOTS('',1,(#1193,#1194),.UNSPECIFIED.,.F.,
  .F.,(2,2),(-28.8098329691,-23.4),.PIECEWISE_BEZIER_KNOTS.);
#1193 = CARTESIAN_POINT('',(2.95,1.409832969105));
#1194 = CARTESIAN_POINT('',(2.95,-4.));
#1195 = ( GEOMETRIC_REPRESENTATION_CONTEXT(2) 
PARAMETRIC_REPRESENTATION_CONTEXT() REPRESENTATION_CONTEXT('2D SPACE',''
  ) );
#1196 = PCURVE('',#1197,#1202);
#1197 = PLANE('',#1198);
#1198 = AXIS2_PLACEMENT_3D('',#1199,#1200,#1201);
#1199 = CARTESIAN_POINT('',(0.,0.,-2.95));
#1200 = DIRECTION('',(0.,0.,1.));
#1201 = DIRECTION('',(1.,0.,0.));
#1202 = DEFINITIONAL_REPRESENTATION('',(#1203),#1206);
#1203 = B_SPLINE_CURVE_WITH_KNOTS('',1,(#1204,#1205),.UNSPECIFIED.,.F.,
  .F.,(2,2),(-28.8098329691,-23.4),.PIECEWISE_BEZIER_KNOTS.);
#1204 = CARTESIAN_POINT('',(55.8,6.775346663802));
#1205 = CARTESIAN_POINT('',(50.429610804181,6.12326335697));
#1206 = ( GEOMETRIC_REPRESENTATION_CONTEXT(2) 
PARAMETRIC_REPRESENTATION_CONTEXT() REPRESENTATION_CONTEXT('2D SPACE',''
  ) );
#1207 = ORIENTED_EDGE('',*,*,#1208,.F.);
#1208 = EDGE_CURVE('',#1209,#1183,#1211,.T.);
#1209 = VERTEX_POINT('',#1210);
#1210 = CARTESIAN_POINT('',(55.393155174671,6.725946758247,-6.65));
#1211 = SURFACE_CURVE('',#1212,(#1216,#1222),.PCURVE_S1.);
#1212 = LINE('',#1213,#1214);
#1213 = CARTESIAN_POINT('',(55.393155174671,6.725946758247,-6.65));
#1214 = VECTOR('',#1215,1.);
#1215 = DIRECTION('',(0.,0.,1.));
#1216 = PCURVE('',#101,#1217);
#1217 = DEFINITIONAL_REPRESENTATION('',(#1218),#1221);
#1218 = B_SPLINE_CURVE_WITH_KNOTS('',1,(#1219,#1220),.UNSPECIFIED.,.F.,
  .F.,(2,2),(-5.999999999062E-07,3.7000006),.PIECEWISE_BEZIER_KNOTS.);
#1219 = CARTESIAN_POINT('',(6.6500006,1.));
#1220 = CARTESIAN_POINT('',(2.9499994,1.));
#1221 = ( GEOMETRIC_REPRESENTATION_CONTEXT(2) 
PARAMETRIC_REPRESENTATION_CONTEXT() REPRESENTATION_CONTEXT('2D SPACE',''
  ) );
#1222 = PCURVE('',#1223,#1228);
#1223 = CYLINDRICAL_SURFACE('',#1224,55.8);
#1224 = AXIS2_PLACEMENT_3D('',#1225,#1226,#1227);
#1225 = CARTESIAN_POINT('',(0.,0.,-6.65));
#1226 = DIRECTION('',(0.,0.,1.));
#1227 = DIRECTION('',(1.,0.,0.));
#1228 = DEFINITIONAL_REPRESENTATION('',(#1229),#1232);
#1229 = B_SPLINE_CURVE_WITH_KNOTS('',1,(#1230,#1231),.UNSPECIFIED.,.F.,
  .F.,(2,2),(-5.999999999062E-07,3.7000006),.PIECEWISE_BEZIER_KNOTS.);
#1230 = CARTESIAN_POINT('',(0.120830486677,-5.999999999062E-07));
#1231 = CARTESIAN_POINT('',(0.120830486677,3.7000006));
#1232 = ( GEOMETRIC_REPRESENTATION_CONTEXT(2) 
PARAMETRIC_REPRESENTATION_CONTEXT() REPRESENTATION_CONTEXT('2D SPACE',''
  ) );
#1233 = ORIENTED_EDGE('',*,*,#1234,.F.);
#1234 = EDGE_CURVE('',#1235,#1209,#1237,.T.);
#1235 = VERTEX_POINT('',#1236);
#1236 = CARTESIAN_POINT('',(50.429610804181,6.12326335697,-6.65));
#1237 = SURFACE_CURVE('',#1238,(#1242,#1248),.PCURVE_S1.);
#1238 = LINE('',#1239,#1240);
#1239 = CARTESIAN_POINT('',(27.200223150287,3.302705038996,-6.65));
#1240 = VECTOR('',#1241,1.);
#1241 = DIRECTION('',(0.992708874098,0.120536680255,-0.));
#1242 = PCURVE('',#101,#1243);
#1243 = DEFINITIONAL_REPRESENTATION('',(#1244),#1247);
#1244 = B_SPLINE_CURVE_WITH_KNOTS('',1,(#1245,#1246),.UNSPECIFIED.,.F.,
  .F.,(2,2),(23.4,28.809832969105),.PIECEWISE_BEZIER_KNOTS.);
#1245 = CARTESIAN_POINT('',(6.65,-4.));
#1246 = CARTESIAN_POINT('',(6.65,1.409832969105));
#1247 = ( GEOMETRIC_REPRESENTATION_CONTEXT(2) 
PARAMETRIC_REPRESENTATION_CONTEXT() REPRESENTATION_CONTEXT('2D SPACE',''
  ) );
#1248 = PCURVE('',#1249,#1254);
#1249 = PLANE('',#1250);
#1250 = AXIS2_PLACEMENT_3D('',#1251,#1252,#1253);
#1251 = CARTESIAN_POINT('',(0.,0.,-6.65));
#1252 = DIRECTION('',(0.,0.,1.));
#1253 = DIRECTION('',(1.,0.,0.));
#1254 = DEFINITIONAL_REPRESENTATION('',(#1255),#1258);
#1255 = B_SPLINE_CURVE_WITH_KNOTS('',1,(#1256,#1257),.UNSPECIFIED.,.F.,
  .F.,(2,2),(23.4,28.809832969105),.PIECEWISE_BEZIER_KNOTS.);
#1256 = CARTESIAN_POINT('',(50.429610804181,6.12326335697));
#1257 = CARTESIAN_POINT('',(55.8,6.775346663802));
#1258 = ( GEOMETRIC_REPRESENTATION_CONTEXT(2) 
PARAMETRIC_REPRESENTATION_CONTEXT() REPRESENTATION_CONTEXT('2D SPACE',''
  ) );
#1259 = ORIENTED_EDGE('',*,*,#1260,.T.);
#1260 = EDGE_CURVE('',#1235,#1261,#1263,.T.);
#1261 = VERTEX_POINT('',#1262);
#1262 = CARTESIAN_POINT('',(50.429610804181,6.12326335697,-9.6));
#1263 = SURFACE_CURVE('',#1264,(#1268,#1275),.PCURVE_S1.);
#1264 = LINE('',#1265,#1266);
#1265 = CARTESIAN_POINT('',(50.429610804181,6.12326335697,12.));
#1266 = VECTOR('',#1267,1.);
#1267 = DIRECTION('',(0.,0.,-1.));
#1268 = PCURVE('',#101,#1269);
#1269 = DEFINITIONAL_REPRESENTATION('',(#1270),#1274);
#1270 = LINE('',#1271,#1272);
#1271 = CARTESIAN_POINT('',(-12.,-4.));
#1272 = VECTOR('',#1273,1.);
#1273 = DIRECTION('',(1.,0.));
#1274 = ( GEOMETRIC_REPRESENTATION_CONTEXT(2) 
PARAMETRIC_REPRESENTATION_CONTEXT() REPRESENTATION_CONTEXT('2D SPACE',''
  ) );
#1275 = PCURVE('',#1276,#1281);
#1276 = CYLINDRICAL_SURFACE('',#1277,50.8);
#1277 = AXIS2_PLACEMENT_3D('',#1278,#1279,#1280);
#1278 = CARTESIAN_POINT('',(0.,0.,12.));
#1279 = DIRECTION('',(-0.,0.,-1.));
#1280 = DIRECTION('',(0.992708874098,-0.120536680255,0.));
#1281 = DEFINITIONAL_REPRESENTATION('',(#1282),#1286);
#1282 = LINE('',#1283,#1284);
#1283 = CARTESIAN_POINT('',(-0.241660973353,0.));
#1284 = VECTOR('',#1285,1.);
#1285 = DIRECTION('',(-0.,1.));
#1286 = ( GEOMETRIC_REPRESENTATION_CONTEXT(2) 
PARAMETRIC_REPRESENTATION_CONTEXT() REPRESENTATION_CONTEXT('2D SPACE',''
  ) );
#1287 = ORIENTED_EDGE('',*,*,#1288,.F.);
#1288 = EDGE_CURVE('',#1289,#1261,#1291,.T.);
#1289 = VERTEX_POINT('',#1290);
#1290 = CARTESIAN_POINT('',(55.393155174671,6.725946758247,-9.6));
#1291 = SURFACE_CURVE('',#1292,(#1296,#1302),.PCURVE_S1.);
#1292 = LINE('',#1293,#1294);
#1293 = CARTESIAN_POINT('',(27.200223150287,3.302705038996,-9.6));
#1294 = VECTOR('',#1295,1.);
#1295 = DIRECTION('',(-0.992708874098,-0.120536680255,0.));
#1296 = PCURVE('',#101,#1297);
#1297 = DEFINITIONAL_REPRESENTATION('',(#1298),#1301);
#1298 = B_SPLINE_CURVE_WITH_KNOTS('',1,(#1299,#1300),.UNSPECIFIED.,.F.,
  .F.,(2,2),(-28.8098329691,-23.4),.PIECEWISE_BEZIER_KNOTS.);
#1299 = CARTESIAN_POINT('',(9.6,1.409832969105));
#1300 = CARTESIAN_POINT('',(9.6,-4.));
#1301 = ( GEOMETRIC_REPRESENTATION_CONTEXT(2) 
PARAMETRIC_REPRESENTATION_CONTEXT() REPRESENTATION_CONTEXT('2D SPACE',''
  ) );
#1302 = PCURVE('',#1303,#1308);
#1303 = PLANE('',#1304);
#1304 = AXIS2_PLACEMENT_3D('',#1305,#1306,#1307);
#1305 = CARTESIAN_POINT('',(0.,0.,-9.6));
#1306 = DIRECTION('',(0.,0.,1.));
#1307 = DIRECTION('',(1.,0.,0.));
#1308 = DEFINITIONAL_REPRESENTATION('',(#1309),#1312);
#1309 = B_SPLINE_CURVE_WITH_KNOTS('',1,(#1310,#1311),.UNSPECIFIED.,.F.,
  .F.,(2,2),(-28.8098329691,-23.4),.PIECEWISE_BEZIER_KNOTS.);
#1310 = CARTESIAN_POINT('',(55.8,6.775346663802));
#1311 = CARTESIAN_POINT('',(50.429610804181,6.12326335697));
#1312 = ( GEOMETRIC_REPRESENTATION_CONTEXT(2) 
PARAMETRIC_REPRESENTATION_CONTEXT() REPRESENTATION_CONTEXT('2D SPACE',''
  ) );
#1313 = ORIENTED_EDGE('',*,*,#1314,.F.);
#1314 = EDGE_CURVE('',#1315,#1289,#1317,.T.);
#1315 = VERTEX_POINT('',#1316);
#1316 = CARTESIAN_POINT('',(55.393155174671,6.725946758247,-10.1));
#1317 = SURFACE_CURVE('',#1318,(#1322,#1328),.PCURVE_S1.);
#1318 = LINE('',#1319,#1320);
#1319 = CARTESIAN_POINT('',(55.393155174671,6.725946758247,-10.1));
#1320 = VECTOR('',#1321,1.);
#1321 = DIRECTION('',(0.,0.,1.));
#1322 = PCURVE('',#101,#1323);
#1323 = DEFINITIONAL_REPRESENTATION('',(#1324),#1327);
#1324 = B_SPLINE_CURVE_WITH_KNOTS('',1,(#1325,#1326),.UNSPECIFIED.,.F.,
  .F.,(2,2),(-5.999999999062E-07,0.5000006),.PIECEWISE_BEZIER_KNOTS.);
#1325 = CARTESIAN_POINT('',(10.1000006,1.));
#1326 = CARTESIAN_POINT('',(9.5999994,1.));
#1327 = ( GEOMETRIC_REPRESENTATION_CONTEXT(2) 
PARAMETRIC_REPRESENTATION_CONTEXT() REPRESENTATION_CONTEXT('2D SPACE',''
  ) );
#1328 = PCURVE('',#691,#1329);
#1329 = DEFINITIONAL_REPRESENTATION('',(#1330),#1333);
#1330 = B_SPLINE_CURVE_WITH_KNOTS('',1,(#1331,#1332),.UNSPECIFIED.,.F.,
  .F.,(2,2),(-5.999999999062E-07,0.5000006),.PIECEWISE_BEZIER_KNOTS.);
#1331 = CARTESIAN_POINT('',(0.36249146003,-5.999999999062E-07));
#1332 = CARTESIAN_POINT('',(0.36249146003,0.5000006));
#1333 = ( GEOMETRIC_REPRESENTATION_CONTEXT(2) 
PARAMETRIC_REPRESENTATION_CONTEXT() REPRESENTATION_CONTEXT('2D SPACE',''
  ) );
#1334 = ORIENTED_EDGE('',*,*,#1335,.F.);
#1335 = EDGE_CURVE('',#1336,#1315,#1338,.T.);
#1336 = VERTEX_POINT('',#1337);
#1337 = CARTESIAN_POINT('',(50.429610804181,6.12326335697,-10.1));
#1338 = SURFACE_CURVE('',#1339,(#1343,#1349),.PCURVE_S1.);
#1339 = LINE('',#1340,#1341);
#1340 = CARTESIAN_POINT('',(27.200223150287,3.302705038996,-10.1));
#1341 = VECTOR('',#1342,1.);
#1342 = DIRECTION('',(0.992708874098,0.120536680255,-0.));
#1343 = PCURVE('',#101,#1344);
#1344 = DEFINITIONAL_REPRESENTATION('',(#1345),#1348);
#1345 = B_SPLINE_CURVE_WITH_KNOTS('',1,(#1346,#1347),.UNSPECIFIED.,.F.,
  .F.,(2,2),(23.4,28.809832969105),.PIECEWISE_BEZIER_KNOTS.);
#1346 = CARTESIAN_POINT('',(10.1,-4.));
#1347 = CARTESIAN_POINT('',(10.1,1.409832969105));
#1348 = ( GEOMETRIC_REPRESENTATION_CONTEXT(2) 
PARAMETRIC_REPRESENTATION_CONTEXT() REPRESENTATION_CONTEXT('2D SPACE',''
  ) );
#1349 = PCURVE('',#718,#1350);
#1350 = DEFINITIONAL_REPRESENTATION('',(#1351),#1355);
#1351 = LINE('',#1352,#1353);
#1352 = CARTESIAN_POINT('',(25.61944504958,9.716173904965));
#1353 = VECTOR('',#1354,1.);
#1354 = DIRECTION('',(0.935016242685,0.354604887043));
#1355 = ( GEOMETRIC_REPRESENTATION_CONTEXT(2) 
PARAMETRIC_REPRESENTATION_CONTEXT() REPRESENTATION_CONTEXT('2D SPACE',''
  ) );
#1356 = ORIENTED_EDGE('',*,*,#1357,.T.);
#1357 = EDGE_CURVE('',#1336,#762,#1358,.T.);
#1358 = SURFACE_CURVE('',#1359,(#1363,#1370),.PCURVE_S1.);
#1359 = LINE('',#1360,#1361);
#1360 = CARTESIAN_POINT('',(50.429610804181,6.12326335697,12.));
#1361 = VECTOR('',#1362,1.);
#1362 = DIRECTION('',(0.,0.,-1.));
#1363 = PCURVE('',#101,#1364);
#1364 = DEFINITIONAL_REPRESENTATION('',(#1365),#1369);
#1365 = LINE('',#1366,#1367);
#1366 = CARTESIAN_POINT('',(-12.,-4.));
#1367 = VECTOR('',#1368,1.);
#1368 = DIRECTION('',(1.,0.));
#1369 = ( GEOMETRIC_REPRESENTATION_CONTEXT(2) 
PARAMETRIC_REPRESENTATION_CONTEXT() REPRESENTATION_CONTEXT('2D SPACE',''
  ) );
#1370 = PCURVE('',#744,#1371);
#1371 = DEFINITIONAL_REPRESENTATION('',(#1372),#1376);
#1372 = LINE('',#1373,#1374);
#1373 = CARTESIAN_POINT('',(-0.241660973353,0.));
#1374 = VECTOR('',#1375,1.);
#1375 = DIRECTION('',(-0.,1.));
#1376 = ( GEOMETRIC_REPRESENTATION_CONTEXT(2) 
PARAMETRIC_REPRESENTATION_CONTEXT() REPRESENTATION_CONTEXT('2D SPACE',''
  ) );
#1377 = ADVANCED_FACE('',(#1378),#744,.F.);
#1378 = FACE_BOUND('',#1379,.T.);
#1379 = EDGE_LOOP('',(#1380,#1381,#1403,#1404));
#1380 = ORIENTED_EDGE('',*,*,#730,.F.);
#1381 = ORIENTED_EDGE('',*,*,#1382,.T.);
#1382 = EDGE_CURVE('',#704,#1336,#1383,.T.);
#1383 = SURFACE_CURVE('',#1384,(#1389,#1396),.PCURVE_S1.);
#1384 = CIRCLE('',#1385,50.8);
#1385 = AXIS2_PLACEMENT_3D('',#1386,#1387,#1388);
#1386 = CARTESIAN_POINT('',(0.,0.,-10.1));
#1387 = DIRECTION('',(-0.,0.,1.));
#1388 = DIRECTION('',(0.992708874098,-0.120536680255,0.));
#1389 = PCURVE('',#744,#1390);
#1390 = DEFINITIONAL_REPRESENTATION('',(#1391),#1395);
#1391 = LINE('',#1392,#1393);
#1392 = CARTESIAN_POINT('',(-0.,22.1));
#1393 = VECTOR('',#1394,1.);
#1394 = DIRECTION('',(-1.,-0.));
#1395 = ( GEOMETRIC_REPRESENTATION_CONTEXT(2) 
PARAMETRIC_REPRESENTATION_CONTEXT() REPRESENTATION_CONTEXT('2D SPACE',''
  ) );
#1396 = PCURVE('',#718,#1397);
#1397 = DEFINITIONAL_REPRESENTATION('',(#1398),#1402);
#1398 = CIRCLE('',#1399,50.8);
#1399 = AXIS2_PLACEMENT_2D('',#1400,#1401);
#1400 = CARTESIAN_POINT('',(0.,0.));
#1401 = DIRECTION('',(0.992708874098,0.120536680255));
#1402 = ( GEOMETRIC_REPRESENTATION_CONTEXT(2) 
PARAMETRIC_REPRESENTATION_CONTEXT() REPRESENTATION_CONTEXT('2D SPACE',''
  ) );
#1403 = ORIENTED_EDGE('',*,*,#1357,.T.);
#1404 = ORIENTED_EDGE('',*,*,#784,.F.);
#1405 = ADVANCED_FACE('',(#1406),#718,.T.);
#1406 = FACE_BOUND('',#1407,.F.);
#1407 = EDGE_LOOP('',(#1408,#1430,#1431,#1432));
#1408 = ORIENTED_EDGE('',*,*,#1409,.F.);
#1409 = EDGE_CURVE('',#676,#1315,#1410,.T.);
#1410 = SURFACE_CURVE('',#1411,(#1416,#1423),.PCURVE_S1.);
#1411 = CIRCLE('',#1412,55.8);
#1412 = AXIS2_PLACEMENT_3D('',#1413,#1414,#1415);
#1413 = CARTESIAN_POINT('',(0.,0.,-10.1));
#1414 = DIRECTION('',(-0.,0.,1.));
#1415 = DIRECTION('',(0.992708874098,-0.120536680255,0.));
#1416 = PCURVE('',#718,#1417);
#1417 = DEFINITIONAL_REPRESENTATION('',(#1418),#1422);
#1418 = CIRCLE('',#1419,55.8);
#1419 = AXIS2_PLACEMENT_2D('',#1420,#1421);
#1420 = CARTESIAN_POINT('',(0.,0.));
#1421 = DIRECTION('',(0.992708874098,0.120536680255));
#1422 = ( GEOMETRIC_REPRESENTATION_CONTEXT(2) 
PARAMETRIC_REPRESENTATION_CONTEXT() REPRESENTATION_CONTEXT('2D SPACE',''
  ) );
#1423 = PCURVE('',#691,#1424);
#1424 = DEFINITIONAL_REPRESENTATION('',(#1425),#1429);
#1425 = LINE('',#1426,#1427);
#1426 = CARTESIAN_POINT('',(0.120830486677,0.));
#1427 = VECTOR('',#1428,1.);
#1428 = DIRECTION('',(1.,0.));
#1429 = ( GEOMETRIC_REPRESENTATION_CONTEXT(2) 
PARAMETRIC_REPRESENTATION_CONTEXT() REPRESENTATION_CONTEXT('2D SPACE',''
  ) );
#1430 = ORIENTED_EDGE('',*,*,#703,.F.);
#1431 = ORIENTED_EDGE('',*,*,#1382,.T.);
#1432 = ORIENTED_EDGE('',*,*,#1335,.T.);
#1433 = ADVANCED_FACE('',(#1434),#691,.F.);
#1434 = FACE_BOUND('',#1435,.F.);
#1435 = EDGE_LOOP('',(#1436,#1437,#1438,#1462,#1502,#1546,#1685,#1729,
    #1769,#1839,#1865,#1887));
#1436 = ORIENTED_EDGE('',*,*,#1409,.T.);
#1437 = ORIENTED_EDGE('',*,*,#1314,.T.);
#1438 = ORIENTED_EDGE('',*,*,#1439,.F.);
#1439 = EDGE_CURVE('',#1440,#1289,#1442,.T.);
#1440 = VERTEX_POINT('',#1441);
#1441 = CARTESIAN_POINT('',(55.567216307776,5.09160797831,-9.6));
#1442 = SURFACE_CURVE('',#1443,(#1448,#1455),.PCURVE_S1.);
#1443 = CIRCLE('',#1444,55.8);
#1444 = AXIS2_PLACEMENT_3D('',#1445,#1446,#1447);
#1445 = CARTESIAN_POINT('',(0.,0.,-9.6));
#1446 = DIRECTION('',(0.,0.,1.));
#1447 = DIRECTION('',(1.,0.,0.));
#1448 = PCURVE('',#691,#1449);
#1449 = DEFINITIONAL_REPRESENTATION('',(#1450),#1454);
#1450 = LINE('',#1451,#1452);
#1451 = CARTESIAN_POINT('',(0.241660973353,0.5));
#1452 = VECTOR('',#1453,1.);
#1453 = DIRECTION('',(1.,0.));
#1454 = ( GEOMETRIC_REPRESENTATION_CONTEXT(2) 
PARAMETRIC_REPRESENTATION_CONTEXT() REPRESENTATION_CONTEXT('2D SPACE',''
  ) );
#1455 = PCURVE('',#1303,#1456);
#1456 = DEFINITIONAL_REPRESENTATION('',(#1457),#1461);
#1457 = CIRCLE('',#1458,55.8);
#1458 = AXIS2_PLACEMENT_2D('',#1459,#1460);
#1459 = CARTESIAN_POINT('',(0.,0.));
#1460 = DIRECTION('',(1.,0.));
#1461 = ( GEOMETRIC_REPRESENTATION_CONTEXT(2) 
PARAMETRIC_REPRESENTATION_CONTEXT() REPRESENTATION_CONTEXT('2D SPACE',''
  ) );
#1462 = ORIENTED_EDGE('',*,*,#1463,.T.);
#1463 = EDGE_CURVE('',#1440,#1464,#1466,.T.);
#1464 = VERTEX_POINT('',#1465);
#1465 = CARTESIAN_POINT('',(55.6,4.720169488482,-10.05814460164));
#1466 = SURFACE_CURVE('',#1467,(#1475,#1486),.PCURVE_S1.);
#1467 = B_SPLINE_CURVE_WITH_KNOTS('',6,(#1468,#1469,#1470,#1471,#1472,
    #1473,#1474),.UNSPECIFIED.,.F.,.F.,(7,7),(0.,1.),
  .PIECEWISE_BEZIER_KNOTS.);
#1468 = CARTESIAN_POINT('',(55.567216298483,5.091608079728,-9.5999994));
#1469 = CARTESIAN_POINT('',(55.568714328503,5.075259343377,
    -9.696720425511));
#1470 = CARTESIAN_POINT('',(55.571969343072,5.039671597799,
    -9.791796121597));
#1471 = CARTESIAN_POINT('',(55.576988636581,4.984489466582,
    -9.880324371581));
#1472 = CARTESIAN_POINT('',(55.583577658464,4.910980790947,
    -9.957337995016));
#1473 = CARTESIAN_POINT('',(55.591393010511,4.821553419396,
    -10.01815349523));
#1474 = CARTESIAN_POINT('',(55.6000006,4.720162420934,-10.0581473895));
#1475 = PCURVE('',#691,#1476);
#1476 = DEFINITIONAL_REPRESENTATION('',(#1477),#1485);
#1477 = B_SPLINE_CURVE_WITH_KNOTS('',6,(#1478,#1479,#1480,#1481,#1482,
    #1483,#1484),.UNSPECIFIED.,.F.,.F.,(7,7),(0.,1.),
  .PIECEWISE_BEZIER_KNOTS.);
#1478 = CARTESIAN_POINT('',(0.333035529316,0.5000006));
#1479 = CARTESIAN_POINT('',(0.332741313815,0.403279574489));
#1480 = CARTESIAN_POINT('',(0.33210087854,0.308203878403));
#1481 = CARTESIAN_POINT('',(0.331107868631,0.219675628419));
#1482 = CARTESIAN_POINT('',(0.32978523035,0.142662004984));
#1483 = CARTESIAN_POINT('',(0.328176485833,8.184650476669E-02));
#1484 = CARTESIAN_POINT('',(0.326352906743,4.185261049753E-02));
#1485 = ( GEOMETRIC_REPRESENTATION_CONTEXT(2) 
PARAMETRIC_REPRESENTATION_CONTEXT() REPRESENTATION_CONTEXT('2D SPACE',''
  ) );
#1486 = PCURVE('',#1487,#1492);
#1487 = CYLINDRICAL_SURFACE('',#1488,0.6);
#1488 = AXIS2_PLACEMENT_3D('',#1489,#1490,#1491);
#1489 = CARTESIAN_POINT('',(50.8,4.5,-9.5));
#1490 = DIRECTION('',(1.,0.,0.));
#1491 = DIRECTION('',(0.,1.,0.));
#1492 = DEFINITIONAL_REPRESENTATION('',(#1493),#1501);
#1493 = B_SPLINE_CURVE_WITH_KNOTS('',6,(#1494,#1495,#1496,#1497,#1498,
    #1499,#1500),.UNSPECIFIED.,.F.,.F.,(7,7),(0.,1.),
  .PIECEWISE_BEZIER_KNOTS.);
#1494 = CARTESIAN_POINT('',(-0.167447065035,4.767216298483));
#1495 = CARTESIAN_POINT('',(-0.330935409472,4.768714328503));
#1496 = CARTESIAN_POINT('',(-0.497064666157,4.771969343072));
#1497 = CARTESIAN_POINT('',(-0.665740685447,4.776988636581));
#1498 = CARTESIAN_POINT('',(-0.837581062736,4.783577658464));
#1499 = CARTESIAN_POINT('',(-1.01342541961,4.791393010511));
#1500 = CARTESIAN_POINT('',(-1.195081735431,4.8000006));
#1501 = ( GEOMETRIC_REPRESENTATION_CONTEXT(2) 
PARAMETRIC_REPRESENTATION_CONTEXT() REPRESENTATION_CONTEXT('2D SPACE',''
  ) );
#1502 = ORIENTED_EDGE('',*,*,#1503,.T.);
#1503 = EDGE_CURVE('',#1464,#1504,#1506,.T.);
#1504 = VERTEX_POINT('',#1505);
#1505 = CARTESIAN_POINT('',(55.618252399729,4.5,-10.09944423504));
#1506 = SURFACE_CURVE('',#1507,(#1514,#1524),.PCURVE_S1.);
#1507 = B_SPLINE_CURVE_WITH_KNOTS('',5,(#1508,#1509,#1510,#1511,#1512,
    #1513),.UNSPECIFIED.,.F.,.F.,(6,6),(0.,1.),
  .PIECEWISE_BEZIER_KNOTS.);
#1508 = CARTESIAN_POINT('',(55.6,4.720169488482,-10.05814460164));
#1509 = CARTESIAN_POINT('',(55.603521824266,4.678685082109,
    -10.0745088207));
#1510 = CARTESIAN_POINT('',(55.607162557323,4.635341141332,
    -10.08709715606));
#1511 = CARTESIAN_POINT('',(55.610870371552,4.590665059755,
    -10.0955560543));
#1512 = CARTESIAN_POINT('',(55.614586097851,4.545314067392,
    -10.09966771174));
#1513 = CARTESIAN_POINT('',(55.618252399729,4.5,-10.09944423504));
#1514 = PCURVE('',#691,#1515);
#1515 = DEFINITIONAL_REPRESENTATION('',(#1516),#1523);
#1516 = B_SPLINE_CURVE_WITH_KNOTS('',5,(#1517,#1518,#1519,#1520,#1521,
    #1522),.UNSPECIFIED.,.F.,.F.,(6,6),(0.,1.),
  .PIECEWISE_BEZIER_KNOTS.);
#1517 = CARTESIAN_POINT('',(0.326353033857,4.185539835865E-02));
#1518 = CARTESIAN_POINT('',(0.325606911441,2.549117929366E-02));
#1519 = CARTESIAN_POINT('',(0.324827403214,1.290284393771E-02));
#1520 = CARTESIAN_POINT('',(0.324024004524,4.443945694986E-03));
#1521 = CARTESIAN_POINT('',(0.323208539763,3.322882578264E-04));
#1522 = CARTESIAN_POINT('',(0.322393806013,5.557649509349E-04));
#1523 = ( GEOMETRIC_REPRESENTATION_CONTEXT(2) 
PARAMETRIC_REPRESENTATION_CONTEXT() REPRESENTATION_CONTEXT('2D SPACE',''
  ) );
#1524 = PCURVE('',#1525,#1537);
#1525 = SURFACE_OF_REVOLUTION('',#1526,#1534);
#1526 = B_SPLINE_CURVE_WITH_KNOTS('',6,(#1527,#1528,#1529,#1530,#1531,
    #1532,#1533),.UNSPECIFIED.,.F.,.F.,(7,7),(0.,1.570796326795),
  .PIECEWISE_BEZIER_KNOTS.);
#1527 = CARTESIAN_POINT('',(55.6,4.5,-10.1));
#1528 = CARTESIAN_POINT('',(55.67853981634,4.5,-10.1));
#1529 = CARTESIAN_POINT('',(55.757072950211,4.5,-10.07533169419));
#1530 = CARTESIAN_POINT('',(55.825957044892,4.5,-10.02595704489));
#1531 = CARTESIAN_POINT('',(55.875331694194,4.5,-9.957072950212));
#1532 = CARTESIAN_POINT('',(55.9,4.5,-9.87853981634));
#1533 = CARTESIAN_POINT('',(55.9,4.5,-9.8));
#1534 = AXIS1_PLACEMENT('',#1535,#1536);
#1535 = CARTESIAN_POINT('',(55.6,4.5,-9.5));
#1536 = DIRECTION('',(1.,0.,0.));
#1537 = DEFINITIONAL_REPRESENTATION('',(#1538),#1545);
#1538 = B_SPLINE_CURVE_WITH_KNOTS('',5,(#1539,#1540,#1541,#1542,#1543,
    #1544),.UNSPECIFIED.,.F.,.F.,(6,6),(0.,1.),
  .PIECEWISE_BEZIER_KNOTS.);
#1539 = CARTESIAN_POINT('',(0.375727253908,0.));
#1540 = CARTESIAN_POINT('',(0.301401700546,1.173941422128E-02));
#1541 = CARTESIAN_POINT('',(0.226501864488,2.38751954265E-02));
#1542 = CARTESIAN_POINT('',(0.151177513829,3.623792369147E-02));
#1543 = CARTESIAN_POINT('',(7.559346598524E-02,4.86352425221E-02));
#1544 = CARTESIAN_POINT('',(0.,6.087893082732E-02));
#1545 = ( GEOMETRIC_REPRESENTATION_CONTEXT(2) 
PARAMETRIC_REPRESENTATION_CONTEXT() REPRESENTATION_CONTEXT('2D SPACE',''
  ) );
#1546 = ORIENTED_EDGE('',*,*,#1547,.F.);
#1547 = EDGE_CURVE('',#1548,#1504,#1550,.T.);
#1548 = VERTEX_POINT('',#1549);
#1549 = CARTESIAN_POINT('',(55.618252399729,-4.5,-10.09944423504));
#1550 = SURFACE_CURVE('',#1551,(#1578,#1629),.PCURVE_S1.);
#1551 = B_SPLINE_CURVE_WITH_KNOTS('',7,(#1552,#1553,#1554,#1555,#1556,
    #1557,#1558,#1559,#1560,#1561,#1562,#1563,#1564,#1565,#1566,#1567,
    #1568,#1569,#1570,#1571,#1572,#1573,#1574,#1575,#1576,#1577),
  .UNSPECIFIED.,.F.,.F.,(8,6,6,6,8),(1.358769229984E-07,0.280474598443,
    1.,1.719525401562,1.999999864149),.UNSPECIFIED.);
#1552 = CARTESIAN_POINT('',(55.618252399729,-4.5,-10.09944423504));
#1553 = CARTESIAN_POINT('',(55.632567552699,-4.323070268662,
    -10.09857166559));
#1554 = CARTESIAN_POINT('',(55.646259386028,-4.145673865759,
    -10.09693556802));
#1555 = CARTESIAN_POINT('',(55.65930456205,-3.968036854899,
    -10.0946537524));
#1556 = CARTESIAN_POINT('',(55.671693896344,-3.790258153556,
    -10.0918316891));
#1557 = CARTESIAN_POINT('',(55.683427228728,-3.612336432793,
    -10.08856507312));
#1558 = CARTESIAN_POINT('',(55.694508294268,-3.434197016997,
    -10.0849423884));
#1559 = CARTESIAN_POINT('',(55.731699910563,-2.797853132015,
    -10.07105550624));
#1560 = CARTESIAN_POINT('',(55.754573186926,-2.331112854174,
    -10.05912853459));
#1561 = CARTESIAN_POINT('',(55.772851353763,-1.862516196153,
    -10.04679061419));
#1562 = CARTESIAN_POINT('',(55.786318514478,-1.397363822347,
    -10.03583935736));
#1563 = CARTESIAN_POINT('',(55.795321275858,-0.936147089019,
    -10.02779263307));
#1564 = CARTESIAN_POINT('',(55.8,-0.473047342744,-10.02360679775));
#1565 = CARTESIAN_POINT('',(55.8,0.473047342747,-10.02360679775));
#1566 = CARTESIAN_POINT('',(55.795321275858,0.936147089003,
    -10.02779263307));
#1567 = CARTESIAN_POINT('',(55.786318514479,1.397363822359,
    -10.03583935736));
#1568 = CARTESIAN_POINT('',(55.772851353761,1.862516196169,
    -10.04679061419));
#1569 = CARTESIAN_POINT('',(55.754573186928,2.331112854149,
    -10.05912853459));
#1570 = CARTESIAN_POINT('',(55.731699910563,2.797853132026,
    -10.07105550624));
#1571 = CARTESIAN_POINT('',(55.694508294267,3.434197017004,
    -10.0849423884));
#1572 = CARTESIAN_POINT('',(55.683427228727,3.612336432798,
    -10.08856507312));
#1573 = CARTESIAN_POINT('',(55.671693896344,3.790258153555,
    -10.0918316891));
#1574 = CARTESIAN_POINT('',(55.659304562051,3.968036854895,
    -10.0946537524));
#1575 = CARTESIAN_POINT('',(55.646259386028,4.145673865756,
    -10.09693556802));
#1576 = CARTESIAN_POINT('',(55.632567552699,4.323070268661,
    -10.09857166559));
#1577 = CARTESIAN_POINT('',(55.618252399729,4.5,-10.09944423504));
#1578 = PCURVE('',#691,#1579);
#1579 = DEFINITIONAL_REPRESENTATION('',(#1580),#1628);
#1580 = B_SPLINE_CURVE_WITH_KNOTS('',3,(#1581,#1582,#1583,#1584,#1585,
    #1586,#1587,#1588,#1589,#1590,#1591,#1592,#1593,#1594,#1595,#1596,
    #1597,#1598,#1599,#1600,#1601,#1602,#1603,#1604,#1605,#1606,#1607,
    #1608,#1609,#1610,#1611,#1612,#1613,#1614,#1615,#1616,#1617,#1618,
    #1619,#1620,#1621,#1622,#1623,#1624,#1625,#1626,#1627),
  .UNSPECIFIED.,.F.,.F.,(4,1,1,1,1,1,1,1,1,1,1,1,1,1,1,1,1,1,1,1,1,1,1,1
    ,1,1,1,1,1,1,1,1,1,1,1,1,1,1,1,1,1,1,1,1,4),(1.358769229984E-07,
    4.545467515583E-02,9.090921443474E-02,0.136363753714,0.181818292993,
    0.227272832271,0.27272737155,0.318181910829,0.363636450108,
    0.409090989387,0.454545528666,0.500000067945,0.545454607224,
    0.590909146503,0.636363685782,0.681818225061,0.727272764339,
    0.772727303618,0.818181842897,0.863636382176,0.909090921455,
    0.954545460734,1.000000000013,1.045454539292,1.090909078571,
    1.13636361785,1.181818157129,1.227272696407,1.272727235686,
    1.318181774965,1.363636314244,1.409090853523,1.454545392802,
    1.499999932081,1.54545447136,1.590909010639,1.636363549918,
    1.681818089197,1.727272628475,1.772727167754,1.818181707033,
    1.863636246312,1.909090785591,1.95454532487,1.999999864149),
  .QUASI_UNIFORM_KNOTS.);
#1581 = CARTESIAN_POINT('',(0.160928140694,5.557649509349E-04));
#1582 = CARTESIAN_POINT('',(0.162131178278,8.862481296959E-04));
#1583 = CARTESIAN_POINT('',(0.164539616869,1.825958972831E-03));
#1584 = CARTESIAN_POINT('',(0.16815768736,3.976835526363E-03));
#1585 = CARTESIAN_POINT('',(0.171779115005,6.771856716412E-03));
#1586 = CARTESIAN_POINT('',(0.175403166588,1.012170558573E-02));
#1587 = CARTESIAN_POINT('',(0.17903051689,1.394214509926E-02));
#1588 = CARTESIAN_POINT('',(0.182660381042,1.815066756114E-02));
#1589 = CARTESIAN_POINT('',(0.186301075846,2.26783312246E-02));
#1590 = CARTESIAN_POINT('',(0.189966171722,2.746705687868E-02));
#1591 = CARTESIAN_POINT('',(0.19364480349,3.242663413015E-02));
#1592 = CARTESIAN_POINT('',(0.197332976207,3.747297937222E-02));
#1593 = CARTESIAN_POINT('',(0.201025802897,4.252000186765E-02));
#1594 = CARTESIAN_POINT('',(0.204719715862,4.74832257096E-02));
#1595 = CARTESIAN_POINT('',(0.208411987306,5.228015705348E-02));
#1596 = CARTESIAN_POINT('',(0.212100951538,5.683142023029E-02));
#1597 = CARTESIAN_POINT('',(0.215786015615,6.10615861494E-02));
#1598 = CARTESIAN_POINT('',(0.219467710312,6.48999829925E-02));
#1599 = CARTESIAN_POINT('',(0.223147678548,6.828141302766E-02));
#1600 = CARTESIAN_POINT('',(0.226828752384,7.114679746985E-02));
#1601 = CARTESIAN_POINT('',(0.230514608437,7.344374509712E-02));
#1602 = CARTESIAN_POINT('',(0.234210882618,7.512704710341E-02));
#1603 = CARTESIAN_POINT('',(0.237920722133,7.615909979841E-02));
#1604 = CARTESIAN_POINT('',(0.241660973354,7.651025347593E-02));
#1605 = CARTESIAN_POINT('',(0.245401224575,7.615909979802E-02));
#1606 = CARTESIAN_POINT('',(0.24911106409,7.512704710267E-02));
#1607 = CARTESIAN_POINT('',(0.252807338271,7.344374509605E-02));
#1608 = CARTESIAN_POINT('',(0.256493194324,7.114679746847E-02));
#1609 = CARTESIAN_POINT('',(0.26017426816,6.8281413026E-02));
#1610 = CARTESIAN_POINT('',(0.263854236396,6.489998299058E-02));
#1611 = CARTESIAN_POINT('',(0.267535931093,6.106158614728E-02));
#1612 = CARTESIAN_POINT('',(0.27122099517,5.683142022801E-02));
#1613 = CARTESIAN_POINT('',(0.274909959402,5.228015705111E-02));
#1614 = CARTESIAN_POINT('',(0.278602230846,4.748322570717E-02));
#1615 = CARTESIAN_POINT('',(0.28229614381,4.252000186521E-02));
#1616 = CARTESIAN_POINT('',(0.2859889705,3.747297936981E-02));
#1617 = CARTESIAN_POINT('',(0.289677143218,3.242663412778E-02));
#1618 = CARTESIAN_POINT('',(0.293355774986,2.746705687638E-02));
#1619 = CARTESIAN_POINT('',(0.297020870861,2.267833122239E-02));
#1620 = CARTESIAN_POINT('',(0.300661565666,1.815066755914E-02));
#1621 = CARTESIAN_POINT('',(0.304291429817,1.39421450977E-02));
#1622 = CARTESIAN_POINT('',(0.307918780119,1.012170558464E-02));
#1623 = CARTESIAN_POINT('',(0.311542831702,6.771856715759E-03));
#1624 = CARTESIAN_POINT('',(0.315164259347,3.976835526042E-03));
#1625 = CARTESIAN_POINT('',(0.318782329837,1.825958972724E-03));
#1626 = CARTESIAN_POINT('',(0.321190768428,8.862481296695E-04));
#1627 = CARTESIAN_POINT('',(0.322393806013,5.557649509349E-04));
#1628 = ( GEOMETRIC_REPRESENTATION_CONTEXT(2) 
PARAMETRIC_REPRESENTATION_CONTEXT() REPRESENTATION_CONTEXT('2D SPACE',''
  ) );
#1629 = PCURVE('',#1630,#1635);
#1630 = CYLINDRICAL_SURFACE('',#1631,0.3);
#1631 = AXIS2_PLACEMENT_3D('',#1632,#1633,#1634);
#1632 = CARTESIAN_POINT('',(55.6,-4.5,-9.8));
#1633 = DIRECTION('',(0.,1.,0.));
#1634 = DIRECTION('',(0.,0.,-1.));
#1635 = DEFINITIONAL_REPRESENTATION('',(#1636),#1684);
#1636 = B_SPLINE_CURVE_WITH_KNOTS('',3,(#1637,#1638,#1639,#1640,#1641,
    #1642,#1643,#1644,#1645,#1646,#1647,#1648,#1649,#1650,#1651,#1652,
    #1653,#1654,#1655,#1656,#1657,#1658,#1659,#1660,#1661,#1662,#1663,
    #1664,#1665,#1666,#1667,#1668,#1669,#1670,#1671,#1672,#1673,#1674,
    #1675,#1676,#1677,#1678,#1679,#1680,#1681,#1682,#1683),
  .UNSPECIFIED.,.F.,.F.,(4,1,1,1,1,1,1,1,1,1,1,1,1,1,1,1,1,1,1,1,1,1,1,1
    ,1,1,1,1,1,1,1,1,1,1,1,1,1,1,1,1,1,1,1,1,4),(1.358769229984E-07,
    4.545467515583E-02,9.090921443474E-02,0.136363753714,0.181818292993,
    0.227272832271,0.27272737155,0.318181910829,0.363636450108,
    0.409090989387,0.454545528666,0.500000067945,0.545454607224,
    0.590909146503,0.636363685782,0.681818225061,0.727272764339,
    0.772727303618,0.818181842897,0.863636382176,0.909090921455,
    0.954545460734,1.000000000013,1.045454539292,1.090909078571,
    1.13636361785,1.181818157129,1.227272696407,1.272727235686,
    1.318181774965,1.363636314244,1.409090853523,1.454545392802,
    1.499999932081,1.54545447136,1.590909010639,1.636363549918,
    1.681818089197,1.727272628475,1.772727167754,1.818181707033,
    1.863636246312,1.909090785591,1.95454532487,1.999999864149),
  .QUASI_UNIFORM_KNOTS.);
#1637 = CARTESIAN_POINT('',(-6.087893082733E-02,8.881784197001E-16));
#1638 = CARTESIAN_POINT('',(-7.895579030206E-02,6.691083834549E-02));
#1639 = CARTESIAN_POINT('',(-0.114406697462,0.20088354269));
#1640 = CARTESIAN_POINT('',(-0.165529169582,0.402199896207));
#1641 = CARTESIAN_POINT('',(-0.214656496504,0.603756781602));
#1642 = CARTESIAN_POINT('',(-0.261832733296,0.805510860811));
#1643 = CARTESIAN_POINT('',(-0.307099006804,1.007497175892));
#1644 = CARTESIAN_POINT('',(-0.350456222736,1.209669461128));
#1645 = CARTESIAN_POINT('',(-0.391989858447,1.412488472141));
#1646 = CARTESIAN_POINT('',(-0.431799050219,1.616708175928));
#1647 = CARTESIAN_POINT('',(-0.469688931016,1.82172109037));
#1648 = CARTESIAN_POINT('',(-0.505538387537,2.027302124073));
#1649 = CARTESIAN_POINT('',(-0.539208153994,2.23317628865));
#1650 = CARTESIAN_POINT('',(-0.570566346023,2.439141947248));
#1651 = CARTESIAN_POINT('',(-0.599482416089,2.645044184781));
#1652 = CARTESIAN_POINT('',(-0.625829487773,2.850787249231));
#1653 = CARTESIAN_POINT('',(-0.649484381242,3.056335198646));
#1654 = CARTESIAN_POINT('',(-0.670328198128,3.261714783435));
#1655 = CARTESIAN_POINT('',(-0.688246684238,3.467014828445));
#1656 = CARTESIAN_POINT('',(-0.703130548343,3.672390544737));
#1657 = CARTESIAN_POINT('',(-0.71487564068,3.878044304449));
#1658 = CARTESIAN_POINT('',(-0.723382956979,4.084287832748));
#1659 = CARTESIAN_POINT('',(-0.728558402045,4.291293984961));
#1660 = CARTESIAN_POINT('',(-0.730312283319,4.50000000006));
#1661 = CARTESIAN_POINT('',(-0.728558402043,4.708706015156));
#1662 = CARTESIAN_POINT('',(-0.723382956975,4.915712167365));
#1663 = CARTESIAN_POINT('',(-0.714875640675,5.121955695662));
#1664 = CARTESIAN_POINT('',(-0.703130548336,5.327609455372));
#1665 = CARTESIAN_POINT('',(-0.688246684229,5.532985171664));
#1666 = CARTESIAN_POINT('',(-0.670328198118,5.738285216674));
#1667 = CARTESIAN_POINT('',(-0.649484381231,5.943664801462));
#1668 = CARTESIAN_POINT('',(-0.62582948776,6.149212750876));
#1669 = CARTESIAN_POINT('',(-0.599482416075,6.354955815323));
#1670 = CARTESIAN_POINT('',(-0.570566346008,6.560858052854));
#1671 = CARTESIAN_POINT('',(-0.539208153979,6.766823711449));
#1672 = CARTESIAN_POINT('',(-0.505538387521,6.972697876025));
#1673 = CARTESIAN_POINT('',(-0.469688930999,7.178278909727));
#1674 = CARTESIAN_POINT('',(-0.4317990502,7.383291824168));
#1675 = CARTESIAN_POINT('',(-0.391989858428,7.587511527955));
#1676 = CARTESIAN_POINT('',(-0.350456222717,7.790330538964));
#1677 = CARTESIAN_POINT('',(-0.307099006786,7.992502824187));
#1678 = CARTESIAN_POINT('',(-0.261832733282,8.19448913925));
#1679 = CARTESIAN_POINT('',(-0.214656496494,8.396243218441));
#1680 = CARTESIAN_POINT('',(-0.165529169576,8.597800103821));
#1681 = CARTESIAN_POINT('',(-0.114406697458,8.799116457323));
#1682 = CARTESIAN_POINT('',(-7.895579030082E-02,8.933089161659));
#1683 = CARTESIAN_POINT('',(-6.087893082735E-02,9.));
#1684 = ( GEOMETRIC_REPRESENTATION_CONTEXT(2) 
PARAMETRIC_REPRESENTATION_CONTEXT() REPRESENTATION_CONTEXT('2D SPACE',''
  ) );
#1685 = ORIENTED_EDGE('',*,*,#1686,.F.);
#1686 = EDGE_CURVE('',#1687,#1548,#1689,.T.);
#1687 = VERTEX_POINT('',#1688);
#1688 = CARTESIAN_POINT('',(55.6,-4.720169488482,-10.05814460164));
#1689 = SURFACE_CURVE('',#1690,(#1697,#1707),.PCURVE_S1.);
#1690 = B_SPLINE_CURVE_WITH_KNOTS('',5,(#1691,#1692,#1693,#1694,#1695,
    #1696),.UNSPECIFIED.,.F.,.F.,(6,6),(0.,1.),
  .PIECEWISE_BEZIER_KNOTS.);
#1691 = CARTESIAN_POINT('',(55.6,-4.720169488482,-10.05814460164));
#1692 = CARTESIAN_POINT('',(55.603521824266,-4.678685082109,
    -10.0745088207));
#1693 = CARTESIAN_POINT('',(55.607162557323,-4.635341141332,
    -10.08709715606));
#1694 = CARTESIAN_POINT('',(55.610870371552,-4.590665059755,
    -10.0955560543));
#1695 = CARTESIAN_POINT('',(55.614586097851,-4.545314067392,
    -10.09966771174));
#1696 = CARTESIAN_POINT('',(55.618252399729,-4.5,-10.09944423504));
#1697 = PCURVE('',#691,#1698);
#1698 = DEFINITIONAL_REPRESENTATION('',(#1699),#1706);
#1699 = B_SPLINE_CURVE_WITH_KNOTS('',5,(#1700,#1701,#1702,#1703,#1704,
    #1705),.UNSPECIFIED.,.F.,.F.,(6,6),(0.,1.),
  .PIECEWISE_BEZIER_KNOTS.);
#1700 = CARTESIAN_POINT('',(0.156968912849,4.185539835865E-02));
#1701 = CARTESIAN_POINT('',(0.157715035266,2.549117929366E-02));
#1702 = CARTESIAN_POINT('',(0.158494543492,1.290284393771E-02));
#1703 = CARTESIAN_POINT('',(0.159297942182,4.443945694986E-03));
#1704 = CARTESIAN_POINT('',(0.160113406943,3.322882578265E-04));
#1705 = CARTESIAN_POINT('',(0.160928140694,5.557649509349E-04));
#1706 = ( GEOMETRIC_REPRESENTATION_CONTEXT(2) 
PARAMETRIC_REPRESENTATION_CONTEXT() REPRESENTATION_CONTEXT('2D SPACE',''
  ) );
#1707 = PCURVE('',#1708,#1720);
#1708 = SURFACE_OF_REVOLUTION('',#1709,#1717);
#1709 = B_SPLINE_CURVE_WITH_KNOTS('',6,(#1710,#1711,#1712,#1713,#1714,
    #1715,#1716),.UNSPECIFIED.,.F.,.F.,(7,7),(0.,1.570796326795),
  .PIECEWISE_BEZIER_KNOTS.);
#1710 = CARTESIAN_POINT('',(55.6,-5.1,-9.5));
#1711 = CARTESIAN_POINT('',(55.67853981634,-5.1,-9.5));
#1712 = CARTESIAN_POINT('',(55.757072950211,-5.075331694194,-9.5));
#1713 = CARTESIAN_POINT('',(55.825957044892,-5.025957044892,-9.5));
#1714 = CARTESIAN_POINT('',(55.875331694194,-4.957072950212,-9.5));
#1715 = CARTESIAN_POINT('',(55.9,-4.87853981634,-9.5));
#1716 = CARTESIAN_POINT('',(55.9,-4.8,-9.5));
#1717 = AXIS1_PLACEMENT('',#1718,#1719);
#1718 = CARTESIAN_POINT('',(55.6,-4.5,-9.5));
#1719 = DIRECTION('',(1.,0.,0.));
#1720 = DEFINITIONAL_REPRESENTATION('',(#1721),#1728);
#1721 = B_SPLINE_CURVE_WITH_KNOTS('',5,(#1722,#1723,#1724,#1725,#1726,
    #1727),.UNSPECIFIED.,.F.,.F.,(6,6),(0.,1.),
  .PIECEWISE_BEZIER_KNOTS.);
#1722 = CARTESIAN_POINT('',(1.195069072887,0.));
#1723 = CARTESIAN_POINT('',(1.269394626249,1.173941422128E-02));
#1724 = CARTESIAN_POINT('',(1.344294462306,2.38751954265E-02));
#1725 = CARTESIAN_POINT('',(1.419618812966,3.623792369147E-02));
#1726 = CARTESIAN_POINT('',(1.49520286081,4.86352425221E-02));
#1727 = CARTESIAN_POINT('',(1.570796326795,6.087893082732E-02));
#1728 = ( GEOMETRIC_REPRESENTATION_CONTEXT(2) 
PARAMETRIC_REPRESENTATION_CONTEXT() REPRESENTATION_CONTEXT('2D SPACE',''
  ) );
#1729 = ORIENTED_EDGE('',*,*,#1730,.F.);
#1730 = EDGE_CURVE('',#1731,#1687,#1733,.T.);
#1731 = VERTEX_POINT('',#1732);
#1732 = CARTESIAN_POINT('',(55.576671747639,-4.987339717241,-9.85));
#1733 = SURFACE_CURVE('',#1734,(#1742,#1753),.PCURVE_S1.);
#1734 = B_SPLINE_CURVE_WITH_KNOTS('',6,(#1735,#1736,#1737,#1738,#1739,
    #1740,#1741),.UNSPECIFIED.,.F.,.F.,(7,7),(0.,1.),
  .PIECEWISE_BEZIER_KNOTS.);
#1735 = CARTESIAN_POINT('',(55.567216298483,-5.091608079728,-9.5999994)
  );
#1736 = CARTESIAN_POINT('',(55.568714328503,-5.075259343377,
    -9.696720425511));
#1737 = CARTESIAN_POINT('',(55.571969343072,-5.039671597799,
    -9.791796121597));
#1738 = CARTESIAN_POINT('',(55.576988636581,-4.984489466582,
    -9.880324371581));
#1739 = CARTESIAN_POINT('',(55.583577658464,-4.910980790947,
    -9.957337995016));
#1740 = CARTESIAN_POINT('',(55.591393010511,-4.821553419396,
    -10.01815349523));
#1741 = CARTESIAN_POINT('',(55.6000006,-4.720162420934,-10.0581473895));
#1742 = PCURVE('',#691,#1743);
#1743 = DEFINITIONAL_REPRESENTATION('',(#1744),#1752);
#1744 = B_SPLINE_CURVE_WITH_KNOTS('',6,(#1745,#1746,#1747,#1748,#1749,
    #1750,#1751),.UNSPECIFIED.,.F.,.F.,(7,7),(0.,1.),
  .PIECEWISE_BEZIER_KNOTS.);
#1745 = CARTESIAN_POINT('',(0.150286417391,0.5000006));
#1746 = CARTESIAN_POINT('',(0.150580632891,0.403279574489));
#1747 = CARTESIAN_POINT('',(0.151221068166,0.308203878403));
#1748 = CARTESIAN_POINT('',(0.152214078075,0.219675628419));
#1749 = CARTESIAN_POINT('',(0.153536716357,0.142662004984));
#1750 = CARTESIAN_POINT('',(0.155145460874,8.184650476674E-02));
#1751 = CARTESIAN_POINT('',(0.156969039963,4.185261049757E-02));
#1752 = ( GEOMETRIC_REPRESENTATION_CONTEXT(2) 
PARAMETRIC_REPRESENTATION_CONTEXT() REPRESENTATION_CONTEXT('2D SPACE',''
  ) );
#1753 = PCURVE('',#1754,#1759);
#1754 = CYLINDRICAL_SURFACE('',#1755,0.6);
#1755 = AXIS2_PLACEMENT_3D('',#1756,#1757,#1758);
#1756 = CARTESIAN_POINT('',(50.8,-4.5,-9.5));
#1757 = DIRECTION('',(1.,0.,0.));
#1758 = DIRECTION('',(0.,-1.,0.));
#1759 = DEFINITIONAL_REPRESENTATION('',(#1760),#1768);
#1760 = B_SPLINE_CURVE_WITH_KNOTS('',6,(#1761,#1762,#1763,#1764,#1765,
    #1766,#1767),.UNSPECIFIED.,.F.,.F.,(7,7),(0.,1.),
  .PIECEWISE_BEZIER_KNOTS.);
#1761 = CARTESIAN_POINT('',(0.167447065035,4.767216298483));
#1762 = CARTESIAN_POINT('',(0.330935409472,4.768714328503));
#1763 = CARTESIAN_POINT('',(0.497064666157,4.771969343072));
#1764 = CARTESIAN_POINT('',(0.665740685447,4.776988636581));
#1765 = CARTESIAN_POINT('',(0.837581062736,4.783577658464));
#1766 = CARTESIAN_POINT('',(1.013425419609,4.791393010511));
#1767 = CARTESIAN_POINT('',(1.19508173543,4.8000006));
#1768 = ( GEOMETRIC_REPRESENTATION_CONTEXT(2) 
PARAMETRIC_REPRESENTATION_CONTEXT() REPRESENTATION_CONTEXT('2D SPACE',''
  ) );
#1769 = ORIENTED_EDGE('',*,*,#1770,.F.);
#1770 = EDGE_CURVE('',#1771,#1731,#1773,.T.);
#1771 = VERTEX_POINT('',#1772);
#1772 = CARTESIAN_POINT('',(55.566446710223,-5.1,-9.5));
#1773 = SURFACE_CURVE('',#1774,(#1781,#1810),.PCURVE_S1.);
#1774 = B_SPLINE_CURVE_WITH_KNOTS('',5,(#1775,#1776,#1777,#1778,#1779,
    #1780),.UNSPECIFIED.,.F.,.F.,(6,6),(0.,0.999998070582),
  .PIECEWISE_BEZIER_KNOTS.);
#1775 = CARTESIAN_POINT('',(55.566446710223,-5.1,-9.5));
#1776 = CARTESIAN_POINT('',(55.566446710223,-5.1,-9.573785844141));
#1777 = CARTESIAN_POINT('',(55.567487715607,-5.088657161412,
    -9.64762717521));
#1778 = CARTESIAN_POINT('',(55.569572988113,-5.065940269407,
    -9.719615804222));
#1779 = CARTESIAN_POINT('',(55.572663384878,-5.032007109884,
    -9.787805158568));
#1780 = CARTESIAN_POINT('',(55.576671747639,-4.987339717241,-9.85));
#1781 = PCURVE('',#691,#1782);
#1782 = DEFINITIONAL_REPRESENTATION('',(#1783),#1809);
#1783 = B_SPLINE_CURVE_WITH_KNOTS('',3,(#1784,#1785,#1786,#1787,#1788,
    #1789,#1790,#1791,#1792,#1793,#1794,#1795,#1796,#1797,#1798,#1799,
    #1800,#1801,#1802,#1803,#1804,#1805,#1806,#1807,#1808),
  .UNSPECIFIED.,.F.,.F.,(4,1,1,1,1,1,1,1,1,1,1,1,1,1,1,1,1,1,1,1,1,1,4),
  (0.,4.545445775372E-02,9.090891550745E-02,0.136363373261,
    0.181817831015,0.227272288769,0.272726746522,0.318181204276,
    0.36363566203,0.409090119784,0.454544577537,0.499999035291,
    0.545453493045,0.590907950798,0.636362408552,0.681816866306,
    0.72727132406,0.772725781813,0.818180239567,0.863634697321,
    0.909089155074,0.954543612828,0.999998070582),
  .QUASI_UNIFORM_KNOTS.);
#1784 = CARTESIAN_POINT('',(0.150135393479,0.6));
#1785 = CARTESIAN_POINT('',(0.150135393326,0.594410165451));
#1786 = CARTESIAN_POINT('',(0.15013820532,0.58322972412));
#1787 = CARTESIAN_POINT('',(0.15015086048,0.566467536207));
#1788 = CARTESIAN_POINT('',(0.150171953811,0.549724602009));
#1789 = CARTESIAN_POINT('',(0.150201483754,0.533011740181));
#1790 = CARTESIAN_POINT('',(0.150239447003,0.516339801166));
#1791 = CARTESIAN_POINT('',(0.150285838212,0.499719675339));
#1792 = CARTESIAN_POINT('',(0.150340650004,0.483162297038));
#1793 = CARTESIAN_POINT('',(0.150403872896,0.466678649689));
#1794 = CARTESIAN_POINT('',(0.150475495248,0.450279770642));
#1795 = CARTESIAN_POINT('',(0.150555503206,0.433976756084));
#1796 = CARTESIAN_POINT('',(0.150643880644,0.41778076593));
#1797 = CARTESIAN_POINT('',(0.15074060911,0.40170302872));
#1798 = CARTESIAN_POINT('',(0.150845667768,0.385754846517));
#1799 = CARTESIAN_POINT('',(0.150959033342,0.369947599802));
#1800 = CARTESIAN_POINT('',(0.151080680061,0.354292752367));
#1801 = CARTESIAN_POINT('',(0.151210579601,0.338801856232));
#1802 = CARTESIAN_POINT('',(0.15134870103,0.323486556462));
#1803 = CARTESIAN_POINT('',(0.151495010746,0.308358596356));
#1804 = CARTESIAN_POINT('',(0.151649472447,0.293429821245));
#1805 = CARTESIAN_POINT('',(0.151812046974,0.278712187507));
#1806 = CARTESIAN_POINT('',(0.151982692629,0.264217752077));
#1807 = CARTESIAN_POINT('',(0.152101806695,0.254711740537));
#1808 = CARTESIAN_POINT('',(0.152162693877,0.25));
#1809 = ( GEOMETRIC_REPRESENTATION_CONTEXT(2) 
PARAMETRIC_REPRESENTATION_CONTEXT() REPRESENTATION_CONTEXT('2D SPACE',''
  ) );
#1810 = PCURVE('',#1754,#1811);
#1811 = DEFINITIONAL_REPRESENTATION('',(#1812),#1838);
#1812 = B_SPLINE_CURVE_WITH_KNOTS('',3,(#1813,#1814,#1815,#1816,#1817,
    #1818,#1819,#1820,#1821,#1822,#1823,#1824,#1825,#1826,#1827,#1828,
    #1829,#1830,#1831,#1832,#1833,#1834,#1835,#1836,#1837),
  .UNSPECIFIED.,.F.,.F.,(4,1,1,1,1,1,1,1,1,1,1,1,1,1,1,1,1,1,1,1,1,1,4),
  (0.,4.545445775372E-02,9.090891550745E-02,0.136363373261,
    0.181817831015,0.227272288769,0.272726746522,0.318181204276,
    0.36363566203,0.409090119784,0.454544577537,0.499999035291,
    0.545453493045,0.590907950798,0.636362408552,0.681816866306,
    0.72727132406,0.772725781813,0.818180239567,0.863634697321,
    0.909089155074,0.954543612828,0.999998070582),
  .QUASI_UNIFORM_KNOTS.);
#1813 = CARTESIAN_POINT('',(0.,4.766446710223));
#1814 = CARTESIAN_POINT('',(9.316393625985E-03,4.766446708399));
#1815 = CARTESIAN_POINT('',(2.795045803175E-02,4.76646105059));
#1816 = CARTESIAN_POINT('',(5.590928148716E-02,4.766525584868));
#1817 = CARTESIAN_POINT('',(8.387972968482E-02,4.766633132229));
#1818 = CARTESIAN_POINT('',(0.111865691735,4.766783654621));
#1819 = CARTESIAN_POINT('',(0.139871058355,4.766977094063));
#1820 = CARTESIAN_POINT('',(0.167899725988,4.767213369743));
#1821 = CARTESIAN_POINT('',(0.195955602262,4.76749237863));
#1822 = CARTESIAN_POINT('',(0.224042610851,4.767813995148));
#1823 = CARTESIAN_POINT('',(0.252164696386,4.768178071092));
#1824 = CARTESIAN_POINT('',(0.280325829367,4.768584435488));
#1825 = CARTESIAN_POINT('',(0.308530011198,4.769032894466));
#1826 = CARTESIAN_POINT('',(0.336781279454,4.769523231126));
#1827 = CARTESIAN_POINT('',(0.36508371346,4.770055205408));
#1828 = CARTESIAN_POINT('',(0.393441440294,4.770628553964));
#1829 = CARTESIAN_POINT('',(0.421858641302,4.771242990023));
#1830 = CARTESIAN_POINT('',(0.450339559243,4.771898203264));
#1831 = CARTESIAN_POINT('',(0.478888506035,4.772593859693));
#1832 = CARTESIAN_POINT('',(0.507509871703,4.773329601457));
#1833 = CARTESIAN_POINT('',(0.536208132669,4.774105046937));
#1834 = CARTESIAN_POINT('',(0.564987866713,4.774919789785));
#1835 = CARTESIAN_POINT('',(0.593853747661,4.77577340189));
#1836 = CARTESIAN_POINT('',(0.613158329683,4.776368081757));
#1837 = CARTESIAN_POINT('',(0.622826585412,4.776671747639));
#1838 = ( GEOMETRIC_REPRESENTATION_CONTEXT(2) 
PARAMETRIC_REPRESENTATION_CONTEXT() REPRESENTATION_CONTEXT('2D SPACE',''
  ) );
#1839 = ORIENTED_EDGE('',*,*,#1840,.T.);
#1840 = EDGE_CURVE('',#1771,#1841,#1843,.T.);
#1841 = VERTEX_POINT('',#1842);
#1842 = CARTESIAN_POINT('',(55.566446710223,-5.1,-6.15));
#1843 = SURFACE_CURVE('',#1844,(#1848,#1854),.PCURVE_S1.);
#1844 = LINE('',#1845,#1846);
#1845 = CARTESIAN_POINT('',(55.566446710223,-5.1,-9.85));
#1846 = VECTOR('',#1847,1.);
#1847 = DIRECTION('',(0.,0.,1.));
#1848 = PCURVE('',#691,#1849);
#1849 = DEFINITIONAL_REPRESENTATION('',(#1850),#1853);
#1850 = B_SPLINE_CURVE_WITH_KNOTS('',1,(#1851,#1852),.UNSPECIFIED.,.F.,
  .F.,(2,2),(-5.999999999062E-07,3.7000006),.PIECEWISE_BEZIER_KNOTS.);
#1851 = CARTESIAN_POINT('',(0.150135393479,0.2499994));
#1852 = CARTESIAN_POINT('',(0.150135393479,3.9500006));
#1853 = ( GEOMETRIC_REPRESENTATION_CONTEXT(2) 
PARAMETRIC_REPRESENTATION_CONTEXT() REPRESENTATION_CONTEXT('2D SPACE',''
  ) );
#1854 = PCURVE('',#1855,#1860);
#1855 = PLANE('',#1856);
#1856 = AXIS2_PLACEMENT_3D('',#1857,#1858,#1859);
#1857 = CARTESIAN_POINT('',(50.8,-5.1,-10.));
#1858 = DIRECTION('',(0.,1.,0.));
#1859 = DIRECTION('',(0.,0.,1.));
#1860 = DEFINITIONAL_REPRESENTATION('',(#1861),#1864);
#1861 = B_SPLINE_CURVE_WITH_KNOTS('',1,(#1862,#1863),.UNSPECIFIED.,.F.,
  .F.,(2,2),(-5.999999999062E-07,3.7000006),.PIECEWISE_BEZIER_KNOTS.);
#1862 = CARTESIAN_POINT('',(0.1499994,4.766446710223));
#1863 = CARTESIAN_POINT('',(3.8500006,4.766446710223));
#1864 = ( GEOMETRIC_REPRESENTATION_CONTEXT(2) 
PARAMETRIC_REPRESENTATION_CONTEXT() REPRESENTATION_CONTEXT('2D SPACE',''
  ) );
#1865 = ORIENTED_EDGE('',*,*,#1866,.F.);
#1866 = EDGE_CURVE('',#650,#1841,#1867,.T.);
#1867 = SURFACE_CURVE('',#1868,(#1873,#1880),.PCURVE_S1.);
#1868 = CIRCLE('',#1869,55.8);
#1869 = AXIS2_PLACEMENT_3D('',#1870,#1871,#1872);
#1870 = CARTESIAN_POINT('',(0.,0.,-6.15));
#1871 = DIRECTION('',(-0.,0.,1.));
#1872 = DIRECTION('',(0.970941817426,-0.239315664288,0.));
#1873 = PCURVE('',#691,#1874);
#1874 = DEFINITIONAL_REPRESENTATION('',(#1875),#1879);
#1875 = LINE('',#1876,#1877);
#1876 = CARTESIAN_POINT('',(0.,3.95));
#1877 = VECTOR('',#1878,1.);
#1878 = DIRECTION('',(1.,0.));
#1879 = ( GEOMETRIC_REPRESENTATION_CONTEXT(2) 
PARAMETRIC_REPRESENTATION_CONTEXT() REPRESENTATION_CONTEXT('2D SPACE',''
  ) );
#1880 = PCURVE('',#664,#1881);
#1881 = DEFINITIONAL_REPRESENTATION('',(#1882),#1886);
#1882 = CIRCLE('',#1883,55.8);
#1883 = AXIS2_PLACEMENT_2D('',#1884,#1885);
#1884 = CARTESIAN_POINT('',(0.,0.));
#1885 = DIRECTION('',(1.,0.));
#1886 = ( GEOMETRIC_REPRESENTATION_CONTEXT(2) 
PARAMETRIC_REPRESENTATION_CONTEXT() REPRESENTATION_CONTEXT('2D SPACE',''
  ) );
#1887 = ORIENTED_EDGE('',*,*,#675,.T.);
#1888 = ADVANCED_FACE('',(#1889),#664,.F.);
#1889 = FACE_BOUND('',#1890,.F.);
#1890 = EDGE_LOOP('',(#1891,#1892,#1893,#1914,#1947,#1973));
#1891 = ORIENTED_EDGE('',*,*,#649,.F.);
#1892 = ORIENTED_EDGE('',*,*,#1866,.T.);
#1893 = ORIENTED_EDGE('',*,*,#1894,.F.);
#1894 = EDGE_CURVE('',#1895,#1841,#1897,.T.);
#1895 = VERTEX_POINT('',#1896);
#1896 = CARTESIAN_POINT('',(51.,-5.1,-6.15));
#1897 = SURFACE_CURVE('',#1898,(#1902,#1908),.PCURVE_S1.);
#1898 = LINE('',#1899,#1900);
#1899 = CARTESIAN_POINT('',(25.4,-5.1,-6.15));
#1900 = VECTOR('',#1901,1.);
#1901 = DIRECTION('',(1.,0.,0.));
#1902 = PCURVE('',#664,#1903);
#1903 = DEFINITIONAL_REPRESENTATION('',(#1904),#1907);
#1904 = B_SPLINE_CURVE_WITH_KNOTS('',1,(#1905,#1906),.UNSPECIFIED.,.F.,
  .F.,(2,2),(25.6,30.2),.PIECEWISE_BEZIER_KNOTS.);
#1905 = CARTESIAN_POINT('',(50.738542576595,7.253295609793));
#1906 = CARTESIAN_POINT('',(55.204874936755,8.354147665515));
#1907 = ( GEOMETRIC_REPRESENTATION_CONTEXT(2) 
PARAMETRIC_REPRESENTATION_CONTEXT() REPRESENTATION_CONTEXT('2D SPACE',''
  ) );
#1908 = PCURVE('',#1855,#1909);
#1909 = DEFINITIONAL_REPRESENTATION('',(#1910),#1913);
#1910 = B_SPLINE_CURVE_WITH_KNOTS('',1,(#1911,#1912),.UNSPECIFIED.,.F.,
  .F.,(2,2),(25.6,30.2),.PIECEWISE_BEZIER_KNOTS.);
#1911 = CARTESIAN_POINT('',(3.85,0.2));
#1912 = CARTESIAN_POINT('',(3.85,4.8));
#1913 = ( GEOMETRIC_REPRESENTATION_CONTEXT(2) 
PARAMETRIC_REPRESENTATION_CONTEXT() REPRESENTATION_CONTEXT('2D SPACE',''
  ) );
#1914 = ORIENTED_EDGE('',*,*,#1915,.T.);
#1915 = EDGE_CURVE('',#1895,#1916,#1918,.T.);
#1916 = VERTEX_POINT('',#1917);
#1917 = CARTESIAN_POINT('',(50.7,-4.8,-6.15));
#1918 = SURFACE_CURVE('',#1919,(#1924,#1935),.PCURVE_S1.);
#1919 = CIRCLE('',#1920,0.3);
#1920 = AXIS2_PLACEMENT_3D('',#1921,#1922,#1923);
#1921 = CARTESIAN_POINT('',(51.,-4.8,-6.15));
#1922 = DIRECTION('',(-0.,0.,-1.));
#1923 = DIRECTION('',(-1.,0.,0.));
#1924 = PCURVE('',#664,#1925);
#1925 = DEFINITIONAL_REPRESENTATION('',(#1926),#1934);
#1926 = ( BOUNDED_CURVE() B_SPLINE_CURVE(2,(#1927,#1928,#1929,#1930,
#1931,#1932,#1933),.UNSPECIFIED.,.T.,.F.) B_SPLINE_CURVE_WITH_KNOTS((1,2
    ,2,2,2,1),(-2.094395102393,0.,2.094395102393,4.188790204786,
6.28318530718,8.377580409573),.UNSPECIFIED.) CURVE() 
GEOMETRIC_REPRESENTATION_ITEM() RATIONAL_B_SPLINE_CURVE((1.,0.5,1.,0.5,
1.,0.5,1.)) REPRESENTATION_ITEM('') );
#1927 = CARTESIAN_POINT('',(50.375465332081,7.472783455734));
#1928 = CARTESIAN_POINT('',(50.251113265203,7.977299623427));
#1929 = CARTESIAN_POINT('',(50.750213116484,7.83273358851));
#1930 = CARTESIAN_POINT('',(51.249312967765,7.688167553593));
#1931 = CARTESIAN_POINT('',(50.874565183362,7.328217420817));
#1932 = CARTESIAN_POINT('',(50.499817398959,6.968267288042));
#1933 = CARTESIAN_POINT('',(50.375465332081,7.472783455734));
#1934 = ( GEOMETRIC_REPRESENTATION_CONTEXT(2) 
PARAMETRIC_REPRESENTATION_CONTEXT() REPRESENTATION_CONTEXT('2D SPACE',''
  ) );
#1935 = PCURVE('',#1936,#1941);
#1936 = CYLINDRICAL_SURFACE('',#1937,0.3);
#1937 = AXIS2_PLACEMENT_3D('',#1938,#1939,#1940);
#1938 = CARTESIAN_POINT('',(51.,-4.8,9.5));
#1939 = DIRECTION('',(-0.,-0.,-1.));
#1940 = DIRECTION('',(-1.,0.,0.));
#1941 = DEFINITIONAL_REPRESENTATION('',(#1942),#1946);
#1942 = LINE('',#1943,#1944);
#1943 = CARTESIAN_POINT('',(-6.28318530718,15.65));
#1944 = VECTOR('',#1945,1.);
#1945 = DIRECTION('',(1.,-0.));
#1946 = ( GEOMETRIC_REPRESENTATION_CONTEXT(2) 
PARAMETRIC_REPRESENTATION_CONTEXT() REPRESENTATION_CONTEXT('2D SPACE',''
  ) );
#1947 = ORIENTED_EDGE('',*,*,#1948,.T.);
#1948 = EDGE_CURVE('',#1916,#1949,#1951,.T.);
#1949 = VERTEX_POINT('',#1950);
#1950 = CARTESIAN_POINT('',(50.572719918944,-4.8,-6.15));
#1951 = SURFACE_CURVE('',#1952,(#1956,#1962),.PCURVE_S1.);
#1952 = LINE('',#1953,#1954);
#1953 = CARTESIAN_POINT('',(24.15,-4.8,-6.15));
#1954 = VECTOR('',#1955,1.);
#1955 = DIRECTION('',(-1.,0.,0.));
#1956 = PCURVE('',#664,#1957);
#1957 = DEFINITIONAL_REPRESENTATION('',(#1958),#1961);
#1958 = B_SPLINE_CURVE_WITH_KNOTS('',1,(#1959,#1960),.UNSPECIFIED.,.F.,
  .F.,(2,2),(-29.15,-26.15216167461),.PIECEWISE_BEZIER_KNOTS.);
#1959 = CARTESIAN_POINT('',(52.899914057389,8.095004182882));
#1960 = CARTESIAN_POINT('',(49.98918746539,7.377574512616));
#1961 = ( GEOMETRIC_REPRESENTATION_CONTEXT(2) 
PARAMETRIC_REPRESENTATION_CONTEXT() REPRESENTATION_CONTEXT('2D SPACE',''
  ) );
#1962 = PCURVE('',#1963,#1968);
#1963 = PLANE('',#1964);
#1964 = AXIS2_PLACEMENT_3D('',#1965,#1966,#1967);
#1965 = CARTESIAN_POINT('',(48.3,-4.8,-10.));
#1966 = DIRECTION('',(0.,1.,0.));
#1967 = DIRECTION('',(0.,0.,1.));
#1968 = DEFINITIONAL_REPRESENTATION('',(#1969),#1972);
#1969 = B_SPLINE_CURVE_WITH_KNOTS('',1,(#1970,#1971),.UNSPECIFIED.,.F.,
  .F.,(2,2),(-29.15,-26.15216167461),.PIECEWISE_BEZIER_KNOTS.);
#1970 = CARTESIAN_POINT('',(3.85,5.));
#1971 = CARTESIAN_POINT('',(3.85,2.002161674615));
#1972 = ( GEOMETRIC_REPRESENTATION_CONTEXT(2) 
PARAMETRIC_REPRESENTATION_CONTEXT() REPRESENTATION_CONTEXT('2D SPACE',''
  ) );
#1973 = ORIENTED_EDGE('',*,*,#1974,.T.);
#1974 = EDGE_CURVE('',#1949,#622,#1975,.T.);
#1975 = SURFACE_CURVE('',#1976,(#1981,#1992),.PCURVE_S1.);
#1976 = CIRCLE('',#1977,50.8);
#1977 = AXIS2_PLACEMENT_3D('',#1978,#1979,#1980);
#1978 = CARTESIAN_POINT('',(0.,0.,-6.15));
#1979 = DIRECTION('',(-0.,0.,-1.));
#1980 = DIRECTION('',(0.992708874098,-0.120536680255,-0.));
#1981 = PCURVE('',#664,#1982);
#1982 = DEFINITIONAL_REPRESENTATION('',(#1983),#1991);
#1983 = ( BOUNDED_CURVE() B_SPLINE_CURVE(2,(#1984,#1985,#1986,#1987,
#1988,#1989,#1990),.UNSPECIFIED.,.T.,.F.) B_SPLINE_CURVE_WITH_KNOTS((1,2
    ,2,2,2,1),(-2.094395102393,0.,2.094395102393,4.188790204786,
6.28318530718,8.377580409573),.UNSPECIFIED.) CURVE() 
GEOMETRIC_REPRESENTATION_ITEM() RATIONAL_B_SPLINE_CURVE((1.,0.5,1.,0.5,
1.,0.5,1.)) REPRESENTATION_ITEM('') );
#1984 = CARTESIAN_POINT('',(50.429610804181,6.12326335697));
#1985 = CARTESIAN_POINT('',(61.035414046579,-81.22338476179));
#1986 = CARTESIAN_POINT('',(-19.91190378089,-46.73495573786));
#1987 = CARTESIAN_POINT('',(-100.8592216083,-12.24652671394));
#1988 = CARTESIAN_POINT('',(-30.51770702328,40.611692380898));
#1989 = CARTESIAN_POINT('',(39.823807561784,93.469911475737));
#1990 = CARTESIAN_POINT('',(50.429610804181,6.12326335697));
#1991 = ( GEOMETRIC_REPRESENTATION_CONTEXT(2) 
PARAMETRIC_REPRESENTATION_CONTEXT() REPRESENTATION_CONTEXT('2D SPACE',''
  ) );
#1992 = PCURVE('',#637,#1993);
#1993 = DEFINITIONAL_REPRESENTATION('',(#1994),#1998);
#1994 = LINE('',#1995,#1996);
#1995 = CARTESIAN_POINT('',(-6.28318530718,18.15));
#1996 = VECTOR('',#1997,1.);
#1997 = DIRECTION('',(1.,-0.));
#1998 = ( GEOMETRIC_REPRESENTATION_CONTEXT(2) 
PARAMETRIC_REPRESENTATION_CONTEXT() REPRESENTATION_CONTEXT('2D SPACE',''
  ) );
#1999 = ADVANCED_FACE('',(#2000),#637,.F.);
#2000 = FACE_BOUND('',#2001,.T.);
#2001 = EDGE_LOOP('',(#2002,#2003,#2031,#2050));
#2002 = ORIENTED_EDGE('',*,*,#621,.F.);
#2003 = ORIENTED_EDGE('',*,*,#2004,.F.);
#2004 = EDGE_CURVE('',#2005,#596,#2007,.T.);
#2005 = VERTEX_POINT('',#2006);
#2006 = CARTESIAN_POINT('',(50.572719918944,-4.8,-3.45));
#2007 = SURFACE_CURVE('',#2008,(#2013,#2020),.PCURVE_S1.);
#2008 = CIRCLE('',#2009,50.8);
#2009 = AXIS2_PLACEMENT_3D('',#2010,#2011,#2012);
#2010 = CARTESIAN_POINT('',(0.,0.,-3.45));
#2011 = DIRECTION('',(-0.,0.,-1.));
#2012 = DIRECTION('',(0.992708874098,-0.120536680255,-0.));
#2013 = PCURVE('',#637,#2014);
#2014 = DEFINITIONAL_REPRESENTATION('',(#2015),#2019);
#2015 = LINE('',#2016,#2017);
#2016 = CARTESIAN_POINT('',(-6.28318530718,15.45));
#2017 = VECTOR('',#2018,1.);
#2018 = DIRECTION('',(1.,-0.));
#2019 = ( GEOMETRIC_REPRESENTATION_CONTEXT(2) 
PARAMETRIC_REPRESENTATION_CONTEXT() REPRESENTATION_CONTEXT('2D SPACE',''
  ) );
#2020 = PCURVE('',#610,#2021);
#2021 = DEFINITIONAL_REPRESENTATION('',(#2022),#2030);
#2022 = ( BOUNDED_CURVE() B_SPLINE_CURVE(2,(#2023,#2024,#2025,#2026,
#2027,#2028,#2029),.UNSPECIFIED.,.T.,.F.) B_SPLINE_CURVE_WITH_KNOTS((1,2
    ,2,2,2,1),(-2.094395102393,0.,2.094395102393,4.188790204786,
6.28318530718,8.377580409573),.UNSPECIFIED.) CURVE() 
GEOMETRIC_REPRESENTATION_ITEM() RATIONAL_B_SPLINE_CURVE((1.,0.5,1.,0.5,
1.,0.5,1.)) REPRESENTATION_ITEM('') );
#2023 = CARTESIAN_POINT('',(50.429610804181,6.12326335697));
#2024 = CARTESIAN_POINT('',(61.035414046579,-81.22338476179));
#2025 = CARTESIAN_POINT('',(-19.91190378089,-46.73495573786));
#2026 = CARTESIAN_POINT('',(-100.8592216083,-12.24652671394));
#2027 = CARTESIAN_POINT('',(-30.51770702328,40.611692380898));
#2028 = CARTESIAN_POINT('',(39.823807561784,93.469911475737));
#2029 = CARTESIAN_POINT('',(50.429610804181,6.12326335697));
#2030 = ( GEOMETRIC_REPRESENTATION_CONTEXT(2) 
PARAMETRIC_REPRESENTATION_CONTEXT() REPRESENTATION_CONTEXT('2D SPACE',''
  ) );
#2031 = ORIENTED_EDGE('',*,*,#2032,.T.);
#2032 = EDGE_CURVE('',#2005,#1949,#2033,.T.);
#2033 = SURFACE_CURVE('',#2034,(#2038,#2044),.PCURVE_S1.);
#2034 = LINE('',#2035,#2036);
#2035 = CARTESIAN_POINT('',(50.572719918944,-4.8,12.));
#2036 = VECTOR('',#2037,1.);
#2037 = DIRECTION('',(-0.,0.,-1.));
#2038 = PCURVE('',#637,#2039);
#2039 = DEFINITIONAL_REPRESENTATION('',(#2040),#2043);
#2040 = B_SPLINE_CURVE_WITH_KNOTS('',1,(#2041,#2042),.UNSPECIFIED.,.F.,
  .F.,(2,2),(15.4499994,18.1500006),.PIECEWISE_BEZIER_KNOTS.);
#2041 = CARTESIAN_POINT('',(-2.620113110302E-02,15.4499994));
#2042 = CARTESIAN_POINT('',(-2.620113110302E-02,18.1500006));
#2043 = ( GEOMETRIC_REPRESENTATION_CONTEXT(2) 
PARAMETRIC_REPRESENTATION_CONTEXT() REPRESENTATION_CONTEXT('2D SPACE',''
  ) );
#2044 = PCURVE('',#1963,#2045);
#2045 = DEFINITIONAL_REPRESENTATION('',(#2046),#2049);
#2046 = B_SPLINE_CURVE_WITH_KNOTS('',1,(#2047,#2048),.UNSPECIFIED.,.F.,
  .F.,(2,2),(15.4499994,18.1500006),.PIECEWISE_BEZIER_KNOTS.);
#2047 = CARTESIAN_POINT('',(6.5500006,2.272719918944));
#2048 = CARTESIAN_POINT('',(3.8499994,2.272719918944));
#2049 = ( GEOMETRIC_REPRESENTATION_CONTEXT(2) 
PARAMETRIC_REPRESENTATION_CONTEXT() REPRESENTATION_CONTEXT('2D SPACE',''
  ) );
#2050 = ORIENTED_EDGE('',*,*,#1974,.T.);
#2051 = ADVANCED_FACE('',(#2052),#610,.T.);
#2052 = FACE_BOUND('',#2053,.F.);
#2053 = EDGE_LOOP('',(#2054,#2078,#2079,#2080,#2101,#2129));
#2054 = ORIENTED_EDGE('',*,*,#2055,.F.);
#2055 = EDGE_CURVE('',#570,#2056,#2058,.T.);
#2056 = VERTEX_POINT('',#2057);
#2057 = CARTESIAN_POINT('',(55.566446710223,-5.1,-3.45));
#2058 = SURFACE_CURVE('',#2059,(#2064,#2071),.PCURVE_S1.);
#2059 = CIRCLE('',#2060,55.8);
#2060 = AXIS2_PLACEMENT_3D('',#2061,#2062,#2063);
#2061 = CARTESIAN_POINT('',(0.,0.,-3.45));
#2062 = DIRECTION('',(-0.,0.,1.));
#2063 = DIRECTION('',(0.970941817426,-0.239315664288,0.));
#2064 = PCURVE('',#610,#2065);
#2065 = DEFINITIONAL_REPRESENTATION('',(#2066),#2070);
#2066 = CIRCLE('',#2067,55.8);
#2067 = AXIS2_PLACEMENT_2D('',#2068,#2069);
#2068 = CARTESIAN_POINT('',(0.,0.));
#2069 = DIRECTION('',(1.,-0.));
#2070 = ( GEOMETRIC_REPRESENTATION_CONTEXT(2) 
PARAMETRIC_REPRESENTATION_CONTEXT() REPRESENTATION_CONTEXT('2D SPACE',''
  ) );
#2071 = PCURVE('',#584,#2072);
#2072 = DEFINITIONAL_REPRESENTATION('',(#2073),#2077);
#2073 = LINE('',#2074,#2075);
#2074 = CARTESIAN_POINT('',(0.,0.));
#2075 = VECTOR('',#2076,1.);
#2076 = DIRECTION('',(1.,0.));
#2077 = ( GEOMETRIC_REPRESENTATION_CONTEXT(2) 
PARAMETRIC_REPRESENTATION_CONTEXT() REPRESENTATION_CONTEXT('2D SPACE',''
  ) );
#2078 = ORIENTED_EDGE('',*,*,#595,.F.);
#2079 = ORIENTED_EDGE('',*,*,#2004,.F.);
#2080 = ORIENTED_EDGE('',*,*,#2081,.T.);
#2081 = EDGE_CURVE('',#2005,#2082,#2084,.T.);
#2082 = VERTEX_POINT('',#2083);
#2083 = CARTESIAN_POINT('',(50.7,-4.8,-3.45));
#2084 = SURFACE_CURVE('',#2085,(#2089,#2095),.PCURVE_S1.);
#2085 = LINE('',#2086,#2087);
#2086 = CARTESIAN_POINT('',(24.15,-4.8,-3.45));
#2087 = VECTOR('',#2088,1.);
#2088 = DIRECTION('',(1.,0.,0.));
#2089 = PCURVE('',#610,#2090);
#2090 = DEFINITIONAL_REPRESENTATION('',(#2091),#2094);
#2091 = B_SPLINE_CURVE_WITH_KNOTS('',1,(#2092,#2093),.UNSPECIFIED.,.F.,
  .F.,(2,2),(26.152161674615,29.15),.PIECEWISE_BEZIER_KNOTS.);
#2092 = CARTESIAN_POINT('',(49.98918746539,7.377574512616));
#2093 = CARTESIAN_POINT('',(52.899914057389,8.095004182882));
#2094 = ( GEOMETRIC_REPRESENTATION_CONTEXT(2) 
PARAMETRIC_REPRESENTATION_CONTEXT() REPRESENTATION_CONTEXT('2D SPACE',''
  ) );
#2095 = PCURVE('',#1963,#2096);
#2096 = DEFINITIONAL_REPRESENTATION('',(#2097),#2100);
#2097 = B_SPLINE_CURVE_WITH_KNOTS('',1,(#2098,#2099),.UNSPECIFIED.,.F.,
  .F.,(2,2),(26.152161674615,29.15),.PIECEWISE_BEZIER_KNOTS.);
#2098 = CARTESIAN_POINT('',(6.55,2.002161674615));
#2099 = CARTESIAN_POINT('',(6.55,5.));
#2100 = ( GEOMETRIC_REPRESENTATION_CONTEXT(2) 
PARAMETRIC_REPRESENTATION_CONTEXT() REPRESENTATION_CONTEXT('2D SPACE',''
  ) );
#2101 = ORIENTED_EDGE('',*,*,#2102,.F.);
#2102 = EDGE_CURVE('',#2103,#2082,#2105,.T.);
#2103 = VERTEX_POINT('',#2104);
#2104 = CARTESIAN_POINT('',(51.,-5.1,-3.45));
#2105 = SURFACE_CURVE('',#2106,(#2111,#2122),.PCURVE_S1.);
#2106 = CIRCLE('',#2107,0.3);
#2107 = AXIS2_PLACEMENT_3D('',#2108,#2109,#2110);
#2108 = CARTESIAN_POINT('',(51.,-4.8,-3.45));
#2109 = DIRECTION('',(-0.,0.,-1.));
#2110 = DIRECTION('',(-1.,0.,0.));
#2111 = PCURVE('',#610,#2112);
#2112 = DEFINITIONAL_REPRESENTATION('',(#2113),#2121);
#2113 = ( BOUNDED_CURVE() B_SPLINE_CURVE(2,(#2114,#2115,#2116,#2117,
#2118,#2119,#2120),.UNSPECIFIED.,.T.,.F.) B_SPLINE_CURVE_WITH_KNOTS((1,2
    ,2,2,2,1),(-2.094395102393,0.,2.094395102393,4.188790204786,
6.28318530718,8.377580409573),.UNSPECIFIED.) CURVE() 
GEOMETRIC_REPRESENTATION_ITEM() RATIONAL_B_SPLINE_CURVE((1.,0.5,1.,0.5,
1.,0.5,1.)) REPRESENTATION_ITEM('') );
#2114 = CARTESIAN_POINT('',(50.375465332081,7.472783455734));
#2115 = CARTESIAN_POINT('',(50.251113265203,7.977299623427));
#2116 = CARTESIAN_POINT('',(50.750213116484,7.83273358851));
#2117 = CARTESIAN_POINT('',(51.249312967765,7.688167553593));
#2118 = CARTESIAN_POINT('',(50.874565183362,7.328217420817));
#2119 = CARTESIAN_POINT('',(50.499817398959,6.968267288042));
#2120 = CARTESIAN_POINT('',(50.375465332081,7.472783455734));
#2121 = ( GEOMETRIC_REPRESENTATION_CONTEXT(2) 
PARAMETRIC_REPRESENTATION_CONTEXT() REPRESENTATION_CONTEXT('2D SPACE',''
  ) );
#2122 = PCURVE('',#1936,#2123);
#2123 = DEFINITIONAL_REPRESENTATION('',(#2124),#2128);
#2124 = LINE('',#2125,#2126);
#2125 = CARTESIAN_POINT('',(-6.28318530718,12.95));
#2126 = VECTOR('',#2127,1.);
#2127 = DIRECTION('',(1.,-0.));
#2128 = ( GEOMETRIC_REPRESENTATION_CONTEXT(2) 
PARAMETRIC_REPRESENTATION_CONTEXT() REPRESENTATION_CONTEXT('2D SPACE',''
  ) );
#2129 = ORIENTED_EDGE('',*,*,#2130,.F.);
#2130 = EDGE_CURVE('',#2056,#2103,#2131,.T.);
#2131 = SURFACE_CURVE('',#2132,(#2136,#2142),.PCURVE_S1.);
#2132 = LINE('',#2133,#2134);
#2133 = CARTESIAN_POINT('',(25.4,-5.1,-3.45));
#2134 = VECTOR('',#2135,1.);
#2135 = DIRECTION('',(-1.,0.,0.));
#2136 = PCURVE('',#610,#2137);
#2137 = DEFINITIONAL_REPRESENTATION('',(#2138),#2141);
#2138 = B_SPLINE_CURVE_WITH_KNOTS('',1,(#2139,#2140),.UNSPECIFIED.,.F.,
  .F.,(2,2),(-30.2,-25.6),.PIECEWISE_BEZIER_KNOTS.);
#2139 = CARTESIAN_POINT('',(55.204874936755,8.354147665515));
#2140 = CARTESIAN_POINT('',(50.738542576595,7.253295609793));
#2141 = ( GEOMETRIC_REPRESENTATION_CONTEXT(2) 
PARAMETRIC_REPRESENTATION_CONTEXT() REPRESENTATION_CONTEXT('2D SPACE',''
  ) );
#2142 = PCURVE('',#1855,#2143);
#2143 = DEFINITIONAL_REPRESENTATION('',(#2144),#2147);
#2144 = B_SPLINE_CURVE_WITH_KNOTS('',1,(#2145,#2146),.UNSPECIFIED.,.F.,
  .F.,(2,2),(-30.2,-25.6),.PIECEWISE_BEZIER_KNOTS.);
#2145 = CARTESIAN_POINT('',(6.55,4.8));
#2146 = CARTESIAN_POINT('',(6.55,0.2));
#2147 = ( GEOMETRIC_REPRESENTATION_CONTEXT(2) 
PARAMETRIC_REPRESENTATION_CONTEXT() REPRESENTATION_CONTEXT('2D SPACE',''
  ) );
#2148 = ADVANCED_FACE('',(#2149),#584,.F.);
#2149 = FACE_BOUND('',#2150,.F.);
#2150 = EDGE_LOOP('',(#2151,#2152,#2153,#2174));
#2151 = ORIENTED_EDGE('',*,*,#569,.F.);
#2152 = ORIENTED_EDGE('',*,*,#2055,.T.);
#2153 = ORIENTED_EDGE('',*,*,#2154,.T.);
#2154 = EDGE_CURVE('',#2056,#2155,#2157,.T.);
#2155 = VERTEX_POINT('',#2156);
#2156 = CARTESIAN_POINT('',(55.566446710223,-5.1,0.25));
#2157 = SURFACE_CURVE('',#2158,(#2162,#2168),.PCURVE_S1.);
#2158 = LINE('',#2159,#2160);
#2159 = CARTESIAN_POINT('',(55.566446710223,-5.1,-3.45));
#2160 = VECTOR('',#2161,1.);
#2161 = DIRECTION('',(0.,0.,1.));
#2162 = PCURVE('',#584,#2163);
#2163 = DEFINITIONAL_REPRESENTATION('',(#2164),#2167);
#2164 = B_SPLINE_CURVE_WITH_KNOTS('',1,(#2165,#2166),.UNSPECIFIED.,.F.,
  .F.,(2,2),(-5.999999999062E-07,3.7000006),.PIECEWISE_BEZIER_KNOTS.);
#2165 = CARTESIAN_POINT('',(0.150135393479,-5.999999999062E-07));
#2166 = CARTESIAN_POINT('',(0.150135393479,3.7000006));
#2167 = ( GEOMETRIC_REPRESENTATION_CONTEXT(2) 
PARAMETRIC_REPRESENTATION_CONTEXT() REPRESENTATION_CONTEXT('2D SPACE',''
  ) );
#2168 = PCURVE('',#1855,#2169);
#2169 = DEFINITIONAL_REPRESENTATION('',(#2170),#2173);
#2170 = B_SPLINE_CURVE_WITH_KNOTS('',1,(#2171,#2172),.UNSPECIFIED.,.F.,
  .F.,(2,2),(-5.999999999062E-07,3.7000006),.PIECEWISE_BEZIER_KNOTS.);
#2171 = CARTESIAN_POINT('',(6.5499994,4.766446710223));
#2172 = CARTESIAN_POINT('',(10.2500006,4.766446710223));
#2173 = ( GEOMETRIC_REPRESENTATION_CONTEXT(2) 
PARAMETRIC_REPRESENTATION_CONTEXT() REPRESENTATION_CONTEXT('2D SPACE',''
  ) );
#2174 = ORIENTED_EDGE('',*,*,#2175,.F.);
#2175 = EDGE_CURVE('',#544,#2155,#2176,.T.);
#2176 = SURFACE_CURVE('',#2177,(#2182,#2189),.PCURVE_S1.);
#2177 = CIRCLE('',#2178,55.8);
#2178 = AXIS2_PLACEMENT_3D('',#2179,#2180,#2181);
#2179 = CARTESIAN_POINT('',(0.,0.,0.25));
#2180 = DIRECTION('',(-0.,0.,1.));
#2181 = DIRECTION('',(0.970941817426,-0.239315664288,0.));
#2182 = PCURVE('',#584,#2183);
#2183 = DEFINITIONAL_REPRESENTATION('',(#2184),#2188);
#2184 = LINE('',#2185,#2186);
#2185 = CARTESIAN_POINT('',(0.,3.7));
#2186 = VECTOR('',#2187,1.);
#2187 = DIRECTION('',(1.,0.));
#2188 = ( GEOMETRIC_REPRESENTATION_CONTEXT(2) 
PARAMETRIC_REPRESENTATION_CONTEXT() REPRESENTATION_CONTEXT('2D SPACE',''
  ) );
#2189 = PCURVE('',#558,#2190);
#2190 = DEFINITIONAL_REPRESENTATION('',(#2191),#2195);
#2191 = CIRCLE('',#2192,55.8);
#2192 = AXIS2_PLACEMENT_2D('',#2193,#2194);
#2193 = CARTESIAN_POINT('',(0.,0.));
#2194 = DIRECTION('',(1.,0.));
#2195 = ( GEOMETRIC_REPRESENTATION_CONTEXT(2) 
PARAMETRIC_REPRESENTATION_CONTEXT() REPRESENTATION_CONTEXT('2D SPACE',''
  ) );
#2196 = ADVANCED_FACE('',(#2197),#558,.F.);
#2197 = FACE_BOUND('',#2198,.F.);
#2198 = EDGE_LOOP('',(#2199,#2200,#2201,#2222,#2255,#2281));
#2199 = ORIENTED_EDGE('',*,*,#543,.F.);
#2200 = ORIENTED_EDGE('',*,*,#2175,.T.);
#2201 = ORIENTED_EDGE('',*,*,#2202,.F.);
#2202 = EDGE_CURVE('',#2203,#2155,#2205,.T.);
#2203 = VERTEX_POINT('',#2204);
#2204 = CARTESIAN_POINT('',(51.,-5.1,0.25));
#2205 = SURFACE_CURVE('',#2206,(#2210,#2216),.PCURVE_S1.);
#2206 = LINE('',#2207,#2208);
#2207 = CARTESIAN_POINT('',(25.4,-5.1,0.25));
#2208 = VECTOR('',#2209,1.);
#2209 = DIRECTION('',(1.,0.,0.));
#2210 = PCURVE('',#558,#2211);
#2211 = DEFINITIONAL_REPRESENTATION('',(#2212),#2215);
#2212 = B_SPLINE_CURVE_WITH_KNOTS('',1,(#2213,#2214),.UNSPECIFIED.,.F.,
  .F.,(2,2),(25.6,30.2),.PIECEWISE_BEZIER_KNOTS.);
#2213 = CARTESIAN_POINT('',(50.738542576595,7.253295609793));
#2214 = CARTESIAN_POINT('',(55.204874936755,8.354147665515));
#2215 = ( GEOMETRIC_REPRESENTATION_CONTEXT(2) 
PARAMETRIC_REPRESENTATION_CONTEXT() REPRESENTATION_CONTEXT('2D SPACE',''
  ) );
#2216 = PCURVE('',#1855,#2217);
#2217 = DEFINITIONAL_REPRESENTATION('',(#2218),#2221);
#2218 = B_SPLINE_CURVE_WITH_KNOTS('',1,(#2219,#2220),.UNSPECIFIED.,.F.,
  .F.,(2,2),(25.6,30.2),.PIECEWISE_BEZIER_KNOTS.);
#2219 = CARTESIAN_POINT('',(10.25,0.2));
#2220 = CARTESIAN_POINT('',(10.25,4.8));
#2221 = ( GEOMETRIC_REPRESENTATION_CONTEXT(2) 
PARAMETRIC_REPRESENTATION_CONTEXT() REPRESENTATION_CONTEXT('2D SPACE',''
  ) );
#2222 = ORIENTED_EDGE('',*,*,#2223,.T.);
#2223 = EDGE_CURVE('',#2203,#2224,#2226,.T.);
#2224 = VERTEX_POINT('',#2225);
#2225 = CARTESIAN_POINT('',(50.7,-4.8,0.25));
#2226 = SURFACE_CURVE('',#2227,(#2232,#2243),.PCURVE_S1.);
#2227 = CIRCLE('',#2228,0.3);
#2228 = AXIS2_PLACEMENT_3D('',#2229,#2230,#2231);
#2229 = CARTESIAN_POINT('',(51.,-4.8,0.25));
#2230 = DIRECTION('',(-0.,0.,-1.));
#2231 = DIRECTION('',(-1.,0.,0.));
#2232 = PCURVE('',#558,#2233);
#2233 = DEFINITIONAL_REPRESENTATION('',(#2234),#2242);
#2234 = ( BOUNDED_CURVE() B_SPLINE_CURVE(2,(#2235,#2236,#2237,#2238,
#2239,#2240,#2241),.UNSPECIFIED.,.T.,.F.) B_SPLINE_CURVE_WITH_KNOTS((1,2
    ,2,2,2,1),(-2.094395102393,0.,2.094395102393,4.188790204786,
6.28318530718,8.377580409573),.UNSPECIFIED.) CURVE() 
GEOMETRIC_REPRESENTATION_ITEM() RATIONAL_B_SPLINE_CURVE((1.,0.5,1.,0.5,
1.,0.5,1.)) REPRESENTATION_ITEM('') );
#2235 = CARTESIAN_POINT('',(50.375465332081,7.472783455734));
#2236 = CARTESIAN_POINT('',(50.251113265203,7.977299623427));
#2237 = CARTESIAN_POINT('',(50.750213116484,7.83273358851));
#2238 = CARTESIAN_POINT('',(51.249312967765,7.688167553593));
#2239 = CARTESIAN_POINT('',(50.874565183362,7.328217420817));
#2240 = CARTESIAN_POINT('',(50.499817398959,6.968267288042));
#2241 = CARTESIAN_POINT('',(50.375465332081,7.472783455734));
#2242 = ( GEOMETRIC_REPRESENTATION_CONTEXT(2) 
PARAMETRIC_REPRESENTATION_CONTEXT() REPRESENTATION_CONTEXT('2D SPACE',''
  ) );
#2243 = PCURVE('',#2244,#2249);
#2244 = CYLINDRICAL_SURFACE('',#2245,0.3);
#2245 = AXIS2_PLACEMENT_3D('',#2246,#2247,#2248);
#2246 = CARTESIAN_POINT('',(51.,-4.8,9.5));
#2247 = DIRECTION('',(-0.,-0.,-1.));
#2248 = DIRECTION('',(-1.,0.,0.));
#2249 = DEFINITIONAL_REPRESENTATION('',(#2250),#2254);
#2250 = LINE('',#2251,#2252);
#2251 = CARTESIAN_POINT('',(-6.28318530718,9.25));
#2252 = VECTOR('',#2253,1.);
#2253 = DIRECTION('',(1.,-0.));
#2254 = ( GEOMETRIC_REPRESENTATION_CONTEXT(2) 
PARAMETRIC_REPRESENTATION_CONTEXT() REPRESENTATION_CONTEXT('2D SPACE',''
  ) );
#2255 = ORIENTED_EDGE('',*,*,#2256,.T.);
#2256 = EDGE_CURVE('',#2224,#2257,#2259,.T.);
#2257 = VERTEX_POINT('',#2258);
#2258 = CARTESIAN_POINT('',(50.572719918944,-4.8,0.25));
#2259 = SURFACE_CURVE('',#2260,(#2264,#2270),.PCURVE_S1.);
#2260 = LINE('',#2261,#2262);
#2261 = CARTESIAN_POINT('',(24.15,-4.8,0.25));
#2262 = VECTOR('',#2263,1.);
#2263 = DIRECTION('',(-1.,0.,0.));
#2264 = PCURVE('',#558,#2265);
#2265 = DEFINITIONAL_REPRESENTATION('',(#2266),#2269);
#2266 = B_SPLINE_CURVE_WITH_KNOTS('',1,(#2267,#2268),.UNSPECIFIED.,.F.,
  .F.,(2,2),(-29.15,-26.15216167461),.PIECEWISE_BEZIER_KNOTS.);
#2267 = CARTESIAN_POINT('',(52.899914057389,8.095004182882));
#2268 = CARTESIAN_POINT('',(49.98918746539,7.377574512616));
#2269 = ( GEOMETRIC_REPRESENTATION_CONTEXT(2) 
PARAMETRIC_REPRESENTATION_CONTEXT() REPRESENTATION_CONTEXT('2D SPACE',''
  ) );
#2270 = PCURVE('',#2271,#2276);
#2271 = PLANE('',#2272);
#2272 = AXIS2_PLACEMENT_3D('',#2273,#2274,#2275);
#2273 = CARTESIAN_POINT('',(48.3,-4.8,-10.));
#2274 = DIRECTION('',(0.,1.,0.));
#2275 = DIRECTION('',(0.,0.,1.));
#2276 = DEFINITIONAL_REPRESENTATION('',(#2277),#2280);
#2277 = B_SPLINE_CURVE_WITH_KNOTS('',1,(#2278,#2279),.UNSPECIFIED.,.F.,
  .F.,(2,2),(-29.15,-26.15216167461),.PIECEWISE_BEZIER_KNOTS.);
#2278 = CARTESIAN_POINT('',(10.25,5.));
#2279 = CARTESIAN_POINT('',(10.25,2.002161674615));
#2280 = ( GEOMETRIC_REPRESENTATION_CONTEXT(2) 
PARAMETRIC_REPRESENTATION_CONTEXT() REPRESENTATION_CONTEXT('2D SPACE',''
  ) );
#2281 = ORIENTED_EDGE('',*,*,#2282,.T.);
#2282 = EDGE_CURVE('',#2257,#516,#2283,.T.);
#2283 = SURFACE_CURVE('',#2284,(#2289,#2300),.PCURVE_S1.);
#2284 = CIRCLE('',#2285,50.8);
#2285 = AXIS2_PLACEMENT_3D('',#2286,#2287,#2288);
#2286 = CARTESIAN_POINT('',(0.,0.,0.25));
#2287 = DIRECTION('',(-0.,0.,-1.));
#2288 = DIRECTION('',(0.992708874098,-0.120536680255,-0.));
#2289 = PCURVE('',#558,#2290);
#2290 = DEFINITIONAL_REPRESENTATION('',(#2291),#2299);
#2291 = ( BOUNDED_CURVE() B_SPLINE_CURVE(2,(#2292,#2293,#2294,#2295,
#2296,#2297,#2298),.UNSPECIFIED.,.T.,.F.) B_SPLINE_CURVE_WITH_KNOTS((1,2
    ,2,2,2,1),(-2.094395102393,0.,2.094395102393,4.188790204786,
6.28318530718,8.377580409573),.UNSPECIFIED.) CURVE() 
GEOMETRIC_REPRESENTATION_ITEM() RATIONAL_B_SPLINE_CURVE((1.,0.5,1.,0.5,
1.,0.5,1.)) REPRESENTATION_ITEM('') );
#2292 = CARTESIAN_POINT('',(50.429610804181,6.12326335697));
#2293 = CARTESIAN_POINT('',(61.035414046579,-81.22338476179));
#2294 = CARTESIAN_POINT('',(-19.91190378089,-46.73495573786));
#2295 = CARTESIAN_POINT('',(-100.8592216083,-12.24652671394));
#2296 = CARTESIAN_POINT('',(-30.51770702328,40.611692380898));
#2297 = CARTESIAN_POINT('',(39.823807561784,93.469911475737));
#2298 = CARTESIAN_POINT('',(50.429610804181,6.12326335697));
#2299 = ( GEOMETRIC_REPRESENTATION_CONTEXT(2) 
PARAMETRIC_REPRESENTATION_CONTEXT() REPRESENTATION_CONTEXT('2D SPACE',''
  ) );
#2300 = PCURVE('',#531,#2301);
#2301 = DEFINITIONAL_REPRESENTATION('',(#2302),#2306);
#2302 = LINE('',#2303,#2304);
#2303 = CARTESIAN_POINT('',(-6.28318530718,11.75));
#2304 = VECTOR('',#2305,1.);
#2305 = DIRECTION('',(1.,-0.));
#2306 = ( GEOMETRIC_REPRESENTATION_CONTEXT(2) 
PARAMETRIC_REPRESENTATION_CONTEXT() REPRESENTATION_CONTEXT('2D SPACE',''
  ) );
#2307 = ADVANCED_FACE('',(#2308),#531,.F.);
#2308 = FACE_BOUND('',#2309,.T.);
#2309 = EDGE_LOOP('',(#2310,#2311,#2339,#2358));
#2310 = ORIENTED_EDGE('',*,*,#515,.F.);
#2311 = ORIENTED_EDGE('',*,*,#2312,.F.);
#2312 = EDGE_CURVE('',#2313,#490,#2315,.T.);
#2313 = VERTEX_POINT('',#2314);
#2314 = CARTESIAN_POINT('',(50.572719918944,-4.8,2.95));
#2315 = SURFACE_CURVE('',#2316,(#2321,#2328),.PCURVE_S1.);
#2316 = CIRCLE('',#2317,50.8);
#2317 = AXIS2_PLACEMENT_3D('',#2318,#2319,#2320);
#2318 = CARTESIAN_POINT('',(0.,0.,2.95));
#2319 = DIRECTION('',(-0.,0.,-1.));
#2320 = DIRECTION('',(0.992708874098,-0.120536680255,-0.));
#2321 = PCURVE('',#531,#2322);
#2322 = DEFINITIONAL_REPRESENTATION('',(#2323),#2327);
#2323 = LINE('',#2324,#2325);
#2324 = CARTESIAN_POINT('',(-6.28318530718,9.05));
#2325 = VECTOR('',#2326,1.);
#2326 = DIRECTION('',(1.,-0.));
#2327 = ( GEOMETRIC_REPRESENTATION_CONTEXT(2) 
PARAMETRIC_REPRESENTATION_CONTEXT() REPRESENTATION_CONTEXT('2D SPACE',''
  ) );
#2328 = PCURVE('',#504,#2329);
#2329 = DEFINITIONAL_REPRESENTATION('',(#2330),#2338);
#2330 = ( BOUNDED_CURVE() B_SPLINE_CURVE(2,(#2331,#2332,#2333,#2334,
#2335,#2336,#2337),.UNSPECIFIED.,.T.,.F.) B_SPLINE_CURVE_WITH_KNOTS((1,2
    ,2,2,2,1),(-2.094395102393,0.,2.094395102393,4.188790204786,
6.28318530718,8.377580409573),.UNSPECIFIED.) CURVE() 
GEOMETRIC_REPRESENTATION_ITEM() RATIONAL_B_SPLINE_CURVE((1.,0.5,1.,0.5,
1.,0.5,1.)) REPRESENTATION_ITEM('') );
#2331 = CARTESIAN_POINT('',(50.429610804181,6.12326335697));
#2332 = CARTESIAN_POINT('',(61.035414046579,-81.22338476179));
#2333 = CARTESIAN_POINT('',(-19.91190378089,-46.73495573786));
#2334 = CARTESIAN_POINT('',(-100.8592216083,-12.24652671394));
#2335 = CARTESIAN_POINT('',(-30.51770702328,40.611692380898));
#2336 = CARTESIAN_POINT('',(39.823807561784,93.469911475737));
#2337 = CARTESIAN_POINT('',(50.429610804181,6.12326335697));
#2338 = ( GEOMETRIC_REPRESENTATION_CONTEXT(2) 
PARAMETRIC_REPRESENTATION_CONTEXT() REPRESENTATION_CONTEXT('2D SPACE',''
  ) );
#2339 = ORIENTED_EDGE('',*,*,#2340,.T.);
#2340 = EDGE_CURVE('',#2313,#2257,#2341,.T.);
#2341 = SURFACE_CURVE('',#2342,(#2346,#2352),.PCURVE_S1.);
#2342 = LINE('',#2343,#2344);
#2343 = CARTESIAN_POINT('',(50.572719918944,-4.8,12.));
#2344 = VECTOR('',#2345,1.);
#2345 = DIRECTION('',(-0.,0.,-1.));
#2346 = PCURVE('',#531,#2347);
#2347 = DEFINITIONAL_REPRESENTATION('',(#2348),#2351);
#2348 = B_SPLINE_CURVE_WITH_KNOTS('',1,(#2349,#2350),.UNSPECIFIED.,.F.,
  .F.,(2,2),(9.0499994,11.7500006),.PIECEWISE_BEZIER_KNOTS.);
#2349 = CARTESIAN_POINT('',(-2.620113110302E-02,9.0499994));
#2350 = CARTESIAN_POINT('',(-2.620113110302E-02,11.7500006));
#2351 = ( GEOMETRIC_REPRESENTATION_CONTEXT(2) 
PARAMETRIC_REPRESENTATION_CONTEXT() REPRESENTATION_CONTEXT('2D SPACE',''
  ) );
#2352 = PCURVE('',#2271,#2353);
#2353 = DEFINITIONAL_REPRESENTATION('',(#2354),#2357);
#2354 = B_SPLINE_CURVE_WITH_KNOTS('',1,(#2355,#2356),.UNSPECIFIED.,.F.,
  .F.,(2,2),(9.0499994,11.7500006),.PIECEWISE_BEZIER_KNOTS.);
#2355 = CARTESIAN_POINT('',(12.9500006,2.272719918944));
#2356 = CARTESIAN_POINT('',(10.2499994,2.272719918944));
#2357 = ( GEOMETRIC_REPRESENTATION_CONTEXT(2) 
PARAMETRIC_REPRESENTATION_CONTEXT() REPRESENTATION_CONTEXT('2D SPACE',''
  ) );
#2358 = ORIENTED_EDGE('',*,*,#2282,.T.);
#2359 = ADVANCED_FACE('',(#2360),#504,.T.);
#2360 = FACE_BOUND('',#2361,.F.);
#2361 = EDGE_LOOP('',(#2362,#2386,#2387,#2388,#2409,#2437));
#2362 = ORIENTED_EDGE('',*,*,#2363,.F.);
#2363 = EDGE_CURVE('',#464,#2364,#2366,.T.);
#2364 = VERTEX_POINT('',#2365);
#2365 = CARTESIAN_POINT('',(55.566446710223,-5.1,2.95));
#2366 = SURFACE_CURVE('',#2367,(#2372,#2379),.PCURVE_S1.);
#2367 = CIRCLE('',#2368,55.8);
#2368 = AXIS2_PLACEMENT_3D('',#2369,#2370,#2371);
#2369 = CARTESIAN_POINT('',(0.,0.,2.95));
#2370 = DIRECTION('',(-0.,0.,1.));
#2371 = DIRECTION('',(0.970941817426,-0.239315664288,0.));
#2372 = PCURVE('',#504,#2373);
#2373 = DEFINITIONAL_REPRESENTATION('',(#2374),#2378);
#2374 = CIRCLE('',#2375,55.8);
#2375 = AXIS2_PLACEMENT_2D('',#2376,#2377);
#2376 = CARTESIAN_POINT('',(0.,0.));
#2377 = DIRECTION('',(1.,-0.));
#2378 = ( GEOMETRIC_REPRESENTATION_CONTEXT(2) 
PARAMETRIC_REPRESENTATION_CONTEXT() REPRESENTATION_CONTEXT('2D SPACE',''
  ) );
#2379 = PCURVE('',#478,#2380);
#2380 = DEFINITIONAL_REPRESENTATION('',(#2381),#2385);
#2381 = LINE('',#2382,#2383);
#2382 = CARTESIAN_POINT('',(0.,0.));
#2383 = VECTOR('',#2384,1.);
#2384 = DIRECTION('',(1.,0.));
#2385 = ( GEOMETRIC_REPRESENTATION_CONTEXT(2) 
PARAMETRIC_REPRESENTATION_CONTEXT() REPRESENTATION_CONTEXT('2D SPACE',''
  ) );
#2386 = ORIENTED_EDGE('',*,*,#489,.F.);
#2387 = ORIENTED_EDGE('',*,*,#2312,.F.);
#2388 = ORIENTED_EDGE('',*,*,#2389,.T.);
#2389 = EDGE_CURVE('',#2313,#2390,#2392,.T.);
#2390 = VERTEX_POINT('',#2391);
#2391 = CARTESIAN_POINT('',(50.7,-4.8,2.95));
#2392 = SURFACE_CURVE('',#2393,(#2397,#2403),.PCURVE_S1.);
#2393 = LINE('',#2394,#2395);
#2394 = CARTESIAN_POINT('',(24.15,-4.8,2.95));
#2395 = VECTOR('',#2396,1.);
#2396 = DIRECTION('',(1.,0.,0.));
#2397 = PCURVE('',#504,#2398);
#2398 = DEFINITIONAL_REPRESENTATION('',(#2399),#2402);
#2399 = B_SPLINE_CURVE_WITH_KNOTS('',1,(#2400,#2401),.UNSPECIFIED.,.F.,
  .F.,(2,2),(26.152161674615,29.15),.PIECEWISE_BEZIER_KNOTS.);
#2400 = CARTESIAN_POINT('',(49.98918746539,7.377574512616));
#2401 = CARTESIAN_POINT('',(52.899914057389,8.095004182882));
#2402 = ( GEOMETRIC_REPRESENTATION_CONTEXT(2) 
PARAMETRIC_REPRESENTATION_CONTEXT() REPRESENTATION_CONTEXT('2D SPACE',''
  ) );
#2403 = PCURVE('',#2271,#2404);
#2404 = DEFINITIONAL_REPRESENTATION('',(#2405),#2408);
#2405 = B_SPLINE_CURVE_WITH_KNOTS('',1,(#2406,#2407),.UNSPECIFIED.,.F.,
  .F.,(2,2),(26.152161674615,29.15),.PIECEWISE_BEZIER_KNOTS.);
#2406 = CARTESIAN_POINT('',(12.95,2.002161674615));
#2407 = CARTESIAN_POINT('',(12.95,5.));
#2408 = ( GEOMETRIC_REPRESENTATION_CONTEXT(2) 
PARAMETRIC_REPRESENTATION_CONTEXT() REPRESENTATION_CONTEXT('2D SPACE',''
  ) );
#2409 = ORIENTED_EDGE('',*,*,#2410,.F.);
#2410 = EDGE_CURVE('',#2411,#2390,#2413,.T.);
#2411 = VERTEX_POINT('',#2412);
#2412 = CARTESIAN_POINT('',(51.,-5.1,2.95));
#2413 = SURFACE_CURVE('',#2414,(#2419,#2430),.PCURVE_S1.);
#2414 = CIRCLE('',#2415,0.3);
#2415 = AXIS2_PLACEMENT_3D('',#2416,#2417,#2418);
#2416 = CARTESIAN_POINT('',(51.,-4.8,2.95));
#2417 = DIRECTION('',(-0.,0.,-1.));
#2418 = DIRECTION('',(-1.,0.,0.));
#2419 = PCURVE('',#504,#2420);
#2420 = DEFINITIONAL_REPRESENTATION('',(#2421),#2429);
#2421 = ( BOUNDED_CURVE() B_SPLINE_CURVE(2,(#2422,#2423,#2424,#2425,
#2426,#2427,#2428),.UNSPECIFIED.,.T.,.F.) B_SPLINE_CURVE_WITH_KNOTS((1,2
    ,2,2,2,1),(-2.094395102393,0.,2.094395102393,4.188790204786,
6.28318530718,8.377580409573),.UNSPECIFIED.) CURVE() 
GEOMETRIC_REPRESENTATION_ITEM() RATIONAL_B_SPLINE_CURVE((1.,0.5,1.,0.5,
1.,0.5,1.)) REPRESENTATION_ITEM('') );
#2422 = CARTESIAN_POINT('',(50.375465332081,7.472783455734));
#2423 = CARTESIAN_POINT('',(50.251113265203,7.977299623427));
#2424 = CARTESIAN_POINT('',(50.750213116484,7.83273358851));
#2425 = CARTESIAN_POINT('',(51.249312967765,7.688167553593));
#2426 = CARTESIAN_POINT('',(50.874565183362,7.328217420817));
#2427 = CARTESIAN_POINT('',(50.499817398959,6.968267288042));
#2428 = CARTESIAN_POINT('',(50.375465332081,7.472783455734));
#2429 = ( GEOMETRIC_REPRESENTATION_CONTEXT(2) 
PARAMETRIC_REPRESENTATION_CONTEXT() REPRESENTATION_CONTEXT('2D SPACE',''
  ) );
#2430 = PCURVE('',#2244,#2431);
#2431 = DEFINITIONAL_REPRESENTATION('',(#2432),#2436);
#2432 = LINE('',#2433,#2434);
#2433 = CARTESIAN_POINT('',(-6.28318530718,6.55));
#2434 = VECTOR('',#2435,1.);
#2435 = DIRECTION('',(1.,-0.));
#2436 = ( GEOMETRIC_REPRESENTATION_CONTEXT(2) 
PARAMETRIC_REPRESENTATION_CONTEXT() REPRESENTATION_CONTEXT('2D SPACE',''
  ) );
#2437 = ORIENTED_EDGE('',*,*,#2438,.F.);
#2438 = EDGE_CURVE('',#2364,#2411,#2439,.T.);
#2439 = SURFACE_CURVE('',#2440,(#2444,#2450),.PCURVE_S1.);
#2440 = LINE('',#2441,#2442);
#2441 = CARTESIAN_POINT('',(25.4,-5.1,2.95));
#2442 = VECTOR('',#2443,1.);
#2443 = DIRECTION('',(-1.,0.,0.));
#2444 = PCURVE('',#504,#2445);
#2445 = DEFINITIONAL_REPRESENTATION('',(#2446),#2449);
#2446 = B_SPLINE_CURVE_WITH_KNOTS('',1,(#2447,#2448),.UNSPECIFIED.,.F.,
  .F.,(2,2),(-30.2,-25.6),.PIECEWISE_BEZIER_KNOTS.);
#2447 = CARTESIAN_POINT('',(55.204874936755,8.354147665515));
#2448 = CARTESIAN_POINT('',(50.738542576595,7.253295609793));
#2449 = ( GEOMETRIC_REPRESENTATION_CONTEXT(2) 
PARAMETRIC_REPRESENTATION_CONTEXT() REPRESENTATION_CONTEXT('2D SPACE',''
  ) );
#2450 = PCURVE('',#1855,#2451);
#2451 = DEFINITIONAL_REPRESENTATION('',(#2452),#2455);
#2452 = B_SPLINE_CURVE_WITH_KNOTS('',1,(#2453,#2454),.UNSPECIFIED.,.F.,
  .F.,(2,2),(-30.2,-25.6),.PIECEWISE_BEZIER_KNOTS.);
#2453 = CARTESIAN_POINT('',(12.95,4.8));
#2454 = CARTESIAN_POINT('',(12.95,0.2));
#2455 = ( GEOMETRIC_REPRESENTATION_CONTEXT(2) 
PARAMETRIC_REPRESENTATION_CONTEXT() REPRESENTATION_CONTEXT('2D SPACE',''
  ) );
#2456 = ADVANCED_FACE('',(#2457),#478,.F.);
#2457 = FACE_BOUND('',#2458,.F.);
#2458 = EDGE_LOOP('',(#2459,#2460,#2461,#2482));
#2459 = ORIENTED_EDGE('',*,*,#463,.F.);
#2460 = ORIENTED_EDGE('',*,*,#2363,.T.);
#2461 = ORIENTED_EDGE('',*,*,#2462,.T.);
#2462 = EDGE_CURVE('',#2364,#2463,#2465,.T.);
#2463 = VERTEX_POINT('',#2464);
#2464 = CARTESIAN_POINT('',(55.566446710223,-5.1,6.65));
#2465 = SURFACE_CURVE('',#2466,(#2470,#2476),.PCURVE_S1.);
#2466 = LINE('',#2467,#2468);
#2467 = CARTESIAN_POINT('',(55.566446710223,-5.1,2.95));
#2468 = VECTOR('',#2469,1.);
#2469 = DIRECTION('',(0.,0.,1.));
#2470 = PCURVE('',#478,#2471);
#2471 = DEFINITIONAL_REPRESENTATION('',(#2472),#2475);
#2472 = B_SPLINE_CURVE_WITH_KNOTS('',1,(#2473,#2474),.UNSPECIFIED.,.F.,
  .F.,(2,2),(-5.999999999062E-07,3.7000006),.PIECEWISE_BEZIER_KNOTS.);
#2473 = CARTESIAN_POINT('',(0.150135393479,-5.999999999062E-07));
#2474 = CARTESIAN_POINT('',(0.150135393479,3.7000006));
#2475 = ( GEOMETRIC_REPRESENTATION_CONTEXT(2) 
PARAMETRIC_REPRESENTATION_CONTEXT() REPRESENTATION_CONTEXT('2D SPACE',''
  ) );
#2476 = PCURVE('',#1855,#2477);
#2477 = DEFINITIONAL_REPRESENTATION('',(#2478),#2481);
#2478 = B_SPLINE_CURVE_WITH_KNOTS('',1,(#2479,#2480),.UNSPECIFIED.,.F.,
  .F.,(2,2),(-5.999999999062E-07,3.7000006),.PIECEWISE_BEZIER_KNOTS.);
#2479 = CARTESIAN_POINT('',(12.9499994,4.766446710223));
#2480 = CARTESIAN_POINT('',(16.6500006,4.766446710223));
#2481 = ( GEOMETRIC_REPRESENTATION_CONTEXT(2) 
PARAMETRIC_REPRESENTATION_CONTEXT() REPRESENTATION_CONTEXT('2D SPACE',''
  ) );
#2482 = ORIENTED_EDGE('',*,*,#2483,.F.);
#2483 = EDGE_CURVE('',#438,#2463,#2484,.T.);
#2484 = SURFACE_CURVE('',#2485,(#2490,#2497),.PCURVE_S1.);
#2485 = CIRCLE('',#2486,55.8);
#2486 = AXIS2_PLACEMENT_3D('',#2487,#2488,#2489);
#2487 = CARTESIAN_POINT('',(0.,0.,6.65));
#2488 = DIRECTION('',(-0.,0.,1.));
#2489 = DIRECTION('',(0.970941817426,-0.239315664288,0.));
#2490 = PCURVE('',#478,#2491);
#2491 = DEFINITIONAL_REPRESENTATION('',(#2492),#2496);
#2492 = LINE('',#2493,#2494);
#2493 = CARTESIAN_POINT('',(0.,3.7));
#2494 = VECTOR('',#2495,1.);
#2495 = DIRECTION('',(1.,0.));
#2496 = ( GEOMETRIC_REPRESENTATION_CONTEXT(2) 
PARAMETRIC_REPRESENTATION_CONTEXT() REPRESENTATION_CONTEXT('2D SPACE',''
  ) );
#2497 = PCURVE('',#452,#2498);
#2498 = DEFINITIONAL_REPRESENTATION('',(#2499),#2503);
#2499 = CIRCLE('',#2500,55.8);
#2500 = AXIS2_PLACEMENT_2D('',#2501,#2502);
#2501 = CARTESIAN_POINT('',(0.,0.));
#2502 = DIRECTION('',(1.,0.));
#2503 = ( GEOMETRIC_REPRESENTATION_CONTEXT(2) 
PARAMETRIC_REPRESENTATION_CONTEXT() REPRESENTATION_CONTEXT('2D SPACE',''
  ) );
#2504 = ADVANCED_FACE('',(#2505),#452,.F.);
#2505 = FACE_BOUND('',#2506,.F.);
#2506 = EDGE_LOOP('',(#2507,#2508,#2509,#2530,#2563,#2589));
#2507 = ORIENTED_EDGE('',*,*,#437,.F.);
#2508 = ORIENTED_EDGE('',*,*,#2483,.T.);
#2509 = ORIENTED_EDGE('',*,*,#2510,.F.);
#2510 = EDGE_CURVE('',#2511,#2463,#2513,.T.);
#2511 = VERTEX_POINT('',#2512);
#2512 = CARTESIAN_POINT('',(51.,-5.1,6.65));
#2513 = SURFACE_CURVE('',#2514,(#2518,#2524),.PCURVE_S1.);
#2514 = LINE('',#2515,#2516);
#2515 = CARTESIAN_POINT('',(25.4,-5.1,6.65));
#2516 = VECTOR('',#2517,1.);
#2517 = DIRECTION('',(1.,0.,0.));
#2518 = PCURVE('',#452,#2519);
#2519 = DEFINITIONAL_REPRESENTATION('',(#2520),#2523);
#2520 = B_SPLINE_CURVE_WITH_KNOTS('',1,(#2521,#2522),.UNSPECIFIED.,.F.,
  .F.,(2,2),(25.6,30.2),.PIECEWISE_BEZIER_KNOTS.);
#2521 = CARTESIAN_POINT('',(50.738542576595,7.253295609793));
#2522 = CARTESIAN_POINT('',(55.204874936755,8.354147665515));
#2523 = ( GEOMETRIC_REPRESENTATION_CONTEXT(2) 
PARAMETRIC_REPRESENTATION_CONTEXT() REPRESENTATION_CONTEXT('2D SPACE',''
  ) );
#2524 = PCURVE('',#1855,#2525);
#2525 = DEFINITIONAL_REPRESENTATION('',(#2526),#2529);
#2526 = B_SPLINE_CURVE_WITH_KNOTS('',1,(#2527,#2528),.UNSPECIFIED.,.F.,
  .F.,(2,2),(25.6,30.2),.PIECEWISE_BEZIER_KNOTS.);
#2527 = CARTESIAN_POINT('',(16.65,0.2));
#2528 = CARTESIAN_POINT('',(16.65,4.8));
#2529 = ( GEOMETRIC_REPRESENTATION_CONTEXT(2) 
PARAMETRIC_REPRESENTATION_CONTEXT() REPRESENTATION_CONTEXT('2D SPACE',''
  ) );
#2530 = ORIENTED_EDGE('',*,*,#2531,.T.);
#2531 = EDGE_CURVE('',#2511,#2532,#2534,.T.);
#2532 = VERTEX_POINT('',#2533);
#2533 = CARTESIAN_POINT('',(50.7,-4.8,6.65));
#2534 = SURFACE_CURVE('',#2535,(#2540,#2551),.PCURVE_S1.);
#2535 = CIRCLE('',#2536,0.3);
#2536 = AXIS2_PLACEMENT_3D('',#2537,#2538,#2539);
#2537 = CARTESIAN_POINT('',(51.,-4.8,6.65));
#2538 = DIRECTION('',(-0.,0.,-1.));
#2539 = DIRECTION('',(-1.,0.,0.));
#2540 = PCURVE('',#452,#2541);
#2541 = DEFINITIONAL_REPRESENTATION('',(#2542),#2550);
#2542 = ( BOUNDED_CURVE() B_SPLINE_CURVE(2,(#2543,#2544,#2545,#2546,
#2547,#2548,#2549),.UNSPECIFIED.,.T.,.F.) B_SPLINE_CURVE_WITH_KNOTS((1,2
    ,2,2,2,1),(-2.094395102393,0.,2.094395102393,4.188790204786,
6.28318530718,8.377580409573),.UNSPECIFIED.) CURVE() 
GEOMETRIC_REPRESENTATION_ITEM() RATIONAL_B_SPLINE_CURVE((1.,0.5,1.,0.5,
1.,0.5,1.)) REPRESENTATION_ITEM('') );
#2543 = CARTESIAN_POINT('',(50.375465332081,7.472783455734));
#2544 = CARTESIAN_POINT('',(50.251113265203,7.977299623427));
#2545 = CARTESIAN_POINT('',(50.750213116484,7.83273358851));
#2546 = CARTESIAN_POINT('',(51.249312967765,7.688167553593));
#2547 = CARTESIAN_POINT('',(50.874565183362,7.328217420817));
#2548 = CARTESIAN_POINT('',(50.499817398959,6.968267288042));
#2549 = CARTESIAN_POINT('',(50.375465332081,7.472783455734));
#2550 = ( GEOMETRIC_REPRESENTATION_CONTEXT(2) 
PARAMETRIC_REPRESENTATION_CONTEXT() REPRESENTATION_CONTEXT('2D SPACE',''
  ) );
#2551 = PCURVE('',#2552,#2557);
#2552 = CYLINDRICAL_SURFACE('',#2553,0.3);
#2553 = AXIS2_PLACEMENT_3D('',#2554,#2555,#2556);
#2554 = CARTESIAN_POINT('',(51.,-4.8,9.5));
#2555 = DIRECTION('',(-0.,-0.,-1.));
#2556 = DIRECTION('',(-1.,0.,0.));
#2557 = DEFINITIONAL_REPRESENTATION('',(#2558),#2562);
#2558 = LINE('',#2559,#2560);
#2559 = CARTESIAN_POINT('',(-6.28318530718,2.85));
#2560 = VECTOR('',#2561,1.);
#2561 = DIRECTION('',(1.,-0.));
#2562 = ( GEOMETRIC_REPRESENTATION_CONTEXT(2) 
PARAMETRIC_REPRESENTATION_CONTEXT() REPRESENTATION_CONTEXT('2D SPACE',''
  ) );
#2563 = ORIENTED_EDGE('',*,*,#2564,.T.);
#2564 = EDGE_CURVE('',#2532,#2565,#2567,.T.);
#2565 = VERTEX_POINT('',#2566);
#2566 = CARTESIAN_POINT('',(50.572719918944,-4.8,6.65));
#2567 = SURFACE_CURVE('',#2568,(#2572,#2578),.PCURVE_S1.);
#2568 = LINE('',#2569,#2570);
#2569 = CARTESIAN_POINT('',(24.15,-4.8,6.65));
#2570 = VECTOR('',#2571,1.);
#2571 = DIRECTION('',(-1.,0.,0.));
#2572 = PCURVE('',#452,#2573);
#2573 = DEFINITIONAL_REPRESENTATION('',(#2574),#2577);
#2574 = B_SPLINE_CURVE_WITH_KNOTS('',1,(#2575,#2576),.UNSPECIFIED.,.F.,
  .F.,(2,2),(-29.15,-26.15216167461),.PIECEWISE_BEZIER_KNOTS.);
#2575 = CARTESIAN_POINT('',(52.899914057389,8.095004182882));
#2576 = CARTESIAN_POINT('',(49.98918746539,7.377574512616));
#2577 = ( GEOMETRIC_REPRESENTATION_CONTEXT(2) 
PARAMETRIC_REPRESENTATION_CONTEXT() REPRESENTATION_CONTEXT('2D SPACE',''
  ) );
#2578 = PCURVE('',#2579,#2584);
#2579 = PLANE('',#2580);
#2580 = AXIS2_PLACEMENT_3D('',#2581,#2582,#2583);
#2581 = CARTESIAN_POINT('',(48.3,-4.8,-10.));
#2582 = DIRECTION('',(0.,1.,0.));
#2583 = DIRECTION('',(0.,0.,1.));
#2584 = DEFINITIONAL_REPRESENTATION('',(#2585),#2588);
#2585 = B_SPLINE_CURVE_WITH_KNOTS('',1,(#2586,#2587),.UNSPECIFIED.,.F.,
  .F.,(2,2),(-29.15,-26.15216167461),.PIECEWISE_BEZIER_KNOTS.);
#2586 = CARTESIAN_POINT('',(16.65,5.));
#2587 = CARTESIAN_POINT('',(16.65,2.002161674615));
#2588 = ( GEOMETRIC_REPRESENTATION_CONTEXT(2) 
PARAMETRIC_REPRESENTATION_CONTEXT() REPRESENTATION_CONTEXT('2D SPACE',''
  ) );
#2589 = ORIENTED_EDGE('',*,*,#2590,.T.);
#2590 = EDGE_CURVE('',#2565,#410,#2591,.T.);
#2591 = SURFACE_CURVE('',#2592,(#2597,#2608),.PCURVE_S1.);
#2592 = CIRCLE('',#2593,50.8);
#2593 = AXIS2_PLACEMENT_3D('',#2594,#2595,#2596);
#2594 = CARTESIAN_POINT('',(0.,0.,6.65));
#2595 = DIRECTION('',(-0.,0.,-1.));
#2596 = DIRECTION('',(0.992708874098,-0.120536680255,-0.));
#2597 = PCURVE('',#452,#2598);
#2598 = DEFINITIONAL_REPRESENTATION('',(#2599),#2607);
#2599 = ( BOUNDED_CURVE() B_SPLINE_CURVE(2,(#2600,#2601,#2602,#2603,
#2604,#2605,#2606),.UNSPECIFIED.,.T.,.F.) B_SPLINE_CURVE_WITH_KNOTS((1,2
    ,2,2,2,1),(-2.094395102393,0.,2.094395102393,4.188790204786,
6.28318530718,8.377580409573),.UNSPECIFIED.) CURVE() 
GEOMETRIC_REPRESENTATION_ITEM() RATIONAL_B_SPLINE_CURVE((1.,0.5,1.,0.5,
1.,0.5,1.)) REPRESENTATION_ITEM('') );
#2600 = CARTESIAN_POINT('',(50.429610804181,6.12326335697));
#2601 = CARTESIAN_POINT('',(61.035414046579,-81.22338476179));
#2602 = CARTESIAN_POINT('',(-19.91190378089,-46.73495573786));
#2603 = CARTESIAN_POINT('',(-100.8592216083,-12.24652671394));
#2604 = CARTESIAN_POINT('',(-30.51770702328,40.611692380898));
#2605 = CARTESIAN_POINT('',(39.823807561784,93.469911475737));
#2606 = CARTESIAN_POINT('',(50.429610804181,6.12326335697));
#2607 = ( GEOMETRIC_REPRESENTATION_CONTEXT(2) 
PARAMETRIC_REPRESENTATION_CONTEXT() REPRESENTATION_CONTEXT('2D SPACE',''
  ) );
#2608 = PCURVE('',#425,#2609);
#2609 = DEFINITIONAL_REPRESENTATION('',(#2610),#2614);
#2610 = LINE('',#2611,#2612);
#2611 = CARTESIAN_POINT('',(-6.28318530718,5.35));
#2612 = VECTOR('',#2613,1.);
#2613 = DIRECTION('',(1.,-0.));
#2614 = ( GEOMETRIC_REPRESENTATION_CONTEXT(2) 
PARAMETRIC_REPRESENTATION_CONTEXT() REPRESENTATION_CONTEXT('2D SPACE',''
  ) );
#2615 = ADVANCED_FACE('',(#2616),#425,.F.);
#2616 = FACE_BOUND('',#2617,.T.);
#2617 = EDGE_LOOP('',(#2618,#2619,#2647,#2666));
#2618 = ORIENTED_EDGE('',*,*,#409,.F.);
#2619 = ORIENTED_EDGE('',*,*,#2620,.F.);
#2620 = EDGE_CURVE('',#2621,#384,#2623,.T.);
#2621 = VERTEX_POINT('',#2622);
#2622 = CARTESIAN_POINT('',(50.572719918944,-4.8,9.6));
#2623 = SURFACE_CURVE('',#2624,(#2629,#2636),.PCURVE_S1.);
#2624 = CIRCLE('',#2625,50.8);
#2625 = AXIS2_PLACEMENT_3D('',#2626,#2627,#2628);
#2626 = CARTESIAN_POINT('',(0.,0.,9.6));
#2627 = DIRECTION('',(-0.,0.,-1.));
#2628 = DIRECTION('',(0.992708874098,-0.120536680255,-0.));
#2629 = PCURVE('',#425,#2630);
#2630 = DEFINITIONAL_REPRESENTATION('',(#2631),#2635);
#2631 = LINE('',#2632,#2633);
#2632 = CARTESIAN_POINT('',(-6.28318530718,2.4));
#2633 = VECTOR('',#2634,1.);
#2634 = DIRECTION('',(1.,-0.));
#2635 = ( GEOMETRIC_REPRESENTATION_CONTEXT(2) 
PARAMETRIC_REPRESENTATION_CONTEXT() REPRESENTATION_CONTEXT('2D SPACE',''
  ) );
#2636 = PCURVE('',#398,#2637);
#2637 = DEFINITIONAL_REPRESENTATION('',(#2638),#2646);
#2638 = ( BOUNDED_CURVE() B_SPLINE_CURVE(2,(#2639,#2640,#2641,#2642,
#2643,#2644,#2645),.UNSPECIFIED.,.T.,.F.) B_SPLINE_CURVE_WITH_KNOTS((1,2
    ,2,2,2,1),(-2.094395102393,0.,2.094395102393,4.188790204786,
6.28318530718,8.377580409573),.UNSPECIFIED.) CURVE() 
GEOMETRIC_REPRESENTATION_ITEM() RATIONAL_B_SPLINE_CURVE((1.,0.5,1.,0.5,
1.,0.5,1.)) REPRESENTATION_ITEM('') );
#2639 = CARTESIAN_POINT('',(50.429610804181,6.12326335697));
#2640 = CARTESIAN_POINT('',(61.035414046579,-81.22338476179));
#2641 = CARTESIAN_POINT('',(-19.91190378089,-46.73495573786));
#2642 = CARTESIAN_POINT('',(-100.8592216083,-12.24652671394));
#2643 = CARTESIAN_POINT('',(-30.51770702328,40.611692380898));
#2644 = CARTESIAN_POINT('',(39.823807561784,93.469911475737));
#2645 = CARTESIAN_POINT('',(50.429610804181,6.12326335697));
#2646 = ( GEOMETRIC_REPRESENTATION_CONTEXT(2) 
PARAMETRIC_REPRESENTATION_CONTEXT() REPRESENTATION_CONTEXT('2D SPACE',''
  ) );
#2647 = ORIENTED_EDGE('',*,*,#2648,.T.);
#2648 = EDGE_CURVE('',#2621,#2565,#2649,.T.);
#2649 = SURFACE_CURVE('',#2650,(#2654,#2660),.PCURVE_S1.);
#2650 = LINE('',#2651,#2652);
#2651 = CARTESIAN_POINT('',(50.572719918944,-4.8,12.));
#2652 = VECTOR('',#2653,1.);
#2653 = DIRECTION('',(-0.,0.,-1.));
#2654 = PCURVE('',#425,#2655);
#2655 = DEFINITIONAL_REPRESENTATION('',(#2656),#2659);
#2656 = B_SPLINE_CURVE_WITH_KNOTS('',1,(#2657,#2658),.UNSPECIFIED.,.F.,
  .F.,(2,2),(2.3999994,5.3500006),.PIECEWISE_BEZIER_KNOTS.);
#2657 = CARTESIAN_POINT('',(-2.620113110302E-02,2.3999994));
#2658 = CARTESIAN_POINT('',(-2.620113110302E-02,5.3500006));
#2659 = ( GEOMETRIC_REPRESENTATION_CONTEXT(2) 
PARAMETRIC_REPRESENTATION_CONTEXT() REPRESENTATION_CONTEXT('2D SPACE',''
  ) );
#2660 = PCURVE('',#2579,#2661);
#2661 = DEFINITIONAL_REPRESENTATION('',(#2662),#2665);
#2662 = B_SPLINE_CURVE_WITH_KNOTS('',1,(#2663,#2664),.UNSPECIFIED.,.F.,
  .F.,(2,2),(2.3999994,5.3500006),.PIECEWISE_BEZIER_KNOTS.);
#2663 = CARTESIAN_POINT('',(19.6000006,2.272719918944));
#2664 = CARTESIAN_POINT('',(16.6499994,2.272719918944));
#2665 = ( GEOMETRIC_REPRESENTATION_CONTEXT(2) 
PARAMETRIC_REPRESENTATION_CONTEXT() REPRESENTATION_CONTEXT('2D SPACE',''
  ) );
#2666 = ORIENTED_EDGE('',*,*,#2590,.T.);
#2667 = ADVANCED_FACE('',(#2668),#398,.T.);
#2668 = FACE_BOUND('',#2669,.F.);
#2669 = EDGE_LOOP('',(#2670,#2694,#2695,#2696,#2717,#2785));
#2670 = ORIENTED_EDGE('',*,*,#2671,.F.);
#2671 = EDGE_CURVE('',#358,#2672,#2674,.T.);
#2672 = VERTEX_POINT('',#2673);
#2673 = CARTESIAN_POINT('',(55.567216307776,-5.09160797831,9.6));
#2674 = SURFACE_CURVE('',#2675,(#2680,#2687),.PCURVE_S1.);
#2675 = CIRCLE('',#2676,55.8);
#2676 = AXIS2_PLACEMENT_3D('',#2677,#2678,#2679);
#2677 = CARTESIAN_POINT('',(0.,0.,9.6));
#2678 = DIRECTION('',(-0.,0.,1.));
#2679 = DIRECTION('',(0.970941817426,-0.239315664288,0.));
#2680 = PCURVE('',#398,#2681);
#2681 = DEFINITIONAL_REPRESENTATION('',(#2682),#2686);
#2682 = CIRCLE('',#2683,55.8);
#2683 = AXIS2_PLACEMENT_2D('',#2684,#2685);
#2684 = CARTESIAN_POINT('',(0.,0.));
#2685 = DIRECTION('',(1.,-0.));
#2686 = ( GEOMETRIC_REPRESENTATION_CONTEXT(2) 
PARAMETRIC_REPRESENTATION_CONTEXT() REPRESENTATION_CONTEXT('2D SPACE',''
  ) );
#2687 = PCURVE('',#372,#2688);
#2688 = DEFINITIONAL_REPRESENTATION('',(#2689),#2693);
#2689 = LINE('',#2690,#2691);
#2690 = CARTESIAN_POINT('',(0.,0.));
#2691 = VECTOR('',#2692,1.);
#2692 = DIRECTION('',(1.,0.));
#2693 = ( GEOMETRIC_REPRESENTATION_CONTEXT(2) 
PARAMETRIC_REPRESENTATION_CONTEXT() REPRESENTATION_CONTEXT('2D SPACE',''
  ) );
#2694 = ORIENTED_EDGE('',*,*,#383,.F.);
#2695 = ORIENTED_EDGE('',*,*,#2620,.F.);
#2696 = ORIENTED_EDGE('',*,*,#2697,.T.);
#2697 = EDGE_CURVE('',#2621,#2698,#2700,.T.);
#2698 = VERTEX_POINT('',#2699);
#2699 = CARTESIAN_POINT('',(50.700439218701,-4.8,9.6));
#2700 = SURFACE_CURVE('',#2701,(#2705,#2711),.PCURVE_S1.);
#2701 = LINE('',#2702,#2703);
#2702 = CARTESIAN_POINT('',(24.15,-4.8,9.6));
#2703 = VECTOR('',#2704,1.);
#2704 = DIRECTION('',(1.,0.,0.));
#2705 = PCURVE('',#398,#2706);
#2706 = DEFINITIONAL_REPRESENTATION('',(#2707),#2710);
#2707 = B_SPLINE_CURVE_WITH_KNOTS('',1,(#2708,#2709),.UNSPECIFIED.,.F.,
  .F.,(2,2),(26.152161674615,29.15),.PIECEWISE_BEZIER_KNOTS.);
#2708 = CARTESIAN_POINT('',(49.98918746539,7.377574512616));
#2709 = CARTESIAN_POINT('',(52.899914057389,8.095004182882));
#2710 = ( GEOMETRIC_REPRESENTATION_CONTEXT(2) 
PARAMETRIC_REPRESENTATION_CONTEXT() REPRESENTATION_CONTEXT('2D SPACE',''
  ) );
#2711 = PCURVE('',#2579,#2712);
#2712 = DEFINITIONAL_REPRESENTATION('',(#2713),#2716);
#2713 = B_SPLINE_CURVE_WITH_KNOTS('',1,(#2714,#2715),.UNSPECIFIED.,.F.,
  .F.,(2,2),(26.152161674615,29.15),.PIECEWISE_BEZIER_KNOTS.);
#2714 = CARTESIAN_POINT('',(19.6,2.002161674615));
#2715 = CARTESIAN_POINT('',(19.6,5.));
#2716 = ( GEOMETRIC_REPRESENTATION_CONTEXT(2) 
PARAMETRIC_REPRESENTATION_CONTEXT() REPRESENTATION_CONTEXT('2D SPACE',''
  ) );
#2717 = ORIENTED_EDGE('',*,*,#2718,.T.);
#2718 = EDGE_CURVE('',#2698,#2719,#2721,.T.);
#2719 = VERTEX_POINT('',#2720);
#2720 = CARTESIAN_POINT('',(51.,-5.09160797831,9.6));
#2721 = SURFACE_CURVE('',#2722,(#2737,#2755),.PCURVE_S1.);
#2722 = B_SPLINE_CURVE_WITH_KNOTS('',7,(#2723,#2724,#2725,#2726,#2727,
    #2728,#2729,#2730,#2731,#2732,#2733,#2734,#2735,#2736),
  .UNSPECIFIED.,.F.,.F.,(8,6,8),(0.,0.501872293746,1.),.UNSPECIFIED.);
#2723 = CARTESIAN_POINT('',(50.7,-4.782842712475,9.6));
#2724 = CARTESIAN_POINT('',(50.7,-4.816993253057,9.6));
#2725 = CARTESIAN_POINT('',(50.704031421407,-4.851507676128,9.6));
#2726 = CARTESIAN_POINT('',(50.712476790899,-4.8855508625,9.6));
#2727 = CARTESIAN_POINT('',(50.725323689387,-4.918225789431,9.6));
#2728 = CARTESIAN_POINT('',(50.742276447502,-4.948778404445,9.6));
#2729 = CARTESIAN_POINT('',(50.762938107564,-4.976619226305,9.6));
#2730 = CARTESIAN_POINT('',(50.810642982392,-5.025720507886,9.6));
#2731 = CARTESIAN_POINT('',(50.8375987623,-5.046988709061,9.6));
#2732 = CARTESIAN_POINT('',(50.867257177531,-5.064555266171,9.6));
#2733 = CARTESIAN_POINT('',(50.899016562172,-5.078011184836,9.6));
#2734 = CARTESIAN_POINT('',(50.932201683687,-5.087075531303,9.6));
#2735 = CARTESIAN_POINT('',(50.966100557277,-5.09160797831,9.6));
#2736 = CARTESIAN_POINT('',(51.,-5.09160797831,9.6));
#2737 = PCURVE('',#398,#2738);
#2738 = DEFINITIONAL_REPRESENTATION('',(#2739),#2754);
#2739 = B_SPLINE_CURVE_WITH_KNOTS('',7,(#2740,#2741,#2742,#2743,#2744,
    #2745,#2746,#2747,#2748,#2749,#2750,#2751,#2752,#2753),
  .UNSPECIFIED.,.F.,.F.,(8,6,8),(0.,0.501872293746,1.),.UNSPECIFIED.);
#2740 = CARTESIAN_POINT('',(50.37135932442,7.489442183666));
#2741 = CARTESIAN_POINT('',(50.379532083725,7.456283995727));
#2742 = CARTESIAN_POINT('',(50.391706201437,7.423737281355));
#2743 = CARTESIAN_POINT('',(50.408053231602,7.392704437318));
#2744 = CARTESIAN_POINT('',(50.428346444412,7.364053448425));
#2745 = CARTESIAN_POINT('',(50.452118305544,7.338445697446));
#2746 = CARTESIAN_POINT('',(50.478842320094,7.316358538174));
#2747 = CARTESIAN_POINT('',(50.536911683779,7.280100574407));
#2748 = CARTESIAN_POINT('',(50.568173991405,7.265901328879));
#2749 = CARTESIAN_POINT('',(50.601174539275,7.255942947336));
#2750 = CARTESIAN_POINT('',(50.635231266033,7.250478551445));
#2751 = CARTESIAN_POINT('',(50.669621328324,7.249619317813));
#2752 = CARTESIAN_POINT('',(50.703619847822,7.25333110693));
#2753 = CARTESIAN_POINT('',(50.73653423435,7.261443774584));
#2754 = ( GEOMETRIC_REPRESENTATION_CONTEXT(2) 
PARAMETRIC_REPRESENTATION_CONTEXT() REPRESENTATION_CONTEXT('2D SPACE',''
  ) );
#2755 = PCURVE('',#2756,#2768);
#2756 = SURFACE_OF_REVOLUTION('',#2757,#2765);
#2757 = B_SPLINE_CURVE_WITH_KNOTS('',6,(#2758,#2759,#2760,#2761,#2762,
    #2763,#2764),.UNSPECIFIED.,.F.,.F.,(7,7),(4.712388980385,
    6.28318530718),.PIECEWISE_BEZIER_KNOTS.);
#2758 = CARTESIAN_POINT('',(50.7,-4.5,9.8));
#2759 = CARTESIAN_POINT('',(50.7,-4.5,9.87853981634));
#2760 = CARTESIAN_POINT('',(50.724668305806,-4.5,9.957072950212));
#2761 = CARTESIAN_POINT('',(50.774042955108,-4.5,10.025957044892));
#2762 = CARTESIAN_POINT('',(50.842927049789,-4.5,10.075331694194));
#2763 = CARTESIAN_POINT('',(50.92146018366,-4.5,10.1));
#2764 = CARTESIAN_POINT('',(51.,-4.5,10.1));
#2765 = AXIS1_PLACEMENT('',#2766,#2767);
#2766 = CARTESIAN_POINT('',(51.,-4.5,9.5));
#2767 = DIRECTION('',(1.,0.,0.));
#2768 = DEFINITIONAL_REPRESENTATION('',(#2769),#2784);
#2769 = B_SPLINE_CURVE_WITH_KNOTS('',7,(#2770,#2771,#2772,#2773,#2774,
    #2775,#2776,#2777,#2778,#2779,#2780,#2781,#2782,#2783),
  .UNSPECIFIED.,.F.,.F.,(8,6,8),(0.,0.501872293746,1.),.UNSPECIFIED.);
#2770 = CARTESIAN_POINT('',(1.230959417341,4.712388980385));
#2771 = CARTESIAN_POINT('',(1.268904462432,4.819713775171));
#2772 = CARTESIAN_POINT('',(1.297750994994,4.929862184167));
#2773 = CARTESIAN_POINT('',(1.320315074755,5.041534164688));
#2774 = CARTESIAN_POINT('',(1.338291890343,5.153956179769));
#2775 = CARTESIAN_POINT('',(1.352755770327,5.266725832286));
#2776 = CARTESIAN_POINT('',(1.364452819212,5.379725096661));
#2777 = CARTESIAN_POINT('',(1.383246604803,5.605665379809));
#2778 = CARTESIAN_POINT('',(1.390362561602,5.71841683915));
#2779 = CARTESIAN_POINT('',(1.395714941404,5.831283441959));
#2780 = CARTESIAN_POINT('',(1.399572201771,5.944216944328));
#2781 = CARTESIAN_POINT('',(1.402088859897,6.057191031306));
#2782 = CARTESIAN_POINT('',(1.403348247575,6.170187164769));
#2783 = CARTESIAN_POINT('',(1.403348247575,6.28318530718));
#2784 = ( GEOMETRIC_REPRESENTATION_CONTEXT(2) 
PARAMETRIC_REPRESENTATION_CONTEXT() REPRESENTATION_CONTEXT('2D SPACE',''
  ) );
#2785 = ORIENTED_EDGE('',*,*,#2786,.T.);
#2786 = EDGE_CURVE('',#2719,#2672,#2787,.T.);
#2787 = SURFACE_CURVE('',#2788,(#2792,#2798),.PCURVE_S1.);
#2788 = LINE('',#2789,#2790);
#2789 = CARTESIAN_POINT('',(50.8,-5.09160797831,9.6));
#2790 = VECTOR('',#2791,1.);
#2791 = DIRECTION('',(1.,0.,0.));
#2792 = PCURVE('',#398,#2793);
#2793 = DEFINITIONAL_REPRESENTATION('',(#2794),#2797);
#2794 = B_SPLINE_CURVE_WITH_KNOTS('',1,(#2795,#2796),.UNSPECIFIED.,.F.,
  .F.,(2,2),(0.1999994,4.8000006),.PIECEWISE_BEZIER_KNOTS.);
#2795 = CARTESIAN_POINT('',(50.736533651785,7.261443630995));
#2796 = CARTESIAN_POINT('',(55.202867177075,8.362295973896));
#2797 = ( GEOMETRIC_REPRESENTATION_CONTEXT(2) 
PARAMETRIC_REPRESENTATION_CONTEXT() REPRESENTATION_CONTEXT('2D SPACE',''
  ) );
#2798 = PCURVE('',#2799,#2804);
#2799 = CYLINDRICAL_SURFACE('',#2800,0.6);
#2800 = AXIS2_PLACEMENT_3D('',#2801,#2802,#2803);
#2801 = CARTESIAN_POINT('',(50.8,-4.5,9.5));
#2802 = DIRECTION('',(1.,0.,0.));
#2803 = DIRECTION('',(0.,-1.,0.));
#2804 = DEFINITIONAL_REPRESENTATION('',(#2805),#2808);
#2805 = B_SPLINE_CURVE_WITH_KNOTS('',1,(#2806,#2807),.UNSPECIFIED.,.F.,
  .F.,(2,2),(0.1999994,4.8000006),.PIECEWISE_BEZIER_KNOTS.);
#2806 = CARTESIAN_POINT('',(-0.16744807922,0.1999994));
#2807 = CARTESIAN_POINT('',(-0.16744807922,4.8000006));
#2808 = ( GEOMETRIC_REPRESENTATION_CONTEXT(2) 
PARAMETRIC_REPRESENTATION_CONTEXT() REPRESENTATION_CONTEXT('2D SPACE',''
  ) );
#2809 = ADVANCED_FACE('',(#2810),#372,.F.);
#2810 = FACE_BOUND('',#2811,.F.);
#2811 = EDGE_LOOP('',(#2812,#2813,#2814,#2849,#2893,#3032,#3076,#3116,
    #3186,#3212,#3234,#3235));
#2812 = ORIENTED_EDGE('',*,*,#357,.F.);
#2813 = ORIENTED_EDGE('',*,*,#2671,.T.);
#2814 = ORIENTED_EDGE('',*,*,#2815,.T.);
#2815 = EDGE_CURVE('',#2672,#2816,#2818,.T.);
#2816 = VERTEX_POINT('',#2817);
#2817 = CARTESIAN_POINT('',(55.6,-4.720169488482,10.058144601641));
#2818 = SURFACE_CURVE('',#2819,(#2827,#2838),.PCURVE_S1.);
#2819 = B_SPLINE_CURVE_WITH_KNOTS('',6,(#2820,#2821,#2822,#2823,#2824,
    #2825,#2826),.UNSPECIFIED.,.F.,.F.,(7,7),(0.,1.),
  .PIECEWISE_BEZIER_KNOTS.);
#2820 = CARTESIAN_POINT('',(55.567216298483,-5.091608079728,9.5999994));
#2821 = CARTESIAN_POINT('',(55.568714328501,-5.075259343392,
    9.696720425423));
#2822 = CARTESIAN_POINT('',(55.571969343069,-5.039671597828,
    9.791796121636));
#2823 = CARTESIAN_POINT('',(55.576988636587,-4.984489466516,
    9.880324371664));
#2824 = CARTESIAN_POINT('',(55.583577658467,-4.910980790908,
    9.957337994989));
#2825 = CARTESIAN_POINT('',(55.591393010504,-4.821553419482,
    10.018153495199));
#2826 = CARTESIAN_POINT('',(55.6000006,-4.720162420934,10.058147389502)
  );
#2827 = PCURVE('',#372,#2828);
#2828 = DEFINITIONAL_REPRESENTATION('',(#2829),#2837);
#2829 = B_SPLINE_CURVE_WITH_KNOTS('',6,(#2830,#2831,#2832,#2833,#2834,
    #2835,#2836),.UNSPECIFIED.,.F.,.F.,(7,7),(0.,1.),
  .PIECEWISE_BEZIER_KNOTS.);
#2830 = CARTESIAN_POINT('',(0.150286417391,-6.E-07));
#2831 = CARTESIAN_POINT('',(0.150580632891,9.672042542307E-02));
#2832 = CARTESIAN_POINT('',(0.151221068166,0.191796121636));
#2833 = CARTESIAN_POINT('',(0.152214078077,0.280324371664));
#2834 = CARTESIAN_POINT('',(0.153536716357,0.357337994989));
#2835 = CARTESIAN_POINT('',(0.155145460872,0.418153495199));
#2836 = CARTESIAN_POINT('',(0.156969039963,0.458147389502));
#2837 = ( GEOMETRIC_REPRESENTATION_CONTEXT(2) 
PARAMETRIC_REPRESENTATION_CONTEXT() REPRESENTATION_CONTEXT('2D SPACE',''
  ) );
#2838 = PCURVE('',#2799,#2839);
#2839 = DEFINITIONAL_REPRESENTATION('',(#2840),#2848);
#2840 = B_SPLINE_CURVE_WITH_KNOTS('',6,(#2841,#2842,#2843,#2844,#2845,
    #2846,#2847),.UNSPECIFIED.,.F.,.F.,(7,7),(0.,1.),
  .PIECEWISE_BEZIER_KNOTS.);
#2841 = CARTESIAN_POINT('',(-0.167447065035,4.767216298483));
#2842 = CARTESIAN_POINT('',(-0.330935409324,4.768714328501));
#2843 = CARTESIAN_POINT('',(-0.497064666214,4.771969343069));
#2844 = CARTESIAN_POINT('',(-0.66574068558,4.776988636587));
#2845 = CARTESIAN_POINT('',(-0.837581062779,4.783577658467));
#2846 = CARTESIAN_POINT('',(-1.013425419456,4.791393010504));
#2847 = CARTESIAN_POINT('',(-1.19508173543,4.8000006));
#2848 = ( GEOMETRIC_REPRESENTATION_CONTEXT(2) 
PARAMETRIC_REPRESENTATION_CONTEXT() REPRESENTATION_CONTEXT('2D SPACE',''
  ) );
#2849 = ORIENTED_EDGE('',*,*,#2850,.T.);
#2850 = EDGE_CURVE('',#2816,#2851,#2853,.T.);
#2851 = VERTEX_POINT('',#2852);
#2852 = CARTESIAN_POINT('',(55.618252399729,-4.5,10.099444235049));
#2853 = SURFACE_CURVE('',#2854,(#2861,#2871),.PCURVE_S1.);
#2854 = B_SPLINE_CURVE_WITH_KNOTS('',5,(#2855,#2856,#2857,#2858,#2859,
    #2860),.UNSPECIFIED.,.F.,.F.,(6,6),(0.,1.),
  .PIECEWISE_BEZIER_KNOTS.);
#2855 = CARTESIAN_POINT('',(55.6,-4.720169488482,10.058144601641));
#2856 = CARTESIAN_POINT('',(55.603521824266,-4.678685082109,
    10.074508820706));
#2857 = CARTESIAN_POINT('',(55.607162557323,-4.635341141332,
    10.087097156062));
#2858 = CARTESIAN_POINT('',(55.610870371552,-4.590665059755,
    10.095556054305));
#2859 = CARTESIAN_POINT('',(55.614586097851,-4.545314067392,
    10.099667711742));
#2860 = CARTESIAN_POINT('',(55.618252399729,-4.5,10.099444235049));
#2861 = PCURVE('',#372,#2862);
#2862 = DEFINITIONAL_REPRESENTATION('',(#2863),#2870);
#2863 = B_SPLINE_CURVE_WITH_KNOTS('',5,(#2864,#2865,#2866,#2867,#2868,
    #2869),.UNSPECIFIED.,.F.,.F.,(6,6),(0.,1.),
  .PIECEWISE_BEZIER_KNOTS.);
#2864 = CARTESIAN_POINT('',(0.156968912849,0.458144601641));
#2865 = CARTESIAN_POINT('',(0.157715035266,0.474508820706));
#2866 = CARTESIAN_POINT('',(0.158494543492,0.487097156062));
#2867 = CARTESIAN_POINT('',(0.159297942182,0.495556054305));
#2868 = CARTESIAN_POINT('',(0.160113406943,0.499667711742));
#2869 = CARTESIAN_POINT('',(0.160928140694,0.499444235049));
#2870 = ( GEOMETRIC_REPRESENTATION_CONTEXT(2) 
PARAMETRIC_REPRESENTATION_CONTEXT() REPRESENTATION_CONTEXT('2D SPACE',''
  ) );
#2871 = PCURVE('',#2872,#2884);
#2872 = SURFACE_OF_REVOLUTION('',#2873,#2881);
#2873 = B_SPLINE_CURVE_WITH_KNOTS('',6,(#2874,#2875,#2876,#2877,#2878,
    #2879,#2880),.UNSPECIFIED.,.F.,.F.,(7,7),(0.,1.570796326795),
  .PIECEWISE_BEZIER_KNOTS.);
#2874 = CARTESIAN_POINT('',(55.6,-4.5,10.1));
#2875 = CARTESIAN_POINT('',(55.67853981634,-4.5,10.1));
#2876 = CARTESIAN_POINT('',(55.757072950211,-4.5,10.075331694194));
#2877 = CARTESIAN_POINT('',(55.825957044892,-4.5,10.025957044892));
#2878 = CARTESIAN_POINT('',(55.875331694194,-4.5,9.957072950212));
#2879 = CARTESIAN_POINT('',(55.9,-4.5,9.87853981634));
#2880 = CARTESIAN_POINT('',(55.9,-4.5,9.8));
#2881 = AXIS1_PLACEMENT('',#2882,#2883);
#2882 = CARTESIAN_POINT('',(55.6,-4.5,9.5));
#2883 = DIRECTION('',(1.,0.,0.));
#2884 = DEFINITIONAL_REPRESENTATION('',(#2885),#2892);
#2885 = B_SPLINE_CURVE_WITH_KNOTS('',5,(#2886,#2887,#2888,#2889,#2890,
    #2891),.UNSPECIFIED.,.F.,.F.,(6,6),(0.,1.),
  .PIECEWISE_BEZIER_KNOTS.);
#2886 = CARTESIAN_POINT('',(0.375727253908,0.));
#2887 = CARTESIAN_POINT('',(0.301401700546,1.173941422128E-02));
#2888 = CARTESIAN_POINT('',(0.226501864488,2.38751954265E-02));
#2889 = CARTESIAN_POINT('',(0.151177513829,3.623792369147E-02));
#2890 = CARTESIAN_POINT('',(7.559346598524E-02,4.86352425221E-02));
#2891 = CARTESIAN_POINT('',(0.,6.087893082732E-02));
#2892 = ( GEOMETRIC_REPRESENTATION_CONTEXT(2) 
PARAMETRIC_REPRESENTATION_CONTEXT() REPRESENTATION_CONTEXT('2D SPACE',''
  ) );
#2893 = ORIENTED_EDGE('',*,*,#2894,.F.);
#2894 = EDGE_CURVE('',#2895,#2851,#2897,.T.);
#2895 = VERTEX_POINT('',#2896);
#2896 = CARTESIAN_POINT('',(55.618252399729,4.5,10.099444235049));
#2897 = SURFACE_CURVE('',#2898,(#2925,#2976),.PCURVE_S1.);
#2898 = B_SPLINE_CURVE_WITH_KNOTS('',7,(#2899,#2900,#2901,#2902,#2903,
    #2904,#2905,#2906,#2907,#2908,#2909,#2910,#2911,#2912,#2913,#2914,
    #2915,#2916,#2917,#2918,#2919,#2920,#2921,#2922,#2923,#2924),
  .UNSPECIFIED.,.F.,.F.,(8,6,6,6,8),(1.358769146772E-07,0.280474598444,
    1.,1.719525401575,1.999999864153),.UNSPECIFIED.);
#2899 = CARTESIAN_POINT('',(55.618252399729,4.5,10.099444235049));
#2900 = CARTESIAN_POINT('',(55.632567552699,4.323070268662,
    10.09857166559));
#2901 = CARTESIAN_POINT('',(55.646259386028,4.145673865759,
    10.096935568028));
#2902 = CARTESIAN_POINT('',(55.65930456205,3.968036854899,
    10.094653752405));
#2903 = CARTESIAN_POINT('',(55.671693896344,3.790258153556,
    10.091831689101));
#2904 = CARTESIAN_POINT('',(55.683427228727,3.612336432794,
    10.088565073125));
#2905 = CARTESIAN_POINT('',(55.694508294268,3.434197016997,
    10.084942388401));
#2906 = CARTESIAN_POINT('',(55.731699910563,2.797853132018,
    10.071055506246));
#2907 = CARTESIAN_POINT('',(55.754573186926,2.331112854169,
    10.059128534596));
#2908 = CARTESIAN_POINT('',(55.772851353763,1.862516196154,
    10.046790614196));
#2909 = CARTESIAN_POINT('',(55.786318514478,1.397363822351,
    10.035839357367));
#2910 = CARTESIAN_POINT('',(55.795321275858,0.936147089017,
    10.027792633079));
#2911 = CARTESIAN_POINT('',(55.8,0.473047342743,10.02360679775));
#2912 = CARTESIAN_POINT('',(55.8,-0.473047342756,10.02360679775));
#2913 = CARTESIAN_POINT('',(55.795321275857,-0.936147088994,
    10.02779263308));
#2914 = CARTESIAN_POINT('',(55.78631851448,-1.397363822348,
    10.035839357366));
#2915 = CARTESIAN_POINT('',(55.77285135376,-1.86251619619,
    10.046790614197));
#2916 = CARTESIAN_POINT('',(55.754573186928,-2.331112854139,
    10.059128534595));
#2917 = CARTESIAN_POINT('',(55.731699910563,-2.797853132025,
    10.071055506246));
#2918 = CARTESIAN_POINT('',(55.694508294268,-3.434197016996,
    10.084942388401));
#2919 = CARTESIAN_POINT('',(55.683427228728,-3.612336432793,
    10.088565073125));
#2920 = CARTESIAN_POINT('',(55.671693896344,-3.790258153556,
    10.091831689101));
#2921 = CARTESIAN_POINT('',(55.65930456205,-3.9680368549,10.094653752405
    ));
#2922 = CARTESIAN_POINT('',(55.646259386028,-4.145673865759,
    10.096935568028));
#2923 = CARTESIAN_POINT('',(55.632567552699,-4.323070268661,
    10.09857166559));
#2924 = CARTESIAN_POINT('',(55.618252399729,-4.5,10.099444235049));
#2925 = PCURVE('',#372,#2926);
#2926 = DEFINITIONAL_REPRESENTATION('',(#2927),#2975);
#2927 = B_SPLINE_CURVE_WITH_KNOTS('',3,(#2928,#2929,#2930,#2931,#2932,
    #2933,#2934,#2935,#2936,#2937,#2938,#2939,#2940,#2941,#2942,#2943,
    #2944,#2945,#2946,#2947,#2948,#2949,#2950,#2951,#2952,#2953,#2954,
    #2955,#2956,#2957,#2958,#2959,#2960,#2961,#2962,#2963,#2964,#2965,
    #2966,#2967,#2968,#2969,#2970,#2971,#2972,#2973,#2974),
  .UNSPECIFIED.,.F.,.F.,(4,1,1,1,1,1,1,1,1,1,1,1,1,1,1,1,1,1,1,1,1,1,1,1
    ,1,1,1,1,1,1,1,1,1,1,1,1,1,1,1,1,1,1,1,1,4),(1.358769146772E-07,
    4.545467515593E-02,9.090921443494E-02,0.136363753714,0.181818292993,
    0.227272832272,0.272727371551,0.31818191083,0.363636450109,
    0.409090989388,0.454545528667,0.500000067946,0.545454607225,
    0.590909146504,0.636363685783,0.681818225062,0.727272764341,
    0.77272730362,0.818181842899,0.863636382178,0.909090921457,
    0.954545460736,1.000000000015,1.045454539294,1.090909078573,
    1.136363617852,1.181818157131,1.22727269641,1.272727235689,
    1.318181774968,1.363636314247,1.409090853526,1.454545392805,
    1.499999932084,1.545454471363,1.590909010642,1.636363549921,
    1.6818180892,1.727272628479,1.772727167758,1.818181707037,
    1.863636246316,1.909090785595,1.954545324874,1.999999864153),
  .QUASI_UNIFORM_KNOTS.);
#2928 = CARTESIAN_POINT('',(0.322393806013,0.499444235049));
#2929 = CARTESIAN_POINT('',(0.321190768428,0.49911375187));
#2930 = CARTESIAN_POINT('',(0.318782329837,0.498174041027));
#2931 = CARTESIAN_POINT('',(0.315164259346,0.496023164474));
#2932 = CARTESIAN_POINT('',(0.311542831701,0.493228143284));
#2933 = CARTESIAN_POINT('',(0.307918780118,0.489878294414));
#2934 = CARTESIAN_POINT('',(0.304291429816,0.486057854901));
#2935 = CARTESIAN_POINT('',(0.300661565664,0.481849332439));
#2936 = CARTESIAN_POINT('',(0.29702087086,0.477321668775));
#2937 = CARTESIAN_POINT('',(0.293355774984,0.472532943121));
#2938 = CARTESIAN_POINT('',(0.289677143216,0.46757336587));
#2939 = CARTESIAN_POINT('',(0.285988970499,0.462527020628));
#2940 = CARTESIAN_POINT('',(0.282296143809,0.457479998132));
#2941 = CARTESIAN_POINT('',(0.278602230844,0.45251677429));
#2942 = CARTESIAN_POINT('',(0.2749099594,0.447719842946));
#2943 = CARTESIAN_POINT('',(0.271220995168,0.44316857977));
#2944 = CARTESIAN_POINT('',(0.267535931091,0.438938413851));
#2945 = CARTESIAN_POINT('',(0.263854236394,0.435100017007));
#2946 = CARTESIAN_POINT('',(0.260174268158,0.431718586972));
#2947 = CARTESIAN_POINT('',(0.256493194322,0.42885320253));
#2948 = CARTESIAN_POINT('',(0.252807338269,0.426556254903));
#2949 = CARTESIAN_POINT('',(0.249111064088,0.424872952897));
#2950 = CARTESIAN_POINT('',(0.245401224573,0.423840900202));
#2951 = CARTESIAN_POINT('',(0.241660973352,0.423489746524));
#2952 = CARTESIAN_POINT('',(0.237920722131,0.423840900202));
#2953 = CARTESIAN_POINT('',(0.234210882616,0.424872952897));
#2954 = CARTESIAN_POINT('',(0.230514608435,0.426556254904));
#2955 = CARTESIAN_POINT('',(0.226828752382,0.428853202531));
#2956 = CARTESIAN_POINT('',(0.223147678547,0.431718586974));
#2957 = CARTESIAN_POINT('',(0.21946771031,0.435100017009));
#2958 = CARTESIAN_POINT('',(0.215786015613,0.438938413852));
#2959 = CARTESIAN_POINT('',(0.212100951537,0.443168579772));
#2960 = CARTESIAN_POINT('',(0.208411987304,0.447719842948));
#2961 = CARTESIAN_POINT('',(0.204719715861,0.452516774292));
#2962 = CARTESIAN_POINT('',(0.201025802896,0.457479998134));
#2963 = CARTESIAN_POINT('',(0.197332976206,0.462527020629));
#2964 = CARTESIAN_POINT('',(0.193644803489,0.467573365871));
#2965 = CARTESIAN_POINT('',(0.189966171721,0.472532943123));
#2966 = CARTESIAN_POINT('',(0.186301075845,0.477321668777));
#2967 = CARTESIAN_POINT('',(0.182660381041,0.48184933244));
#2968 = CARTESIAN_POINT('',(0.17903051689,0.486057854902));
#2969 = CARTESIAN_POINT('',(0.175403166587,0.489878294415));
#2970 = CARTESIAN_POINT('',(0.171779115005,0.493228143284));
#2971 = CARTESIAN_POINT('',(0.168157687359,0.496023164474));
#2972 = CARTESIAN_POINT('',(0.164539616869,0.498174041027));
#2973 = CARTESIAN_POINT('',(0.162131178278,0.49911375187));
#2974 = CARTESIAN_POINT('',(0.160928140694,0.499444235049));
#2975 = ( GEOMETRIC_REPRESENTATION_CONTEXT(2) 
PARAMETRIC_REPRESENTATION_CONTEXT() REPRESENTATION_CONTEXT('2D SPACE',''
  ) );
#2976 = PCURVE('',#2977,#2982);
#2977 = CYLINDRICAL_SURFACE('',#2978,0.3);
#2978 = AXIS2_PLACEMENT_3D('',#2979,#2980,#2981);
#2979 = CARTESIAN_POINT('',(55.6,4.5,9.8));
#2980 = DIRECTION('',(-0.,-1.,-0.));
#2981 = DIRECTION('',(0.,0.,1.));
#2982 = DEFINITIONAL_REPRESENTATION('',(#2983),#3031);
#2983 = B_SPLINE_CURVE_WITH_KNOTS('',3,(#2984,#2985,#2986,#2987,#2988,
    #2989,#2990,#2991,#2992,#2993,#2994,#2995,#2996,#2997,#2998,#2999,
    #3000,#3001,#3002,#3003,#3004,#3005,#3006,#3007,#3008,#3009,#3010,
    #3011,#3012,#3013,#3014,#3015,#3016,#3017,#3018,#3019,#3020,#3021,
    #3022,#3023,#3024,#3025,#3026,#3027,#3028,#3029,#3030),
  .UNSPECIFIED.,.F.,.F.,(4,1,1,1,1,1,1,1,1,1,1,1,1,1,1,1,1,1,1,1,1,1,1,1
    ,1,1,1,1,1,1,1,1,1,1,1,1,1,1,1,1,1,1,1,1,4),(1.358769146772E-07,
    4.545467515593E-02,9.090921443494E-02,0.136363753714,0.181818292993,
    0.227272832272,0.272727371551,0.31818191083,0.363636450109,
    0.409090989388,0.454545528667,0.500000067946,0.545454607225,
    0.590909146504,0.636363685783,0.681818225062,0.727272764341,
    0.77272730362,0.818181842899,0.863636382178,0.909090921457,
    0.954545460736,1.000000000015,1.045454539294,1.090909078573,
    1.136363617852,1.181818157131,1.22727269641,1.272727235689,
    1.318181774968,1.363636314247,1.409090853526,1.454545392805,
    1.499999932084,1.545454471363,1.590909010642,1.636363549921,
    1.6818180892,1.727272628479,1.772727167758,1.818181707037,
    1.863636246316,1.909090785595,1.954545324874,1.999999864153),
  .QUASI_UNIFORM_KNOTS.);
#2984 = CARTESIAN_POINT('',(-6.087893082735E-02,0.));
#2985 = CARTESIAN_POINT('',(-7.895579030199E-02,6.691083834519E-02));
#2986 = CARTESIAN_POINT('',(-0.114406697462,0.20088354269));
#2987 = CARTESIAN_POINT('',(-0.165529169582,0.402199896206));
#2988 = CARTESIAN_POINT('',(-0.214656496504,0.603756781601));
#2989 = CARTESIAN_POINT('',(-0.261832733296,0.805510860809));
#2990 = CARTESIAN_POINT('',(-0.307099006803,1.00749717589));
#2991 = CARTESIAN_POINT('',(-0.350456222736,1.209669461125));
#2992 = CARTESIAN_POINT('',(-0.391989858447,1.412488472137));
#2993 = CARTESIAN_POINT('',(-0.431799050219,1.616708175926));
#2994 = CARTESIAN_POINT('',(-0.469688931016,1.821721090369));
#2995 = CARTESIAN_POINT('',(-0.505538387537,2.027302124073));
#2996 = CARTESIAN_POINT('',(-0.539208153995,2.233176288651));
#2997 = CARTESIAN_POINT('',(-0.570566346024,2.43914194725));
#2998 = CARTESIAN_POINT('',(-0.599482416089,2.645044184784));
#2999 = CARTESIAN_POINT('',(-0.625829487773,2.850787249234));
#3000 = CARTESIAN_POINT('',(-0.649484381243,3.05633519865));
#3001 = CARTESIAN_POINT('',(-0.670328198129,3.261714783439));
#3002 = CARTESIAN_POINT('',(-0.688246684238,3.467014828451));
#3003 = CARTESIAN_POINT('',(-0.703130548343,3.672390544744));
#3004 = CARTESIAN_POINT('',(-0.714875640681,3.878044304457));
#3005 = CARTESIAN_POINT('',(-0.723382956979,4.084287832757));
#3006 = CARTESIAN_POINT('',(-0.728558402045,4.29129398497));
#3007 = CARTESIAN_POINT('',(-0.730312283319,4.500000000071));
#3008 = CARTESIAN_POINT('',(-0.728558402043,4.708706015165));
#3009 = CARTESIAN_POINT('',(-0.723382956975,4.915712167371));
#3010 = CARTESIAN_POINT('',(-0.714875640675,5.121955695662));
#3011 = CARTESIAN_POINT('',(-0.703130548336,5.327609455368));
#3012 = CARTESIAN_POINT('',(-0.68824668423,5.532985171656));
#3013 = CARTESIAN_POINT('',(-0.670328198119,5.738285216663));
#3014 = CARTESIAN_POINT('',(-0.649484381232,5.943664801448));
#3015 = CARTESIAN_POINT('',(-0.625829487762,6.14921275086));
#3016 = CARTESIAN_POINT('',(-0.599482416078,6.354955815305));
#3017 = CARTESIAN_POINT('',(-0.570566346012,6.560858052832));
#3018 = CARTESIAN_POINT('',(-0.539208153983,6.766823711424));
#3019 = CARTESIAN_POINT('',(-0.505538387526,6.972697875995));
#3020 = CARTESIAN_POINT('',(-0.469688931005,7.178278909693));
#3021 = CARTESIAN_POINT('',(-0.431799050208,7.383291824131));
#3022 = CARTESIAN_POINT('',(-0.391989858436,7.587511527916));
#3023 = CARTESIAN_POINT('',(-0.350456222726,7.790330538921));
#3024 = CARTESIAN_POINT('',(-0.307099006795,7.992502824148));
#3025 = CARTESIAN_POINT('',(-0.261832733289,8.194489139221));
#3026 = CARTESIAN_POINT('',(-0.214656496498,8.396243218422));
#3027 = CARTESIAN_POINT('',(-0.165529169578,8.59780010381));
#3028 = CARTESIAN_POINT('',(-0.11440669746,8.799116457317));
#3029 = CARTESIAN_POINT('',(-7.895579030138E-02,8.933089161657));
#3030 = CARTESIAN_POINT('',(-6.087893082733E-02,9.));
#3031 = ( GEOMETRIC_REPRESENTATION_CONTEXT(2) 
PARAMETRIC_REPRESENTATION_CONTEXT() REPRESENTATION_CONTEXT('2D SPACE',''
  ) );
#3032 = ORIENTED_EDGE('',*,*,#3033,.F.);
#3033 = EDGE_CURVE('',#3034,#2895,#3036,.T.);
#3034 = VERTEX_POINT('',#3035);
#3035 = CARTESIAN_POINT('',(55.6,4.720169488482,10.058144601641));
#3036 = SURFACE_CURVE('',#3037,(#3044,#3054),.PCURVE_S1.);
#3037 = B_SPLINE_CURVE_WITH_KNOTS('',5,(#3038,#3039,#3040,#3041,#3042,
    #3043),.UNSPECIFIED.,.F.,.F.,(6,6),(0.,1.),
  .PIECEWISE_BEZIER_KNOTS.);
#3038 = CARTESIAN_POINT('',(55.6,4.720169488482,10.058144601641));
#3039 = CARTESIAN_POINT('',(55.603521824266,4.678685082109,
    10.074508820706));
#3040 = CARTESIAN_POINT('',(55.607162557323,4.635341141332,
    10.087097156062));
#3041 = CARTESIAN_POINT('',(55.610870371552,4.590665059755,
    10.095556054305));
#3042 = CARTESIAN_POINT('',(55.614586097851,4.545314067392,
    10.099667711742));
#3043 = CARTESIAN_POINT('',(55.618252399729,4.5,10.099444235049));
#3044 = PCURVE('',#372,#3045);
#3045 = DEFINITIONAL_REPRESENTATION('',(#3046),#3053);
#3046 = B_SPLINE_CURVE_WITH_KNOTS('',5,(#3047,#3048,#3049,#3050,#3051,
    #3052),.UNSPECIFIED.,.F.,.F.,(6,6),(0.,1.),
  .PIECEWISE_BEZIER_KNOTS.);
#3047 = CARTESIAN_POINT('',(0.326353033857,0.458144601641));
#3048 = CARTESIAN_POINT('',(0.325606911441,0.474508820706));
#3049 = CARTESIAN_POINT('',(0.324827403214,0.487097156062));
#3050 = CARTESIAN_POINT('',(0.324024004524,0.495556054305));
#3051 = CARTESIAN_POINT('',(0.323208539763,0.499667711742));
#3052 = CARTESIAN_POINT('',(0.322393806013,0.499444235049));
#3053 = ( GEOMETRIC_REPRESENTATION_CONTEXT(2) 
PARAMETRIC_REPRESENTATION_CONTEXT() REPRESENTATION_CONTEXT('2D SPACE',''
  ) );
#3054 = PCURVE('',#3055,#3067);
#3055 = SURFACE_OF_REVOLUTION('',#3056,#3064);
#3056 = B_SPLINE_CURVE_WITH_KNOTS('',6,(#3057,#3058,#3059,#3060,#3061,
    #3062,#3063),.UNSPECIFIED.,.F.,.F.,(7,7),(0.,1.570796326795),
  .PIECEWISE_BEZIER_KNOTS.);
#3057 = CARTESIAN_POINT('',(55.6,5.1,9.5));
#3058 = CARTESIAN_POINT('',(55.67853981634,5.1,9.5));
#3059 = CARTESIAN_POINT('',(55.757072950211,5.075331694194,9.5));
#3060 = CARTESIAN_POINT('',(55.825957044892,5.025957044892,9.5));
#3061 = CARTESIAN_POINT('',(55.875331694194,4.957072950212,9.5));
#3062 = CARTESIAN_POINT('',(55.9,4.87853981634,9.5));
#3063 = CARTESIAN_POINT('',(55.9,4.8,9.5));
#3064 = AXIS1_PLACEMENT('',#3065,#3066);
#3065 = CARTESIAN_POINT('',(55.6,4.5,9.5));
#3066 = DIRECTION('',(1.,0.,0.));
#3067 = DEFINITIONAL_REPRESENTATION('',(#3068),#3075);
#3068 = B_SPLINE_CURVE_WITH_KNOTS('',5,(#3069,#3070,#3071,#3072,#3073,
    #3074),.UNSPECIFIED.,.F.,.F.,(6,6),(0.,1.),
  .PIECEWISE_BEZIER_KNOTS.);
#3069 = CARTESIAN_POINT('',(1.195069072887,0.));
#3070 = CARTESIAN_POINT('',(1.269394626249,1.173941422128E-02));
#3071 = CARTESIAN_POINT('',(1.344294462306,2.387519542651E-02));
#3072 = CARTESIAN_POINT('',(1.419618812966,3.623792369147E-02));
#3073 = CARTESIAN_POINT('',(1.49520286081,4.86352425221E-02));
#3074 = CARTESIAN_POINT('',(1.570796326795,6.087893082732E-02));
#3075 = ( GEOMETRIC_REPRESENTATION_CONTEXT(2) 
PARAMETRIC_REPRESENTATION_CONTEXT() REPRESENTATION_CONTEXT('2D SPACE',''
  ) );
#3076 = ORIENTED_EDGE('',*,*,#3077,.F.);
#3077 = EDGE_CURVE('',#3078,#3034,#3080,.T.);
#3078 = VERTEX_POINT('',#3079);
#3079 = CARTESIAN_POINT('',(55.576671747639,4.987339717241,9.85));
#3080 = SURFACE_CURVE('',#3081,(#3089,#3100),.PCURVE_S1.);
#3081 = B_SPLINE_CURVE_WITH_KNOTS('',6,(#3082,#3083,#3084,#3085,#3086,
    #3087,#3088),.UNSPECIFIED.,.F.,.F.,(7,7),(0.,1.),
  .PIECEWISE_BEZIER_KNOTS.);
#3082 = CARTESIAN_POINT('',(55.567216298483,5.091608079728,9.5999994));
#3083 = CARTESIAN_POINT('',(55.568714328501,5.075259343392,
    9.696720425423));
#3084 = CARTESIAN_POINT('',(55.571969343069,5.039671597828,
    9.791796121636));
#3085 = CARTESIAN_POINT('',(55.576988636587,4.984489466516,
    9.880324371664));
#3086 = CARTESIAN_POINT('',(55.583577658467,4.910980790907,
    9.957337994989));
#3087 = CARTESIAN_POINT('',(55.591393010504,4.821553419482,
    10.018153495199));
#3088 = CARTESIAN_POINT('',(55.6000006,4.720162420934,10.058147389502));
#3089 = PCURVE('',#372,#3090);
#3090 = DEFINITIONAL_REPRESENTATION('',(#3091),#3099);
#3091 = B_SPLINE_CURVE_WITH_KNOTS('',6,(#3092,#3093,#3094,#3095,#3096,
    #3097,#3098),.UNSPECIFIED.,.F.,.F.,(7,7),(0.,1.),
  .PIECEWISE_BEZIER_KNOTS.);
#3092 = CARTESIAN_POINT('',(0.333035529316,-5.999999999062E-07));
#3093 = CARTESIAN_POINT('',(0.332741313815,9.672042542303E-02));
#3094 = CARTESIAN_POINT('',(0.33210087854,0.191796121636));
#3095 = CARTESIAN_POINT('',(0.33110786863,0.280324371664));
#3096 = CARTESIAN_POINT('',(0.329785230349,0.357337994989));
#3097 = CARTESIAN_POINT('',(0.328176485834,0.418153495199));
#3098 = CARTESIAN_POINT('',(0.326352906743,0.458147389502));
#3099 = ( GEOMETRIC_REPRESENTATION_CONTEXT(2) 
PARAMETRIC_REPRESENTATION_CONTEXT() REPRESENTATION_CONTEXT('2D SPACE',''
  ) );
#3100 = PCURVE('',#3101,#3106);
#3101 = CYLINDRICAL_SURFACE('',#3102,0.6);
#3102 = AXIS2_PLACEMENT_3D('',#3103,#3104,#3105);
#3103 = CARTESIAN_POINT('',(50.8,4.5,9.5));
#3104 = DIRECTION('',(1.,0.,0.));
#3105 = DIRECTION('',(0.,1.,0.));
#3106 = DEFINITIONAL_REPRESENTATION('',(#3107),#3115);
#3107 = B_SPLINE_CURVE_WITH_KNOTS('',6,(#3108,#3109,#3110,#3111,#3112,
    #3113,#3114),.UNSPECIFIED.,.F.,.F.,(7,7),(0.,1.),
  .PIECEWISE_BEZIER_KNOTS.);
#3108 = CARTESIAN_POINT('',(0.167447065035,4.767216298483));
#3109 = CARTESIAN_POINT('',(0.330935409324,4.768714328501));
#3110 = CARTESIAN_POINT('',(0.497064666214,4.771969343069));
#3111 = CARTESIAN_POINT('',(0.66574068558,4.776988636587));
#3112 = CARTESIAN_POINT('',(0.83758106278,4.783577658467));
#3113 = CARTESIAN_POINT('',(1.013425419456,4.791393010504));
#3114 = CARTESIAN_POINT('',(1.195081735431,4.8000006));
#3115 = ( GEOMETRIC_REPRESENTATION_CONTEXT(2) 
PARAMETRIC_REPRESENTATION_CONTEXT() REPRESENTATION_CONTEXT('2D SPACE',''
  ) );
#3116 = ORIENTED_EDGE('',*,*,#3117,.F.);
#3117 = EDGE_CURVE('',#3118,#3078,#3120,.T.);
#3118 = VERTEX_POINT('',#3119);
#3119 = CARTESIAN_POINT('',(55.566446710223,5.1,9.5));
#3120 = SURFACE_CURVE('',#3121,(#3128,#3157),.PCURVE_S1.);
#3121 = B_SPLINE_CURVE_WITH_KNOTS('',5,(#3122,#3123,#3124,#3125,#3126,
    #3127),.UNSPECIFIED.,.F.,.F.,(6,6),(0.,0.999998070582),
  .PIECEWISE_BEZIER_KNOTS.);
#3122 = CARTESIAN_POINT('',(55.566446710223,5.1,9.5));
#3123 = CARTESIAN_POINT('',(55.566446710223,5.1,9.573785844141));
#3124 = CARTESIAN_POINT('',(55.567487715607,5.088657161412,9.64762717521
    ));
#3125 = CARTESIAN_POINT('',(55.569572988113,5.065940269407,
    9.719615804222));
#3126 = CARTESIAN_POINT('',(55.572663384879,5.032007109884,
    9.787805158567));
#3127 = CARTESIAN_POINT('',(55.576671747639,4.987339717241,9.85));
#3128 = PCURVE('',#372,#3129);
#3129 = DEFINITIONAL_REPRESENTATION('',(#3130),#3156);
#3130 = B_SPLINE_CURVE_WITH_KNOTS('',3,(#3131,#3132,#3133,#3134,#3135,
    #3136,#3137,#3138,#3139,#3140,#3141,#3142,#3143,#3144,#3145,#3146,
    #3147,#3148,#3149,#3150,#3151,#3152,#3153,#3154,#3155),
  .UNSPECIFIED.,.F.,.F.,(4,1,1,1,1,1,1,1,1,1,1,1,1,1,1,1,1,1,1,1,1,1,4),
  (0.,4.545445775371E-02,9.090891550741E-02,0.136363373261,
    0.181817831015,0.227272288769,0.272726746522,0.318181204276,
    0.36363566203,0.409090119783,0.454544577537,0.499999035291,
    0.545453493044,0.590907950798,0.636362408552,0.681816866306,
    0.727271324059,0.772725781813,0.818180239567,0.86363469732,
    0.909089155074,0.954543612828,0.999998070582),
  .QUASI_UNIFORM_KNOTS.);
#3131 = CARTESIAN_POINT('',(0.333186553227,-1.E-01));
#3132 = CARTESIAN_POINT('',(0.33318655338,-9.441016545084E-02));
#3133 = CARTESIAN_POINT('',(0.333183741386,-8.322972411998E-02));
#3134 = CARTESIAN_POINT('',(0.333171086226,-6.646753620717E-02));
#3135 = CARTESIAN_POINT('',(0.333149992895,-4.972460200947E-02));
#3136 = CARTESIAN_POINT('',(0.333120462952,-3.301174018151E-02));
#3137 = CARTESIAN_POINT('',(0.333082499703,-1.633980116563E-02));
#3138 = CARTESIAN_POINT('',(0.333036108494,2.803246613152E-04));
#3139 = CARTESIAN_POINT('',(0.332981296702,1.683770296242E-02));
#3140 = CARTESIAN_POINT('',(0.33291807381,3.332135031119E-02));
#3141 = CARTESIAN_POINT('',(0.332846451458,4.972022935769E-02));
#3142 = CARTESIAN_POINT('',(0.3327664435,6.602324391543E-02));
#3143 = CARTESIAN_POINT('',(0.332678066062,8.221923406963E-02));
#3144 = CARTESIAN_POINT('',(0.332581337596,9.829697127954E-02));
#3145 = CARTESIAN_POINT('',(0.332476278939,0.114245153483));
#3146 = CARTESIAN_POINT('',(0.332362913364,0.130052400198));
#3147 = CARTESIAN_POINT('',(0.332241266645,0.145707247633));
#3148 = CARTESIAN_POINT('',(0.332111367105,0.161198143767));
#3149 = CARTESIAN_POINT('',(0.331973245676,0.176513443538));
#3150 = CARTESIAN_POINT('',(0.33182693596,0.191641403644));
#3151 = CARTESIAN_POINT('',(0.33167247426,0.206570178755));
#3152 = CARTESIAN_POINT('',(0.331509899732,0.221287812493));
#3153 = CARTESIAN_POINT('',(0.331339254078,0.235782247923));
#3154 = CARTESIAN_POINT('',(0.331220140012,0.245288259463));
#3155 = CARTESIAN_POINT('',(0.331159252829,0.25));
#3156 = ( GEOMETRIC_REPRESENTATION_CONTEXT(2) 
PARAMETRIC_REPRESENTATION_CONTEXT() REPRESENTATION_CONTEXT('2D SPACE',''
  ) );
#3157 = PCURVE('',#3101,#3158);
#3158 = DEFINITIONAL_REPRESENTATION('',(#3159),#3185);
#3159 = B_SPLINE_CURVE_WITH_KNOTS('',3,(#3160,#3161,#3162,#3163,#3164,
    #3165,#3166,#3167,#3168,#3169,#3170,#3171,#3172,#3173,#3174,#3175,
    #3176,#3177,#3178,#3179,#3180,#3181,#3182,#3183,#3184),
  .UNSPECIFIED.,.F.,.F.,(4,1,1,1,1,1,1,1,1,1,1,1,1,1,1,1,1,1,1,1,1,1,4),
  (0.,4.545445775371E-02,9.090891550741E-02,0.136363373261,
    0.181817831015,0.227272288769,0.272726746522,0.318181204276,
    0.36363566203,0.409090119783,0.454544577537,0.499999035291,
    0.545453493044,0.590907950798,0.636362408552,0.681816866306,
    0.727271324059,0.772725781813,0.818180239567,0.86363469732,
    0.909089155074,0.954543612828,0.999998070582),
  .QUASI_UNIFORM_KNOTS.);
#3160 = CARTESIAN_POINT('',(0.,4.766446710223));
#3161 = CARTESIAN_POINT('',(9.316393625981E-03,4.766446708399));
#3162 = CARTESIAN_POINT('',(2.795045803174E-02,4.76646105059));
#3163 = CARTESIAN_POINT('',(5.590928148715E-02,4.766525584868));
#3164 = CARTESIAN_POINT('',(8.387972968477E-02,4.766633132229));
#3165 = CARTESIAN_POINT('',(0.111865691735,4.766783654621));
#3166 = CARTESIAN_POINT('',(0.139871058355,4.766977094063));
#3167 = CARTESIAN_POINT('',(0.167899725988,4.767213369743));
#3168 = CARTESIAN_POINT('',(0.195955602262,4.76749237863));
#3169 = CARTESIAN_POINT('',(0.224042610851,4.767813995148));
#3170 = CARTESIAN_POINT('',(0.252164696386,4.768178071092));
#3171 = CARTESIAN_POINT('',(0.280325829367,4.768584435489));
#3172 = CARTESIAN_POINT('',(0.308530011198,4.769032894467));
#3173 = CARTESIAN_POINT('',(0.336781279454,4.769523231126));
#3174 = CARTESIAN_POINT('',(0.36508371346,4.770055205408));
#3175 = CARTESIAN_POINT('',(0.393441440294,4.770628553964));
#3176 = CARTESIAN_POINT('',(0.421858641302,4.771242990024));
#3177 = CARTESIAN_POINT('',(0.450339559242,4.771898203264));
#3178 = CARTESIAN_POINT('',(0.478888506035,4.772593859693));
#3179 = CARTESIAN_POINT('',(0.507509871703,4.773329601457));
#3180 = CARTESIAN_POINT('',(0.536208132668,4.774105046938));
#3181 = CARTESIAN_POINT('',(0.564987866713,4.774919789785));
#3182 = CARTESIAN_POINT('',(0.593853747661,4.77577340189));
#3183 = CARTESIAN_POINT('',(0.613158329683,4.776368081757));
#3184 = CARTESIAN_POINT('',(0.622826585411,4.776671747639));
#3185 = ( GEOMETRIC_REPRESENTATION_CONTEXT(2) 
PARAMETRIC_REPRESENTATION_CONTEXT() REPRESENTATION_CONTEXT('2D SPACE',''
  ) );
#3186 = ORIENTED_EDGE('',*,*,#3187,.F.);
#3187 = EDGE_CURVE('',#3188,#3118,#3190,.T.);
#3188 = VERTEX_POINT('',#3189);
#3189 = CARTESIAN_POINT('',(55.566446710223,5.1,6.15));
#3190 = SURFACE_CURVE('',#3191,(#3195,#3201),.PCURVE_S1.);
#3191 = LINE('',#3192,#3193);
#3192 = CARTESIAN_POINT('',(55.566446710223,5.1,6.15));
#3193 = VECTOR('',#3194,1.);
#3194 = DIRECTION('',(0.,0.,1.));
#3195 = PCURVE('',#372,#3196);
#3196 = DEFINITIONAL_REPRESENTATION('',(#3197),#3200);
#3197 = B_SPLINE_CURVE_WITH_KNOTS('',1,(#3198,#3199),.UNSPECIFIED.,.F.,
  .F.,(2,2),(-5.999999999062E-07,3.7000006),.PIECEWISE_BEZIER_KNOTS.);
#3198 = CARTESIAN_POINT('',(0.333186553227,-3.4500006));
#3199 = CARTESIAN_POINT('',(0.333186553227,0.2500006));
#3200 = ( GEOMETRIC_REPRESENTATION_CONTEXT(2) 
PARAMETRIC_REPRESENTATION_CONTEXT() REPRESENTATION_CONTEXT('2D SPACE',''
  ) );
#3201 = PCURVE('',#3202,#3207);
#3202 = PLANE('',#3203);
#3203 = AXIS2_PLACEMENT_3D('',#3204,#3205,#3206);
#3204 = CARTESIAN_POINT('',(50.8,5.1,-10.));
#3205 = DIRECTION('',(0.,1.,0.));
#3206 = DIRECTION('',(0.,0.,1.));
#3207 = DEFINITIONAL_REPRESENTATION('',(#3208),#3211);
#3208 = B_SPLINE_CURVE_WITH_KNOTS('',1,(#3209,#3210),.UNSPECIFIED.,.F.,
  .F.,(2,2),(-5.999999999062E-07,3.7000006),.PIECEWISE_BEZIER_KNOTS.);
#3209 = CARTESIAN_POINT('',(16.1499994,4.766446710223));
#3210 = CARTESIAN_POINT('',(19.8500006,4.766446710223));
#3211 = ( GEOMETRIC_REPRESENTATION_CONTEXT(2) 
PARAMETRIC_REPRESENTATION_CONTEXT() REPRESENTATION_CONTEXT('2D SPACE',''
  ) );
#3212 = ORIENTED_EDGE('',*,*,#3213,.T.);
#3213 = EDGE_CURVE('',#3188,#1000,#3214,.T.);
#3214 = SURFACE_CURVE('',#3215,(#3220,#3227),.PCURVE_S1.);
#3215 = CIRCLE('',#3216,55.8);
#3216 = AXIS2_PLACEMENT_3D('',#3217,#3218,#3219);
#3217 = CARTESIAN_POINT('',(0.,0.,6.15));
#3218 = DIRECTION('',(0.,0.,1.));
#3219 = DIRECTION('',(1.,0.,0.));
#3220 = PCURVE('',#372,#3221);
#3221 = DEFINITIONAL_REPRESENTATION('',(#3222),#3226);
#3222 = LINE('',#3223,#3224);
#3223 = CARTESIAN_POINT('',(0.241660973353,-3.45));
#3224 = VECTOR('',#3225,1.);
#3225 = DIRECTION('',(1.,0.));
#3226 = ( GEOMETRIC_REPRESENTATION_CONTEXT(2) 
PARAMETRIC_REPRESENTATION_CONTEXT() REPRESENTATION_CONTEXT('2D SPACE',''
  ) );
#3227 = PCURVE('',#1037,#3228);
#3228 = DEFINITIONAL_REPRESENTATION('',(#3229),#3233);
#3229 = CIRCLE('',#3230,55.8);
#3230 = AXIS2_PLACEMENT_2D('',#3231,#3232);
#3231 = CARTESIAN_POINT('',(0.,0.));
#3232 = DIRECTION('',(1.,-0.));
#3233 = ( GEOMETRIC_REPRESENTATION_CONTEXT(2) 
PARAMETRIC_REPRESENTATION_CONTEXT() REPRESENTATION_CONTEXT('2D SPACE',''
  ) );
#3234 = ORIENTED_EDGE('',*,*,#999,.T.);
#3235 = ORIENTED_EDGE('',*,*,#3236,.F.);
#3236 = EDGE_CURVE('',#331,#978,#3237,.T.);
#3237 = SURFACE_CURVE('',#3238,(#3243,#3250),.PCURVE_S1.);
#3238 = CIRCLE('',#3239,55.8);
#3239 = AXIS2_PLACEMENT_3D('',#3240,#3241,#3242);
#3240 = CARTESIAN_POINT('',(0.,0.,10.1));
#3241 = DIRECTION('',(-0.,0.,1.));
#3242 = DIRECTION('',(0.992708874098,-0.120536680255,0.));
#3243 = PCURVE('',#372,#3244);
#3244 = DEFINITIONAL_REPRESENTATION('',(#3245),#3249);
#3245 = LINE('',#3246,#3247);
#3246 = CARTESIAN_POINT('',(0.120830486677,0.5));
#3247 = VECTOR('',#3248,1.);
#3248 = DIRECTION('',(1.,0.));
#3249 = ( GEOMETRIC_REPRESENTATION_CONTEXT(2) 
PARAMETRIC_REPRESENTATION_CONTEXT() REPRESENTATION_CONTEXT('2D SPACE',''
  ) );
#3250 = PCURVE('',#345,#3251);
#3251 = DEFINITIONAL_REPRESENTATION('',(#3252),#3256);
#3252 = CIRCLE('',#3253,55.8);
#3253 = AXIS2_PLACEMENT_2D('',#3254,#3255);
#3254 = CARTESIAN_POINT('',(0.,0.));
#3255 = DIRECTION('',(0.992708874098,0.120536680255));
#3256 = ( GEOMETRIC_REPRESENTATION_CONTEXT(2) 
PARAMETRIC_REPRESENTATION_CONTEXT() REPRESENTATION_CONTEXT('2D SPACE',''
  ) );
#3257 = ADVANCED_FACE('',(#3258),#345,.F.);
#3258 = FACE_BOUND('',#3259,.F.);
#3259 = EDGE_LOOP('',(#3260,#3261,#3262,#3263));
#3260 = ORIENTED_EDGE('',*,*,#330,.F.);
#3261 = ORIENTED_EDGE('',*,*,#3236,.T.);
#3262 = ORIENTED_EDGE('',*,*,#977,.T.);
#3263 = ORIENTED_EDGE('',*,*,#3264,.F.);
#3264 = EDGE_CURVE('',#303,#955,#3265,.T.);
#3265 = SURFACE_CURVE('',#3266,(#3271,#3278),.PCURVE_S1.);
#3266 = CIRCLE('',#3267,50.8);
#3267 = AXIS2_PLACEMENT_3D('',#3268,#3269,#3270);
#3268 = CARTESIAN_POINT('',(0.,0.,10.1));
#3269 = DIRECTION('',(-0.,0.,1.));
#3270 = DIRECTION('',(0.992708874098,-0.120536680255,0.));
#3271 = PCURVE('',#345,#3272);
#3272 = DEFINITIONAL_REPRESENTATION('',(#3273),#3277);
#3273 = CIRCLE('',#3274,50.8);
#3274 = AXIS2_PLACEMENT_2D('',#3275,#3276);
#3275 = CARTESIAN_POINT('',(0.,0.));
#3276 = DIRECTION('',(0.992708874098,0.120536680255));
#3277 = ( GEOMETRIC_REPRESENTATION_CONTEXT(2) 
PARAMETRIC_REPRESENTATION_CONTEXT() REPRESENTATION_CONTEXT('2D SPACE',''
  ) );
#3278 = PCURVE('',#318,#3279);
#3279 = DEFINITIONAL_REPRESENTATION('',(#3280),#3284);
#3280 = LINE('',#3281,#3282);
#3281 = CARTESIAN_POINT('',(-0.,1.9));
#3282 = VECTOR('',#3283,1.);
#3283 = DIRECTION('',(-1.,-0.));
#3284 = ( GEOMETRIC_REPRESENTATION_CONTEXT(2) 
PARAMETRIC_REPRESENTATION_CONTEXT() REPRESENTATION_CONTEXT('2D SPACE',''
  ) );
#3285 = ADVANCED_FACE('',(#3286),#318,.F.);
#3286 = FACE_BOUND('',#3287,.T.);
#3287 = EDGE_LOOP('',(#3288,#3289,#3311,#3312));
#3288 = ORIENTED_EDGE('',*,*,#302,.F.);
#3289 = ORIENTED_EDGE('',*,*,#3290,.T.);
#3290 = EDGE_CURVE('',#275,#932,#3291,.T.);
#3291 = SURFACE_CURVE('',#3292,(#3297,#3304),.PCURVE_S1.);
#3292 = CIRCLE('',#3293,50.8);
#3293 = AXIS2_PLACEMENT_3D('',#3294,#3295,#3296);
#3294 = CARTESIAN_POINT('',(0.,0.,11.5));
#3295 = DIRECTION('',(-0.,0.,1.));
#3296 = DIRECTION('',(0.992708874098,-0.120536680255,0.));
#3297 = PCURVE('',#318,#3298);
#3298 = DEFINITIONAL_REPRESENTATION('',(#3299),#3303);
#3299 = LINE('',#3300,#3301);
#3300 = CARTESIAN_POINT('',(-0.,0.5));
#3301 = VECTOR('',#3302,1.);
#3302 = DIRECTION('',(-1.,0.));
#3303 = ( GEOMETRIC_REPRESENTATION_CONTEXT(2) 
PARAMETRIC_REPRESENTATION_CONTEXT() REPRESENTATION_CONTEXT('2D SPACE',''
  ) );
#3304 = PCURVE('',#291,#3305);
#3305 = DEFINITIONAL_REPRESENTATION('',(#3306),#3310);
#3306 = LINE('',#3307,#3308);
#3307 = CARTESIAN_POINT('',(0.,3.14159265359));
#3308 = VECTOR('',#3309,1.);
#3309 = DIRECTION('',(1.,0.));
#3310 = ( GEOMETRIC_REPRESENTATION_CONTEXT(2) 
PARAMETRIC_REPRESENTATION_CONTEXT() REPRESENTATION_CONTEXT('2D SPACE',''
  ) );
#3311 = ORIENTED_EDGE('',*,*,#954,.T.);
#3312 = ORIENTED_EDGE('',*,*,#3264,.F.);
#3313 = ADVANCED_FACE('',(#3314),#291,.T.);
#3314 = FACE_BOUND('',#3315,.T.);
#3315 = EDGE_LOOP('',(#3316,#3317,#3339,#3340));
#3316 = ORIENTED_EDGE('',*,*,#274,.F.);
#3317 = ORIENTED_EDGE('',*,*,#3318,.T.);
#3318 = EDGE_CURVE('',#247,#909,#3319,.T.);
#3319 = SURFACE_CURVE('',#3320,(#3325,#3332),.PCURVE_S1.);
#3320 = CIRCLE('',#3321,51.3);
#3321 = AXIS2_PLACEMENT_3D('',#3322,#3323,#3324);
#3322 = CARTESIAN_POINT('',(0.,0.,12.));
#3323 = DIRECTION('',(-0.,0.,1.));
#3324 = DIRECTION('',(0.992708874098,-0.120536680255,0.));
#3325 = PCURVE('',#291,#3326);
#3326 = DEFINITIONAL_REPRESENTATION('',(#3327),#3331);
#3327 = LINE('',#3328,#3329);
#3328 = CARTESIAN_POINT('',(0.,1.570796326795));
#3329 = VECTOR('',#3330,1.);
#3330 = DIRECTION('',(1.,0.));
#3331 = ( GEOMETRIC_REPRESENTATION_CONTEXT(2) 
PARAMETRIC_REPRESENTATION_CONTEXT() REPRESENTATION_CONTEXT('2D SPACE',''
  ) );
#3332 = PCURVE('',#262,#3333);
#3333 = DEFINITIONAL_REPRESENTATION('',(#3334),#3338);
#3334 = CIRCLE('',#3335,51.3);
#3335 = AXIS2_PLACEMENT_2D('',#3336,#3337);
#3336 = CARTESIAN_POINT('',(0.,0.));
#3337 = DIRECTION('',(1.,-8.826284665506E-18));
#3338 = ( GEOMETRIC_REPRESENTATION_CONTEXT(2) 
PARAMETRIC_REPRESENTATION_CONTEXT() REPRESENTATION_CONTEXT('2D SPACE',''
  ) );
#3339 = ORIENTED_EDGE('',*,*,#931,.T.);
#3340 = ORIENTED_EDGE('',*,*,#3290,.F.);
#3341 = ADVANCED_FACE('',(#3342),#262,.T.);
#3342 = FACE_BOUND('',#3343,.T.);
#3343 = EDGE_LOOP('',(#3344,#3345,#3367,#3368));
#3344 = ORIENTED_EDGE('',*,*,#246,.F.);
#3345 = ORIENTED_EDGE('',*,*,#3346,.T.);
#3346 = EDGE_CURVE('',#219,#886,#3347,.T.);
#3347 = SURFACE_CURVE('',#3348,(#3353,#3360),.PCURVE_S1.);
#3348 = CIRCLE('',#3349,58.3);
#3349 = AXIS2_PLACEMENT_3D('',#3350,#3351,#3352);
#3350 = CARTESIAN_POINT('',(0.,0.,12.));
#3351 = DIRECTION('',(-0.,0.,1.));
#3352 = DIRECTION('',(0.992708874098,-0.120536680255,0.));
#3353 = PCURVE('',#262,#3354);
#3354 = DEFINITIONAL_REPRESENTATION('',(#3355),#3359);
#3355 = CIRCLE('',#3356,58.3);
#3356 = AXIS2_PLACEMENT_2D('',#3357,#3358);
#3357 = CARTESIAN_POINT('',(0.,0.));
#3358 = DIRECTION('',(1.,-6.012949132903E-19));
#3359 = ( GEOMETRIC_REPRESENTATION_CONTEXT(2) 
PARAMETRIC_REPRESENTATION_CONTEXT() REPRESENTATION_CONTEXT('2D SPACE',''
  ) );
#3360 = PCURVE('',#235,#3361);
#3361 = DEFINITIONAL_REPRESENTATION('',(#3362),#3366);
#3362 = LINE('',#3363,#3364);
#3363 = CARTESIAN_POINT('',(0.,1.570796326795));
#3364 = VECTOR('',#3365,1.);
#3365 = DIRECTION('',(1.,0.));
#3366 = ( GEOMETRIC_REPRESENTATION_CONTEXT(2) 
PARAMETRIC_REPRESENTATION_CONTEXT() REPRESENTATION_CONTEXT('2D SPACE',''
  ) );
#3367 = ORIENTED_EDGE('',*,*,#908,.T.);
#3368 = ORIENTED_EDGE('',*,*,#3318,.F.);
#3369 = ADVANCED_FACE('',(#3370),#235,.T.);
#3370 = FACE_BOUND('',#3371,.T.);
#3371 = EDGE_LOOP('',(#3372,#3373,#3395,#3396));
#3372 = ORIENTED_EDGE('',*,*,#218,.F.);
#3373 = ORIENTED_EDGE('',*,*,#3374,.T.);
#3374 = EDGE_CURVE('',#191,#863,#3375,.T.);
#3375 = SURFACE_CURVE('',#3376,(#3381,#3388),.PCURVE_S1.);
#3376 = CIRCLE('',#3377,58.8);
#3377 = AXIS2_PLACEMENT_3D('',#3378,#3379,#3380);
#3378 = CARTESIAN_POINT('',(0.,0.,11.5));
#3379 = DIRECTION('',(-0.,0.,1.));
#3380 = DIRECTION('',(0.992708874098,-0.120536680255,0.));
#3381 = PCURVE('',#235,#3382);
#3382 = DEFINITIONAL_REPRESENTATION('',(#3383),#3387);
#3383 = LINE('',#3384,#3385);
#3384 = CARTESIAN_POINT('',(0.,0.));
#3385 = VECTOR('',#3386,1.);
#3386 = DIRECTION('',(1.,0.));
#3387 = ( GEOMETRIC_REPRESENTATION_CONTEXT(2) 
PARAMETRIC_REPRESENTATION_CONTEXT() REPRESENTATION_CONTEXT('2D SPACE',''
  ) );
#3388 = PCURVE('',#206,#3389);
#3389 = DEFINITIONAL_REPRESENTATION('',(#3390),#3394);
#3390 = LINE('',#3391,#3392);
#3391 = CARTESIAN_POINT('',(9.506098634974E-18,23.5));
#3392 = VECTOR('',#3393,1.);
#3393 = DIRECTION('',(1.,0.));
#3394 = ( GEOMETRIC_REPRESENTATION_CONTEXT(2) 
PARAMETRIC_REPRESENTATION_CONTEXT() REPRESENTATION_CONTEXT('2D SPACE',''
  ) );
#3395 = ORIENTED_EDGE('',*,*,#885,.T.);
#3396 = ORIENTED_EDGE('',*,*,#3346,.F.);
#3397 = ADVANCED_FACE('',(#3398),#206,.T.);
#3398 = FACE_BOUND('',#3399,.T.);
#3399 = EDGE_LOOP('',(#3400,#3401,#3402,#3403));
#3400 = ORIENTED_EDGE('',*,*,#190,.F.);
#3401 = ORIENTED_EDGE('',*,*,#834,.T.);
#3402 = ORIENTED_EDGE('',*,*,#862,.T.);
#3403 = ORIENTED_EDGE('',*,*,#3374,.F.);
#3404 = ADVANCED_FACE('',(#3405),#1037,.T.);
#3405 = FACE_BOUND('',#3406,.F.);
#3406 = EDGE_LOOP('',(#3407,#3408,#3429,#3458,#3484,#3510));
#3407 = ORIENTED_EDGE('',*,*,#3213,.F.);
#3408 = ORIENTED_EDGE('',*,*,#3409,.T.);
#3409 = EDGE_CURVE('',#3188,#3410,#3412,.T.);
#3410 = VERTEX_POINT('',#3411);
#3411 = CARTESIAN_POINT('',(51.,5.1,6.15));
#3412 = SURFACE_CURVE('',#3413,(#3417,#3423),.PCURVE_S1.);
#3413 = LINE('',#3414,#3415);
#3414 = CARTESIAN_POINT('',(25.4,5.1,6.15));
#3415 = VECTOR('',#3416,1.);
#3416 = DIRECTION('',(-1.,0.,0.));
#3417 = PCURVE('',#1037,#3418);
#3418 = DEFINITIONAL_REPRESENTATION('',(#3419),#3422);
#3419 = B_SPLINE_CURVE_WITH_KNOTS('',1,(#3420,#3421),.UNSPECIFIED.,.F.,
  .F.,(2,2),(-30.2,-25.6),.PIECEWISE_BEZIER_KNOTS.);
#3420 = CARTESIAN_POINT('',(55.6,5.1));
#3421 = CARTESIAN_POINT('',(51.,5.1));
#3422 = ( GEOMETRIC_REPRESENTATION_CONTEXT(2) 
PARAMETRIC_REPRESENTATION_CONTEXT() REPRESENTATION_CONTEXT('2D SPACE',''
  ) );
#3423 = PCURVE('',#3202,#3424);
#3424 = DEFINITIONAL_REPRESENTATION('',(#3425),#3428);
#3425 = B_SPLINE_CURVE_WITH_KNOTS('',1,(#3426,#3427),.UNSPECIFIED.,.F.,
  .F.,(2,2),(-30.2,-25.6),.PIECEWISE_BEZIER_KNOTS.);
#3426 = CARTESIAN_POINT('',(16.15,4.8));
#3427 = CARTESIAN_POINT('',(16.15,0.2));
#3428 = ( GEOMETRIC_REPRESENTATION_CONTEXT(2) 
PARAMETRIC_REPRESENTATION_CONTEXT() REPRESENTATION_CONTEXT('2D SPACE',''
  ) );
#3429 = ORIENTED_EDGE('',*,*,#3430,.T.);
#3430 = EDGE_CURVE('',#3410,#3431,#3433,.T.);
#3431 = VERTEX_POINT('',#3432);
#3432 = CARTESIAN_POINT('',(50.7,4.8,6.15));
#3433 = SURFACE_CURVE('',#3434,(#3439,#3446),.PCURVE_S1.);
#3434 = CIRCLE('',#3435,0.3);
#3435 = AXIS2_PLACEMENT_3D('',#3436,#3437,#3438);
#3436 = CARTESIAN_POINT('',(51.,4.8,6.15));
#3437 = DIRECTION('',(0.,0.,1.));
#3438 = DIRECTION('',(-1.,0.,0.));
#3439 = PCURVE('',#1037,#3440);
#3440 = DEFINITIONAL_REPRESENTATION('',(#3441),#3445);
#3441 = CIRCLE('',#3442,0.3);
#3442 = AXIS2_PLACEMENT_2D('',#3443,#3444);
#3443 = CARTESIAN_POINT('',(51.,4.8));
#3444 = DIRECTION('',(-1.,0.));
#3445 = ( GEOMETRIC_REPRESENTATION_CONTEXT(2) 
PARAMETRIC_REPRESENTATION_CONTEXT() REPRESENTATION_CONTEXT('2D SPACE',''
  ) );
#3446 = PCURVE('',#3447,#3452);
#3447 = CYLINDRICAL_SURFACE('',#3448,0.3);
#3448 = AXIS2_PLACEMENT_3D('',#3449,#3450,#3451);
#3449 = CARTESIAN_POINT('',(51.,4.8,-9.5));
#3450 = DIRECTION('',(0.,0.,1.));
#3451 = DIRECTION('',(-1.,0.,0.));
#3452 = DEFINITIONAL_REPRESENTATION('',(#3453),#3457);
#3453 = LINE('',#3454,#3455);
#3454 = CARTESIAN_POINT('',(-6.28318530718,15.65));
#3455 = VECTOR('',#3456,1.);
#3456 = DIRECTION('',(1.,-0.));
#3457 = ( GEOMETRIC_REPRESENTATION_CONTEXT(2) 
PARAMETRIC_REPRESENTATION_CONTEXT() REPRESENTATION_CONTEXT('2D SPACE',''
  ) );
#3458 = ORIENTED_EDGE('',*,*,#3459,.F.);
#3459 = EDGE_CURVE('',#3460,#3431,#3462,.T.);
#3460 = VERTEX_POINT('',#3461);
#3461 = CARTESIAN_POINT('',(50.572719918944,4.8,6.15));
#3462 = SURFACE_CURVE('',#3463,(#3467,#3473),.PCURVE_S1.);
#3463 = LINE('',#3464,#3465);
#3464 = CARTESIAN_POINT('',(24.15,4.8,6.15));
#3465 = VECTOR('',#3466,1.);
#3466 = DIRECTION('',(1.,0.,0.));
#3467 = PCURVE('',#1037,#3468);
#3468 = DEFINITIONAL_REPRESENTATION('',(#3469),#3472);
#3469 = B_SPLINE_CURVE_WITH_KNOTS('',1,(#3470,#3471),.UNSPECIFIED.,.F.,
  .F.,(2,2),(26.279610804181,29.15),.PIECEWISE_BEZIER_KNOTS.);
#3470 = CARTESIAN_POINT('',(50.429610804181,4.8));
#3471 = CARTESIAN_POINT('',(53.3,4.8));
#3472 = ( GEOMETRIC_REPRESENTATION_CONTEXT(2) 
PARAMETRIC_REPRESENTATION_CONTEXT() REPRESENTATION_CONTEXT('2D SPACE',''
  ) );
#3473 = PCURVE('',#3474,#3479);
#3474 = PLANE('',#3475);
#3475 = AXIS2_PLACEMENT_3D('',#3476,#3477,#3478);
#3476 = CARTESIAN_POINT('',(48.3,4.8,-10.));
#3477 = DIRECTION('',(0.,1.,0.));
#3478 = DIRECTION('',(0.,0.,1.));
#3479 = DEFINITIONAL_REPRESENTATION('',(#3480),#3483);
#3480 = B_SPLINE_CURVE_WITH_KNOTS('',1,(#3481,#3482),.UNSPECIFIED.,.F.,
  .F.,(2,2),(26.279610804181,29.15),.PIECEWISE_BEZIER_KNOTS.);
#3481 = CARTESIAN_POINT('',(16.15,2.129610804181));
#3482 = CARTESIAN_POINT('',(16.15,5.));
#3483 = ( GEOMETRIC_REPRESENTATION_CONTEXT(2) 
PARAMETRIC_REPRESENTATION_CONTEXT() REPRESENTATION_CONTEXT('2D SPACE',''
  ) );
#3484 = ORIENTED_EDGE('',*,*,#3485,.F.);
#3485 = EDGE_CURVE('',#1023,#3460,#3486,.T.);
#3486 = SURFACE_CURVE('',#3487,(#3492,#3503),.PCURVE_S1.);
#3487 = CIRCLE('',#3488,50.8);
#3488 = AXIS2_PLACEMENT_3D('',#3489,#3490,#3491);
#3489 = CARTESIAN_POINT('',(0.,0.,6.15));
#3490 = DIRECTION('',(-0.,0.,-1.));
#3491 = DIRECTION('',(0.992708874098,-0.120536680255,-0.));
#3492 = PCURVE('',#1037,#3493);
#3493 = DEFINITIONAL_REPRESENTATION('',(#3494),#3502);
#3494 = ( BOUNDED_CURVE() B_SPLINE_CURVE(2,(#3495,#3496,#3497,#3498,
#3499,#3500,#3501),.UNSPECIFIED.,.T.,.F.) B_SPLINE_CURVE_WITH_KNOTS((1,2
    ,2,2,2,1),(-2.094395102393,0.,2.094395102393,4.188790204786,
6.28318530718,8.377580409573),.UNSPECIFIED.) CURVE() 
GEOMETRIC_REPRESENTATION_ITEM() RATIONAL_B_SPLINE_CURVE((1.,0.5,1.,0.5,
1.,0.5,1.)) REPRESENTATION_ITEM('') );
#3495 = CARTESIAN_POINT('',(50.429610804181,-6.12326335697));
#3496 = CARTESIAN_POINT('',(39.823807561784,-93.46991147573));
#3497 = CARTESIAN_POINT('',(-30.51770702328,-40.61169238089));
#3498 = CARTESIAN_POINT('',(-100.8592216083,12.246526713941));
#3499 = CARTESIAN_POINT('',(-19.91190378089,46.734955737868));
#3500 = CARTESIAN_POINT('',(61.035414046579,81.223384761796));
#3501 = CARTESIAN_POINT('',(50.429610804181,-6.12326335697));
#3502 = ( GEOMETRIC_REPRESENTATION_CONTEXT(2) 
PARAMETRIC_REPRESENTATION_CONTEXT() REPRESENTATION_CONTEXT('2D SPACE',''
  ) );
#3503 = PCURVE('',#1064,#3504);
#3504 = DEFINITIONAL_REPRESENTATION('',(#3505),#3509);
#3505 = LINE('',#3506,#3507);
#3506 = CARTESIAN_POINT('',(-6.28318530718,5.85));
#3507 = VECTOR('',#3508,1.);
#3508 = DIRECTION('',(1.,-0.));
#3509 = ( GEOMETRIC_REPRESENTATION_CONTEXT(2) 
PARAMETRIC_REPRESENTATION_CONTEXT() REPRESENTATION_CONTEXT('2D SPACE',''
  ) );
#3510 = ORIENTED_EDGE('',*,*,#1022,.T.);
#3511 = ADVANCED_FACE('',(#3512),#1064,.F.);
#3512 = FACE_BOUND('',#3513,.T.);
#3513 = EDGE_LOOP('',(#3514,#3515,#3516,#3544));
#3514 = ORIENTED_EDGE('',*,*,#3485,.F.);
#3515 = ORIENTED_EDGE('',*,*,#1048,.T.);
#3516 = ORIENTED_EDGE('',*,*,#3517,.T.);
#3517 = EDGE_CURVE('',#1049,#3518,#3520,.T.);
#3518 = VERTEX_POINT('',#3519);
#3519 = CARTESIAN_POINT('',(50.572719918944,4.8,3.45));
#3520 = SURFACE_CURVE('',#3521,(#3526,#3533),.PCURVE_S1.);
#3521 = CIRCLE('',#3522,50.8);
#3522 = AXIS2_PLACEMENT_3D('',#3523,#3524,#3525);
#3523 = CARTESIAN_POINT('',(0.,0.,3.45));
#3524 = DIRECTION('',(-0.,0.,-1.));
#3525 = DIRECTION('',(0.992708874098,-0.120536680255,-0.));
#3526 = PCURVE('',#1064,#3527);
#3527 = DEFINITIONAL_REPRESENTATION('',(#3528),#3532);
#3528 = LINE('',#3529,#3530);
#3529 = CARTESIAN_POINT('',(-6.28318530718,8.55));
#3530 = VECTOR('',#3531,1.);
#3531 = DIRECTION('',(1.,-0.));
#3532 = ( GEOMETRIC_REPRESENTATION_CONTEXT(2) 
PARAMETRIC_REPRESENTATION_CONTEXT() REPRESENTATION_CONTEXT('2D SPACE',''
  ) );
#3533 = PCURVE('',#1091,#3534);
#3534 = DEFINITIONAL_REPRESENTATION('',(#3535),#3543);
#3535 = ( BOUNDED_CURVE() B_SPLINE_CURVE(2,(#3536,#3537,#3538,#3539,
#3540,#3541,#3542),.UNSPECIFIED.,.T.,.F.) B_SPLINE_CURVE_WITH_KNOTS((1,2
    ,2,2,2,1),(-2.094395102393,0.,2.094395102393,4.188790204786,
6.28318530718,8.377580409573),.UNSPECIFIED.) CURVE() 
GEOMETRIC_REPRESENTATION_ITEM() RATIONAL_B_SPLINE_CURVE((1.,0.5,1.,0.5,
1.,0.5,1.)) REPRESENTATION_ITEM('') );
#3536 = CARTESIAN_POINT('',(50.429610804181,-6.12326335697));
#3537 = CARTESIAN_POINT('',(39.823807561784,-93.46991147573));
#3538 = CARTESIAN_POINT('',(-30.51770702328,-40.61169238089));
#3539 = CARTESIAN_POINT('',(-100.8592216083,12.246526713941));
#3540 = CARTESIAN_POINT('',(-19.91190378089,46.734955737868));
#3541 = CARTESIAN_POINT('',(61.035414046579,81.223384761796));
#3542 = CARTESIAN_POINT('',(50.429610804181,-6.12326335697));
#3543 = ( GEOMETRIC_REPRESENTATION_CONTEXT(2) 
PARAMETRIC_REPRESENTATION_CONTEXT() REPRESENTATION_CONTEXT('2D SPACE',''
  ) );
#3544 = ORIENTED_EDGE('',*,*,#3545,.F.);
#3545 = EDGE_CURVE('',#3460,#3518,#3546,.T.);
#3546 = SURFACE_CURVE('',#3547,(#3551,#3557),.PCURVE_S1.);
#3547 = LINE('',#3548,#3549);
#3548 = CARTESIAN_POINT('',(50.572719918944,4.8,12.));
#3549 = VECTOR('',#3550,1.);
#3550 = DIRECTION('',(-0.,0.,-1.));
#3551 = PCURVE('',#1064,#3552);
#3552 = DEFINITIONAL_REPRESENTATION('',(#3553),#3556);
#3553 = B_SPLINE_CURVE_WITH_KNOTS('',1,(#3554,#3555),.UNSPECIFIED.,.F.,
  .F.,(2,2),(5.8499994,8.5500006),.PIECEWISE_BEZIER_KNOTS.);
#3554 = CARTESIAN_POINT('',(-0.21545984225,5.8499994));
#3555 = CARTESIAN_POINT('',(-0.21545984225,8.5500006));
#3556 = ( GEOMETRIC_REPRESENTATION_CONTEXT(2) 
PARAMETRIC_REPRESENTATION_CONTEXT() REPRESENTATION_CONTEXT('2D SPACE',''
  ) );
#3557 = PCURVE('',#3474,#3558);
#3558 = DEFINITIONAL_REPRESENTATION('',(#3559),#3562);
#3559 = B_SPLINE_CURVE_WITH_KNOTS('',1,(#3560,#3561),.UNSPECIFIED.,.F.,
  .F.,(2,2),(5.8499994,8.5500006),.PIECEWISE_BEZIER_KNOTS.);
#3560 = CARTESIAN_POINT('',(16.1500006,2.272719918944));
#3561 = CARTESIAN_POINT('',(13.4499994,2.272719918944));
#3562 = ( GEOMETRIC_REPRESENTATION_CONTEXT(2) 
PARAMETRIC_REPRESENTATION_CONTEXT() REPRESENTATION_CONTEXT('2D SPACE',''
  ) );
#3563 = ADVANCED_FACE('',(#3564),#1091,.F.);
#3564 = FACE_BOUND('',#3565,.F.);
#3565 = EDGE_LOOP('',(#3566,#3592,#3613,#3635,#3636,#3637));
#3566 = ORIENTED_EDGE('',*,*,#3567,.F.);
#3567 = EDGE_CURVE('',#3568,#3570,#3572,.T.);
#3568 = VERTEX_POINT('',#3569);
#3569 = CARTESIAN_POINT('',(51.,5.1,3.45));
#3570 = VERTEX_POINT('',#3571);
#3571 = CARTESIAN_POINT('',(50.7,4.8,3.45));
#3572 = SURFACE_CURVE('',#3573,(#3578,#3585),.PCURVE_S1.);
#3573 = CIRCLE('',#3574,0.3);
#3574 = AXIS2_PLACEMENT_3D('',#3575,#3576,#3577);
#3575 = CARTESIAN_POINT('',(51.,4.8,3.45));
#3576 = DIRECTION('',(0.,0.,1.));
#3577 = DIRECTION('',(-1.,0.,0.));
#3578 = PCURVE('',#1091,#3579);
#3579 = DEFINITIONAL_REPRESENTATION('',(#3580),#3584);
#3580 = CIRCLE('',#3581,0.3);
#3581 = AXIS2_PLACEMENT_2D('',#3582,#3583);
#3582 = CARTESIAN_POINT('',(51.,4.8));
#3583 = DIRECTION('',(-1.,0.));
#3584 = ( GEOMETRIC_REPRESENTATION_CONTEXT(2) 
PARAMETRIC_REPRESENTATION_CONTEXT() REPRESENTATION_CONTEXT('2D SPACE',''
  ) );
#3585 = PCURVE('',#3447,#3586);
#3586 = DEFINITIONAL_REPRESENTATION('',(#3587),#3591);
#3587 = LINE('',#3588,#3589);
#3588 = CARTESIAN_POINT('',(-6.28318530718,12.95));
#3589 = VECTOR('',#3590,1.);
#3590 = DIRECTION('',(1.,-0.));
#3591 = ( GEOMETRIC_REPRESENTATION_CONTEXT(2) 
PARAMETRIC_REPRESENTATION_CONTEXT() REPRESENTATION_CONTEXT('2D SPACE',''
  ) );
#3592 = ORIENTED_EDGE('',*,*,#3593,.T.);
#3593 = EDGE_CURVE('',#3568,#3594,#3596,.T.);
#3594 = VERTEX_POINT('',#3595);
#3595 = CARTESIAN_POINT('',(55.566446710223,5.1,3.45));
#3596 = SURFACE_CURVE('',#3597,(#3601,#3607),.PCURVE_S1.);
#3597 = LINE('',#3598,#3599);
#3598 = CARTESIAN_POINT('',(25.4,5.1,3.45));
#3599 = VECTOR('',#3600,1.);
#3600 = DIRECTION('',(1.,0.,0.));
#3601 = PCURVE('',#1091,#3602);
#3602 = DEFINITIONAL_REPRESENTATION('',(#3603),#3606);
#3603 = B_SPLINE_CURVE_WITH_KNOTS('',1,(#3604,#3605),.UNSPECIFIED.,.F.,
  .F.,(2,2),(25.6,30.2),.PIECEWISE_BEZIER_KNOTS.);
#3604 = CARTESIAN_POINT('',(51.,5.1));
#3605 = CARTESIAN_POINT('',(55.6,5.1));
#3606 = ( GEOMETRIC_REPRESENTATION_CONTEXT(2) 
PARAMETRIC_REPRESENTATION_CONTEXT() REPRESENTATION_CONTEXT('2D SPACE',''
  ) );
#3607 = PCURVE('',#3202,#3608);
#3608 = DEFINITIONAL_REPRESENTATION('',(#3609),#3612);
#3609 = B_SPLINE_CURVE_WITH_KNOTS('',1,(#3610,#3611),.UNSPECIFIED.,.F.,
  .F.,(2,2),(25.6,30.2),.PIECEWISE_BEZIER_KNOTS.);
#3610 = CARTESIAN_POINT('',(13.45,0.2));
#3611 = CARTESIAN_POINT('',(13.45,4.8));
#3612 = ( GEOMETRIC_REPRESENTATION_CONTEXT(2) 
PARAMETRIC_REPRESENTATION_CONTEXT() REPRESENTATION_CONTEXT('2D SPACE',''
  ) );
#3613 = ORIENTED_EDGE('',*,*,#3614,.T.);
#3614 = EDGE_CURVE('',#3594,#1077,#3615,.T.);
#3615 = SURFACE_CURVE('',#3616,(#3621,#3628),.PCURVE_S1.);
#3616 = CIRCLE('',#3617,55.8);
#3617 = AXIS2_PLACEMENT_3D('',#3618,#3619,#3620);
#3618 = CARTESIAN_POINT('',(0.,0.,3.45));
#3619 = DIRECTION('',(0.,0.,1.));
#3620 = DIRECTION('',(1.,0.,0.));
#3621 = PCURVE('',#1091,#3622);
#3622 = DEFINITIONAL_REPRESENTATION('',(#3623),#3627);
#3623 = CIRCLE('',#3624,55.8);
#3624 = AXIS2_PLACEMENT_2D('',#3625,#3626);
#3625 = CARTESIAN_POINT('',(0.,0.));
#3626 = DIRECTION('',(1.,0.));
#3627 = ( GEOMETRIC_REPRESENTATION_CONTEXT(2) 
PARAMETRIC_REPRESENTATION_CONTEXT() REPRESENTATION_CONTEXT('2D SPACE',''
  ) );
#3628 = PCURVE('',#1117,#3629);
#3629 = DEFINITIONAL_REPRESENTATION('',(#3630),#3634);
#3630 = LINE('',#3631,#3632);
#3631 = CARTESIAN_POINT('',(0.,3.7));
#3632 = VECTOR('',#3633,1.);
#3633 = DIRECTION('',(1.,0.));
#3634 = ( GEOMETRIC_REPRESENTATION_CONTEXT(2) 
PARAMETRIC_REPRESENTATION_CONTEXT() REPRESENTATION_CONTEXT('2D SPACE',''
  ) );
#3635 = ORIENTED_EDGE('',*,*,#1076,.T.);
#3636 = ORIENTED_EDGE('',*,*,#3517,.T.);
#3637 = ORIENTED_EDGE('',*,*,#3638,.F.);
#3638 = EDGE_CURVE('',#3570,#3518,#3639,.T.);
#3639 = SURFACE_CURVE('',#3640,(#3644,#3650),.PCURVE_S1.);
#3640 = LINE('',#3641,#3642);
#3641 = CARTESIAN_POINT('',(24.15,4.8,3.45));
#3642 = VECTOR('',#3643,1.);
#3643 = DIRECTION('',(-1.,0.,0.));
#3644 = PCURVE('',#1091,#3645);
#3645 = DEFINITIONAL_REPRESENTATION('',(#3646),#3649);
#3646 = B_SPLINE_CURVE_WITH_KNOTS('',1,(#3647,#3648),.UNSPECIFIED.,.F.,
  .F.,(2,2),(-29.15,-26.27961080418),.PIECEWISE_BEZIER_KNOTS.);
#3647 = CARTESIAN_POINT('',(53.3,4.8));
#3648 = CARTESIAN_POINT('',(50.429610804181,4.8));
#3649 = ( GEOMETRIC_REPRESENTATION_CONTEXT(2) 
PARAMETRIC_REPRESENTATION_CONTEXT() REPRESENTATION_CONTEXT('2D SPACE',''
  ) );
#3650 = PCURVE('',#3474,#3651);
#3651 = DEFINITIONAL_REPRESENTATION('',(#3652),#3655);
#3652 = B_SPLINE_CURVE_WITH_KNOTS('',1,(#3653,#3654),.UNSPECIFIED.,.F.,
  .F.,(2,2),(-29.15,-26.27961080418),.PIECEWISE_BEZIER_KNOTS.);
#3653 = CARTESIAN_POINT('',(13.45,5.));
#3654 = CARTESIAN_POINT('',(13.45,2.129610804181));
#3655 = ( GEOMETRIC_REPRESENTATION_CONTEXT(2) 
PARAMETRIC_REPRESENTATION_CONTEXT() REPRESENTATION_CONTEXT('2D SPACE',''
  ) );
#3656 = ADVANCED_FACE('',(#3657),#1117,.F.);
#3657 = FACE_BOUND('',#3658,.F.);
#3658 = EDGE_LOOP('',(#3659,#3680,#3702,#3703));
#3659 = ORIENTED_EDGE('',*,*,#3660,.F.);
#3660 = EDGE_CURVE('',#3661,#3594,#3663,.T.);
#3661 = VERTEX_POINT('',#3662);
#3662 = CARTESIAN_POINT('',(55.566446710223,5.1,-0.25));
#3663 = SURFACE_CURVE('',#3664,(#3668,#3674),.PCURVE_S1.);
#3664 = LINE('',#3665,#3666);
#3665 = CARTESIAN_POINT('',(55.566446710223,5.1,-0.25));
#3666 = VECTOR('',#3667,1.);
#3667 = DIRECTION('',(0.,0.,1.));
#3668 = PCURVE('',#1117,#3669);
#3669 = DEFINITIONAL_REPRESENTATION('',(#3670),#3673);
#3670 = B_SPLINE_CURVE_WITH_KNOTS('',1,(#3671,#3672),.UNSPECIFIED.,.F.,
  .F.,(2,2),(-6.000000000173E-07,3.7000006),.PIECEWISE_BEZIER_KNOTS.);
#3671 = CARTESIAN_POINT('',(9.152557987417E-02,-6.000000000173E-07));
#3672 = CARTESIAN_POINT('',(9.152557987417E-02,3.7000006));
#3673 = ( GEOMETRIC_REPRESENTATION_CONTEXT(2) 
PARAMETRIC_REPRESENTATION_CONTEXT() REPRESENTATION_CONTEXT('2D SPACE',''
  ) );
#3674 = PCURVE('',#3202,#3675);
#3675 = DEFINITIONAL_REPRESENTATION('',(#3676),#3679);
#3676 = B_SPLINE_CURVE_WITH_KNOTS('',1,(#3677,#3678),.UNSPECIFIED.,.F.,
  .F.,(2,2),(-6.000000000173E-07,3.7000006),.PIECEWISE_BEZIER_KNOTS.);
#3677 = CARTESIAN_POINT('',(9.7499994,4.766446710223));
#3678 = CARTESIAN_POINT('',(13.4500006,4.766446710223));
#3679 = ( GEOMETRIC_REPRESENTATION_CONTEXT(2) 
PARAMETRIC_REPRESENTATION_CONTEXT() REPRESENTATION_CONTEXT('2D SPACE',''
  ) );
#3680 = ORIENTED_EDGE('',*,*,#3681,.T.);
#3681 = EDGE_CURVE('',#3661,#1103,#3682,.T.);
#3682 = SURFACE_CURVE('',#3683,(#3688,#3695),.PCURVE_S1.);
#3683 = CIRCLE('',#3684,55.8);
#3684 = AXIS2_PLACEMENT_3D('',#3685,#3686,#3687);
#3685 = CARTESIAN_POINT('',(0.,0.,-0.25));
#3686 = DIRECTION('',(0.,0.,1.));
#3687 = DIRECTION('',(1.,0.,0.));
#3688 = PCURVE('',#1117,#3689);
#3689 = DEFINITIONAL_REPRESENTATION('',(#3690),#3694);
#3690 = LINE('',#3691,#3692);
#3691 = CARTESIAN_POINT('',(0.,0.));
#3692 = VECTOR('',#3693,1.);
#3693 = DIRECTION('',(1.,0.));
#3694 = ( GEOMETRIC_REPRESENTATION_CONTEXT(2) 
PARAMETRIC_REPRESENTATION_CONTEXT() REPRESENTATION_CONTEXT('2D SPACE',''
  ) );
#3695 = PCURVE('',#1143,#3696);
#3696 = DEFINITIONAL_REPRESENTATION('',(#3697),#3701);
#3697 = CIRCLE('',#3698,55.8);
#3698 = AXIS2_PLACEMENT_2D('',#3699,#3700);
#3699 = CARTESIAN_POINT('',(0.,0.));
#3700 = DIRECTION('',(1.,-0.));
#3701 = ( GEOMETRIC_REPRESENTATION_CONTEXT(2) 
PARAMETRIC_REPRESENTATION_CONTEXT() REPRESENTATION_CONTEXT('2D SPACE',''
  ) );
#3702 = ORIENTED_EDGE('',*,*,#1102,.T.);
#3703 = ORIENTED_EDGE('',*,*,#3614,.F.);
#3704 = ADVANCED_FACE('',(#3705),#1143,.T.);
#3705 = FACE_BOUND('',#3706,.F.);
#3706 = EDGE_LOOP('',(#3707,#3708,#3729,#3758,#3784,#3810));
#3707 = ORIENTED_EDGE('',*,*,#3681,.F.);
#3708 = ORIENTED_EDGE('',*,*,#3709,.T.);
#3709 = EDGE_CURVE('',#3661,#3710,#3712,.T.);
#3710 = VERTEX_POINT('',#3711);
#3711 = CARTESIAN_POINT('',(51.,5.1,-0.25));
#3712 = SURFACE_CURVE('',#3713,(#3717,#3723),.PCURVE_S1.);
#3713 = LINE('',#3714,#3715);
#3714 = CARTESIAN_POINT('',(25.4,5.1,-0.25));
#3715 = VECTOR('',#3716,1.);
#3716 = DIRECTION('',(-1.,0.,0.));
#3717 = PCURVE('',#1143,#3718);
#3718 = DEFINITIONAL_REPRESENTATION('',(#3719),#3722);
#3719 = B_SPLINE_CURVE_WITH_KNOTS('',1,(#3720,#3721),.UNSPECIFIED.,.F.,
  .F.,(2,2),(-30.2,-25.6),.PIECEWISE_BEZIER_KNOTS.);
#3720 = CARTESIAN_POINT('',(55.6,5.1));
#3721 = CARTESIAN_POINT('',(51.,5.1));
#3722 = ( GEOMETRIC_REPRESENTATION_CONTEXT(2) 
PARAMETRIC_REPRESENTATION_CONTEXT() REPRESENTATION_CONTEXT('2D SPACE',''
  ) );
#3723 = PCURVE('',#3202,#3724);
#3724 = DEFINITIONAL_REPRESENTATION('',(#3725),#3728);
#3725 = B_SPLINE_CURVE_WITH_KNOTS('',1,(#3726,#3727),.UNSPECIFIED.,.F.,
  .F.,(2,2),(-30.2,-25.6),.PIECEWISE_BEZIER_KNOTS.);
#3726 = CARTESIAN_POINT('',(9.75,4.8));
#3727 = CARTESIAN_POINT('',(9.75,0.2));
#3728 = ( GEOMETRIC_REPRESENTATION_CONTEXT(2) 
PARAMETRIC_REPRESENTATION_CONTEXT() REPRESENTATION_CONTEXT('2D SPACE',''
  ) );
#3729 = ORIENTED_EDGE('',*,*,#3730,.T.);
#3730 = EDGE_CURVE('',#3710,#3731,#3733,.T.);
#3731 = VERTEX_POINT('',#3732);
#3732 = CARTESIAN_POINT('',(50.7,4.8,-0.25));
#3733 = SURFACE_CURVE('',#3734,(#3739,#3746),.PCURVE_S1.);
#3734 = CIRCLE('',#3735,0.3);
#3735 = AXIS2_PLACEMENT_3D('',#3736,#3737,#3738);
#3736 = CARTESIAN_POINT('',(51.,4.8,-0.25));
#3737 = DIRECTION('',(0.,0.,1.));
#3738 = DIRECTION('',(-1.,0.,0.));
#3739 = PCURVE('',#1143,#3740);
#3740 = DEFINITIONAL_REPRESENTATION('',(#3741),#3745);
#3741 = CIRCLE('',#3742,0.3);
#3742 = AXIS2_PLACEMENT_2D('',#3743,#3744);
#3743 = CARTESIAN_POINT('',(51.,4.8));
#3744 = DIRECTION('',(-1.,0.));
#3745 = ( GEOMETRIC_REPRESENTATION_CONTEXT(2) 
PARAMETRIC_REPRESENTATION_CONTEXT() REPRESENTATION_CONTEXT('2D SPACE',''
  ) );
#3746 = PCURVE('',#3747,#3752);
#3747 = CYLINDRICAL_SURFACE('',#3748,0.3);
#3748 = AXIS2_PLACEMENT_3D('',#3749,#3750,#3751);
#3749 = CARTESIAN_POINT('',(51.,4.8,-9.5));
#3750 = DIRECTION('',(0.,0.,1.));
#3751 = DIRECTION('',(-1.,0.,0.));
#3752 = DEFINITIONAL_REPRESENTATION('',(#3753),#3757);
#3753 = LINE('',#3754,#3755);
#3754 = CARTESIAN_POINT('',(-6.28318530718,9.25));
#3755 = VECTOR('',#3756,1.);
#3756 = DIRECTION('',(1.,-0.));
#3757 = ( GEOMETRIC_REPRESENTATION_CONTEXT(2) 
PARAMETRIC_REPRESENTATION_CONTEXT() REPRESENTATION_CONTEXT('2D SPACE',''
  ) );
#3758 = ORIENTED_EDGE('',*,*,#3759,.F.);
#3759 = EDGE_CURVE('',#3760,#3731,#3762,.T.);
#3760 = VERTEX_POINT('',#3761);
#3761 = CARTESIAN_POINT('',(50.572719918944,4.8,-0.25));
#3762 = SURFACE_CURVE('',#3763,(#3767,#3773),.PCURVE_S1.);
#3763 = LINE('',#3764,#3765);
#3764 = CARTESIAN_POINT('',(24.15,4.8,-0.25));
#3765 = VECTOR('',#3766,1.);
#3766 = DIRECTION('',(1.,0.,0.));
#3767 = PCURVE('',#1143,#3768);
#3768 = DEFINITIONAL_REPRESENTATION('',(#3769),#3772);
#3769 = B_SPLINE_CURVE_WITH_KNOTS('',1,(#3770,#3771),.UNSPECIFIED.,.F.,
  .F.,(2,2),(26.279610804181,29.15),.PIECEWISE_BEZIER_KNOTS.);
#3770 = CARTESIAN_POINT('',(50.429610804181,4.8));
#3771 = CARTESIAN_POINT('',(53.3,4.8));
#3772 = ( GEOMETRIC_REPRESENTATION_CONTEXT(2) 
PARAMETRIC_REPRESENTATION_CONTEXT() REPRESENTATION_CONTEXT('2D SPACE',''
  ) );
#3773 = PCURVE('',#3774,#3779);
#3774 = PLANE('',#3775);
#3775 = AXIS2_PLACEMENT_3D('',#3776,#3777,#3778);
#3776 = CARTESIAN_POINT('',(48.3,4.8,-10.));
#3777 = DIRECTION('',(0.,1.,0.));
#3778 = DIRECTION('',(0.,0.,1.));
#3779 = DEFINITIONAL_REPRESENTATION('',(#3780),#3783);
#3780 = B_SPLINE_CURVE_WITH_KNOTS('',1,(#3781,#3782),.UNSPECIFIED.,.F.,
  .F.,(2,2),(26.279610804181,29.15),.PIECEWISE_BEZIER_KNOTS.);
#3781 = CARTESIAN_POINT('',(9.75,2.129610804181));
#3782 = CARTESIAN_POINT('',(9.75,5.));
#3783 = ( GEOMETRIC_REPRESENTATION_CONTEXT(2) 
PARAMETRIC_REPRESENTATION_CONTEXT() REPRESENTATION_CONTEXT('2D SPACE',''
  ) );
#3784 = ORIENTED_EDGE('',*,*,#3785,.F.);
#3785 = EDGE_CURVE('',#1129,#3760,#3786,.T.);
#3786 = SURFACE_CURVE('',#3787,(#3792,#3803),.PCURVE_S1.);
#3787 = CIRCLE('',#3788,50.8);
#3788 = AXIS2_PLACEMENT_3D('',#3789,#3790,#3791);
#3789 = CARTESIAN_POINT('',(0.,0.,-0.25));
#3790 = DIRECTION('',(-0.,0.,-1.));
#3791 = DIRECTION('',(0.992708874098,-0.120536680255,-0.));
#3792 = PCURVE('',#1143,#3793);
#3793 = DEFINITIONAL_REPRESENTATION('',(#3794),#3802);
#3794 = ( BOUNDED_CURVE() B_SPLINE_CURVE(2,(#3795,#3796,#3797,#3798,
#3799,#3800,#3801),.UNSPECIFIED.,.T.,.F.) B_SPLINE_CURVE_WITH_KNOTS((1,2
    ,2,2,2,1),(-2.094395102393,0.,2.094395102393,4.188790204786,
6.28318530718,8.377580409573),.UNSPECIFIED.) CURVE() 
GEOMETRIC_REPRESENTATION_ITEM() RATIONAL_B_SPLINE_CURVE((1.,0.5,1.,0.5,
1.,0.5,1.)) REPRESENTATION_ITEM('') );
#3795 = CARTESIAN_POINT('',(50.429610804181,-6.12326335697));
#3796 = CARTESIAN_POINT('',(39.823807561784,-93.46991147573));
#3797 = CARTESIAN_POINT('',(-30.51770702328,-40.61169238089));
#3798 = CARTESIAN_POINT('',(-100.8592216083,12.246526713941));
#3799 = CARTESIAN_POINT('',(-19.91190378089,46.734955737868));
#3800 = CARTESIAN_POINT('',(61.035414046579,81.223384761796));
#3801 = CARTESIAN_POINT('',(50.429610804181,-6.12326335697));
#3802 = ( GEOMETRIC_REPRESENTATION_CONTEXT(2) 
PARAMETRIC_REPRESENTATION_CONTEXT() REPRESENTATION_CONTEXT('2D SPACE',''
  ) );
#3803 = PCURVE('',#1170,#3804);
#3804 = DEFINITIONAL_REPRESENTATION('',(#3805),#3809);
#3805 = LINE('',#3806,#3807);
#3806 = CARTESIAN_POINT('',(-6.28318530718,12.25));
#3807 = VECTOR('',#3808,1.);
#3808 = DIRECTION('',(1.,-0.));
#3809 = ( GEOMETRIC_REPRESENTATION_CONTEXT(2) 
PARAMETRIC_REPRESENTATION_CONTEXT() REPRESENTATION_CONTEXT('2D SPACE',''
  ) );
#3810 = ORIENTED_EDGE('',*,*,#1128,.T.);
#3811 = ADVANCED_FACE('',(#3812),#1170,.F.);
#3812 = FACE_BOUND('',#3813,.T.);
#3813 = EDGE_LOOP('',(#3814,#3815,#3816,#3844));
#3814 = ORIENTED_EDGE('',*,*,#3785,.F.);
#3815 = ORIENTED_EDGE('',*,*,#1154,.T.);
#3816 = ORIENTED_EDGE('',*,*,#3817,.T.);
#3817 = EDGE_CURVE('',#1155,#3818,#3820,.T.);
#3818 = VERTEX_POINT('',#3819);
#3819 = CARTESIAN_POINT('',(50.572719918944,4.8,-2.95));
#3820 = SURFACE_CURVE('',#3821,(#3826,#3833),.PCURVE_S1.);
#3821 = CIRCLE('',#3822,50.8);
#3822 = AXIS2_PLACEMENT_3D('',#3823,#3824,#3825);
#3823 = CARTESIAN_POINT('',(0.,0.,-2.95));
#3824 = DIRECTION('',(-0.,0.,-1.));
#3825 = DIRECTION('',(0.992708874098,-0.120536680255,-0.));
#3826 = PCURVE('',#1170,#3827);
#3827 = DEFINITIONAL_REPRESENTATION('',(#3828),#3832);
#3828 = LINE('',#3829,#3830);
#3829 = CARTESIAN_POINT('',(-6.28318530718,14.95));
#3830 = VECTOR('',#3831,1.);
#3831 = DIRECTION('',(1.,-0.));
#3832 = ( GEOMETRIC_REPRESENTATION_CONTEXT(2) 
PARAMETRIC_REPRESENTATION_CONTEXT() REPRESENTATION_CONTEXT('2D SPACE',''
  ) );
#3833 = PCURVE('',#1197,#3834);
#3834 = DEFINITIONAL_REPRESENTATION('',(#3835),#3843);
#3835 = ( BOUNDED_CURVE() B_SPLINE_CURVE(2,(#3836,#3837,#3838,#3839,
#3840,#3841,#3842),.UNSPECIFIED.,.T.,.F.) B_SPLINE_CURVE_WITH_KNOTS((1,2
    ,2,2,2,1),(-2.094395102393,0.,2.094395102393,4.188790204786,
6.28318530718,8.377580409573),.UNSPECIFIED.) CURVE() 
GEOMETRIC_REPRESENTATION_ITEM() RATIONAL_B_SPLINE_CURVE((1.,0.5,1.,0.5,
1.,0.5,1.)) REPRESENTATION_ITEM('') );
#3836 = CARTESIAN_POINT('',(50.429610804181,-6.12326335697));
#3837 = CARTESIAN_POINT('',(39.823807561784,-93.46991147573));
#3838 = CARTESIAN_POINT('',(-30.51770702328,-40.61169238089));
#3839 = CARTESIAN_POINT('',(-100.8592216083,12.246526713941));
#3840 = CARTESIAN_POINT('',(-19.91190378089,46.734955737868));
#3841 = CARTESIAN_POINT('',(61.035414046579,81.223384761796));
#3842 = CARTESIAN_POINT('',(50.429610804181,-6.12326335697));
#3843 = ( GEOMETRIC_REPRESENTATION_CONTEXT(2) 
PARAMETRIC_REPRESENTATION_CONTEXT() REPRESENTATION_CONTEXT('2D SPACE',''
  ) );
#3844 = ORIENTED_EDGE('',*,*,#3845,.F.);
#3845 = EDGE_CURVE('',#3760,#3818,#3846,.T.);
#3846 = SURFACE_CURVE('',#3847,(#3851,#3857),.PCURVE_S1.);
#3847 = LINE('',#3848,#3849);
#3848 = CARTESIAN_POINT('',(50.572719918944,4.8,12.));
#3849 = VECTOR('',#3850,1.);
#3850 = DIRECTION('',(-0.,0.,-1.));
#3851 = PCURVE('',#1170,#3852);
#3852 = DEFINITIONAL_REPRESENTATION('',(#3853),#3856);
#3853 = B_SPLINE_CURVE_WITH_KNOTS('',1,(#3854,#3855),.UNSPECIFIED.,.F.,
  .F.,(2,2),(12.2499994,14.9500006),.PIECEWISE_BEZIER_KNOTS.);
#3854 = CARTESIAN_POINT('',(-0.21545984225,12.2499994));
#3855 = CARTESIAN_POINT('',(-0.21545984225,14.9500006));
#3856 = ( GEOMETRIC_REPRESENTATION_CONTEXT(2) 
PARAMETRIC_REPRESENTATION_CONTEXT() REPRESENTATION_CONTEXT('2D SPACE',''
  ) );
#3857 = PCURVE('',#3774,#3858);
#3858 = DEFINITIONAL_REPRESENTATION('',(#3859),#3862);
#3859 = B_SPLINE_CURVE_WITH_KNOTS('',1,(#3860,#3861),.UNSPECIFIED.,.F.,
  .F.,(2,2),(12.2499994,14.9500006),.PIECEWISE_BEZIER_KNOTS.);
#3860 = CARTESIAN_POINT('',(9.7500006,2.272719918944));
#3861 = CARTESIAN_POINT('',(7.0499994,2.272719918944));
#3862 = ( GEOMETRIC_REPRESENTATION_CONTEXT(2) 
PARAMETRIC_REPRESENTATION_CONTEXT() REPRESENTATION_CONTEXT('2D SPACE',''
  ) );
#3863 = ADVANCED_FACE('',(#3864),#1197,.F.);
#3864 = FACE_BOUND('',#3865,.F.);
#3865 = EDGE_LOOP('',(#3866,#3892,#3913,#3935,#3936,#3937));
#3866 = ORIENTED_EDGE('',*,*,#3867,.F.);
#3867 = EDGE_CURVE('',#3868,#3870,#3872,.T.);
#3868 = VERTEX_POINT('',#3869);
#3869 = CARTESIAN_POINT('',(51.,5.1,-2.95));
#3870 = VERTEX_POINT('',#3871);
#3871 = CARTESIAN_POINT('',(50.7,4.8,-2.95));
#3872 = SURFACE_CURVE('',#3873,(#3878,#3885),.PCURVE_S1.);
#3873 = CIRCLE('',#3874,0.3);
#3874 = AXIS2_PLACEMENT_3D('',#3875,#3876,#3877);
#3875 = CARTESIAN_POINT('',(51.,4.8,-2.95));
#3876 = DIRECTION('',(0.,0.,1.));
#3877 = DIRECTION('',(-1.,0.,0.));
#3878 = PCURVE('',#1197,#3879);
#3879 = DEFINITIONAL_REPRESENTATION('',(#3880),#3884);
#3880 = CIRCLE('',#3881,0.3);
#3881 = AXIS2_PLACEMENT_2D('',#3882,#3883);
#3882 = CARTESIAN_POINT('',(51.,4.8));
#3883 = DIRECTION('',(-1.,0.));
#3884 = ( GEOMETRIC_REPRESENTATION_CONTEXT(2) 
PARAMETRIC_REPRESENTATION_CONTEXT() REPRESENTATION_CONTEXT('2D SPACE',''
  ) );
#3885 = PCURVE('',#3747,#3886);
#3886 = DEFINITIONAL_REPRESENTATION('',(#3887),#3891);
#3887 = LINE('',#3888,#3889);
#3888 = CARTESIAN_POINT('',(-6.28318530718,6.55));
#3889 = VECTOR('',#3890,1.);
#3890 = DIRECTION('',(1.,-0.));
#3891 = ( GEOMETRIC_REPRESENTATION_CONTEXT(2) 
PARAMETRIC_REPRESENTATION_CONTEXT() REPRESENTATION_CONTEXT('2D SPACE',''
  ) );
#3892 = ORIENTED_EDGE('',*,*,#3893,.T.);
#3893 = EDGE_CURVE('',#3868,#3894,#3896,.T.);
#3894 = VERTEX_POINT('',#3895);
#3895 = CARTESIAN_POINT('',(55.566446710223,5.1,-2.95));
#3896 = SURFACE_CURVE('',#3897,(#3901,#3907),.PCURVE_S1.);
#3897 = LINE('',#3898,#3899);
#3898 = CARTESIAN_POINT('',(25.4,5.1,-2.95));
#3899 = VECTOR('',#3900,1.);
#3900 = DIRECTION('',(1.,0.,0.));
#3901 = PCURVE('',#1197,#3902);
#3902 = DEFINITIONAL_REPRESENTATION('',(#3903),#3906);
#3903 = B_SPLINE_CURVE_WITH_KNOTS('',1,(#3904,#3905),.UNSPECIFIED.,.F.,
  .F.,(2,2),(25.6,30.2),.PIECEWISE_BEZIER_KNOTS.);
#3904 = CARTESIAN_POINT('',(51.,5.1));
#3905 = CARTESIAN_POINT('',(55.6,5.1));
#3906 = ( GEOMETRIC_REPRESENTATION_CONTEXT(2) 
PARAMETRIC_REPRESENTATION_CONTEXT() REPRESENTATION_CONTEXT('2D SPACE',''
  ) );
#3907 = PCURVE('',#3202,#3908);
#3908 = DEFINITIONAL_REPRESENTATION('',(#3909),#3912);
#3909 = B_SPLINE_CURVE_WITH_KNOTS('',1,(#3910,#3911),.UNSPECIFIED.,.F.,
  .F.,(2,2),(25.6,30.2),.PIECEWISE_BEZIER_KNOTS.);
#3910 = CARTESIAN_POINT('',(7.05,0.2));
#3911 = CARTESIAN_POINT('',(7.05,4.8));
#3912 = ( GEOMETRIC_REPRESENTATION_CONTEXT(2) 
PARAMETRIC_REPRESENTATION_CONTEXT() REPRESENTATION_CONTEXT('2D SPACE',''
  ) );
#3913 = ORIENTED_EDGE('',*,*,#3914,.T.);
#3914 = EDGE_CURVE('',#3894,#1183,#3915,.T.);
#3915 = SURFACE_CURVE('',#3916,(#3921,#3928),.PCURVE_S1.);
#3916 = CIRCLE('',#3917,55.8);
#3917 = AXIS2_PLACEMENT_3D('',#3918,#3919,#3920);
#3918 = CARTESIAN_POINT('',(0.,0.,-2.95));
#3919 = DIRECTION('',(0.,0.,1.));
#3920 = DIRECTION('',(1.,0.,0.));
#3921 = PCURVE('',#1197,#3922);
#3922 = DEFINITIONAL_REPRESENTATION('',(#3923),#3927);
#3923 = CIRCLE('',#3924,55.8);
#3924 = AXIS2_PLACEMENT_2D('',#3925,#3926);
#3925 = CARTESIAN_POINT('',(0.,0.));
#3926 = DIRECTION('',(1.,0.));
#3927 = ( GEOMETRIC_REPRESENTATION_CONTEXT(2) 
PARAMETRIC_REPRESENTATION_CONTEXT() REPRESENTATION_CONTEXT('2D SPACE',''
  ) );
#3928 = PCURVE('',#1223,#3929);
#3929 = DEFINITIONAL_REPRESENTATION('',(#3930),#3934);
#3930 = LINE('',#3931,#3932);
#3931 = CARTESIAN_POINT('',(0.,3.7));
#3932 = VECTOR('',#3933,1.);
#3933 = DIRECTION('',(1.,0.));
#3934 = ( GEOMETRIC_REPRESENTATION_CONTEXT(2) 
PARAMETRIC_REPRESENTATION_CONTEXT() REPRESENTATION_CONTEXT('2D SPACE',''
  ) );
#3935 = ORIENTED_EDGE('',*,*,#1182,.T.);
#3936 = ORIENTED_EDGE('',*,*,#3817,.T.);
#3937 = ORIENTED_EDGE('',*,*,#3938,.F.);
#3938 = EDGE_CURVE('',#3870,#3818,#3939,.T.);
#3939 = SURFACE_CURVE('',#3940,(#3944,#3950),.PCURVE_S1.);
#3940 = LINE('',#3941,#3942);
#3941 = CARTESIAN_POINT('',(24.15,4.8,-2.95));
#3942 = VECTOR('',#3943,1.);
#3943 = DIRECTION('',(-1.,0.,0.));
#3944 = PCURVE('',#1197,#3945);
#3945 = DEFINITIONAL_REPRESENTATION('',(#3946),#3949);
#3946 = B_SPLINE_CURVE_WITH_KNOTS('',1,(#3947,#3948),.UNSPECIFIED.,.F.,
  .F.,(2,2),(-29.15,-26.27961080418),.PIECEWISE_BEZIER_KNOTS.);
#3947 = CARTESIAN_POINT('',(53.3,4.8));
#3948 = CARTESIAN_POINT('',(50.429610804181,4.8));
#3949 = ( GEOMETRIC_REPRESENTATION_CONTEXT(2) 
PARAMETRIC_REPRESENTATION_CONTEXT() REPRESENTATION_CONTEXT('2D SPACE',''
  ) );
#3950 = PCURVE('',#3774,#3951);
#3951 = DEFINITIONAL_REPRESENTATION('',(#3952),#3955);
#3952 = B_SPLINE_CURVE_WITH_KNOTS('',1,(#3953,#3954),.UNSPECIFIED.,.F.,
  .F.,(2,2),(-29.15,-26.27961080418),.PIECEWISE_BEZIER_KNOTS.);
#3953 = CARTESIAN_POINT('',(7.05,5.));
#3954 = CARTESIAN_POINT('',(7.05,2.129610804181));
#3955 = ( GEOMETRIC_REPRESENTATION_CONTEXT(2) 
PARAMETRIC_REPRESENTATION_CONTEXT() REPRESENTATION_CONTEXT('2D SPACE',''
  ) );
#3956 = ADVANCED_FACE('',(#3957),#1223,.F.);
#3957 = FACE_BOUND('',#3958,.F.);
#3958 = EDGE_LOOP('',(#3959,#3980,#4002,#4003));
#3959 = ORIENTED_EDGE('',*,*,#3960,.F.);
#3960 = EDGE_CURVE('',#3961,#3894,#3963,.T.);
#3961 = VERTEX_POINT('',#3962);
#3962 = CARTESIAN_POINT('',(55.566446710223,5.1,-6.65));
#3963 = SURFACE_CURVE('',#3964,(#3968,#3974),.PCURVE_S1.);
#3964 = LINE('',#3965,#3966);
#3965 = CARTESIAN_POINT('',(55.566446710223,5.1,-6.65));
#3966 = VECTOR('',#3967,1.);
#3967 = DIRECTION('',(0.,0.,1.));
#3968 = PCURVE('',#1223,#3969);
#3969 = DEFINITIONAL_REPRESENTATION('',(#3970),#3973);
#3970 = B_SPLINE_CURVE_WITH_KNOTS('',1,(#3971,#3972),.UNSPECIFIED.,.F.,
  .F.,(2,2),(-5.999999999062E-07,3.7000006),.PIECEWISE_BEZIER_KNOTS.);
#3971 = CARTESIAN_POINT('',(9.152557987417E-02,-5.999999999062E-07));
#3972 = CARTESIAN_POINT('',(9.152557987417E-02,3.7000006));
#3973 = ( GEOMETRIC_REPRESENTATION_CONTEXT(2) 
PARAMETRIC_REPRESENTATION_CONTEXT() REPRESENTATION_CONTEXT('2D SPACE',''
  ) );
#3974 = PCURVE('',#3202,#3975);
#3975 = DEFINITIONAL_REPRESENTATION('',(#3976),#3979);
#3976 = B_SPLINE_CURVE_WITH_KNOTS('',1,(#3977,#3978),.UNSPECIFIED.,.F.,
  .F.,(2,2),(-5.999999999062E-07,3.7000006),.PIECEWISE_BEZIER_KNOTS.);
#3977 = CARTESIAN_POINT('',(3.3499994,4.766446710223));
#3978 = CARTESIAN_POINT('',(7.0500006,4.766446710223));
#3979 = ( GEOMETRIC_REPRESENTATION_CONTEXT(2) 
PARAMETRIC_REPRESENTATION_CONTEXT() REPRESENTATION_CONTEXT('2D SPACE',''
  ) );
#3980 = ORIENTED_EDGE('',*,*,#3981,.T.);
#3981 = EDGE_CURVE('',#3961,#1209,#3982,.T.);
#3982 = SURFACE_CURVE('',#3983,(#3988,#3995),.PCURVE_S1.);
#3983 = CIRCLE('',#3984,55.8);
#3984 = AXIS2_PLACEMENT_3D('',#3985,#3986,#3987);
#3985 = CARTESIAN_POINT('',(0.,0.,-6.65));
#3986 = DIRECTION('',(0.,0.,1.));
#3987 = DIRECTION('',(1.,0.,0.));
#3988 = PCURVE('',#1223,#3989);
#3989 = DEFINITIONAL_REPRESENTATION('',(#3990),#3994);
#3990 = LINE('',#3991,#3992);
#3991 = CARTESIAN_POINT('',(0.,0.));
#3992 = VECTOR('',#3993,1.);
#3993 = DIRECTION('',(1.,0.));
#3994 = ( GEOMETRIC_REPRESENTATION_CONTEXT(2) 
PARAMETRIC_REPRESENTATION_CONTEXT() REPRESENTATION_CONTEXT('2D SPACE',''
  ) );
#3995 = PCURVE('',#1249,#3996);
#3996 = DEFINITIONAL_REPRESENTATION('',(#3997),#4001);
#3997 = CIRCLE('',#3998,55.8);
#3998 = AXIS2_PLACEMENT_2D('',#3999,#4000);
#3999 = CARTESIAN_POINT('',(0.,0.));
#4000 = DIRECTION('',(1.,-0.));
#4001 = ( GEOMETRIC_REPRESENTATION_CONTEXT(2) 
PARAMETRIC_REPRESENTATION_CONTEXT() REPRESENTATION_CONTEXT('2D SPACE',''
  ) );
#4002 = ORIENTED_EDGE('',*,*,#1208,.T.);
#4003 = ORIENTED_EDGE('',*,*,#3914,.F.);
#4004 = ADVANCED_FACE('',(#4005),#1249,.T.);
#4005 = FACE_BOUND('',#4006,.F.);
#4006 = EDGE_LOOP('',(#4007,#4008,#4029,#4058,#4084,#4110));
#4007 = ORIENTED_EDGE('',*,*,#3981,.F.);
#4008 = ORIENTED_EDGE('',*,*,#4009,.T.);
#4009 = EDGE_CURVE('',#3961,#4010,#4012,.T.);
#4010 = VERTEX_POINT('',#4011);
#4011 = CARTESIAN_POINT('',(51.,5.1,-6.65));
#4012 = SURFACE_CURVE('',#4013,(#4017,#4023),.PCURVE_S1.);
#4013 = LINE('',#4014,#4015);
#4014 = CARTESIAN_POINT('',(25.4,5.1,-6.65));
#4015 = VECTOR('',#4016,1.);
#4016 = DIRECTION('',(-1.,0.,0.));
#4017 = PCURVE('',#1249,#4018);
#4018 = DEFINITIONAL_REPRESENTATION('',(#4019),#4022);
#4019 = B_SPLINE_CURVE_WITH_KNOTS('',1,(#4020,#4021),.UNSPECIFIED.,.F.,
  .F.,(2,2),(-30.2,-25.6),.PIECEWISE_BEZIER_KNOTS.);
#4020 = CARTESIAN_POINT('',(55.6,5.1));
#4021 = CARTESIAN_POINT('',(51.,5.1));
#4022 = ( GEOMETRIC_REPRESENTATION_CONTEXT(2) 
PARAMETRIC_REPRESENTATION_CONTEXT() REPRESENTATION_CONTEXT('2D SPACE',''
  ) );
#4023 = PCURVE('',#3202,#4024);
#4024 = DEFINITIONAL_REPRESENTATION('',(#4025),#4028);
#4025 = B_SPLINE_CURVE_WITH_KNOTS('',1,(#4026,#4027),.UNSPECIFIED.,.F.,
  .F.,(2,2),(-30.2,-25.6),.PIECEWISE_BEZIER_KNOTS.);
#4026 = CARTESIAN_POINT('',(3.35,4.8));
#4027 = CARTESIAN_POINT('',(3.35,0.2));
#4028 = ( GEOMETRIC_REPRESENTATION_CONTEXT(2) 
PARAMETRIC_REPRESENTATION_CONTEXT() REPRESENTATION_CONTEXT('2D SPACE',''
  ) );
#4029 = ORIENTED_EDGE('',*,*,#4030,.T.);
#4030 = EDGE_CURVE('',#4010,#4031,#4033,.T.);
#4031 = VERTEX_POINT('',#4032);
#4032 = CARTESIAN_POINT('',(50.7,4.8,-6.65));
#4033 = SURFACE_CURVE('',#4034,(#4039,#4046),.PCURVE_S1.);
#4034 = CIRCLE('',#4035,0.3);
#4035 = AXIS2_PLACEMENT_3D('',#4036,#4037,#4038);
#4036 = CARTESIAN_POINT('',(51.,4.8,-6.65));
#4037 = DIRECTION('',(0.,0.,1.));
#4038 = DIRECTION('',(-1.,0.,0.));
#4039 = PCURVE('',#1249,#4040);
#4040 = DEFINITIONAL_REPRESENTATION('',(#4041),#4045);
#4041 = CIRCLE('',#4042,0.3);
#4042 = AXIS2_PLACEMENT_2D('',#4043,#4044);
#4043 = CARTESIAN_POINT('',(51.,4.8));
#4044 = DIRECTION('',(-1.,0.));
#4045 = ( GEOMETRIC_REPRESENTATION_CONTEXT(2) 
PARAMETRIC_REPRESENTATION_CONTEXT() REPRESENTATION_CONTEXT('2D SPACE',''
  ) );
#4046 = PCURVE('',#4047,#4052);
#4047 = CYLINDRICAL_SURFACE('',#4048,0.3);
#4048 = AXIS2_PLACEMENT_3D('',#4049,#4050,#4051);
#4049 = CARTESIAN_POINT('',(51.,4.8,-9.5));
#4050 = DIRECTION('',(0.,0.,1.));
#4051 = DIRECTION('',(-1.,0.,0.));
#4052 = DEFINITIONAL_REPRESENTATION('',(#4053),#4057);
#4053 = LINE('',#4054,#4055);
#4054 = CARTESIAN_POINT('',(-6.28318530718,2.85));
#4055 = VECTOR('',#4056,1.);
#4056 = DIRECTION('',(1.,-0.));
#4057 = ( GEOMETRIC_REPRESENTATION_CONTEXT(2) 
PARAMETRIC_REPRESENTATION_CONTEXT() REPRESENTATION_CONTEXT('2D SPACE',''
  ) );
#4058 = ORIENTED_EDGE('',*,*,#4059,.F.);
#4059 = EDGE_CURVE('',#4060,#4031,#4062,.T.);
#4060 = VERTEX_POINT('',#4061);
#4061 = CARTESIAN_POINT('',(50.572719918944,4.8,-6.65));
#4062 = SURFACE_CURVE('',#4063,(#4067,#4073),.PCURVE_S1.);
#4063 = LINE('',#4064,#4065);
#4064 = CARTESIAN_POINT('',(24.15,4.8,-6.65));
#4065 = VECTOR('',#4066,1.);
#4066 = DIRECTION('',(1.,0.,0.));
#4067 = PCURVE('',#1249,#4068);
#4068 = DEFINITIONAL_REPRESENTATION('',(#4069),#4072);
#4069 = B_SPLINE_CURVE_WITH_KNOTS('',1,(#4070,#4071),.UNSPECIFIED.,.F.,
  .F.,(2,2),(26.279610804181,29.15),.PIECEWISE_BEZIER_KNOTS.);
#4070 = CARTESIAN_POINT('',(50.429610804181,4.8));
#4071 = CARTESIAN_POINT('',(53.3,4.8));
#4072 = ( GEOMETRIC_REPRESENTATION_CONTEXT(2) 
PARAMETRIC_REPRESENTATION_CONTEXT() REPRESENTATION_CONTEXT('2D SPACE',''
  ) );
#4073 = PCURVE('',#4074,#4079);
#4074 = PLANE('',#4075);
#4075 = AXIS2_PLACEMENT_3D('',#4076,#4077,#4078);
#4076 = CARTESIAN_POINT('',(48.3,4.8,-10.));
#4077 = DIRECTION('',(0.,1.,0.));
#4078 = DIRECTION('',(0.,0.,1.));
#4079 = DEFINITIONAL_REPRESENTATION('',(#4080),#4083);
#4080 = B_SPLINE_CURVE_WITH_KNOTS('',1,(#4081,#4082),.UNSPECIFIED.,.F.,
  .F.,(2,2),(26.279610804181,29.15),.PIECEWISE_BEZIER_KNOTS.);
#4081 = CARTESIAN_POINT('',(3.35,2.129610804181));
#4082 = CARTESIAN_POINT('',(3.35,5.));
#4083 = ( GEOMETRIC_REPRESENTATION_CONTEXT(2) 
PARAMETRIC_REPRESENTATION_CONTEXT() REPRESENTATION_CONTEXT('2D SPACE',''
  ) );
#4084 = ORIENTED_EDGE('',*,*,#4085,.F.);
#4085 = EDGE_CURVE('',#1235,#4060,#4086,.T.);
#4086 = SURFACE_CURVE('',#4087,(#4092,#4103),.PCURVE_S1.);
#4087 = CIRCLE('',#4088,50.8);
#4088 = AXIS2_PLACEMENT_3D('',#4089,#4090,#4091);
#4089 = CARTESIAN_POINT('',(0.,0.,-6.65));
#4090 = DIRECTION('',(-0.,0.,-1.));
#4091 = DIRECTION('',(0.992708874098,-0.120536680255,-0.));
#4092 = PCURVE('',#1249,#4093);
#4093 = DEFINITIONAL_REPRESENTATION('',(#4094),#4102);
#4094 = ( BOUNDED_CURVE() B_SPLINE_CURVE(2,(#4095,#4096,#4097,#4098,
#4099,#4100,#4101),.UNSPECIFIED.,.T.,.F.) B_SPLINE_CURVE_WITH_KNOTS((1,2
    ,2,2,2,1),(-2.094395102393,0.,2.094395102393,4.188790204786,
6.28318530718,8.377580409573),.UNSPECIFIED.) CURVE() 
GEOMETRIC_REPRESENTATION_ITEM() RATIONAL_B_SPLINE_CURVE((1.,0.5,1.,0.5,
1.,0.5,1.)) REPRESENTATION_ITEM('') );
#4095 = CARTESIAN_POINT('',(50.429610804181,-6.12326335697));
#4096 = CARTESIAN_POINT('',(39.823807561784,-93.46991147573));
#4097 = CARTESIAN_POINT('',(-30.51770702328,-40.61169238089));
#4098 = CARTESIAN_POINT('',(-100.8592216083,12.246526713941));
#4099 = CARTESIAN_POINT('',(-19.91190378089,46.734955737868));
#4100 = CARTESIAN_POINT('',(61.035414046579,81.223384761796));
#4101 = CARTESIAN_POINT('',(50.429610804181,-6.12326335697));
#4102 = ( GEOMETRIC_REPRESENTATION_CONTEXT(2) 
PARAMETRIC_REPRESENTATION_CONTEXT() REPRESENTATION_CONTEXT('2D SPACE',''
  ) );
#4103 = PCURVE('',#1276,#4104);
#4104 = DEFINITIONAL_REPRESENTATION('',(#4105),#4109);
#4105 = LINE('',#4106,#4107);
#4106 = CARTESIAN_POINT('',(-6.28318530718,18.65));
#4107 = VECTOR('',#4108,1.);
#4108 = DIRECTION('',(1.,-0.));
#4109 = ( GEOMETRIC_REPRESENTATION_CONTEXT(2) 
PARAMETRIC_REPRESENTATION_CONTEXT() REPRESENTATION_CONTEXT('2D SPACE',''
  ) );
#4110 = ORIENTED_EDGE('',*,*,#1234,.T.);
#4111 = ADVANCED_FACE('',(#4112),#1276,.F.);
#4112 = FACE_BOUND('',#4113,.T.);
#4113 = EDGE_LOOP('',(#4114,#4115,#4116,#4144));
#4114 = ORIENTED_EDGE('',*,*,#4085,.F.);
#4115 = ORIENTED_EDGE('',*,*,#1260,.T.);
#4116 = ORIENTED_EDGE('',*,*,#4117,.T.);
#4117 = EDGE_CURVE('',#1261,#4118,#4120,.T.);
#4118 = VERTEX_POINT('',#4119);
#4119 = CARTESIAN_POINT('',(50.572719918944,4.8,-9.6));
#4120 = SURFACE_CURVE('',#4121,(#4126,#4133),.PCURVE_S1.);
#4121 = CIRCLE('',#4122,50.8);
#4122 = AXIS2_PLACEMENT_3D('',#4123,#4124,#4125);
#4123 = CARTESIAN_POINT('',(0.,0.,-9.6));
#4124 = DIRECTION('',(-0.,0.,-1.));
#4125 = DIRECTION('',(0.992708874098,-0.120536680255,-0.));
#4126 = PCURVE('',#1276,#4127);
#4127 = DEFINITIONAL_REPRESENTATION('',(#4128),#4132);
#4128 = LINE('',#4129,#4130);
#4129 = CARTESIAN_POINT('',(-6.28318530718,21.6));
#4130 = VECTOR('',#4131,1.);
#4131 = DIRECTION('',(1.,-0.));
#4132 = ( GEOMETRIC_REPRESENTATION_CONTEXT(2) 
PARAMETRIC_REPRESENTATION_CONTEXT() REPRESENTATION_CONTEXT('2D SPACE',''
  ) );
#4133 = PCURVE('',#1303,#4134);
#4134 = DEFINITIONAL_REPRESENTATION('',(#4135),#4143);
#4135 = ( BOUNDED_CURVE() B_SPLINE_CURVE(2,(#4136,#4137,#4138,#4139,
#4140,#4141,#4142),.UNSPECIFIED.,.T.,.F.) B_SPLINE_CURVE_WITH_KNOTS((1,2
    ,2,2,2,1),(-2.094395102393,0.,2.094395102393,4.188790204786,
6.28318530718,8.377580409573),.UNSPECIFIED.) CURVE() 
GEOMETRIC_REPRESENTATION_ITEM() RATIONAL_B_SPLINE_CURVE((1.,0.5,1.,0.5,
1.,0.5,1.)) REPRESENTATION_ITEM('') );
#4136 = CARTESIAN_POINT('',(50.429610804181,-6.12326335697));
#4137 = CARTESIAN_POINT('',(39.823807561784,-93.46991147573));
#4138 = CARTESIAN_POINT('',(-30.51770702328,-40.61169238089));
#4139 = CARTESIAN_POINT('',(-100.8592216083,12.246526713941));
#4140 = CARTESIAN_POINT('',(-19.91190378089,46.734955737868));
#4141 = CARTESIAN_POINT('',(61.035414046579,81.223384761796));
#4142 = CARTESIAN_POINT('',(50.429610804181,-6.12326335697));
#4143 = ( GEOMETRIC_REPRESENTATION_CONTEXT(2) 
PARAMETRIC_REPRESENTATION_CONTEXT() REPRESENTATION_CONTEXT('2D SPACE',''
  ) );
#4144 = ORIENTED_EDGE('',*,*,#4145,.F.);
#4145 = EDGE_CURVE('',#4060,#4118,#4146,.T.);
#4146 = SURFACE_CURVE('',#4147,(#4151,#4157),.PCURVE_S1.);
#4147 = LINE('',#4148,#4149);
#4148 = CARTESIAN_POINT('',(50.572719918944,4.8,12.));
#4149 = VECTOR('',#4150,1.);
#4150 = DIRECTION('',(-0.,0.,-1.));
#4151 = PCURVE('',#1276,#4152);
#4152 = DEFINITIONAL_REPRESENTATION('',(#4153),#4156);
#4153 = B_SPLINE_CURVE_WITH_KNOTS('',1,(#4154,#4155),.UNSPECIFIED.,.F.,
  .F.,(2,2),(18.6499994,21.6000006),.PIECEWISE_BEZIER_KNOTS.);
#4154 = CARTESIAN_POINT('',(-0.21545984225,18.6499994));
#4155 = CARTESIAN_POINT('',(-0.21545984225,21.6000006));
#4156 = ( GEOMETRIC_REPRESENTATION_CONTEXT(2) 
PARAMETRIC_REPRESENTATION_CONTEXT() REPRESENTATION_CONTEXT('2D SPACE',''
  ) );
#4157 = PCURVE('',#4074,#4158);
#4158 = DEFINITIONAL_REPRESENTATION('',(#4159),#4162);
#4159 = B_SPLINE_CURVE_WITH_KNOTS('',1,(#4160,#4161),.UNSPECIFIED.,.F.,
  .F.,(2,2),(18.6499994,21.6000006),.PIECEWISE_BEZIER_KNOTS.);
#4160 = CARTESIAN_POINT('',(3.3500006,2.272719918944));
#4161 = CARTESIAN_POINT('',(0.3999994,2.272719918944));
#4162 = ( GEOMETRIC_REPRESENTATION_CONTEXT(2) 
PARAMETRIC_REPRESENTATION_CONTEXT() REPRESENTATION_CONTEXT('2D SPACE',''
  ) );
#4163 = ADVANCED_FACE('',(#4164),#1303,.F.);
#4164 = FACE_BOUND('',#4165,.F.);
#4165 = EDGE_LOOP('',(#4166,#4236,#4255,#4256,#4257,#4258));
#4166 = ORIENTED_EDGE('',*,*,#4167,.T.);
#4167 = EDGE_CURVE('',#4168,#4170,#4172,.T.);
#4168 = VERTEX_POINT('',#4169);
#4169 = CARTESIAN_POINT('',(50.700439218701,4.8,-9.6));
#4170 = VERTEX_POINT('',#4171);
#4171 = CARTESIAN_POINT('',(51.,5.09160797831,-9.6));
#4172 = SURFACE_CURVE('',#4173,(#4188,#4206),.PCURVE_S1.);
#4173 = B_SPLINE_CURVE_WITH_KNOTS('',7,(#4174,#4175,#4176,#4177,#4178,
    #4179,#4180,#4181,#4182,#4183,#4184,#4185,#4186,#4187),
  .UNSPECIFIED.,.F.,.F.,(8,6,8),(0.,0.501872293746,1.),.UNSPECIFIED.);
#4174 = CARTESIAN_POINT('',(50.7,4.782842712475,-9.6));
#4175 = CARTESIAN_POINT('',(50.7,4.816993253057,-9.6));
#4176 = CARTESIAN_POINT('',(50.704031421407,4.851507676128,-9.6));
#4177 = CARTESIAN_POINT('',(50.712476790899,4.8855508625,-9.6));
#4178 = CARTESIAN_POINT('',(50.725323689387,4.918225789431,-9.6));
#4179 = CARTESIAN_POINT('',(50.742276447502,4.948778404445,-9.6));
#4180 = CARTESIAN_POINT('',(50.762938107564,4.976619226305,-9.6));
#4181 = CARTESIAN_POINT('',(50.810642982392,5.025720507886,-9.6));
#4182 = CARTESIAN_POINT('',(50.8375987623,5.046988709061,-9.6));
#4183 = CARTESIAN_POINT('',(50.867257177531,5.064555266171,-9.6));
#4184 = CARTESIAN_POINT('',(50.899016562172,5.078011184836,-9.6));
#4185 = CARTESIAN_POINT('',(50.932201683687,5.087075531303,-9.6));
#4186 = CARTESIAN_POINT('',(50.966100557277,5.09160797831,-9.6));
#4187 = CARTESIAN_POINT('',(51.,5.09160797831,-9.6));
#4188 = PCURVE('',#1303,#4189);
#4189 = DEFINITIONAL_REPRESENTATION('',(#4190),#4205);
#4190 = B_SPLINE_CURVE_WITH_KNOTS('',7,(#4191,#4192,#4193,#4194,#4195,
    #4196,#4197,#4198,#4199,#4200,#4201,#4202,#4203,#4204),
  .UNSPECIFIED.,.F.,.F.,(8,6,8),(0.,0.501872293746,1.),.UNSPECIFIED.);
#4191 = CARTESIAN_POINT('',(50.7,4.782842712475));
#4192 = CARTESIAN_POINT('',(50.7,4.816993253057));
#4193 = CARTESIAN_POINT('',(50.704031421407,4.851507676128));
#4194 = CARTESIAN_POINT('',(50.712476790899,4.8855508625));
#4195 = CARTESIAN_POINT('',(50.725323689387,4.918225789431));
#4196 = CARTESIAN_POINT('',(50.742276447502,4.948778404445));
#4197 = CARTESIAN_POINT('',(50.762938107564,4.976619226305));
#4198 = CARTESIAN_POINT('',(50.810642982392,5.025720507886));
#4199 = CARTESIAN_POINT('',(50.8375987623,5.046988709061));
#4200 = CARTESIAN_POINT('',(50.867257177531,5.064555266171));
#4201 = CARTESIAN_POINT('',(50.899016562172,5.078011184836));
#4202 = CARTESIAN_POINT('',(50.932201683687,5.087075531303));
#4203 = CARTESIAN_POINT('',(50.966100557277,5.09160797831));
#4204 = CARTESIAN_POINT('',(51.,5.09160797831));
#4205 = ( GEOMETRIC_REPRESENTATION_CONTEXT(2) 
PARAMETRIC_REPRESENTATION_CONTEXT() REPRESENTATION_CONTEXT('2D SPACE',''
  ) );
#4206 = PCURVE('',#4207,#4219);
#4207 = SURFACE_OF_REVOLUTION('',#4208,#4216);
#4208 = B_SPLINE_CURVE_WITH_KNOTS('',6,(#4209,#4210,#4211,#4212,#4213,
    #4214,#4215),.UNSPECIFIED.,.F.,.F.,(7,7),(4.712388980385,
    6.28318530718),.PIECEWISE_BEZIER_KNOTS.);
#4209 = CARTESIAN_POINT('',(50.7,4.5,-9.8));
#4210 = CARTESIAN_POINT('',(50.7,4.5,-9.87853981634));
#4211 = CARTESIAN_POINT('',(50.724668305806,4.5,-9.957072950212));
#4212 = CARTESIAN_POINT('',(50.774042955108,4.5,-10.02595704489));
#4213 = CARTESIAN_POINT('',(50.842927049789,4.5,-10.07533169419));
#4214 = CARTESIAN_POINT('',(50.92146018366,4.5,-10.1));
#4215 = CARTESIAN_POINT('',(51.,4.5,-10.1));
#4216 = AXIS1_PLACEMENT('',#4217,#4218);
#4217 = CARTESIAN_POINT('',(51.,4.5,-9.5));
#4218 = DIRECTION('',(1.,0.,0.));
#4219 = DEFINITIONAL_REPRESENTATION('',(#4220),#4235);
#4220 = B_SPLINE_CURVE_WITH_KNOTS('',7,(#4221,#4222,#4223,#4224,#4225,
    #4226,#4227,#4228,#4229,#4230,#4231,#4232,#4233,#4234),
  .UNSPECIFIED.,.F.,.F.,(8,6,8),(0.,0.501872293746,1.),.UNSPECIFIED.);
#4221 = CARTESIAN_POINT('',(1.230959417341,4.712388980385));
#4222 = CARTESIAN_POINT('',(1.268904462432,4.819713775171));
#4223 = CARTESIAN_POINT('',(1.297750994994,4.929862184167));
#4224 = CARTESIAN_POINT('',(1.320315074755,5.041534164689));
#4225 = CARTESIAN_POINT('',(1.338291890343,5.153956179769));
#4226 = CARTESIAN_POINT('',(1.352755770327,5.266725832287));
#4227 = CARTESIAN_POINT('',(1.364452819212,5.379725096661));
#4228 = CARTESIAN_POINT('',(1.383246604803,5.605665379809));
#4229 = CARTESIAN_POINT('',(1.390362561602,5.71841683915));
#4230 = CARTESIAN_POINT('',(1.395714941404,5.831283441959));
#4231 = CARTESIAN_POINT('',(1.399572201771,5.944216944328));
#4232 = CARTESIAN_POINT('',(1.402088859897,6.057191031306));
#4233 = CARTESIAN_POINT('',(1.403348247575,6.17018716477));
#4234 = CARTESIAN_POINT('',(1.403348247575,6.28318530718));
#4235 = ( GEOMETRIC_REPRESENTATION_CONTEXT(2) 
PARAMETRIC_REPRESENTATION_CONTEXT() REPRESENTATION_CONTEXT('2D SPACE',''
  ) );
#4236 = ORIENTED_EDGE('',*,*,#4237,.T.);
#4237 = EDGE_CURVE('',#4170,#1440,#4238,.T.);
#4238 = SURFACE_CURVE('',#4239,(#4243,#4249),.PCURVE_S1.);
#4239 = LINE('',#4240,#4241);
#4240 = CARTESIAN_POINT('',(50.8,5.09160797831,-9.6));
#4241 = VECTOR('',#4242,1.);
#4242 = DIRECTION('',(1.,0.,0.));
#4243 = PCURVE('',#1303,#4244);
#4244 = DEFINITIONAL_REPRESENTATION('',(#4245),#4248);
#4245 = B_SPLINE_CURVE_WITH_KNOTS('',1,(#4246,#4247),.UNSPECIFIED.,.F.,
  .F.,(2,2),(0.1999994,4.8000006),.PIECEWISE_BEZIER_KNOTS.);
#4246 = CARTESIAN_POINT('',(50.9999994,5.09160797831));
#4247 = CARTESIAN_POINT('',(55.6000006,5.09160797831));
#4248 = ( GEOMETRIC_REPRESENTATION_CONTEXT(2) 
PARAMETRIC_REPRESENTATION_CONTEXT() REPRESENTATION_CONTEXT('2D SPACE',''
  ) );
#4249 = PCURVE('',#1487,#4250);
#4250 = DEFINITIONAL_REPRESENTATION('',(#4251),#4254);
#4251 = B_SPLINE_CURVE_WITH_KNOTS('',1,(#4252,#4253),.UNSPECIFIED.,.F.,
  .F.,(2,2),(0.1999994,4.8000006),.PIECEWISE_BEZIER_KNOTS.);
#4252 = CARTESIAN_POINT('',(-0.16744807922,0.1999994));
#4253 = CARTESIAN_POINT('',(-0.16744807922,4.8000006));
#4254 = ( GEOMETRIC_REPRESENTATION_CONTEXT(2) 
PARAMETRIC_REPRESENTATION_CONTEXT() REPRESENTATION_CONTEXT('2D SPACE',''
  ) );
#4255 = ORIENTED_EDGE('',*,*,#1439,.T.);
#4256 = ORIENTED_EDGE('',*,*,#1288,.T.);
#4257 = ORIENTED_EDGE('',*,*,#4117,.T.);
#4258 = ORIENTED_EDGE('',*,*,#4259,.F.);
#4259 = EDGE_CURVE('',#4168,#4118,#4260,.T.);
#4260 = SURFACE_CURVE('',#4261,(#4265,#4271),.PCURVE_S1.);
#4261 = LINE('',#4262,#4263);
#4262 = CARTESIAN_POINT('',(24.15,4.8,-9.6));
#4263 = VECTOR('',#4264,1.);
#4264 = DIRECTION('',(-1.,0.,0.));
#4265 = PCURVE('',#1303,#4266);
#4266 = DEFINITIONAL_REPRESENTATION('',(#4267),#4270);
#4267 = B_SPLINE_CURVE_WITH_KNOTS('',1,(#4268,#4269),.UNSPECIFIED.,.F.,
  .F.,(2,2),(-29.15,-26.27961080418),.PIECEWISE_BEZIER_KNOTS.);
#4268 = CARTESIAN_POINT('',(53.3,4.8));
#4269 = CARTESIAN_POINT('',(50.429610804181,4.8));
#4270 = ( GEOMETRIC_REPRESENTATION_CONTEXT(2) 
PARAMETRIC_REPRESENTATION_CONTEXT() REPRESENTATION_CONTEXT('2D SPACE',''
  ) );
#4271 = PCURVE('',#4074,#4272);
#4272 = DEFINITIONAL_REPRESENTATION('',(#4273),#4276);
#4273 = B_SPLINE_CURVE_WITH_KNOTS('',1,(#4274,#4275),.UNSPECIFIED.,.F.,
  .F.,(2,2),(-29.15,-26.27961080418),.PIECEWISE_BEZIER_KNOTS.);
#4274 = CARTESIAN_POINT('',(0.4,5.));
#4275 = CARTESIAN_POINT('',(0.4,2.129610804181));
#4276 = ( GEOMETRIC_REPRESENTATION_CONTEXT(2) 
PARAMETRIC_REPRESENTATION_CONTEXT() REPRESENTATION_CONTEXT('2D SPACE',''
  ) );
#4277 = ADVANCED_FACE('',(#4278),#1487,.F.);
#4278 = FACE_BOUND('',#4279,.T.);
#4279 = EDGE_LOOP('',(#4280,#4305,#4327,#4328,#4329));
#4280 = ORIENTED_EDGE('',*,*,#4281,.F.);
#4281 = EDGE_CURVE('',#4282,#4284,#4286,.T.);
#4282 = VERTEX_POINT('',#4283);
#4283 = CARTESIAN_POINT('',(51.,5.1,-9.5));
#4284 = VERTEX_POINT('',#4285);
#4285 = CARTESIAN_POINT('',(55.6,5.1,-9.5));
#4286 = SURFACE_CURVE('',#4287,(#4291,#4298),.PCURVE_S1.);
#4287 = LINE('',#4288,#4289);
#4288 = CARTESIAN_POINT('',(50.8,5.1,-9.5));
#4289 = VECTOR('',#4290,1.);
#4290 = DIRECTION('',(1.,0.,0.));
#4291 = PCURVE('',#1487,#4292);
#4292 = DEFINITIONAL_REPRESENTATION('',(#4293),#4297);
#4293 = LINE('',#4294,#4295);
#4294 = CARTESIAN_POINT('',(-0.,0.));
#4295 = VECTOR('',#4296,1.);
#4296 = DIRECTION('',(-0.,1.));
#4297 = ( GEOMETRIC_REPRESENTATION_CONTEXT(2) 
PARAMETRIC_REPRESENTATION_CONTEXT() REPRESENTATION_CONTEXT('2D SPACE',''
  ) );
#4298 = PCURVE('',#3202,#4299);
#4299 = DEFINITIONAL_REPRESENTATION('',(#4300),#4304);
#4300 = LINE('',#4301,#4302);
#4301 = CARTESIAN_POINT('',(0.5,0.));
#4302 = VECTOR('',#4303,1.);
#4303 = DIRECTION('',(0.,1.));
#4304 = ( GEOMETRIC_REPRESENTATION_CONTEXT(2) 
PARAMETRIC_REPRESENTATION_CONTEXT() REPRESENTATION_CONTEXT('2D SPACE',''
  ) );
#4305 = ORIENTED_EDGE('',*,*,#4306,.F.);
#4306 = EDGE_CURVE('',#4170,#4282,#4307,.T.);
#4307 = SURFACE_CURVE('',#4308,(#4313,#4320),.PCURVE_S1.);
#4308 = CIRCLE('',#4309,0.6);
#4309 = AXIS2_PLACEMENT_3D('',#4310,#4311,#4312);
#4310 = CARTESIAN_POINT('',(51.,4.5,-9.5));
#4311 = DIRECTION('',(1.,-0.,0.));
#4312 = DIRECTION('',(0.,0.,-1.));
#4313 = PCURVE('',#1487,#4314);
#4314 = DEFINITIONAL_REPRESENTATION('',(#4315),#4319);
#4315 = LINE('',#4316,#4317);
#4316 = CARTESIAN_POINT('',(-1.570796326795,0.2));
#4317 = VECTOR('',#4318,1.);
#4318 = DIRECTION('',(1.,-0.));
#4319 = ( GEOMETRIC_REPRESENTATION_CONTEXT(2) 
PARAMETRIC_REPRESENTATION_CONTEXT() REPRESENTATION_CONTEXT('2D SPACE',''
  ) );
#4320 = PCURVE('',#4207,#4321);
#4321 = DEFINITIONAL_REPRESENTATION('',(#4322),#4326);
#4322 = LINE('',#4323,#4324);
#4323 = CARTESIAN_POINT('',(0.,6.28318530718));
#4324 = VECTOR('',#4325,1.);
#4325 = DIRECTION('',(1.,0.));
#4326 = ( GEOMETRIC_REPRESENTATION_CONTEXT(2) 
PARAMETRIC_REPRESENTATION_CONTEXT() REPRESENTATION_CONTEXT('2D SPACE',''
  ) );
#4327 = ORIENTED_EDGE('',*,*,#4237,.T.);
#4328 = ORIENTED_EDGE('',*,*,#1463,.T.);
#4329 = ORIENTED_EDGE('',*,*,#4330,.T.);
#4330 = EDGE_CURVE('',#1464,#4284,#4331,.T.);
#4331 = SURFACE_CURVE('',#4332,(#4337,#4344),.PCURVE_S1.);
#4332 = CIRCLE('',#4333,0.6);
#4333 = AXIS2_PLACEMENT_3D('',#4334,#4335,#4336);
#4334 = CARTESIAN_POINT('',(55.6,4.5,-9.5));
#4335 = DIRECTION('',(1.,-0.,0.));
#4336 = DIRECTION('',(0.,0.,-1.));
#4337 = PCURVE('',#1487,#4338);
#4338 = DEFINITIONAL_REPRESENTATION('',(#4339),#4343);
#4339 = LINE('',#4340,#4341);
#4340 = CARTESIAN_POINT('',(-1.570796326795,4.8));
#4341 = VECTOR('',#4342,1.);
#4342 = DIRECTION('',(1.,-0.));
#4343 = ( GEOMETRIC_REPRESENTATION_CONTEXT(2) 
PARAMETRIC_REPRESENTATION_CONTEXT() REPRESENTATION_CONTEXT('2D SPACE',''
  ) );
#4344 = PCURVE('',#1525,#4345);
#4345 = DEFINITIONAL_REPRESENTATION('',(#4346),#4350);
#4346 = LINE('',#4347,#4348);
#4347 = CARTESIAN_POINT('',(0.,0.));
#4348 = VECTOR('',#4349,1.);
#4349 = DIRECTION('',(1.,0.));
#4350 = ( GEOMETRIC_REPRESENTATION_CONTEXT(2) 
PARAMETRIC_REPRESENTATION_CONTEXT() REPRESENTATION_CONTEXT('2D SPACE',''
  ) );
#4351 = ADVANCED_FACE('',(#4352),#1525,.F.);
#4352 = FACE_BOUND('',#4353,.F.);
#4353 = EDGE_LOOP('',(#4354,#4378,#4379,#4380,#4409));
#4354 = ORIENTED_EDGE('',*,*,#4355,.F.);
#4355 = EDGE_CURVE('',#1504,#4356,#4358,.T.);
#4356 = VERTEX_POINT('',#4357);
#4357 = CARTESIAN_POINT('',(55.9,4.5,-9.8));
#4358 = SURFACE_CURVE('',#4359,(#4364,#4371),.PCURVE_S1.);
#4359 = CIRCLE('',#4360,0.3);
#4360 = AXIS2_PLACEMENT_3D('',#4361,#4362,#4363);
#4361 = CARTESIAN_POINT('',(55.6,4.5,-9.8));
#4362 = DIRECTION('',(0.,-1.,0.));
#4363 = DIRECTION('',(0.,0.,-1.));
#4364 = PCURVE('',#1525,#4365);
#4365 = DEFINITIONAL_REPRESENTATION('',(#4366),#4370);
#4366 = LINE('',#4367,#4368);
#4367 = CARTESIAN_POINT('',(0.,0.));
#4368 = VECTOR('',#4369,1.);
#4369 = DIRECTION('',(0.,1.));
#4370 = ( GEOMETRIC_REPRESENTATION_CONTEXT(2) 
PARAMETRIC_REPRESENTATION_CONTEXT() REPRESENTATION_CONTEXT('2D SPACE',''
  ) );
#4371 = PCURVE('',#1630,#4372);
#4372 = DEFINITIONAL_REPRESENTATION('',(#4373),#4377);
#4373 = LINE('',#4374,#4375);
#4374 = CARTESIAN_POINT('',(-0.,9.));
#4375 = VECTOR('',#4376,1.);
#4376 = DIRECTION('',(-1.,0.));
#4377 = ( GEOMETRIC_REPRESENTATION_CONTEXT(2) 
PARAMETRIC_REPRESENTATION_CONTEXT() REPRESENTATION_CONTEXT('2D SPACE',''
  ) );
#4378 = ORIENTED_EDGE('',*,*,#1503,.F.);
#4379 = ORIENTED_EDGE('',*,*,#4330,.T.);
#4380 = ORIENTED_EDGE('',*,*,#4381,.T.);
#4381 = EDGE_CURVE('',#4284,#4382,#4384,.T.);
#4382 = VERTEX_POINT('',#4383);
#4383 = CARTESIAN_POINT('',(55.9,4.8,-9.5));
#4384 = SURFACE_CURVE('',#4385,(#4390,#4397),.PCURVE_S1.);
#4385 = CIRCLE('',#4386,0.3);
#4386 = AXIS2_PLACEMENT_3D('',#4387,#4388,#4389);
#4387 = CARTESIAN_POINT('',(55.6,4.8,-9.5));
#4388 = DIRECTION('',(0.,-6.123233995737E-17,-1.));
#4389 = DIRECTION('',(0.,1.,-6.123233995737E-17));
#4390 = PCURVE('',#1525,#4391);
#4391 = DEFINITIONAL_REPRESENTATION('',(#4392),#4396);
#4392 = LINE('',#4393,#4394);
#4393 = CARTESIAN_POINT('',(1.570796326795,0.));
#4394 = VECTOR('',#4395,1.);
#4395 = DIRECTION('',(0.,1.));
#4396 = ( GEOMETRIC_REPRESENTATION_CONTEXT(2) 
PARAMETRIC_REPRESENTATION_CONTEXT() REPRESENTATION_CONTEXT('2D SPACE',''
  ) );
#4397 = PCURVE('',#4398,#4403);
#4398 = CYLINDRICAL_SURFACE('',#4399,0.3);
#4399 = AXIS2_PLACEMENT_3D('',#4400,#4401,#4402);
#4400 = CARTESIAN_POINT('',(55.6,4.8,-9.5));
#4401 = DIRECTION('',(0.,0.,1.));
#4402 = DIRECTION('',(0.,1.,0.));
#4403 = DEFINITIONAL_REPRESENTATION('',(#4404),#4408);
#4404 = LINE('',#4405,#4406);
#4405 = CARTESIAN_POINT('',(-0.,0.));
#4406 = VECTOR('',#4407,1.);
#4407 = DIRECTION('',(-1.,0.));
#4408 = ( GEOMETRIC_REPRESENTATION_CONTEXT(2) 
PARAMETRIC_REPRESENTATION_CONTEXT() REPRESENTATION_CONTEXT('2D SPACE',''
  ) );
#4409 = ORIENTED_EDGE('',*,*,#4410,.F.);
#4410 = EDGE_CURVE('',#4356,#4382,#4411,.T.);
#4411 = SURFACE_CURVE('',#4412,(#4417,#4424),.PCURVE_S1.);
#4412 = CIRCLE('',#4413,0.3);
#4413 = AXIS2_PLACEMENT_3D('',#4414,#4415,#4416);
#4414 = CARTESIAN_POINT('',(55.9,4.5,-9.5));
#4415 = DIRECTION('',(1.,-0.,0.));
#4416 = DIRECTION('',(0.,0.,-1.));
#4417 = PCURVE('',#1525,#4418);
#4418 = DEFINITIONAL_REPRESENTATION('',(#4419),#4423);
#4419 = LINE('',#4420,#4421);
#4420 = CARTESIAN_POINT('',(0.,1.570796326795));
#4421 = VECTOR('',#4422,1.);
#4422 = DIRECTION('',(1.,0.));
#4423 = ( GEOMETRIC_REPRESENTATION_CONTEXT(2) 
PARAMETRIC_REPRESENTATION_CONTEXT() REPRESENTATION_CONTEXT('2D SPACE',''
  ) );
#4424 = PCURVE('',#4425,#4430);
#4425 = PLANE('',#4426);
#4426 = AXIS2_PLACEMENT_3D('',#4427,#4428,#4429);
#4427 = CARTESIAN_POINT('',(55.9,-5.,-10.));
#4428 = DIRECTION('',(1.,0.,0.));
#4429 = DIRECTION('',(0.,0.,1.));
#4430 = DEFINITIONAL_REPRESENTATION('',(#4431),#4435);
#4431 = CIRCLE('',#4432,0.3);
#4432 = AXIS2_PLACEMENT_2D('',#4433,#4434);
#4433 = CARTESIAN_POINT('',(0.5,-9.5));
#4434 = DIRECTION('',(-1.,0.));
#4435 = ( GEOMETRIC_REPRESENTATION_CONTEXT(2) 
PARAMETRIC_REPRESENTATION_CONTEXT() REPRESENTATION_CONTEXT('2D SPACE',''
  ) );
#4436 = ADVANCED_FACE('',(#4437),#1630,.F.);
#4437 = FACE_BOUND('',#4438,.T.);
#4438 = EDGE_LOOP('',(#4439,#4440,#4464,#4485));
#4439 = ORIENTED_EDGE('',*,*,#1547,.F.);
#4440 = ORIENTED_EDGE('',*,*,#4441,.T.);
#4441 = EDGE_CURVE('',#1548,#4442,#4444,.T.);
#4442 = VERTEX_POINT('',#4443);
#4443 = CARTESIAN_POINT('',(55.9,-4.5,-9.8));
#4444 = SURFACE_CURVE('',#4445,(#4450,#4457),.PCURVE_S1.);
#4445 = CIRCLE('',#4446,0.3);
#4446 = AXIS2_PLACEMENT_3D('',#4447,#4448,#4449);
#4447 = CARTESIAN_POINT('',(55.6,-4.5,-9.8));
#4448 = DIRECTION('',(0.,-1.,6.123233995737E-17));
#4449 = DIRECTION('',(0.,-6.123233995737E-17,-1.));
#4450 = PCURVE('',#1630,#4451);
#4451 = DEFINITIONAL_REPRESENTATION('',(#4452),#4456);
#4452 = LINE('',#4453,#4454);
#4453 = CARTESIAN_POINT('',(-0.,0.));
#4454 = VECTOR('',#4455,1.);
#4455 = DIRECTION('',(-1.,0.));
#4456 = ( GEOMETRIC_REPRESENTATION_CONTEXT(2) 
PARAMETRIC_REPRESENTATION_CONTEXT() REPRESENTATION_CONTEXT('2D SPACE',''
  ) );
#4457 = PCURVE('',#1708,#4458);
#4458 = DEFINITIONAL_REPRESENTATION('',(#4459),#4463);
#4459 = LINE('',#4460,#4461);
#4460 = CARTESIAN_POINT('',(1.570796326795,0.));
#4461 = VECTOR('',#4462,1.);
#4462 = DIRECTION('',(0.,1.));
#4463 = ( GEOMETRIC_REPRESENTATION_CONTEXT(2) 
PARAMETRIC_REPRESENTATION_CONTEXT() REPRESENTATION_CONTEXT('2D SPACE',''
  ) );
#4464 = ORIENTED_EDGE('',*,*,#4465,.T.);
#4465 = EDGE_CURVE('',#4442,#4356,#4466,.T.);
#4466 = SURFACE_CURVE('',#4467,(#4471,#4478),.PCURVE_S1.);
#4467 = LINE('',#4468,#4469);
#4468 = CARTESIAN_POINT('',(55.9,-4.5,-9.8));
#4469 = VECTOR('',#4470,1.);
#4470 = DIRECTION('',(0.,1.,0.));
#4471 = PCURVE('',#1630,#4472);
#4472 = DEFINITIONAL_REPRESENTATION('',(#4473),#4477);
#4473 = LINE('',#4474,#4475);
#4474 = CARTESIAN_POINT('',(-1.570796326795,0.));
#4475 = VECTOR('',#4476,1.);
#4476 = DIRECTION('',(-0.,1.));
#4477 = ( GEOMETRIC_REPRESENTATION_CONTEXT(2) 
PARAMETRIC_REPRESENTATION_CONTEXT() REPRESENTATION_CONTEXT('2D SPACE',''
  ) );
#4478 = PCURVE('',#4425,#4479);
#4479 = DEFINITIONAL_REPRESENTATION('',(#4480),#4484);
#4480 = LINE('',#4481,#4482);
#4481 = CARTESIAN_POINT('',(0.2,-0.5));
#4482 = VECTOR('',#4483,1.);
#4483 = DIRECTION('',(0.,-1.));
#4484 = ( GEOMETRIC_REPRESENTATION_CONTEXT(2) 
PARAMETRIC_REPRESENTATION_CONTEXT() REPRESENTATION_CONTEXT('2D SPACE',''
  ) );
#4485 = ORIENTED_EDGE('',*,*,#4355,.F.);
#4486 = ADVANCED_FACE('',(#4487),#1708,.F.);
#4487 = FACE_BOUND('',#4488,.F.);
#4488 = EDGE_LOOP('',(#4489,#4520,#4542,#4543,#4544));
#4489 = ORIENTED_EDGE('',*,*,#4490,.F.);
#4490 = EDGE_CURVE('',#4491,#4493,#4495,.T.);
#4491 = VERTEX_POINT('',#4492);
#4492 = CARTESIAN_POINT('',(55.6,-5.1,-9.5));
#4493 = VERTEX_POINT('',#4494);
#4494 = CARTESIAN_POINT('',(55.9,-4.8,-9.5));
#4495 = SURFACE_CURVE('',#4496,(#4501,#4508),.PCURVE_S1.);
#4496 = CIRCLE('',#4497,0.3);
#4497 = AXIS2_PLACEMENT_3D('',#4498,#4499,#4500);
#4498 = CARTESIAN_POINT('',(55.6,-4.8,-9.5));
#4499 = DIRECTION('',(-0.,0.,1.));
#4500 = DIRECTION('',(0.,-1.,0.));
#4501 = PCURVE('',#1708,#4502);
#4502 = DEFINITIONAL_REPRESENTATION('',(#4503),#4507);
#4503 = LINE('',#4504,#4505);
#4504 = CARTESIAN_POINT('',(0.,0.));
#4505 = VECTOR('',#4506,1.);
#4506 = DIRECTION('',(0.,1.));
#4507 = ( GEOMETRIC_REPRESENTATION_CONTEXT(2) 
PARAMETRIC_REPRESENTATION_CONTEXT() REPRESENTATION_CONTEXT('2D SPACE',''
  ) );
#4508 = PCURVE('',#4509,#4514);
#4509 = CYLINDRICAL_SURFACE('',#4510,0.3);
#4510 = AXIS2_PLACEMENT_3D('',#4511,#4512,#4513);
#4511 = CARTESIAN_POINT('',(55.6,-4.8,9.5));
#4512 = DIRECTION('',(-0.,-0.,-1.));
#4513 = DIRECTION('',(0.,-1.,0.));
#4514 = DEFINITIONAL_REPRESENTATION('',(#4515),#4519);
#4515 = LINE('',#4516,#4517);
#4516 = CARTESIAN_POINT('',(-0.,19.));
#4517 = VECTOR('',#4518,1.);
#4518 = DIRECTION('',(-1.,0.));
#4519 = ( GEOMETRIC_REPRESENTATION_CONTEXT(2) 
PARAMETRIC_REPRESENTATION_CONTEXT() REPRESENTATION_CONTEXT('2D SPACE',''
  ) );
#4520 = ORIENTED_EDGE('',*,*,#4521,.T.);
#4521 = EDGE_CURVE('',#4491,#1687,#4522,.T.);
#4522 = SURFACE_CURVE('',#4523,(#4528,#4535),.PCURVE_S1.);
#4523 = CIRCLE('',#4524,0.6);
#4524 = AXIS2_PLACEMENT_3D('',#4525,#4526,#4527);
#4525 = CARTESIAN_POINT('',(55.6,-4.5,-9.5));
#4526 = DIRECTION('',(1.,0.,0.));
#4527 = DIRECTION('',(0.,-1.,0.));
#4528 = PCURVE('',#1708,#4529);
#4529 = DEFINITIONAL_REPRESENTATION('',(#4530),#4534);
#4530 = LINE('',#4531,#4532);
#4531 = CARTESIAN_POINT('',(0.,0.));
#4532 = VECTOR('',#4533,1.);
#4533 = DIRECTION('',(1.,0.));
#4534 = ( GEOMETRIC_REPRESENTATION_CONTEXT(2) 
PARAMETRIC_REPRESENTATION_CONTEXT() REPRESENTATION_CONTEXT('2D SPACE',''
  ) );
#4535 = PCURVE('',#1754,#4536);
#4536 = DEFINITIONAL_REPRESENTATION('',(#4537),#4541);
#4537 = LINE('',#4538,#4539);
#4538 = CARTESIAN_POINT('',(0.,4.8));
#4539 = VECTOR('',#4540,1.);
#4540 = DIRECTION('',(1.,0.));
#4541 = ( GEOMETRIC_REPRESENTATION_CONTEXT(2) 
PARAMETRIC_REPRESENTATION_CONTEXT() REPRESENTATION_CONTEXT('2D SPACE',''
  ) );
#4542 = ORIENTED_EDGE('',*,*,#1686,.T.);
#4543 = ORIENTED_EDGE('',*,*,#4441,.T.);
#4544 = ORIENTED_EDGE('',*,*,#4545,.F.);
#4545 = EDGE_CURVE('',#4493,#4442,#4546,.T.);
#4546 = SURFACE_CURVE('',#4547,(#4552,#4559),.PCURVE_S1.);
#4547 = CIRCLE('',#4548,0.3);
#4548 = AXIS2_PLACEMENT_3D('',#4549,#4550,#4551);
#4549 = CARTESIAN_POINT('',(55.9,-4.5,-9.5));
#4550 = DIRECTION('',(1.,0.,0.));
#4551 = DIRECTION('',(0.,-1.,0.));
#4552 = PCURVE('',#1708,#4553);
#4553 = DEFINITIONAL_REPRESENTATION('',(#4554),#4558);
#4554 = LINE('',#4555,#4556);
#4555 = CARTESIAN_POINT('',(0.,1.570796326795));
#4556 = VECTOR('',#4557,1.);
#4557 = DIRECTION('',(1.,0.));
#4558 = ( GEOMETRIC_REPRESENTATION_CONTEXT(2) 
PARAMETRIC_REPRESENTATION_CONTEXT() REPRESENTATION_CONTEXT('2D SPACE',''
  ) );
#4559 = PCURVE('',#4425,#4560);
#4560 = DEFINITIONAL_REPRESENTATION('',(#4561),#4565);
#4561 = CIRCLE('',#4562,0.3);
#4562 = AXIS2_PLACEMENT_2D('',#4563,#4564);
#4563 = CARTESIAN_POINT('',(0.5,-0.5));
#4564 = DIRECTION('',(0.,1.));
#4565 = ( GEOMETRIC_REPRESENTATION_CONTEXT(2) 
PARAMETRIC_REPRESENTATION_CONTEXT() REPRESENTATION_CONTEXT('2D SPACE',''
  ) );
#4566 = ADVANCED_FACE('',(#4567),#1754,.F.);
#4567 = FACE_BOUND('',#4568,.F.);
#4568 = EDGE_LOOP('',(#4569,#4590,#4591,#4592));
#4569 = ORIENTED_EDGE('',*,*,#4570,.F.);
#4570 = EDGE_CURVE('',#1771,#4491,#4571,.T.);
#4571 = SURFACE_CURVE('',#4572,(#4576,#4583),.PCURVE_S1.);
#4572 = LINE('',#4573,#4574);
#4573 = CARTESIAN_POINT('',(50.8,-5.1,-9.5));
#4574 = VECTOR('',#4575,1.);
#4575 = DIRECTION('',(1.,0.,0.));
#4576 = PCURVE('',#1754,#4577);
#4577 = DEFINITIONAL_REPRESENTATION('',(#4578),#4582);
#4578 = LINE('',#4579,#4580);
#4579 = CARTESIAN_POINT('',(0.,0.));
#4580 = VECTOR('',#4581,1.);
#4581 = DIRECTION('',(0.,1.));
#4582 = ( GEOMETRIC_REPRESENTATION_CONTEXT(2) 
PARAMETRIC_REPRESENTATION_CONTEXT() REPRESENTATION_CONTEXT('2D SPACE',''
  ) );
#4583 = PCURVE('',#1855,#4584);
#4584 = DEFINITIONAL_REPRESENTATION('',(#4585),#4589);
#4585 = LINE('',#4586,#4587);
#4586 = CARTESIAN_POINT('',(0.5,0.));
#4587 = VECTOR('',#4588,1.);
#4588 = DIRECTION('',(0.,1.));
#4589 = ( GEOMETRIC_REPRESENTATION_CONTEXT(2) 
PARAMETRIC_REPRESENTATION_CONTEXT() REPRESENTATION_CONTEXT('2D SPACE',''
  ) );
#4590 = ORIENTED_EDGE('',*,*,#1770,.T.);
#4591 = ORIENTED_EDGE('',*,*,#1730,.T.);
#4592 = ORIENTED_EDGE('',*,*,#4521,.F.);
#4593 = ADVANCED_FACE('',(#4594),#1855,.T.);
#4594 = FACE_BOUND('',#4595,.T.);
#4595 = EDGE_LOOP('',(#4596,#4597,#4598,#4599,#4620,#4621,#4622,#4623,
    #4644,#4645,#4646,#4647,#4670,#4693));
#4596 = ORIENTED_EDGE('',*,*,#4570,.F.);
#4597 = ORIENTED_EDGE('',*,*,#1840,.T.);
#4598 = ORIENTED_EDGE('',*,*,#1894,.F.);
#4599 = ORIENTED_EDGE('',*,*,#4600,.F.);
#4600 = EDGE_CURVE('',#2103,#1895,#4601,.T.);
#4601 = SURFACE_CURVE('',#4602,(#4606,#4613),.PCURVE_S1.);
#4602 = LINE('',#4603,#4604);
#4603 = CARTESIAN_POINT('',(51.,-5.1,9.5));
#4604 = VECTOR('',#4605,1.);
#4605 = DIRECTION('',(-0.,-0.,-1.));
#4606 = PCURVE('',#1855,#4607);
#4607 = DEFINITIONAL_REPRESENTATION('',(#4608),#4612);
#4608 = LINE('',#4609,#4610);
#4609 = CARTESIAN_POINT('',(19.5,0.2));
#4610 = VECTOR('',#4611,1.);
#4611 = DIRECTION('',(-1.,-0.));
#4612 = ( GEOMETRIC_REPRESENTATION_CONTEXT(2) 
PARAMETRIC_REPRESENTATION_CONTEXT() REPRESENTATION_CONTEXT('2D SPACE',''
  ) );
#4613 = PCURVE('',#1936,#4614);
#4614 = DEFINITIONAL_REPRESENTATION('',(#4615),#4619);
#4615 = LINE('',#4616,#4617);
#4616 = CARTESIAN_POINT('',(-1.570796326795,0.));
#4617 = VECTOR('',#4618,1.);
#4618 = DIRECTION('',(-0.,1.));
#4619 = ( GEOMETRIC_REPRESENTATION_CONTEXT(2) 
PARAMETRIC_REPRESENTATION_CONTEXT() REPRESENTATION_CONTEXT('2D SPACE',''
  ) );
#4620 = ORIENTED_EDGE('',*,*,#2130,.F.);
#4621 = ORIENTED_EDGE('',*,*,#2154,.T.);
#4622 = ORIENTED_EDGE('',*,*,#2202,.F.);
#4623 = ORIENTED_EDGE('',*,*,#4624,.F.);
#4624 = EDGE_CURVE('',#2411,#2203,#4625,.T.);
#4625 = SURFACE_CURVE('',#4626,(#4630,#4637),.PCURVE_S1.);
#4626 = LINE('',#4627,#4628);
#4627 = CARTESIAN_POINT('',(51.,-5.1,9.5));
#4628 = VECTOR('',#4629,1.);
#4629 = DIRECTION('',(-0.,-0.,-1.));
#4630 = PCURVE('',#1855,#4631);
#4631 = DEFINITIONAL_REPRESENTATION('',(#4632),#4636);
#4632 = LINE('',#4633,#4634);
#4633 = CARTESIAN_POINT('',(19.5,0.2));
#4634 = VECTOR('',#4635,1.);
#4635 = DIRECTION('',(-1.,-0.));
#4636 = ( GEOMETRIC_REPRESENTATION_CONTEXT(2) 
PARAMETRIC_REPRESENTATION_CONTEXT() REPRESENTATION_CONTEXT('2D SPACE',''
  ) );
#4637 = PCURVE('',#2244,#4638);
#4638 = DEFINITIONAL_REPRESENTATION('',(#4639),#4643);
#4639 = LINE('',#4640,#4641);
#4640 = CARTESIAN_POINT('',(-1.570796326795,0.));
#4641 = VECTOR('',#4642,1.);
#4642 = DIRECTION('',(-0.,1.));
#4643 = ( GEOMETRIC_REPRESENTATION_CONTEXT(2) 
PARAMETRIC_REPRESENTATION_CONTEXT() REPRESENTATION_CONTEXT('2D SPACE',''
  ) );
#4644 = ORIENTED_EDGE('',*,*,#2438,.F.);
#4645 = ORIENTED_EDGE('',*,*,#2462,.T.);
#4646 = ORIENTED_EDGE('',*,*,#2510,.F.);
#4647 = ORIENTED_EDGE('',*,*,#4648,.F.);
#4648 = EDGE_CURVE('',#4649,#2511,#4651,.T.);
#4649 = VERTEX_POINT('',#4650);
#4650 = CARTESIAN_POINT('',(51.,-5.1,9.5));
#4651 = SURFACE_CURVE('',#4652,(#4656,#4663),.PCURVE_S1.);
#4652 = LINE('',#4653,#4654);
#4653 = CARTESIAN_POINT('',(51.,-5.1,9.5));
#4654 = VECTOR('',#4655,1.);
#4655 = DIRECTION('',(-0.,-0.,-1.));
#4656 = PCURVE('',#1855,#4657);
#4657 = DEFINITIONAL_REPRESENTATION('',(#4658),#4662);
#4658 = LINE('',#4659,#4660);
#4659 = CARTESIAN_POINT('',(19.5,0.2));
#4660 = VECTOR('',#4661,1.);
#4661 = DIRECTION('',(-1.,-0.));
#4662 = ( GEOMETRIC_REPRESENTATION_CONTEXT(2) 
PARAMETRIC_REPRESENTATION_CONTEXT() REPRESENTATION_CONTEXT('2D SPACE',''
  ) );
#4663 = PCURVE('',#2552,#4664);
#4664 = DEFINITIONAL_REPRESENTATION('',(#4665),#4669);
#4665 = LINE('',#4666,#4667);
#4666 = CARTESIAN_POINT('',(-1.570796326795,0.));
#4667 = VECTOR('',#4668,1.);
#4668 = DIRECTION('',(-0.,1.));
#4669 = ( GEOMETRIC_REPRESENTATION_CONTEXT(2) 
PARAMETRIC_REPRESENTATION_CONTEXT() REPRESENTATION_CONTEXT('2D SPACE',''
  ) );
#4670 = ORIENTED_EDGE('',*,*,#4671,.T.);
#4671 = EDGE_CURVE('',#4649,#4672,#4674,.T.);
#4672 = VERTEX_POINT('',#4673);
#4673 = CARTESIAN_POINT('',(55.6,-5.1,9.5));
#4674 = SURFACE_CURVE('',#4675,(#4679,#4686),.PCURVE_S1.);
#4675 = LINE('',#4676,#4677);
#4676 = CARTESIAN_POINT('',(50.8,-5.1,9.5));
#4677 = VECTOR('',#4678,1.);
#4678 = DIRECTION('',(1.,0.,0.));
#4679 = PCURVE('',#1855,#4680);
#4680 = DEFINITIONAL_REPRESENTATION('',(#4681),#4685);
#4681 = LINE('',#4682,#4683);
#4682 = CARTESIAN_POINT('',(19.5,0.));
#4683 = VECTOR('',#4684,1.);
#4684 = DIRECTION('',(0.,1.));
#4685 = ( GEOMETRIC_REPRESENTATION_CONTEXT(2) 
PARAMETRIC_REPRESENTATION_CONTEXT() REPRESENTATION_CONTEXT('2D SPACE',''
  ) );
#4686 = PCURVE('',#2799,#4687);
#4687 = DEFINITIONAL_REPRESENTATION('',(#4688),#4692);
#4688 = LINE('',#4689,#4690);
#4689 = CARTESIAN_POINT('',(-0.,0.));
#4690 = VECTOR('',#4691,1.);
#4691 = DIRECTION('',(-0.,1.));
#4692 = ( GEOMETRIC_REPRESENTATION_CONTEXT(2) 
PARAMETRIC_REPRESENTATION_CONTEXT() REPRESENTATION_CONTEXT('2D SPACE',''
  ) );
#4693 = ORIENTED_EDGE('',*,*,#4694,.T.);
#4694 = EDGE_CURVE('',#4672,#4491,#4695,.T.);
#4695 = SURFACE_CURVE('',#4696,(#4700,#4707),.PCURVE_S1.);
#4696 = LINE('',#4697,#4698);
#4697 = CARTESIAN_POINT('',(55.6,-5.1,9.5));
#4698 = VECTOR('',#4699,1.);
#4699 = DIRECTION('',(-0.,-0.,-1.));
#4700 = PCURVE('',#1855,#4701);
#4701 = DEFINITIONAL_REPRESENTATION('',(#4702),#4706);
#4702 = LINE('',#4703,#4704);
#4703 = CARTESIAN_POINT('',(19.5,4.8));
#4704 = VECTOR('',#4705,1.);
#4705 = DIRECTION('',(-1.,-0.));
#4706 = ( GEOMETRIC_REPRESENTATION_CONTEXT(2) 
PARAMETRIC_REPRESENTATION_CONTEXT() REPRESENTATION_CONTEXT('2D SPACE',''
  ) );
#4707 = PCURVE('',#4509,#4708);
#4708 = DEFINITIONAL_REPRESENTATION('',(#4709),#4713);
#4709 = LINE('',#4710,#4711);
#4710 = CARTESIAN_POINT('',(-0.,0.));
#4711 = VECTOR('',#4712,1.);
#4712 = DIRECTION('',(-0.,1.));
#4713 = ( GEOMETRIC_REPRESENTATION_CONTEXT(2) 
PARAMETRIC_REPRESENTATION_CONTEXT() REPRESENTATION_CONTEXT('2D SPACE',''
  ) );
#4714 = ADVANCED_FACE('',(#4715),#1963,.T.);
#4715 = FACE_BOUND('',#4716,.T.);
#4716 = EDGE_LOOP('',(#4717,#4718,#4739,#4740));
#4717 = ORIENTED_EDGE('',*,*,#2081,.T.);
#4718 = ORIENTED_EDGE('',*,*,#4719,.T.);
#4719 = EDGE_CURVE('',#2082,#1916,#4720,.T.);
#4720 = SURFACE_CURVE('',#4721,(#4725,#4732),.PCURVE_S1.);
#4721 = LINE('',#4722,#4723);
#4722 = CARTESIAN_POINT('',(50.7,-4.8,9.5));
#4723 = VECTOR('',#4724,1.);
#4724 = DIRECTION('',(-0.,-0.,-1.));
#4725 = PCURVE('',#1963,#4726);
#4726 = DEFINITIONAL_REPRESENTATION('',(#4727),#4731);
#4727 = LINE('',#4728,#4729);
#4728 = CARTESIAN_POINT('',(19.5,2.4));
#4729 = VECTOR('',#4730,1.);
#4730 = DIRECTION('',(-1.,0.));
#4731 = ( GEOMETRIC_REPRESENTATION_CONTEXT(2) 
PARAMETRIC_REPRESENTATION_CONTEXT() REPRESENTATION_CONTEXT('2D SPACE',''
  ) );
#4732 = PCURVE('',#1936,#4733);
#4733 = DEFINITIONAL_REPRESENTATION('',(#4734),#4738);
#4734 = LINE('',#4735,#4736);
#4735 = CARTESIAN_POINT('',(-0.,0.));
#4736 = VECTOR('',#4737,1.);
#4737 = DIRECTION('',(-0.,1.));
#4738 = ( GEOMETRIC_REPRESENTATION_CONTEXT(2) 
PARAMETRIC_REPRESENTATION_CONTEXT() REPRESENTATION_CONTEXT('2D SPACE',''
  ) );
#4739 = ORIENTED_EDGE('',*,*,#1948,.T.);
#4740 = ORIENTED_EDGE('',*,*,#2032,.F.);
#4741 = ADVANCED_FACE('',(#4742),#1936,.F.);
#4742 = FACE_BOUND('',#4743,.T.);
#4743 = EDGE_LOOP('',(#4744,#4745,#4746,#4747));
#4744 = ORIENTED_EDGE('',*,*,#4719,.F.);
#4745 = ORIENTED_EDGE('',*,*,#2102,.F.);
#4746 = ORIENTED_EDGE('',*,*,#4600,.T.);
#4747 = ORIENTED_EDGE('',*,*,#1915,.T.);
#4748 = ADVANCED_FACE('',(#4749),#2271,.T.);
#4749 = FACE_BOUND('',#4750,.T.);
#4750 = EDGE_LOOP('',(#4751,#4752,#4773,#4774));
#4751 = ORIENTED_EDGE('',*,*,#2389,.T.);
#4752 = ORIENTED_EDGE('',*,*,#4753,.T.);
#4753 = EDGE_CURVE('',#2390,#2224,#4754,.T.);
#4754 = SURFACE_CURVE('',#4755,(#4759,#4766),.PCURVE_S1.);
#4755 = LINE('',#4756,#4757);
#4756 = CARTESIAN_POINT('',(50.7,-4.8,9.5));
#4757 = VECTOR('',#4758,1.);
#4758 = DIRECTION('',(-0.,-0.,-1.));
#4759 = PCURVE('',#2271,#4760);
#4760 = DEFINITIONAL_REPRESENTATION('',(#4761),#4765);
#4761 = LINE('',#4762,#4763);
#4762 = CARTESIAN_POINT('',(19.5,2.4));
#4763 = VECTOR('',#4764,1.);
#4764 = DIRECTION('',(-1.,0.));
#4765 = ( GEOMETRIC_REPRESENTATION_CONTEXT(2) 
PARAMETRIC_REPRESENTATION_CONTEXT() REPRESENTATION_CONTEXT('2D SPACE',''
  ) );
#4766 = PCURVE('',#2244,#4767);
#4767 = DEFINITIONAL_REPRESENTATION('',(#4768),#4772);
#4768 = LINE('',#4769,#4770);
#4769 = CARTESIAN_POINT('',(-0.,0.));
#4770 = VECTOR('',#4771,1.);
#4771 = DIRECTION('',(-0.,1.));
#4772 = ( GEOMETRIC_REPRESENTATION_CONTEXT(2) 
PARAMETRIC_REPRESENTATION_CONTEXT() REPRESENTATION_CONTEXT('2D SPACE',''
  ) );
#4773 = ORIENTED_EDGE('',*,*,#2256,.T.);
#4774 = ORIENTED_EDGE('',*,*,#2340,.F.);
#4775 = ADVANCED_FACE('',(#4776),#2244,.F.);
#4776 = FACE_BOUND('',#4777,.T.);
#4777 = EDGE_LOOP('',(#4778,#4779,#4780,#4781));
#4778 = ORIENTED_EDGE('',*,*,#4753,.F.);
#4779 = ORIENTED_EDGE('',*,*,#2410,.F.);
#4780 = ORIENTED_EDGE('',*,*,#4624,.T.);
#4781 = ORIENTED_EDGE('',*,*,#2223,.T.);
#4782 = ADVANCED_FACE('',(#4783),#2579,.T.);
#4783 = FACE_BOUND('',#4784,.T.);
#4784 = EDGE_LOOP('',(#4785,#4820,#4841,#4842,#4843));
#4785 = ORIENTED_EDGE('',*,*,#4786,.T.);
#4786 = EDGE_CURVE('',#2698,#4787,#4789,.T.);
#4787 = VERTEX_POINT('',#4788);
#4788 = CARTESIAN_POINT('',(50.7,-4.8,9.5));
#4789 = SURFACE_CURVE('',#4790,(#4798,#4809),.PCURVE_S1.);
#4790 = B_SPLINE_CURVE_WITH_KNOTS('',6,(#4791,#4792,#4793,#4794,#4795,
    #4796,#4797),.UNSPECIFIED.,.F.,.F.,(7,7),(0.,1.),
  .PIECEWISE_BEZIER_KNOTS.);
#4791 = CARTESIAN_POINT('',(50.700552457148,-4.8,9.606066017178));
#4792 = CARTESIAN_POINT('',(50.700183301088,-4.8,9.587842713203));
#4793 = CARTESIAN_POINT('',(50.700036135739,-4.8,9.569909199366));
#4794 = CARTESIAN_POINT('',(50.700000168699,-4.8,9.552239703473));
#4795 = CARTESIAN_POINT('',(50.699999954722,-4.8,9.53476028505));
#4796 = CARTESIAN_POINT('',(50.7,-4.8,9.517380768557));
#4797 = CARTESIAN_POINT('',(50.7,-4.8,9.500000007779));
#4798 = PCURVE('',#2579,#4799);
#4799 = DEFINITIONAL_REPRESENTATION('',(#4800),#4808);
#4800 = B_SPLINE_CURVE_WITH_KNOTS('',6,(#4801,#4802,#4803,#4804,#4805,
    #4806,#4807),.UNSPECIFIED.,.F.,.F.,(7,7),(0.,1.),
  .PIECEWISE_BEZIER_KNOTS.);
#4801 = CARTESIAN_POINT('',(19.606066017178,2.400552457148));
#4802 = CARTESIAN_POINT('',(19.587842713203,2.400183301088));
#4803 = CARTESIAN_POINT('',(19.569909199366,2.400036135739));
#4804 = CARTESIAN_POINT('',(19.552239703473,2.400000168699));
#4805 = CARTESIAN_POINT('',(19.53476028505,2.399999954722));
#4806 = CARTESIAN_POINT('',(19.517380768557,2.4));
#4807 = CARTESIAN_POINT('',(19.500000007779,2.4));
#4808 = ( GEOMETRIC_REPRESENTATION_CONTEXT(2) 
PARAMETRIC_REPRESENTATION_CONTEXT() REPRESENTATION_CONTEXT('2D SPACE',''
  ) );
#4809 = PCURVE('',#2756,#4810);
#4810 = DEFINITIONAL_REPRESENTATION('',(#4811),#4819);
#4811 = B_SPLINE_CURVE_WITH_KNOTS('',6,(#4812,#4813,#4814,#4815,#4816,
    #4817,#4818),.UNSPECIFIED.,.F.,.F.,(7,7),(0.,1.),
  .PIECEWISE_BEZIER_KNOTS.);
#4812 = CARTESIAN_POINT('',(1.230959417341,4.773086415332));
#4813 = CARTESIAN_POINT('',(1.284954392081,4.752800943625));
#4814 = CARTESIAN_POINT('',(1.340564642427,4.736585731758));
#4815 = CARTESIAN_POINT('',(1.397364388975,4.724471821003));
#4816 = CARTESIAN_POINT('',(1.45492862783,4.716416793083));
#4817 = CARTESIAN_POINT('',(1.512860431607,4.712388981887));
#4818 = CARTESIAN_POINT('',(1.570796300866,4.712388980385));
#4819 = ( GEOMETRIC_REPRESENTATION_CONTEXT(2) 
PARAMETRIC_REPRESENTATION_CONTEXT() REPRESENTATION_CONTEXT('2D SPACE',''
  ) );
#4820 = ORIENTED_EDGE('',*,*,#4821,.T.);
#4821 = EDGE_CURVE('',#4787,#2532,#4822,.T.);
#4822 = SURFACE_CURVE('',#4823,(#4827,#4834),.PCURVE_S1.);
#4823 = LINE('',#4824,#4825);
#4824 = CARTESIAN_POINT('',(50.7,-4.8,9.5));
#4825 = VECTOR('',#4826,1.);
#4826 = DIRECTION('',(-0.,-0.,-1.));
#4827 = PCURVE('',#2579,#4828);
#4828 = DEFINITIONAL_REPRESENTATION('',(#4829),#4833);
#4829 = LINE('',#4830,#4831);
#4830 = CARTESIAN_POINT('',(19.5,2.4));
#4831 = VECTOR('',#4832,1.);
#4832 = DIRECTION('',(-1.,0.));
#4833 = ( GEOMETRIC_REPRESENTATION_CONTEXT(2) 
PARAMETRIC_REPRESENTATION_CONTEXT() REPRESENTATION_CONTEXT('2D SPACE',''
  ) );
#4834 = PCURVE('',#2552,#4835);
#4835 = DEFINITIONAL_REPRESENTATION('',(#4836),#4840);
#4836 = LINE('',#4837,#4838);
#4837 = CARTESIAN_POINT('',(-0.,0.));
#4838 = VECTOR('',#4839,1.);
#4839 = DIRECTION('',(-0.,1.));
#4840 = ( GEOMETRIC_REPRESENTATION_CONTEXT(2) 
PARAMETRIC_REPRESENTATION_CONTEXT() REPRESENTATION_CONTEXT('2D SPACE',''
  ) );
#4841 = ORIENTED_EDGE('',*,*,#2564,.T.);
#4842 = ORIENTED_EDGE('',*,*,#2648,.F.);
#4843 = ORIENTED_EDGE('',*,*,#2697,.T.);
#4844 = ADVANCED_FACE('',(#4845),#2552,.F.);
#4845 = FACE_BOUND('',#4846,.T.);
#4846 = EDGE_LOOP('',(#4847,#4848,#4870,#4871));
#4847 = ORIENTED_EDGE('',*,*,#4821,.F.);
#4848 = ORIENTED_EDGE('',*,*,#4849,.T.);
#4849 = EDGE_CURVE('',#4787,#4649,#4850,.T.);
#4850 = SURFACE_CURVE('',#4851,(#4856,#4863),.PCURVE_S1.);
#4851 = CIRCLE('',#4852,0.3);
#4852 = AXIS2_PLACEMENT_3D('',#4853,#4854,#4855);
#4853 = CARTESIAN_POINT('',(51.,-4.8,9.5));
#4854 = DIRECTION('',(-0.,6.123233995737E-17,1.));
#4855 = DIRECTION('',(0.,-1.,6.123233995737E-17));
#4856 = PCURVE('',#2552,#4857);
#4857 = DEFINITIONAL_REPRESENTATION('',(#4858),#4862);
#4858 = LINE('',#4859,#4860);
#4859 = CARTESIAN_POINT('',(4.712388980385,-0.));
#4860 = VECTOR('',#4861,1.);
#4861 = DIRECTION('',(-1.,0.));
#4862 = ( GEOMETRIC_REPRESENTATION_CONTEXT(2) 
PARAMETRIC_REPRESENTATION_CONTEXT() REPRESENTATION_CONTEXT('2D SPACE',''
  ) );
#4863 = PCURVE('',#2756,#4864);
#4864 = DEFINITIONAL_REPRESENTATION('',(#4865),#4869);
#4865 = LINE('',#4866,#4867);
#4866 = CARTESIAN_POINT('',(1.570796326795,0.));
#4867 = VECTOR('',#4868,1.);
#4868 = DIRECTION('',(0.,1.));
#4869 = ( GEOMETRIC_REPRESENTATION_CONTEXT(2) 
PARAMETRIC_REPRESENTATION_CONTEXT() REPRESENTATION_CONTEXT('2D SPACE',''
  ) );
#4870 = ORIENTED_EDGE('',*,*,#4648,.T.);
#4871 = ORIENTED_EDGE('',*,*,#2531,.T.);
#4872 = ADVANCED_FACE('',(#4873),#2799,.F.);
#4873 = FACE_BOUND('',#4874,.T.);
#4874 = EDGE_LOOP('',(#4875,#4876,#4898,#4899,#4900));
#4875 = ORIENTED_EDGE('',*,*,#4671,.F.);
#4876 = ORIENTED_EDGE('',*,*,#4877,.F.);
#4877 = EDGE_CURVE('',#2719,#4649,#4878,.T.);
#4878 = SURFACE_CURVE('',#4879,(#4884,#4891),.PCURVE_S1.);
#4879 = CIRCLE('',#4880,0.6);
#4880 = AXIS2_PLACEMENT_3D('',#4881,#4882,#4883);
#4881 = CARTESIAN_POINT('',(51.,-4.5,9.5));
#4882 = DIRECTION('',(1.,0.,-0.));
#4883 = DIRECTION('',(0.,0.,1.));
#4884 = PCURVE('',#2799,#4885);
#4885 = DEFINITIONAL_REPRESENTATION('',(#4886),#4890);
#4886 = LINE('',#4887,#4888);
#4887 = CARTESIAN_POINT('',(-1.570796326795,0.2));
#4888 = VECTOR('',#4889,1.);
#4889 = DIRECTION('',(1.,-0.));
#4890 = ( GEOMETRIC_REPRESENTATION_CONTEXT(2) 
PARAMETRIC_REPRESENTATION_CONTEXT() REPRESENTATION_CONTEXT('2D SPACE',''
  ) );
#4891 = PCURVE('',#2756,#4892);
#4892 = DEFINITIONAL_REPRESENTATION('',(#4893),#4897);
#4893 = LINE('',#4894,#4895);
#4894 = CARTESIAN_POINT('',(0.,6.28318530718));
#4895 = VECTOR('',#4896,1.);
#4896 = DIRECTION('',(1.,0.));
#4897 = ( GEOMETRIC_REPRESENTATION_CONTEXT(2) 
PARAMETRIC_REPRESENTATION_CONTEXT() REPRESENTATION_CONTEXT('2D SPACE',''
  ) );
#4898 = ORIENTED_EDGE('',*,*,#2786,.T.);
#4899 = ORIENTED_EDGE('',*,*,#2815,.T.);
#4900 = ORIENTED_EDGE('',*,*,#4901,.T.);
#4901 = EDGE_CURVE('',#2816,#4672,#4902,.T.);
#4902 = SURFACE_CURVE('',#4903,(#4908,#4915),.PCURVE_S1.);
#4903 = CIRCLE('',#4904,0.6);
#4904 = AXIS2_PLACEMENT_3D('',#4905,#4906,#4907);
#4905 = CARTESIAN_POINT('',(55.6,-4.5,9.5));
#4906 = DIRECTION('',(1.,0.,-0.));
#4907 = DIRECTION('',(0.,0.,1.));
#4908 = PCURVE('',#2799,#4909);
#4909 = DEFINITIONAL_REPRESENTATION('',(#4910),#4914);
#4910 = LINE('',#4911,#4912);
#4911 = CARTESIAN_POINT('',(-1.570796326795,4.8));
#4912 = VECTOR('',#4913,1.);
#4913 = DIRECTION('',(1.,-0.));
#4914 = ( GEOMETRIC_REPRESENTATION_CONTEXT(2) 
PARAMETRIC_REPRESENTATION_CONTEXT() REPRESENTATION_CONTEXT('2D SPACE',''
  ) );
#4915 = PCURVE('',#2872,#4916);
#4916 = DEFINITIONAL_REPRESENTATION('',(#4917),#4921);
#4917 = LINE('',#4918,#4919);
#4918 = CARTESIAN_POINT('',(0.,0.));
#4919 = VECTOR('',#4920,1.);
#4920 = DIRECTION('',(1.,0.));
#4921 = ( GEOMETRIC_REPRESENTATION_CONTEXT(2) 
PARAMETRIC_REPRESENTATION_CONTEXT() REPRESENTATION_CONTEXT('2D SPACE',''
  ) );
#4922 = ADVANCED_FACE('',(#4923),#2756,.F.);
#4923 = FACE_BOUND('',#4924,.F.);
#4924 = EDGE_LOOP('',(#4925,#4926,#4927,#4928));
#4925 = ORIENTED_EDGE('',*,*,#4849,.T.);
#4926 = ORIENTED_EDGE('',*,*,#4877,.F.);
#4927 = ORIENTED_EDGE('',*,*,#2718,.F.);
#4928 = ORIENTED_EDGE('',*,*,#4786,.T.);
#4929 = ADVANCED_FACE('',(#4930),#2872,.F.);
#4930 = FACE_BOUND('',#4931,.F.);
#4931 = EDGE_LOOP('',(#4932,#4956,#4957,#4958,#4982));
#4932 = ORIENTED_EDGE('',*,*,#4933,.F.);
#4933 = EDGE_CURVE('',#2851,#4934,#4936,.T.);
#4934 = VERTEX_POINT('',#4935);
#4935 = CARTESIAN_POINT('',(55.9,-4.5,9.8));
#4936 = SURFACE_CURVE('',#4937,(#4942,#4949),.PCURVE_S1.);
#4937 = CIRCLE('',#4938,0.3);
#4938 = AXIS2_PLACEMENT_3D('',#4939,#4940,#4941);
#4939 = CARTESIAN_POINT('',(55.6,-4.5,9.8));
#4940 = DIRECTION('',(0.,1.,0.));
#4941 = DIRECTION('',(0.,0.,1.));
#4942 = PCURVE('',#2872,#4943);
#4943 = DEFINITIONAL_REPRESENTATION('',(#4944),#4948);
#4944 = LINE('',#4945,#4946);
#4945 = CARTESIAN_POINT('',(0.,0.));
#4946 = VECTOR('',#4947,1.);
#4947 = DIRECTION('',(0.,1.));
#4948 = ( GEOMETRIC_REPRESENTATION_CONTEXT(2) 
PARAMETRIC_REPRESENTATION_CONTEXT() REPRESENTATION_CONTEXT('2D SPACE',''
  ) );
#4949 = PCURVE('',#2977,#4950);
#4950 = DEFINITIONAL_REPRESENTATION('',(#4951),#4955);
#4951 = LINE('',#4952,#4953);
#4952 = CARTESIAN_POINT('',(-0.,9.));
#4953 = VECTOR('',#4954,1.);
#4954 = DIRECTION('',(-1.,0.));
#4955 = ( GEOMETRIC_REPRESENTATION_CONTEXT(2) 
PARAMETRIC_REPRESENTATION_CONTEXT() REPRESENTATION_CONTEXT('2D SPACE',''
  ) );
#4956 = ORIENTED_EDGE('',*,*,#2850,.F.);
#4957 = ORIENTED_EDGE('',*,*,#4901,.T.);
#4958 = ORIENTED_EDGE('',*,*,#4959,.T.);
#4959 = EDGE_CURVE('',#4672,#4960,#4962,.T.);
#4960 = VERTEX_POINT('',#4961);
#4961 = CARTESIAN_POINT('',(55.9,-4.8,9.5));
#4962 = SURFACE_CURVE('',#4963,(#4968,#4975),.PCURVE_S1.);
#4963 = CIRCLE('',#4964,0.3);
#4964 = AXIS2_PLACEMENT_3D('',#4965,#4966,#4967);
#4965 = CARTESIAN_POINT('',(55.6,-4.8,9.5));
#4966 = DIRECTION('',(-0.,6.123233995737E-17,1.));
#4967 = DIRECTION('',(0.,-1.,6.123233995737E-17));
#4968 = PCURVE('',#2872,#4969);
#4969 = DEFINITIONAL_REPRESENTATION('',(#4970),#4974);
#4970 = LINE('',#4971,#4972);
#4971 = CARTESIAN_POINT('',(1.570796326795,0.));
#4972 = VECTOR('',#4973,1.);
#4973 = DIRECTION('',(0.,1.));
#4974 = ( GEOMETRIC_REPRESENTATION_CONTEXT(2) 
PARAMETRIC_REPRESENTATION_CONTEXT() REPRESENTATION_CONTEXT('2D SPACE',''
  ) );
#4975 = PCURVE('',#4509,#4976);
#4976 = DEFINITIONAL_REPRESENTATION('',(#4977),#4981);
#4977 = LINE('',#4978,#4979);
#4978 = CARTESIAN_POINT('',(-0.,0.));
#4979 = VECTOR('',#4980,1.);
#4980 = DIRECTION('',(-1.,0.));
#4981 = ( GEOMETRIC_REPRESENTATION_CONTEXT(2) 
PARAMETRIC_REPRESENTATION_CONTEXT() REPRESENTATION_CONTEXT('2D SPACE',''
  ) );
#4982 = ORIENTED_EDGE('',*,*,#4983,.F.);
#4983 = EDGE_CURVE('',#4934,#4960,#4984,.T.);
#4984 = SURFACE_CURVE('',#4985,(#4990,#4997),.PCURVE_S1.);
#4985 = CIRCLE('',#4986,0.3);
#4986 = AXIS2_PLACEMENT_3D('',#4987,#4988,#4989);
#4987 = CARTESIAN_POINT('',(55.9,-4.5,9.5));
#4988 = DIRECTION('',(1.,0.,-0.));
#4989 = DIRECTION('',(0.,0.,1.));
#4990 = PCURVE('',#2872,#4991);
#4991 = DEFINITIONAL_REPRESENTATION('',(#4992),#4996);
#4992 = LINE('',#4993,#4994);
#4993 = CARTESIAN_POINT('',(0.,1.570796326795));
#4994 = VECTOR('',#4995,1.);
#4995 = DIRECTION('',(1.,0.));
#4996 = ( GEOMETRIC_REPRESENTATION_CONTEXT(2) 
PARAMETRIC_REPRESENTATION_CONTEXT() REPRESENTATION_CONTEXT('2D SPACE',''
  ) );
#4997 = PCURVE('',#4425,#4998);
#4998 = DEFINITIONAL_REPRESENTATION('',(#4999),#5003);
#4999 = CIRCLE('',#5000,0.3);
#5000 = AXIS2_PLACEMENT_2D('',#5001,#5002);
#5001 = CARTESIAN_POINT('',(19.5,-0.5));
#5002 = DIRECTION('',(1.,0.));
#5003 = ( GEOMETRIC_REPRESENTATION_CONTEXT(2) 
PARAMETRIC_REPRESENTATION_CONTEXT() REPRESENTATION_CONTEXT('2D SPACE',''
  ) );
#5004 = ADVANCED_FACE('',(#5005),#2977,.F.);
#5005 = FACE_BOUND('',#5006,.T.);
#5006 = EDGE_LOOP('',(#5007,#5008,#5032,#5053));
#5007 = ORIENTED_EDGE('',*,*,#2894,.F.);
#5008 = ORIENTED_EDGE('',*,*,#5009,.T.);
#5009 = EDGE_CURVE('',#2895,#5010,#5012,.T.);
#5010 = VERTEX_POINT('',#5011);
#5011 = CARTESIAN_POINT('',(55.9,4.5,9.8));
#5012 = SURFACE_CURVE('',#5013,(#5018,#5025),.PCURVE_S1.);
#5013 = CIRCLE('',#5014,0.3);
#5014 = AXIS2_PLACEMENT_3D('',#5015,#5016,#5017);
#5015 = CARTESIAN_POINT('',(55.6,4.5,9.8));
#5016 = DIRECTION('',(0.,1.,-6.123233995737E-17));
#5017 = DIRECTION('',(0.,6.123233995737E-17,1.));
#5018 = PCURVE('',#2977,#5019);
#5019 = DEFINITIONAL_REPRESENTATION('',(#5020),#5024);
#5020 = LINE('',#5021,#5022);
#5021 = CARTESIAN_POINT('',(-0.,0.));
#5022 = VECTOR('',#5023,1.);
#5023 = DIRECTION('',(-1.,0.));
#5024 = ( GEOMETRIC_REPRESENTATION_CONTEXT(2) 
PARAMETRIC_REPRESENTATION_CONTEXT() REPRESENTATION_CONTEXT('2D SPACE',''
  ) );
#5025 = PCURVE('',#3055,#5026);
#5026 = DEFINITIONAL_REPRESENTATION('',(#5027),#5031);
#5027 = LINE('',#5028,#5029);
#5028 = CARTESIAN_POINT('',(1.570796326795,0.));
#5029 = VECTOR('',#5030,1.);
#5030 = DIRECTION('',(0.,1.));
#5031 = ( GEOMETRIC_REPRESENTATION_CONTEXT(2) 
PARAMETRIC_REPRESENTATION_CONTEXT() REPRESENTATION_CONTEXT('2D SPACE',''
  ) );
#5032 = ORIENTED_EDGE('',*,*,#5033,.T.);
#5033 = EDGE_CURVE('',#5010,#4934,#5034,.T.);
#5034 = SURFACE_CURVE('',#5035,(#5039,#5046),.PCURVE_S1.);
#5035 = LINE('',#5036,#5037);
#5036 = CARTESIAN_POINT('',(55.9,4.5,9.8));
#5037 = VECTOR('',#5038,1.);
#5038 = DIRECTION('',(-0.,-1.,-0.));
#5039 = PCURVE('',#2977,#5040);
#5040 = DEFINITIONAL_REPRESENTATION('',(#5041),#5045);
#5041 = LINE('',#5042,#5043);
#5042 = CARTESIAN_POINT('',(-1.570796326795,0.));
#5043 = VECTOR('',#5044,1.);
#5044 = DIRECTION('',(-0.,1.));
#5045 = ( GEOMETRIC_REPRESENTATION_CONTEXT(2) 
PARAMETRIC_REPRESENTATION_CONTEXT() REPRESENTATION_CONTEXT('2D SPACE',''
  ) );
#5046 = PCURVE('',#4425,#5047);
#5047 = DEFINITIONAL_REPRESENTATION('',(#5048),#5052);
#5048 = LINE('',#5049,#5050);
#5049 = CARTESIAN_POINT('',(19.8,-9.5));
#5050 = VECTOR('',#5051,1.);
#5051 = DIRECTION('',(-0.,1.));
#5052 = ( GEOMETRIC_REPRESENTATION_CONTEXT(2) 
PARAMETRIC_REPRESENTATION_CONTEXT() REPRESENTATION_CONTEXT('2D SPACE',''
  ) );
#5053 = ORIENTED_EDGE('',*,*,#4933,.F.);
#5054 = ADVANCED_FACE('',(#5055),#3055,.F.);
#5055 = FACE_BOUND('',#5056,.F.);
#5056 = EDGE_LOOP('',(#5057,#5083,#5105,#5106,#5107));
#5057 = ORIENTED_EDGE('',*,*,#5058,.F.);
#5058 = EDGE_CURVE('',#5059,#5061,#5063,.T.);
#5059 = VERTEX_POINT('',#5060);
#5060 = CARTESIAN_POINT('',(55.6,5.1,9.5));
#5061 = VERTEX_POINT('',#5062);
#5062 = CARTESIAN_POINT('',(55.9,4.8,9.5));
#5063 = SURFACE_CURVE('',#5064,(#5069,#5076),.PCURVE_S1.);
#5064 = CIRCLE('',#5065,0.3);
#5065 = AXIS2_PLACEMENT_3D('',#5066,#5067,#5068);
#5066 = CARTESIAN_POINT('',(55.6,4.8,9.5));
#5067 = DIRECTION('',(0.,0.,-1.));
#5068 = DIRECTION('',(0.,1.,0.));
#5069 = PCURVE('',#3055,#5070);
#5070 = DEFINITIONAL_REPRESENTATION('',(#5071),#5075);
#5071 = LINE('',#5072,#5073);
#5072 = CARTESIAN_POINT('',(0.,0.));
#5073 = VECTOR('',#5074,1.);
#5074 = DIRECTION('',(0.,1.));
#5075 = ( GEOMETRIC_REPRESENTATION_CONTEXT(2) 
PARAMETRIC_REPRESENTATION_CONTEXT() REPRESENTATION_CONTEXT('2D SPACE',''
  ) );
#5076 = PCURVE('',#4398,#5077);
#5077 = DEFINITIONAL_REPRESENTATION('',(#5078),#5082);
#5078 = LINE('',#5079,#5080);
#5079 = CARTESIAN_POINT('',(-0.,19.));
#5080 = VECTOR('',#5081,1.);
#5081 = DIRECTION('',(-1.,0.));
#5082 = ( GEOMETRIC_REPRESENTATION_CONTEXT(2) 
PARAMETRIC_REPRESENTATION_CONTEXT() REPRESENTATION_CONTEXT('2D SPACE',''
  ) );
#5083 = ORIENTED_EDGE('',*,*,#5084,.T.);
#5084 = EDGE_CURVE('',#5059,#3034,#5085,.T.);
#5085 = SURFACE_CURVE('',#5086,(#5091,#5098),.PCURVE_S1.);
#5086 = CIRCLE('',#5087,0.6);
#5087 = AXIS2_PLACEMENT_3D('',#5088,#5089,#5090);
#5088 = CARTESIAN_POINT('',(55.6,4.5,9.5));
#5089 = DIRECTION('',(1.,0.,0.));
#5090 = DIRECTION('',(0.,1.,0.));
#5091 = PCURVE('',#3055,#5092);
#5092 = DEFINITIONAL_REPRESENTATION('',(#5093),#5097);
#5093 = LINE('',#5094,#5095);
#5094 = CARTESIAN_POINT('',(0.,0.));
#5095 = VECTOR('',#5096,1.);
#5096 = DIRECTION('',(1.,0.));
#5097 = ( GEOMETRIC_REPRESENTATION_CONTEXT(2) 
PARAMETRIC_REPRESENTATION_CONTEXT() REPRESENTATION_CONTEXT('2D SPACE',''
  ) );
#5098 = PCURVE('',#3101,#5099);
#5099 = DEFINITIONAL_REPRESENTATION('',(#5100),#5104);
#5100 = LINE('',#5101,#5102);
#5101 = CARTESIAN_POINT('',(0.,4.8));
#5102 = VECTOR('',#5103,1.);
#5103 = DIRECTION('',(1.,0.));
#5104 = ( GEOMETRIC_REPRESENTATION_CONTEXT(2) 
PARAMETRIC_REPRESENTATION_CONTEXT() REPRESENTATION_CONTEXT('2D SPACE',''
  ) );
#5105 = ORIENTED_EDGE('',*,*,#3033,.T.);
#5106 = ORIENTED_EDGE('',*,*,#5009,.T.);
#5107 = ORIENTED_EDGE('',*,*,#5108,.F.);
#5108 = EDGE_CURVE('',#5061,#5010,#5109,.T.);
#5109 = SURFACE_CURVE('',#5110,(#5115,#5122),.PCURVE_S1.);
#5110 = CIRCLE('',#5111,0.3);
#5111 = AXIS2_PLACEMENT_3D('',#5112,#5113,#5114);
#5112 = CARTESIAN_POINT('',(55.9,4.5,9.5));
#5113 = DIRECTION('',(1.,0.,0.));
#5114 = DIRECTION('',(0.,1.,0.));
#5115 = PCURVE('',#3055,#5116);
#5116 = DEFINITIONAL_REPRESENTATION('',(#5117),#5121);
#5117 = LINE('',#5118,#5119);
#5118 = CARTESIAN_POINT('',(0.,1.570796326795));
#5119 = VECTOR('',#5120,1.);
#5120 = DIRECTION('',(1.,0.));
#5121 = ( GEOMETRIC_REPRESENTATION_CONTEXT(2) 
PARAMETRIC_REPRESENTATION_CONTEXT() REPRESENTATION_CONTEXT('2D SPACE',''
  ) );
#5122 = PCURVE('',#4425,#5123);
#5123 = DEFINITIONAL_REPRESENTATION('',(#5124),#5128);
#5124 = CIRCLE('',#5125,0.3);
#5125 = AXIS2_PLACEMENT_2D('',#5126,#5127);
#5126 = CARTESIAN_POINT('',(19.5,-9.5));
#5127 = DIRECTION('',(0.,-1.));
#5128 = ( GEOMETRIC_REPRESENTATION_CONTEXT(2) 
PARAMETRIC_REPRESENTATION_CONTEXT() REPRESENTATION_CONTEXT('2D SPACE',''
  ) );
#5129 = ADVANCED_FACE('',(#5130),#3101,.F.);
#5130 = FACE_BOUND('',#5131,.F.);
#5131 = EDGE_LOOP('',(#5132,#5153,#5154,#5155));
#5132 = ORIENTED_EDGE('',*,*,#5133,.F.);
#5133 = EDGE_CURVE('',#3118,#5059,#5134,.T.);
#5134 = SURFACE_CURVE('',#5135,(#5139,#5146),.PCURVE_S1.);
#5135 = LINE('',#5136,#5137);
#5136 = CARTESIAN_POINT('',(50.8,5.1,9.5));
#5137 = VECTOR('',#5138,1.);
#5138 = DIRECTION('',(1.,0.,0.));
#5139 = PCURVE('',#3101,#5140);
#5140 = DEFINITIONAL_REPRESENTATION('',(#5141),#5145);
#5141 = LINE('',#5142,#5143);
#5142 = CARTESIAN_POINT('',(0.,0.));
#5143 = VECTOR('',#5144,1.);
#5144 = DIRECTION('',(0.,1.));
#5145 = ( GEOMETRIC_REPRESENTATION_CONTEXT(2) 
PARAMETRIC_REPRESENTATION_CONTEXT() REPRESENTATION_CONTEXT('2D SPACE',''
  ) );
#5146 = PCURVE('',#3202,#5147);
#5147 = DEFINITIONAL_REPRESENTATION('',(#5148),#5152);
#5148 = LINE('',#5149,#5150);
#5149 = CARTESIAN_POINT('',(19.5,0.));
#5150 = VECTOR('',#5151,1.);
#5151 = DIRECTION('',(0.,1.));
#5152 = ( GEOMETRIC_REPRESENTATION_CONTEXT(2) 
PARAMETRIC_REPRESENTATION_CONTEXT() REPRESENTATION_CONTEXT('2D SPACE',''
  ) );
#5153 = ORIENTED_EDGE('',*,*,#3117,.T.);
#5154 = ORIENTED_EDGE('',*,*,#3077,.T.);
#5155 = ORIENTED_EDGE('',*,*,#5084,.F.);
#5156 = ADVANCED_FACE('',(#5157),#3202,.F.);
#5157 = FACE_BOUND('',#5158,.F.);
#5158 = EDGE_LOOP('',(#5159,#5160,#5181,#5182,#5183,#5184,#5205,#5206,
    #5207,#5208,#5229,#5230,#5231,#5232));
#5159 = ORIENTED_EDGE('',*,*,#4281,.F.);
#5160 = ORIENTED_EDGE('',*,*,#5161,.T.);
#5161 = EDGE_CURVE('',#4282,#4010,#5162,.T.);
#5162 = SURFACE_CURVE('',#5163,(#5167,#5174),.PCURVE_S1.);
#5163 = LINE('',#5164,#5165);
#5164 = CARTESIAN_POINT('',(51.,5.1,-9.5));
#5165 = VECTOR('',#5166,1.);
#5166 = DIRECTION('',(0.,0.,1.));
#5167 = PCURVE('',#3202,#5168);
#5168 = DEFINITIONAL_REPRESENTATION('',(#5169),#5173);
#5169 = LINE('',#5170,#5171);
#5170 = CARTESIAN_POINT('',(0.5,0.2));
#5171 = VECTOR('',#5172,1.);
#5172 = DIRECTION('',(1.,0.));
#5173 = ( GEOMETRIC_REPRESENTATION_CONTEXT(2) 
PARAMETRIC_REPRESENTATION_CONTEXT() REPRESENTATION_CONTEXT('2D SPACE',''
  ) );
#5174 = PCURVE('',#4047,#5175);
#5175 = DEFINITIONAL_REPRESENTATION('',(#5176),#5180);
#5176 = LINE('',#5177,#5178);
#5177 = CARTESIAN_POINT('',(-1.570796326795,0.));
#5178 = VECTOR('',#5179,1.);
#5179 = DIRECTION('',(-0.,1.));
#5180 = ( GEOMETRIC_REPRESENTATION_CONTEXT(2) 
PARAMETRIC_REPRESENTATION_CONTEXT() REPRESENTATION_CONTEXT('2D SPACE',''
  ) );
#5181 = ORIENTED_EDGE('',*,*,#4009,.F.);
#5182 = ORIENTED_EDGE('',*,*,#3960,.T.);
#5183 = ORIENTED_EDGE('',*,*,#3893,.F.);
#5184 = ORIENTED_EDGE('',*,*,#5185,.T.);
#5185 = EDGE_CURVE('',#3868,#3710,#5186,.T.);
#5186 = SURFACE_CURVE('',#5187,(#5191,#5198),.PCURVE_S1.);
#5187 = LINE('',#5188,#5189);
#5188 = CARTESIAN_POINT('',(51.,5.1,-9.5));
#5189 = VECTOR('',#5190,1.);
#5190 = DIRECTION('',(0.,0.,1.));
#5191 = PCURVE('',#3202,#5192);
#5192 = DEFINITIONAL_REPRESENTATION('',(#5193),#5197);
#5193 = LINE('',#5194,#5195);
#5194 = CARTESIAN_POINT('',(0.5,0.2));
#5195 = VECTOR('',#5196,1.);
#5196 = DIRECTION('',(1.,0.));
#5197 = ( GEOMETRIC_REPRESENTATION_CONTEXT(2) 
PARAMETRIC_REPRESENTATION_CONTEXT() REPRESENTATION_CONTEXT('2D SPACE',''
  ) );
#5198 = PCURVE('',#3747,#5199);
#5199 = DEFINITIONAL_REPRESENTATION('',(#5200),#5204);
#5200 = LINE('',#5201,#5202);
#5201 = CARTESIAN_POINT('',(-1.570796326795,0.));
#5202 = VECTOR('',#5203,1.);
#5203 = DIRECTION('',(-0.,1.));
#5204 = ( GEOMETRIC_REPRESENTATION_CONTEXT(2) 
PARAMETRIC_REPRESENTATION_CONTEXT() REPRESENTATION_CONTEXT('2D SPACE',''
  ) );
#5205 = ORIENTED_EDGE('',*,*,#3709,.F.);
#5206 = ORIENTED_EDGE('',*,*,#3660,.T.);
#5207 = ORIENTED_EDGE('',*,*,#3593,.F.);
#5208 = ORIENTED_EDGE('',*,*,#5209,.T.);
#5209 = EDGE_CURVE('',#3568,#3410,#5210,.T.);
#5210 = SURFACE_CURVE('',#5211,(#5215,#5222),.PCURVE_S1.);
#5211 = LINE('',#5212,#5213);
#5212 = CARTESIAN_POINT('',(51.,5.1,-9.5));
#5213 = VECTOR('',#5214,1.);
#5214 = DIRECTION('',(0.,0.,1.));
#5215 = PCURVE('',#3202,#5216);
#5216 = DEFINITIONAL_REPRESENTATION('',(#5217),#5221);
#5217 = LINE('',#5218,#5219);
#5218 = CARTESIAN_POINT('',(0.5,0.2));
#5219 = VECTOR('',#5220,1.);
#5220 = DIRECTION('',(1.,0.));
#5221 = ( GEOMETRIC_REPRESENTATION_CONTEXT(2) 
PARAMETRIC_REPRESENTATION_CONTEXT() REPRESENTATION_CONTEXT('2D SPACE',''
  ) );
#5222 = PCURVE('',#3447,#5223);
#5223 = DEFINITIONAL_REPRESENTATION('',(#5224),#5228);
#5224 = LINE('',#5225,#5226);
#5225 = CARTESIAN_POINT('',(-1.570796326795,0.));
#5226 = VECTOR('',#5227,1.);
#5227 = DIRECTION('',(-0.,1.));
#5228 = ( GEOMETRIC_REPRESENTATION_CONTEXT(2) 
PARAMETRIC_REPRESENTATION_CONTEXT() REPRESENTATION_CONTEXT('2D SPACE',''
  ) );
#5229 = ORIENTED_EDGE('',*,*,#3409,.F.);
#5230 = ORIENTED_EDGE('',*,*,#3187,.T.);
#5231 = ORIENTED_EDGE('',*,*,#5133,.T.);
#5232 = ORIENTED_EDGE('',*,*,#5233,.F.);
#5233 = EDGE_CURVE('',#4284,#5059,#5234,.T.);
#5234 = SURFACE_CURVE('',#5235,(#5239,#5246),.PCURVE_S1.);
#5235 = LINE('',#5236,#5237);
#5236 = CARTESIAN_POINT('',(55.6,5.1,-9.5));
#5237 = VECTOR('',#5238,1.);
#5238 = DIRECTION('',(0.,0.,1.));
#5239 = PCURVE('',#3202,#5240);
#5240 = DEFINITIONAL_REPRESENTATION('',(#5241),#5245);
#5241 = LINE('',#5242,#5243);
#5242 = CARTESIAN_POINT('',(0.5,4.8));
#5243 = VECTOR('',#5244,1.);
#5244 = DIRECTION('',(1.,0.));
#5245 = ( GEOMETRIC_REPRESENTATION_CONTEXT(2) 
PARAMETRIC_REPRESENTATION_CONTEXT() REPRESENTATION_CONTEXT('2D SPACE',''
  ) );
#5246 = PCURVE('',#4398,#5247);
#5247 = DEFINITIONAL_REPRESENTATION('',(#5248),#5252);
#5248 = LINE('',#5249,#5250);
#5249 = CARTESIAN_POINT('',(-0.,0.));
#5250 = VECTOR('',#5251,1.);
#5251 = DIRECTION('',(-0.,1.));
#5252 = ( GEOMETRIC_REPRESENTATION_CONTEXT(2) 
PARAMETRIC_REPRESENTATION_CONTEXT() REPRESENTATION_CONTEXT('2D SPACE',''
  ) );
#5253 = ADVANCED_FACE('',(#5254),#3474,.F.);
#5254 = FACE_BOUND('',#5255,.F.);
#5255 = EDGE_LOOP('',(#5256,#5277,#5278,#5279));
#5256 = ORIENTED_EDGE('',*,*,#5257,.F.);
#5257 = EDGE_CURVE('',#3570,#3431,#5258,.T.);
#5258 = SURFACE_CURVE('',#5259,(#5263,#5270),.PCURVE_S1.);
#5259 = LINE('',#5260,#5261);
#5260 = CARTESIAN_POINT('',(50.7,4.8,-9.5));
#5261 = VECTOR('',#5262,1.);
#5262 = DIRECTION('',(0.,0.,1.));
#5263 = PCURVE('',#3474,#5264);
#5264 = DEFINITIONAL_REPRESENTATION('',(#5265),#5269);
#5265 = LINE('',#5266,#5267);
#5266 = CARTESIAN_POINT('',(0.5,2.4));
#5267 = VECTOR('',#5268,1.);
#5268 = DIRECTION('',(1.,0.));
#5269 = ( GEOMETRIC_REPRESENTATION_CONTEXT(2) 
PARAMETRIC_REPRESENTATION_CONTEXT() REPRESENTATION_CONTEXT('2D SPACE',''
  ) );
#5270 = PCURVE('',#3447,#5271);
#5271 = DEFINITIONAL_REPRESENTATION('',(#5272),#5276);
#5272 = LINE('',#5273,#5274);
#5273 = CARTESIAN_POINT('',(-0.,0.));
#5274 = VECTOR('',#5275,1.);
#5275 = DIRECTION('',(-0.,1.));
#5276 = ( GEOMETRIC_REPRESENTATION_CONTEXT(2) 
PARAMETRIC_REPRESENTATION_CONTEXT() REPRESENTATION_CONTEXT('2D SPACE',''
  ) );
#5277 = ORIENTED_EDGE('',*,*,#3638,.T.);
#5278 = ORIENTED_EDGE('',*,*,#3545,.F.);
#5279 = ORIENTED_EDGE('',*,*,#3459,.T.);
#5280 = ADVANCED_FACE('',(#5281),#3447,.F.);
#5281 = FACE_BOUND('',#5282,.T.);
#5282 = EDGE_LOOP('',(#5283,#5284,#5285,#5286));
#5283 = ORIENTED_EDGE('',*,*,#5257,.F.);
#5284 = ORIENTED_EDGE('',*,*,#3567,.F.);
#5285 = ORIENTED_EDGE('',*,*,#5209,.T.);
#5286 = ORIENTED_EDGE('',*,*,#3430,.T.);
#5287 = ADVANCED_FACE('',(#5288),#3774,.F.);
#5288 = FACE_BOUND('',#5289,.F.);
#5289 = EDGE_LOOP('',(#5290,#5311,#5312,#5313));
#5290 = ORIENTED_EDGE('',*,*,#5291,.F.);
#5291 = EDGE_CURVE('',#3870,#3731,#5292,.T.);
#5292 = SURFACE_CURVE('',#5293,(#5297,#5304),.PCURVE_S1.);
#5293 = LINE('',#5294,#5295);
#5294 = CARTESIAN_POINT('',(50.7,4.8,-9.5));
#5295 = VECTOR('',#5296,1.);
#5296 = DIRECTION('',(0.,0.,1.));
#5297 = PCURVE('',#3774,#5298);
#5298 = DEFINITIONAL_REPRESENTATION('',(#5299),#5303);
#5299 = LINE('',#5300,#5301);
#5300 = CARTESIAN_POINT('',(0.5,2.4));
#5301 = VECTOR('',#5302,1.);
#5302 = DIRECTION('',(1.,0.));
#5303 = ( GEOMETRIC_REPRESENTATION_CONTEXT(2) 
PARAMETRIC_REPRESENTATION_CONTEXT() REPRESENTATION_CONTEXT('2D SPACE',''
  ) );
#5304 = PCURVE('',#3747,#5305);
#5305 = DEFINITIONAL_REPRESENTATION('',(#5306),#5310);
#5306 = LINE('',#5307,#5308);
#5307 = CARTESIAN_POINT('',(-0.,0.));
#5308 = VECTOR('',#5309,1.);
#5309 = DIRECTION('',(-0.,1.));
#5310 = ( GEOMETRIC_REPRESENTATION_CONTEXT(2) 
PARAMETRIC_REPRESENTATION_CONTEXT() REPRESENTATION_CONTEXT('2D SPACE',''
  ) );
#5311 = ORIENTED_EDGE('',*,*,#3938,.T.);
#5312 = ORIENTED_EDGE('',*,*,#3845,.F.);
#5313 = ORIENTED_EDGE('',*,*,#3759,.T.);
#5314 = ADVANCED_FACE('',(#5315),#3747,.F.);
#5315 = FACE_BOUND('',#5316,.T.);
#5316 = EDGE_LOOP('',(#5317,#5318,#5319,#5320));
#5317 = ORIENTED_EDGE('',*,*,#5291,.F.);
#5318 = ORIENTED_EDGE('',*,*,#3867,.F.);
#5319 = ORIENTED_EDGE('',*,*,#5185,.T.);
#5320 = ORIENTED_EDGE('',*,*,#3730,.T.);
#5321 = ADVANCED_FACE('',(#5322),#4074,.F.);
#5322 = FACE_BOUND('',#5323,.F.);
#5323 = EDGE_LOOP('',(#5324,#5347,#5380,#5381,#5382));
#5324 = ORIENTED_EDGE('',*,*,#5325,.F.);
#5325 = EDGE_CURVE('',#5326,#4031,#5328,.T.);
#5326 = VERTEX_POINT('',#5327);
#5327 = CARTESIAN_POINT('',(50.7,4.8,-9.5));
#5328 = SURFACE_CURVE('',#5329,(#5333,#5340),.PCURVE_S1.);
#5329 = LINE('',#5330,#5331);
#5330 = CARTESIAN_POINT('',(50.7,4.8,-9.5));
#5331 = VECTOR('',#5332,1.);
#5332 = DIRECTION('',(0.,0.,1.));
#5333 = PCURVE('',#4074,#5334);
#5334 = DEFINITIONAL_REPRESENTATION('',(#5335),#5339);
#5335 = LINE('',#5336,#5337);
#5336 = CARTESIAN_POINT('',(0.5,2.4));
#5337 = VECTOR('',#5338,1.);
#5338 = DIRECTION('',(1.,0.));
#5339 = ( GEOMETRIC_REPRESENTATION_CONTEXT(2) 
PARAMETRIC_REPRESENTATION_CONTEXT() REPRESENTATION_CONTEXT('2D SPACE',''
  ) );
#5340 = PCURVE('',#4047,#5341);
#5341 = DEFINITIONAL_REPRESENTATION('',(#5342),#5346);
#5342 = LINE('',#5343,#5344);
#5343 = CARTESIAN_POINT('',(-0.,0.));
#5344 = VECTOR('',#5345,1.);
#5345 = DIRECTION('',(-0.,1.));
#5346 = ( GEOMETRIC_REPRESENTATION_CONTEXT(2) 
PARAMETRIC_REPRESENTATION_CONTEXT() REPRESENTATION_CONTEXT('2D SPACE',''
  ) );
#5347 = ORIENTED_EDGE('',*,*,#5348,.F.);
#5348 = EDGE_CURVE('',#4168,#5326,#5349,.T.);
#5349 = SURFACE_CURVE('',#5350,(#5358,#5369),.PCURVE_S1.);
#5350 = B_SPLINE_CURVE_WITH_KNOTS('',6,(#5351,#5352,#5353,#5354,#5355,
    #5356,#5357),.UNSPECIFIED.,.F.,.F.,(7,7),(0.,1.),
  .PIECEWISE_BEZIER_KNOTS.);
#5351 = CARTESIAN_POINT('',(50.700552457148,4.8,-9.606066017178));
#5352 = CARTESIAN_POINT('',(50.700183301088,4.8,-9.587842713203));
#5353 = CARTESIAN_POINT('',(50.700036135739,4.8,-9.569909199366));
#5354 = CARTESIAN_POINT('',(50.700000168699,4.8,-9.552239703473));
#5355 = CARTESIAN_POINT('',(50.699999954722,4.8,-9.53476028505));
#5356 = CARTESIAN_POINT('',(50.7,4.8,-9.517380768557));
#5357 = CARTESIAN_POINT('',(50.7,4.8,-9.500000007779));
#5358 = PCURVE('',#4074,#5359);
#5359 = DEFINITIONAL_REPRESENTATION('',(#5360),#5368);
#5360 = B_SPLINE_CURVE_WITH_KNOTS('',6,(#5361,#5362,#5363,#5364,#5365,
    #5366,#5367),.UNSPECIFIED.,.F.,.F.,(7,7),(0.,1.),
  .PIECEWISE_BEZIER_KNOTS.);
#5361 = CARTESIAN_POINT('',(0.393933982822,2.400552457148));
#5362 = CARTESIAN_POINT('',(0.412157286797,2.400183301088));
#5363 = CARTESIAN_POINT('',(0.430090800634,2.400036135739));
#5364 = CARTESIAN_POINT('',(0.447760296527,2.400000168699));
#5365 = CARTESIAN_POINT('',(0.46523971495,2.399999954722));
#5366 = CARTESIAN_POINT('',(0.482619231443,2.4));
#5367 = CARTESIAN_POINT('',(0.499999992221,2.4));
#5368 = ( GEOMETRIC_REPRESENTATION_CONTEXT(2) 
PARAMETRIC_REPRESENTATION_CONTEXT() REPRESENTATION_CONTEXT('2D SPACE',''
  ) );
#5369 = PCURVE('',#4207,#5370);
#5370 = DEFINITIONAL_REPRESENTATION('',(#5371),#5379);
#5371 = B_SPLINE_CURVE_WITH_KNOTS('',6,(#5372,#5373,#5374,#5375,#5376,
    #5377,#5378),.UNSPECIFIED.,.F.,.F.,(7,7),(0.,1.),
  .PIECEWISE_BEZIER_KNOTS.);
#5372 = CARTESIAN_POINT('',(1.230959417341,4.773086415332));
#5373 = CARTESIAN_POINT('',(1.284954392081,4.752800943625));
#5374 = CARTESIAN_POINT('',(1.340564642427,4.736585731758));
#5375 = CARTESIAN_POINT('',(1.397364388975,4.724471821003));
#5376 = CARTESIAN_POINT('',(1.45492862783,4.716416793083));
#5377 = CARTESIAN_POINT('',(1.512860431607,4.712388981887));
#5378 = CARTESIAN_POINT('',(1.570796300866,4.712388980385));
#5379 = ( GEOMETRIC_REPRESENTATION_CONTEXT(2) 
PARAMETRIC_REPRESENTATION_CONTEXT() REPRESENTATION_CONTEXT('2D SPACE',''
  ) );
#5380 = ORIENTED_EDGE('',*,*,#4259,.T.);
#5381 = ORIENTED_EDGE('',*,*,#4145,.F.);
#5382 = ORIENTED_EDGE('',*,*,#4059,.T.);
#5383 = ADVANCED_FACE('',(#5384),#4047,.F.);
#5384 = FACE_BOUND('',#5385,.T.);
#5385 = EDGE_LOOP('',(#5386,#5387,#5409,#5410));
#5386 = ORIENTED_EDGE('',*,*,#5325,.F.);
#5387 = ORIENTED_EDGE('',*,*,#5388,.T.);
#5388 = EDGE_CURVE('',#5326,#4282,#5389,.T.);
#5389 = SURFACE_CURVE('',#5390,(#5395,#5402),.PCURVE_S1.);
#5390 = CIRCLE('',#5391,0.3);
#5391 = AXIS2_PLACEMENT_3D('',#5392,#5393,#5394);
#5392 = CARTESIAN_POINT('',(51.,4.8,-9.5));
#5393 = DIRECTION('',(0.,-6.123233995737E-17,-1.));
#5394 = DIRECTION('',(0.,1.,-6.123233995737E-17));
#5395 = PCURVE('',#4047,#5396);
#5396 = DEFINITIONAL_REPRESENTATION('',(#5397),#5401);
#5397 = LINE('',#5398,#5399);
#5398 = CARTESIAN_POINT('',(4.712388980385,-0.));
#5399 = VECTOR('',#5400,1.);
#5400 = DIRECTION('',(-1.,0.));
#5401 = ( GEOMETRIC_REPRESENTATION_CONTEXT(2) 
PARAMETRIC_REPRESENTATION_CONTEXT() REPRESENTATION_CONTEXT('2D SPACE',''
  ) );
#5402 = PCURVE('',#4207,#5403);
#5403 = DEFINITIONAL_REPRESENTATION('',(#5404),#5408);
#5404 = LINE('',#5405,#5406);
#5405 = CARTESIAN_POINT('',(1.570796326795,0.));
#5406 = VECTOR('',#5407,1.);
#5407 = DIRECTION('',(0.,1.));
#5408 = ( GEOMETRIC_REPRESENTATION_CONTEXT(2) 
PARAMETRIC_REPRESENTATION_CONTEXT() REPRESENTATION_CONTEXT('2D SPACE',''
  ) );
#5409 = ORIENTED_EDGE('',*,*,#5161,.T.);
#5410 = ORIENTED_EDGE('',*,*,#4030,.T.);
#5411 = ADVANCED_FACE('',(#5412),#4207,.F.);
#5412 = FACE_BOUND('',#5413,.F.);
#5413 = EDGE_LOOP('',(#5414,#5415,#5416,#5417));
#5414 = ORIENTED_EDGE('',*,*,#5388,.T.);
#5415 = ORIENTED_EDGE('',*,*,#4306,.F.);
#5416 = ORIENTED_EDGE('',*,*,#4167,.F.);
#5417 = ORIENTED_EDGE('',*,*,#5348,.T.);
#5418 = ADVANCED_FACE('',(#5419),#4425,.F.);
#5419 = FACE_BOUND('',#5420,.F.);
#5420 = EDGE_LOOP('',(#5421,#5422,#5423,#5444,#5445,#5446,#5447,#5468));
#5421 = ORIENTED_EDGE('',*,*,#4465,.T.);
#5422 = ORIENTED_EDGE('',*,*,#4410,.T.);
#5423 = ORIENTED_EDGE('',*,*,#5424,.T.);
#5424 = EDGE_CURVE('',#4382,#5061,#5425,.T.);
#5425 = SURFACE_CURVE('',#5426,(#5430,#5437),.PCURVE_S1.);
#5426 = LINE('',#5427,#5428);
#5427 = CARTESIAN_POINT('',(55.9,4.8,-9.5));
#5428 = VECTOR('',#5429,1.);
#5429 = DIRECTION('',(0.,0.,1.));
#5430 = PCURVE('',#4425,#5431);
#5431 = DEFINITIONAL_REPRESENTATION('',(#5432),#5436);
#5432 = LINE('',#5433,#5434);
#5433 = CARTESIAN_POINT('',(0.5,-9.8));
#5434 = VECTOR('',#5435,1.);
#5435 = DIRECTION('',(1.,0.));
#5436 = ( GEOMETRIC_REPRESENTATION_CONTEXT(2) 
PARAMETRIC_REPRESENTATION_CONTEXT() REPRESENTATION_CONTEXT('2D SPACE',''
  ) );
#5437 = PCURVE('',#4398,#5438);
#5438 = DEFINITIONAL_REPRESENTATION('',(#5439),#5443);
#5439 = LINE('',#5440,#5441);
#5440 = CARTESIAN_POINT('',(-1.570796326795,0.));
#5441 = VECTOR('',#5442,1.);
#5442 = DIRECTION('',(-0.,1.));
#5443 = ( GEOMETRIC_REPRESENTATION_CONTEXT(2) 
PARAMETRIC_REPRESENTATION_CONTEXT() REPRESENTATION_CONTEXT('2D SPACE',''
  ) );
#5444 = ORIENTED_EDGE('',*,*,#5108,.T.);
#5445 = ORIENTED_EDGE('',*,*,#5033,.T.);
#5446 = ORIENTED_EDGE('',*,*,#4983,.T.);
#5447 = ORIENTED_EDGE('',*,*,#5448,.T.);
#5448 = EDGE_CURVE('',#4960,#4493,#5449,.T.);
#5449 = SURFACE_CURVE('',#5450,(#5454,#5461),.PCURVE_S1.);
#5450 = LINE('',#5451,#5452);
#5451 = CARTESIAN_POINT('',(55.9,-4.8,9.5));
#5452 = VECTOR('',#5453,1.);
#5453 = DIRECTION('',(-0.,-0.,-1.));
#5454 = PCURVE('',#4425,#5455);
#5455 = DEFINITIONAL_REPRESENTATION('',(#5456),#5460);
#5456 = LINE('',#5457,#5458);
#5457 = CARTESIAN_POINT('',(19.5,-0.2));
#5458 = VECTOR('',#5459,1.);
#5459 = DIRECTION('',(-1.,0.));
#5460 = ( GEOMETRIC_REPRESENTATION_CONTEXT(2) 
PARAMETRIC_REPRESENTATION_CONTEXT() REPRESENTATION_CONTEXT('2D SPACE',''
  ) );
#5461 = PCURVE('',#4509,#5462);
#5462 = DEFINITIONAL_REPRESENTATION('',(#5463),#5467);
#5463 = LINE('',#5464,#5465);
#5464 = CARTESIAN_POINT('',(-1.570796326795,0.));
#5465 = VECTOR('',#5466,1.);
#5466 = DIRECTION('',(-0.,1.));
#5467 = ( GEOMETRIC_REPRESENTATION_CONTEXT(2) 
PARAMETRIC_REPRESENTATION_CONTEXT() REPRESENTATION_CONTEXT('2D SPACE',''
  ) );
#5468 = ORIENTED_EDGE('',*,*,#4545,.T.);
#5469 = ADVANCED_FACE('',(#5470),#4398,.F.);
#5470 = FACE_BOUND('',#5471,.T.);
#5471 = EDGE_LOOP('',(#5472,#5473,#5474,#5475));
#5472 = ORIENTED_EDGE('',*,*,#4381,.T.);
#5473 = ORIENTED_EDGE('',*,*,#5424,.T.);
#5474 = ORIENTED_EDGE('',*,*,#5058,.F.);
#5475 = ORIENTED_EDGE('',*,*,#5233,.F.);
#5476 = ADVANCED_FACE('',(#5477),#4509,.F.);
#5477 = FACE_BOUND('',#5478,.T.);
#5478 = EDGE_LOOP('',(#5479,#5480,#5481,#5482));
#5479 = ORIENTED_EDGE('',*,*,#4959,.T.);
#5480 = ORIENTED_EDGE('',*,*,#5448,.T.);
#5481 = ORIENTED_EDGE('',*,*,#4490,.F.);
#5482 = ORIENTED_EDGE('',*,*,#4694,.F.);
#5483 = ( GEOMETRIC_REPRESENTATION_CONTEXT(3) 
GLOBAL_UNCERTAINTY_ASSIGNED_CONTEXT((#5487)) 
GLOBAL_UNIT_ASSIGNED_CONTEXT((#5484,#5485,#5486)) REPRESENTATION_CONTEXT
('Context #1','3D Context with UNIT and UNCERTAINTY') );
#5484 = ( LENGTH_UNIT() NAMED_UNIT(*) SI_UNIT(.MILLI.,.METRE.) );
#5485 = ( NAMED_UNIT(*) PLANE_ANGLE_UNIT() SI_UNIT($,.RADIAN.) );
#5486 = ( NAMED_UNIT(*) SI_UNIT($,.STERADIAN.) SOLID_ANGLE_UNIT() );
#5487 = UNCERTAINTY_MEASURE_WITH_UNIT(LENGTH_MEASURE(2.E-07),#5484,
  'distance_accuracy_value','confusion accuracy');
#5488 = PRODUCT_RELATED_PRODUCT_CATEGORY('part',$,(#7));
ENDSEC;
END-ISO-10303-21;
